invoice_date,Product,shopping_mall,daily_demand
2023-01-07,Butter,Cevahir AVM,0.0
2023-01-07,Butter,Emaar Square Mall,0.0
2023-01-07,Butter,Forum Istanbul,0.0
2023-01-07,Butter,Istinye Park,0.0
2023-01-07,Butter,Kanyon,8.0
2023-01-07,Butter,Mall of Istanbul,4.0
2023-01-07,Butter,Metrocity,6.0
2023-01-07,Butter,Metropol AVM,0.0
2023-01-07,Butter,Viaport Outlet,0.0
2023-01-07,Butter,Zorlu Center,0.0
2023-01-07,Cheese,Cevahir AVM,4.0
2023-01-07,Cheese,Emaar Square Mall,0.0
2023-01-07,Cheese,Forum Istanbul,0.0
2023-01-07,Cheese,Istinye Park,0.0
2023-01-07,Cheese,Kanyon,2.0
2023-01-07,Cheese,Mall of Istanbul,5.0
2023-01-07,Cheese,Metrocity,5.0
2023-01-07,Cheese,Metropol AVM,0.0
2023-01-07,Cheese,Viaport Outlet,0.0
2023-01-07,Cheese,Zorlu Center,0.0
2023-01-07,Condensed milk,Cevahir AVM,0.0
2023-01-07,Condensed milk,Emaar Square Mall,3.0
2023-01-07,Condensed milk,Forum Istanbul,0.0
2023-01-07,Condensed milk,Istinye Park,0.0
2023-01-07,Condensed milk,Kanyon,0.0
2023-01-07,Condensed milk,Mall of Istanbul,0.0
2023-01-07,Condensed milk,Metrocity,0.0
2023-01-07,Condensed milk,Metropol AVM,4.0
2023-01-07,Condensed milk,Viaport Outlet,0.0
2023-01-07,Condensed milk,Zorlu Center,0.0
2023-01-07,Cream,Cevahir AVM,0.0
2023-01-07,Cream,Emaar Square Mall,2.0
2023-01-07,Cream,Forum Istanbul,0.0
2023-01-07,Cream,Istinye Park,0.0
2023-01-07,Cream,Kanyon,5.0
2023-01-07,Cream,Mall of Istanbul,6.0
2023-01-07,Cream,Metrocity,0.0
2023-01-07,Cream,Metropol AVM,2.0
2023-01-07,Cream,Viaport Outlet,3.0
2023-01-07,Cream,Zorlu Center,3.0
2023-01-07,Cultured milk,Cevahir AVM,0.0
2023-01-07,Cultured milk,Emaar Square Mall,0.0
2023-01-07,Cultured milk,Forum Istanbul,0.0
2023-01-07,Cultured milk,Istinye Park,0.0
2023-01-07,Cultured milk,Kanyon,10.0
2023-01-07,Cultured milk,Mall of Istanbul,8.0
2023-01-07,Cultured milk,Metrocity,2.0
2023-01-07,Cultured milk,Metropol AVM,4.0
2023-01-07,Cultured milk,Viaport Outlet,3.0
2023-01-07,Cultured milk,Zorlu Center,0.0
2023-01-07,Evaporated milk,Cevahir AVM,0.0
2023-01-07,Evaporated milk,Emaar Square Mall,5.0
2023-01-07,Evaporated milk,Forum Istanbul,4.0
2023-01-07,Evaporated milk,Istinye Park,0.0
2023-01-07,Evaporated milk,Kanyon,4.0
2023-01-07,Evaporated milk,Mall of Istanbul,0.0
2023-01-07,Evaporated milk,Metrocity,4.0
2023-01-07,Evaporated milk,Metropol AVM,2.0
2023-01-07,Evaporated milk,Viaport Outlet,0.0
2023-01-07,Evaporated milk,Zorlu Center,5.0
2023-01-07,Flavored sterilized milk,Cevahir AVM,0.0
2023-01-07,Flavored sterilized milk,Emaar Square Mall,0.0
2023-01-07,Flavored sterilized milk,Forum Istanbul,0.0
2023-01-07,Flavored sterilized milk,Istinye Park,0.0
2023-01-07,Flavored sterilized milk,Kanyon,6.0
2023-01-07,Flavored sterilized milk,Mall of Istanbul,1.0
2023-01-07,Flavored sterilized milk,Metrocity,0.0
2023-01-07,Flavored sterilized milk,Metropol AVM,8.0
2023-01-07,Flavored sterilized milk,Viaport Outlet,4.0
2023-01-07,Flavored sterilized milk,Zorlu Center,0.0
2023-01-07,Modified milk,Cevahir AVM,0.0
2023-01-07,Modified milk,Emaar Square Mall,5.0
2023-01-07,Modified milk,Forum Istanbul,0.0
2023-01-07,Modified milk,Istinye Park,0.0
2023-01-07,Modified milk,Kanyon,0.0
2023-01-07,Modified milk,Mall of Istanbul,5.0
2023-01-07,Modified milk,Metrocity,0.0
2023-01-07,Modified milk,Metropol AVM,5.0
2023-01-07,Modified milk,Viaport Outlet,4.0
2023-01-07,Modified milk,Zorlu Center,0.0
2023-01-07,Pasteurized milk 2.5% mg,Cevahir AVM,0.0
2023-01-07,Pasteurized milk 2.5% mg,Emaar Square Mall,2.0
2023-01-07,Pasteurized milk 2.5% mg,Forum Istanbul,0.0
2023-01-07,Pasteurized milk 2.5% mg,Istinye Park,0.0
2023-01-07,Pasteurized milk 2.5% mg,Kanyon,0.0
2023-01-07,Pasteurized milk 2.5% mg,Mall of Istanbul,0.0
2023-01-07,Pasteurized milk 2.5% mg,Metrocity,0.0
2023-01-07,Pasteurized milk 2.5% mg,Metropol AVM,6.0
2023-01-07,Pasteurized milk 2.5% mg,Viaport Outlet,0.0
2023-01-07,Pasteurized milk 2.5% mg,Zorlu Center,0.0
2023-01-07,Pasteurized milk 3.0% mg,Cevahir AVM,0.0
2023-01-07,Pasteurized milk 3.0% mg,Emaar Square Mall,1.0
2023-01-07,Pasteurized milk 3.0% mg,Forum Istanbul,0.0
2023-01-07,Pasteurized milk 3.0% mg,Istinye Park,0.0
2023-01-07,Pasteurized milk 3.0% mg,Kanyon,2.0
2023-01-07,Pasteurized milk 3.0% mg,Mall of Istanbul,4.0
2023-01-07,Pasteurized milk 3.0% mg,Metrocity,0.0
2023-01-07,Pasteurized milk 3.0% mg,Metropol AVM,0.0
2023-01-07,Pasteurized milk 3.0% mg,Viaport Outlet,0.0
2023-01-07,Pasteurized milk 3.0% mg,Zorlu Center,1.0
2023-01-07,Powdered milk 12% mg,Cevahir AVM,0.0
2023-01-07,Powdered milk 12% mg,Emaar Square Mall,0.0
2023-01-07,Powdered milk 12% mg,Forum Istanbul,0.0
2023-01-07,Powdered milk 12% mg,Istinye Park,4.0
2023-01-07,Powdered milk 12% mg,Kanyon,3.0
2023-01-07,Powdered milk 12% mg,Mall of Istanbul,11.0
2023-01-07,Powdered milk 12% mg,Metrocity,0.0
2023-01-07,Powdered milk 12% mg,Metropol AVM,2.0
2023-01-07,Powdered milk 12% mg,Viaport Outlet,1.0
2023-01-07,Powdered milk 12% mg,Zorlu Center,1.0
2023-01-07,Powdered milk 18% mg,Cevahir AVM,0.0
2023-01-07,Powdered milk 18% mg,Emaar Square Mall,0.0
2023-01-07,Powdered milk 18% mg,Forum Istanbul,4.0
2023-01-07,Powdered milk 18% mg,Istinye Park,0.0
2023-01-07,Powdered milk 18% mg,Kanyon,0.0
2023-01-07,Powdered milk 18% mg,Mall of Istanbul,7.0
2023-01-07,Powdered milk 18% mg,Metrocity,2.0
2023-01-07,Powdered milk 18% mg,Metropol AVM,10.0
2023-01-07,Powdered milk 18% mg,Viaport Outlet,3.0
2023-01-07,Powdered milk 18% mg,Zorlu Center,0.0
2023-01-07,Powdered milk 20% mg,Cevahir AVM,0.0
2023-01-07,Powdered milk 20% mg,Emaar Square Mall,5.0
2023-01-07,Powdered milk 20% mg,Forum Istanbul,0.0
2023-01-07,Powdered milk 20% mg,Istinye Park,4.0
2023-01-07,Powdered milk 20% mg,Kanyon,1.0
2023-01-07,Powdered milk 20% mg,Mall of Istanbul,4.0
2023-01-07,Powdered milk 20% mg,Metrocity,1.0
2023-01-07,Powdered milk 20% mg,Metropol AVM,0.0
2023-01-07,Powdered milk 20% mg,Viaport Outlet,4.0
2023-01-07,Powdered milk 20% mg,Zorlu Center,0.0
2023-01-07,Powdered milk 26% mg,Cevahir AVM,0.0
2023-01-07,Powdered milk 26% mg,Emaar Square Mall,4.0
2023-01-07,Powdered milk 26% mg,Forum Istanbul,6.0
2023-01-07,Powdered milk 26% mg,Istinye Park,0.0
2023-01-07,Powdered milk 26% mg,Kanyon,0.0
2023-01-07,Powdered milk 26% mg,Mall of Istanbul,11.0
2023-01-07,Powdered milk 26% mg,Metrocity,0.0
2023-01-07,Powdered milk 26% mg,Metropol AVM,0.0
2023-01-07,Powdered milk 26% mg,Viaport Outlet,0.0
2023-01-07,Powdered milk 26% mg,Zorlu Center,0.0
2023-01-07,Powdered milk 28% mg,Cevahir AVM,0.0
2023-01-07,Powdered milk 28% mg,Emaar Square Mall,0.0
2023-01-07,Powdered milk 28% mg,Forum Istanbul,0.0
2023-01-07,Powdered milk 28% mg,Istinye Park,0.0
2023-01-07,Powdered milk 28% mg,Kanyon,1.0
2023-01-07,Powdered milk 28% mg,Mall of Istanbul,0.0
2023-01-07,Powdered milk 28% mg,Metrocity,1.0
2023-01-07,Powdered milk 28% mg,Metropol AVM,0.0
2023-01-07,Powdered milk 28% mg,Viaport Outlet,0.0
2023-01-07,Powdered milk 28% mg,Zorlu Center,3.0
2023-01-07,Powdered whey,Cevahir AVM,4.0
2023-01-07,Powdered whey,Emaar Square Mall,1.0
2023-01-07,Powdered whey,Forum Istanbul,0.0
2023-01-07,Powdered whey,Istinye Park,0.0
2023-01-07,Powdered whey,Kanyon,0.0
2023-01-07,Powdered whey,Mall of Istanbul,3.0
2023-01-07,Powdered whey,Metrocity,0.0
2023-01-07,Powdered whey,Metropol AVM,5.0
2023-01-07,Powdered whey,Viaport Outlet,0.0
2023-01-07,Powdered whey,Zorlu Center,0.0
2023-01-07,Skimmed pasteurized milk,Cevahir AVM,0.0
2023-01-07,Skimmed pasteurized milk,Emaar Square Mall,0.0
2023-01-07,Skimmed pasteurized milk,Forum Istanbul,0.0
2023-01-07,Skimmed pasteurized milk,Istinye Park,1.0
2023-01-07,Skimmed pasteurized milk,Kanyon,3.0
2023-01-07,Skimmed pasteurized milk,Mall of Istanbul,7.0
2023-01-07,Skimmed pasteurized milk,Metrocity,3.0
2023-01-07,Skimmed pasteurized milk,Metropol AVM,7.0
2023-01-07,Skimmed pasteurized milk,Viaport Outlet,2.0
2023-01-07,Skimmed pasteurized milk,Zorlu Center,0.0
2023-01-07,Skimmed powdered milk,Cevahir AVM,0.0
2023-01-07,Skimmed powdered milk,Emaar Square Mall,4.0
2023-01-07,Skimmed powdered milk,Forum Istanbul,0.0
2023-01-07,Skimmed powdered milk,Istinye Park,3.0
2023-01-07,Skimmed powdered milk,Kanyon,5.0
2023-01-07,Skimmed powdered milk,Mall of Istanbul,6.0
2023-01-07,Skimmed powdered milk,Metrocity,1.0
2023-01-07,Skimmed powdered milk,Metropol AVM,0.0
2023-01-07,Skimmed powdered milk,Viaport Outlet,0.0
2023-01-07,Skimmed powdered milk,Zorlu Center,0.0
2023-01-07,Small cheese,Cevahir AVM,0.0
2023-01-07,Small cheese,Emaar Square Mall,0.0
2023-01-07,Small cheese,Forum Istanbul,0.0
2023-01-07,Small cheese,Istinye Park,0.0
2023-01-07,Small cheese,Kanyon,0.0
2023-01-07,Small cheese,Mall of Istanbul,5.0
2023-01-07,Small cheese,Metrocity,2.0
2023-01-07,Small cheese,Metropol AVM,0.0
2023-01-07,Small cheese,Viaport Outlet,2.0
2023-01-07,Small cheese,Zorlu Center,0.0
2023-01-07,Sterilized semi-skimmed milk,Cevahir AVM,0.0
2023-01-07,Sterilized semi-skimmed milk,Emaar Square Mall,0.0
2023-01-07,Sterilized semi-skimmed milk,Forum Istanbul,0.0
2023-01-07,Sterilized semi-skimmed milk,Istinye Park,0.0
2023-01-07,Sterilized semi-skimmed milk,Kanyon,1.0
2023-01-07,Sterilized semi-skimmed milk,Mall of Istanbul,0.0
2023-01-07,Sterilized semi-skimmed milk,Metrocity,3.0
2023-01-07,Sterilized semi-skimmed milk,Metropol AVM,3.0
2023-01-07,Sterilized semi-skimmed milk,Viaport Outlet,0.0
2023-01-07,Sterilized semi-skimmed milk,Zorlu Center,4.0
2023-01-07,Sterilized skimmed milk,Cevahir AVM,0.0
2023-01-07,Sterilized skimmed milk,Emaar Square Mall,0.0
2023-01-07,Sterilized skimmed milk,Forum Istanbul,1.0
2023-01-07,Sterilized skimmed milk,Istinye Park,0.0
2023-01-07,Sterilized skimmed milk,Kanyon,0.0
2023-01-07,Sterilized skimmed milk,Mall of Istanbul,5.0
2023-01-07,Sterilized skimmed milk,Metrocity,5.0
2023-01-07,Sterilized skimmed milk,Metropol AVM,0.0
2023-01-07,Sterilized skimmed milk,Viaport Outlet,0.0
2023-01-07,Sterilized skimmed milk,Zorlu Center,0.0
2023-01-07,Sterilized whole milk,Cevahir AVM,0.0
2023-01-07,Sterilized whole milk,Emaar Square Mall,0.0
2023-01-07,Sterilized whole milk,Forum Istanbul,2.0
2023-01-07,Sterilized whole milk,Istinye Park,5.0
2023-01-07,Sterilized whole milk,Kanyon,6.0
2023-01-07,Sterilized whole milk,Mall of Istanbul,7.0
2023-01-07,Sterilized whole milk,Metrocity,7.0
2023-01-07,Sterilized whole milk,Metropol AVM,5.0
2023-01-07,Sterilized whole milk,Viaport Outlet,0.0
2023-01-07,Sterilized whole milk,Zorlu Center,1.0
2023-01-07,Sweetened condensed milk,Cevahir AVM,4.0
2023-01-07,Sweetened condensed milk,Emaar Square Mall,0.0
2023-01-07,Sweetened condensed milk,Forum Istanbul,0.0
2023-01-07,Sweetened condensed milk,Istinye Park,4.0
2023-01-07,Sweetened condensed milk,Kanyon,2.0
2023-01-07,Sweetened condensed milk,Mall of Istanbul,0.0
2023-01-07,Sweetened condensed milk,Metrocity,4.0
2023-01-07,Sweetened condensed milk,Metropol AVM,0.0
2023-01-07,Sweetened condensed milk,Viaport Outlet,1.0
2023-01-07,Sweetened condensed milk,Zorlu Center,0.0
2023-01-07,Total powdered milk,Cevahir AVM,0.0
2023-01-07,Total powdered milk,Emaar Square Mall,0.0
2023-01-07,Total powdered milk,Forum Istanbul,4.0
2023-01-07,Total powdered milk,Istinye Park,0.0
2023-01-07,Total powdered milk,Kanyon,3.0
2023-01-07,Total powdered milk,Mall of Istanbul,4.0
2023-01-07,Total powdered milk,Metrocity,0.0
2023-01-07,Total powdered milk,Metropol AVM,0.0
2023-01-07,Total powdered milk,Viaport Outlet,0.0
2023-01-07,Total powdered milk,Zorlu Center,5.0
2023-01-07,Yogurt,Cevahir AVM,0.0
2023-01-07,Yogurt,Emaar Square Mall,0.0
2023-01-07,Yogurt,Forum Istanbul,1.0
2023-01-07,Yogurt,Istinye Park,5.0
2023-01-07,Yogurt,Kanyon,0.0
2023-01-07,Yogurt,Mall of Istanbul,4.0
2023-01-07,Yogurt,Metrocity,4.0
2023-01-07,Yogurt,Metropol AVM,2.0
2023-01-07,Yogurt,Viaport Outlet,0.0
2023-01-07,Yogurt,Zorlu Center,0.0
2023-01-07,chocolate milk,Cevahir AVM,1.0
2023-01-07,chocolate milk,Emaar Square Mall,0.0
2023-01-07,chocolate milk,Forum Istanbul,0.0
2023-01-07,chocolate milk,Istinye Park,0.0
2023-01-07,chocolate milk,Kanyon,0.0
2023-01-07,chocolate milk,Mall of Istanbul,3.0
2023-01-07,chocolate milk,Metrocity,5.0
2023-01-07,chocolate milk,Metropol AVM,1.0
2023-01-07,chocolate milk,Viaport Outlet,0.0
2023-01-07,chocolate milk,Zorlu Center,0.0
2023-01-08,Butter,Cevahir AVM,0.0
2023-01-08,Butter,Emaar Square Mall,0.0
2023-01-08,Butter,Forum Istanbul,0.0
2023-01-08,Butter,Istinye Park,4.0
2023-01-08,Butter,Kanyon,1.0
2023-01-08,Butter,Mall of Istanbul,0.0
2023-01-08,Butter,Metrocity,0.0
2023-01-08,Butter,Metropol AVM,0.0
2023-01-08,Butter,Viaport Outlet,2.0
2023-01-08,Butter,Zorlu Center,0.0
2023-01-08,Cheese,Cevahir AVM,2.0
2023-01-08,Cheese,Emaar Square Mall,0.0
2023-01-08,Cheese,Forum Istanbul,0.0
2023-01-08,Cheese,Istinye Park,5.0
2023-01-08,Cheese,Kanyon,7.0
2023-01-08,Cheese,Mall of Istanbul,1.0
2023-01-08,Cheese,Metrocity,9.0
2023-01-08,Cheese,Metropol AVM,2.0
2023-01-08,Cheese,Viaport Outlet,4.0
2023-01-08,Cheese,Zorlu Center,3.0
2023-01-08,Condensed milk,Cevahir AVM,1.0
2023-01-08,Condensed milk,Emaar Square Mall,0.0
2023-01-08,Condensed milk,Forum Istanbul,5.0
2023-01-08,Condensed milk,Istinye Park,6.0
2023-01-08,Condensed milk,Kanyon,0.0
2023-01-08,Condensed milk,Mall of Istanbul,0.0
2023-01-08,Condensed milk,Metrocity,4.0
2023-01-08,Condensed milk,Metropol AVM,2.0
2023-01-08,Condensed milk,Viaport Outlet,0.0
2023-01-08,Condensed milk,Zorlu Center,0.0
2023-01-08,Cream,Cevahir AVM,0.0
2023-01-08,Cream,Emaar Square Mall,0.0
2023-01-08,Cream,Forum Istanbul,0.0
2023-01-08,Cream,Istinye Park,0.0
2023-01-08,Cream,Kanyon,0.0
2023-01-08,Cream,Mall of Istanbul,0.0
2023-01-08,Cream,Metrocity,5.0
2023-01-08,Cream,Metropol AVM,0.0
2023-01-08,Cream,Viaport Outlet,0.0
2023-01-08,Cream,Zorlu Center,5.0
2023-01-08,Cultured milk,Cevahir AVM,0.0
2023-01-08,Cultured milk,Emaar Square Mall,0.0
2023-01-08,Cultured milk,Forum Istanbul,0.0
2023-01-08,Cultured milk,Istinye Park,2.0
2023-01-08,Cultured milk,Kanyon,3.0
2023-01-08,Cultured milk,Mall of Istanbul,4.0
2023-01-08,Cultured milk,Metrocity,0.0
2023-01-08,Cultured milk,Metropol AVM,0.0
2023-01-08,Cultured milk,Viaport Outlet,0.0
2023-01-08,Cultured milk,Zorlu Center,0.0
2023-01-08,Evaporated milk,Cevahir AVM,0.0
2023-01-08,Evaporated milk,Emaar Square Mall,0.0
2023-01-08,Evaporated milk,Forum Istanbul,0.0
2023-01-08,Evaporated milk,Istinye Park,0.0
2023-01-08,Evaporated milk,Kanyon,8.0
2023-01-08,Evaporated milk,Mall of Istanbul,0.0
2023-01-08,Evaporated milk,Metrocity,2.0
2023-01-08,Evaporated milk,Metropol AVM,4.0
2023-01-08,Evaporated milk,Viaport Outlet,0.0
2023-01-08,Evaporated milk,Zorlu Center,0.0
2023-01-08,Flavored sterilized milk,Cevahir AVM,0.0
2023-01-08,Flavored sterilized milk,Emaar Square Mall,0.0
2023-01-08,Flavored sterilized milk,Forum Istanbul,3.0
2023-01-08,Flavored sterilized milk,Istinye Park,0.0
2023-01-08,Flavored sterilized milk,Kanyon,13.0
2023-01-08,Flavored sterilized milk,Mall of Istanbul,0.0
2023-01-08,Flavored sterilized milk,Metrocity,2.0
2023-01-08,Flavored sterilized milk,Metropol AVM,10.0
2023-01-08,Flavored sterilized milk,Viaport Outlet,0.0
2023-01-08,Flavored sterilized milk,Zorlu Center,0.0
2023-01-08,Modified milk,Cevahir AVM,0.0
2023-01-08,Modified milk,Emaar Square Mall,3.0
2023-01-08,Modified milk,Forum Istanbul,4.0
2023-01-08,Modified milk,Istinye Park,0.0
2023-01-08,Modified milk,Kanyon,4.0
2023-01-08,Modified milk,Mall of Istanbul,0.0
2023-01-08,Modified milk,Metrocity,5.0
2023-01-08,Modified milk,Metropol AVM,0.0
2023-01-08,Modified milk,Viaport Outlet,0.0
2023-01-08,Modified milk,Zorlu Center,0.0
2023-01-08,Pasteurized milk 2.5% mg,Cevahir AVM,0.0
2023-01-08,Pasteurized milk 2.5% mg,Emaar Square Mall,0.0
2023-01-08,Pasteurized milk 2.5% mg,Forum Istanbul,0.0
2023-01-08,Pasteurized milk 2.5% mg,Istinye Park,2.0
2023-01-08,Pasteurized milk 2.5% mg,Kanyon,0.0
2023-01-08,Pasteurized milk 2.5% mg,Mall of Istanbul,0.0
2023-01-08,Pasteurized milk 2.5% mg,Metrocity,0.0
2023-01-08,Pasteurized milk 2.5% mg,Metropol AVM,1.0
2023-01-08,Pasteurized milk 2.5% mg,Viaport Outlet,1.0
2023-01-08,Pasteurized milk 2.5% mg,Zorlu Center,0.0
2023-01-08,Pasteurized milk 3.0% mg,Cevahir AVM,0.0
2023-01-08,Pasteurized milk 3.0% mg,Emaar Square Mall,0.0
2023-01-08,Pasteurized milk 3.0% mg,Forum Istanbul,0.0
2023-01-08,Pasteurized milk 3.0% mg,Istinye Park,3.0
2023-01-08,Pasteurized milk 3.0% mg,Kanyon,9.0
2023-01-08,Pasteurized milk 3.0% mg,Mall of Istanbul,0.0
2023-01-08,Pasteurized milk 3.0% mg,Metrocity,0.0
2023-01-08,Pasteurized milk 3.0% mg,Metropol AVM,0.0
2023-01-08,Pasteurized milk 3.0% mg,Viaport Outlet,1.0
2023-01-08,Pasteurized milk 3.0% mg,Zorlu Center,0.0
2023-01-08,Powdered milk 12% mg,Cevahir AVM,0.0
2023-01-08,Powdered milk 12% mg,Emaar Square Mall,0.0
2023-01-08,Powdered milk 12% mg,Forum Istanbul,0.0
2023-01-08,Powdered milk 12% mg,Istinye Park,0.0
2023-01-08,Powdered milk 12% mg,Kanyon,1.0
2023-01-08,Powdered milk 12% mg,Mall of Istanbul,5.0
2023-01-08,Powdered milk 12% mg,Metrocity,0.0
2023-01-08,Powdered milk 12% mg,Metropol AVM,0.0
2023-01-08,Powdered milk 12% mg,Viaport Outlet,0.0
2023-01-08,Powdered milk 12% mg,Zorlu Center,0.0
2023-01-08,Powdered milk 18% mg,Cevahir AVM,1.0
2023-01-08,Powdered milk 18% mg,Emaar Square Mall,0.0
2023-01-08,Powdered milk 18% mg,Forum Istanbul,0.0
2023-01-08,Powdered milk 18% mg,Istinye Park,0.0
2023-01-08,Powdered milk 18% mg,Kanyon,0.0
2023-01-08,Powdered milk 18% mg,Mall of Istanbul,0.0
2023-01-08,Powdered milk 18% mg,Metrocity,0.0
2023-01-08,Powdered milk 18% mg,Metropol AVM,0.0
2023-01-08,Powdered milk 18% mg,Viaport Outlet,0.0
2023-01-08,Powdered milk 18% mg,Zorlu Center,0.0
2023-01-08,Powdered milk 20% mg,Cevahir AVM,0.0
2023-01-08,Powdered milk 20% mg,Emaar Square Mall,0.0
2023-01-08,Powdered milk 20% mg,Forum Istanbul,5.0
2023-01-08,Powdered milk 20% mg,Istinye Park,5.0
2023-01-08,Powdered milk 20% mg,Kanyon,0.0
2023-01-08,Powdered milk 20% mg,Mall of Istanbul,15.0
2023-01-08,Powdered milk 20% mg,Metrocity,0.0
2023-01-08,Powdered milk 20% mg,Metropol AVM,0.0
2023-01-08,Powdered milk 20% mg,Viaport Outlet,0.0
2023-01-08,Powdered milk 20% mg,Zorlu Center,1.0
2023-01-08,Powdered milk 26% mg,Cevahir AVM,0.0
2023-01-08,Powdered milk 26% mg,Emaar Square Mall,0.0
2023-01-08,Powdered milk 26% mg,Forum Istanbul,0.0
2023-01-08,Powdered milk 26% mg,Istinye Park,0.0
2023-01-08,Powdered milk 26% mg,Kanyon,0.0
2023-01-08,Powdered milk 26% mg,Mall of Istanbul,2.0
2023-01-08,Powdered milk 26% mg,Metrocity,5.0
2023-01-08,Powdered milk 26% mg,Metropol AVM,3.0
2023-01-08,Powdered milk 26% mg,Viaport Outlet,0.0
2023-01-08,Powdered milk 26% mg,Zorlu Center,0.0
2023-01-08,Powdered milk 28% mg,Cevahir AVM,0.0
2023-01-08,Powdered milk 28% mg,Emaar Square Mall,0.0
2023-01-08,Powdered milk 28% mg,Forum Istanbul,0.0
2023-01-08,Powdered milk 28% mg,Istinye Park,3.0
2023-01-08,Powdered milk 28% mg,Kanyon,0.0
2023-01-08,Powdered milk 28% mg,Mall of Istanbul,3.0
2023-01-08,Powdered milk 28% mg,Metrocity,4.0
2023-01-08,Powdered milk 28% mg,Metropol AVM,0.0
2023-01-08,Powdered milk 28% mg,Viaport Outlet,0.0
2023-01-08,Powdered milk 28% mg,Zorlu Center,0.0
2023-01-08,Powdered whey,Cevahir AVM,0.0
2023-01-08,Powdered whey,Emaar Square Mall,0.0
2023-01-08,Powdered whey,Forum Istanbul,0.0
2023-01-08,Powdered whey,Istinye Park,0.0
2023-01-08,Powdered whey,Kanyon,14.0
2023-01-08,Powdered whey,Mall of Istanbul,0.0
2023-01-08,Powdered whey,Metrocity,2.0
2023-01-08,Powdered whey,Metropol AVM,0.0
2023-01-08,Powdered whey,Viaport Outlet,0.0
2023-01-08,Powdered whey,Zorlu Center,4.0
2023-01-08,Skimmed pasteurized milk,Cevahir AVM,4.0
2023-01-08,Skimmed pasteurized milk,Emaar Square Mall,0.0
2023-01-08,Skimmed pasteurized milk,Forum Istanbul,0.0
2023-01-08,Skimmed pasteurized milk,Istinye Park,0.0
2023-01-08,Skimmed pasteurized milk,Kanyon,3.0
2023-01-08,Skimmed pasteurized milk,Mall of Istanbul,3.0
2023-01-08,Skimmed pasteurized milk,Metrocity,0.0
2023-01-08,Skimmed pasteurized milk,Metropol AVM,0.0
2023-01-08,Skimmed pasteurized milk,Viaport Outlet,0.0
2023-01-08,Skimmed pasteurized milk,Zorlu Center,0.0
2023-01-08,Skimmed powdered milk,Cevahir AVM,0.0
2023-01-08,Skimmed powdered milk,Emaar Square Mall,0.0
2023-01-08,Skimmed powdered milk,Forum Istanbul,3.0
2023-01-08,Skimmed powdered milk,Istinye Park,3.0
2023-01-08,Skimmed powdered milk,Kanyon,3.0
2023-01-08,Skimmed powdered milk,Mall of Istanbul,15.0
2023-01-08,Skimmed powdered milk,Metrocity,0.0
2023-01-08,Skimmed powdered milk,Metropol AVM,3.0
2023-01-08,Skimmed powdered milk,Viaport Outlet,0.0
2023-01-08,Skimmed powdered milk,Zorlu Center,0.0
2023-01-08,Small cheese,Cevahir AVM,0.0
2023-01-08,Small cheese,Emaar Square Mall,0.0
2023-01-08,Small cheese,Forum Istanbul,0.0
2023-01-08,Small cheese,Istinye Park,3.0
2023-01-08,Small cheese,Kanyon,0.0
2023-01-08,Small cheese,Mall of Istanbul,0.0
2023-01-08,Small cheese,Metrocity,1.0
2023-01-08,Small cheese,Metropol AVM,0.0
2023-01-08,Small cheese,Viaport Outlet,0.0
2023-01-08,Small cheese,Zorlu Center,0.0
2023-01-08,Sterilized semi-skimmed milk,Cevahir AVM,4.0
2023-01-08,Sterilized semi-skimmed milk,Emaar Square Mall,0.0
2023-01-08,Sterilized semi-skimmed milk,Forum Istanbul,0.0
2023-01-08,Sterilized semi-skimmed milk,Istinye Park,0.0
2023-01-08,Sterilized semi-skimmed milk,Kanyon,0.0
2023-01-08,Sterilized semi-skimmed milk,Mall of Istanbul,0.0
2023-01-08,Sterilized semi-skimmed milk,Metrocity,0.0
2023-01-08,Sterilized semi-skimmed milk,Metropol AVM,0.0
2023-01-08,Sterilized semi-skimmed milk,Viaport Outlet,4.0
2023-01-08,Sterilized semi-skimmed milk,Zorlu Center,0.0
2023-01-08,Sterilized skimmed milk,Cevahir AVM,0.0
2023-01-08,Sterilized skimmed milk,Emaar Square Mall,0.0
2023-01-08,Sterilized skimmed milk,Forum Istanbul,0.0
2023-01-08,Sterilized skimmed milk,Istinye Park,0.0
2023-01-08,Sterilized skimmed milk,Kanyon,6.0
2023-01-08,Sterilized skimmed milk,Mall of Istanbul,6.0
2023-01-08,Sterilized skimmed milk,Metrocity,0.0
2023-01-08,Sterilized skimmed milk,Metropol AVM,0.0
2023-01-08,Sterilized skimmed milk,Viaport Outlet,3.0
2023-01-08,Sterilized skimmed milk,Zorlu Center,0.0
2023-01-08,Sterilized whole milk,Cevahir AVM,0.0
2023-01-08,Sterilized whole milk,Emaar Square Mall,0.0
2023-01-08,Sterilized whole milk,Forum Istanbul,0.0
2023-01-08,Sterilized whole milk,Istinye Park,0.0
2023-01-08,Sterilized whole milk,Kanyon,6.0
2023-01-08,Sterilized whole milk,Mall of Istanbul,3.0
2023-01-08,Sterilized whole milk,Metrocity,6.0
2023-01-08,Sterilized whole milk,Metropol AVM,3.0
2023-01-08,Sterilized whole milk,Viaport Outlet,0.0
2023-01-08,Sterilized whole milk,Zorlu Center,0.0
2023-01-08,Sweetened condensed milk,Cevahir AVM,0.0
2023-01-08,Sweetened condensed milk,Emaar Square Mall,1.0
2023-01-08,Sweetened condensed milk,Forum Istanbul,3.0
2023-01-08,Sweetened condensed milk,Istinye Park,1.0
2023-01-08,Sweetened condensed milk,Kanyon,0.0
2023-01-08,Sweetened condensed milk,Mall of Istanbul,6.0
2023-01-08,Sweetened condensed milk,Metrocity,1.0
2023-01-08,Sweetened condensed milk,Metropol AVM,0.0
2023-01-08,Sweetened condensed milk,Viaport Outlet,0.0
2023-01-08,Sweetened condensed milk,Zorlu Center,0.0
2023-01-08,Total powdered milk,Cevahir AVM,0.0
2023-01-08,Total powdered milk,Emaar Square Mall,0.0
2023-01-08,Total powdered milk,Forum Istanbul,0.0
2023-01-08,Total powdered milk,Istinye Park,5.0
2023-01-08,Total powdered milk,Kanyon,8.0
2023-01-08,Total powdered milk,Mall of Istanbul,0.0
2023-01-08,Total powdered milk,Metrocity,2.0
2023-01-08,Total powdered milk,Metropol AVM,0.0
2023-01-08,Total powdered milk,Viaport Outlet,0.0
2023-01-08,Total powdered milk,Zorlu Center,0.0
2023-01-08,Yogurt,Cevahir AVM,0.0
2023-01-08,Yogurt,Emaar Square Mall,0.0
2023-01-08,Yogurt,Forum Istanbul,0.0
2023-01-08,Yogurt,Istinye Park,0.0
2023-01-08,Yogurt,Kanyon,0.0
2023-01-08,Yogurt,Mall of Istanbul,0.0
2023-01-08,Yogurt,Metrocity,7.0
2023-01-08,Yogurt,Metropol AVM,0.0
2023-01-08,Yogurt,Viaport Outlet,0.0
2023-01-08,Yogurt,Zorlu Center,0.0
2023-01-08,chocolate milk,Cevahir AVM,0.0
2023-01-08,chocolate milk,Emaar Square Mall,4.0
2023-01-08,chocolate milk,Forum Istanbul,4.0
2023-01-08,chocolate milk,Istinye Park,0.0
2023-01-08,chocolate milk,Kanyon,5.0
2023-01-08,chocolate milk,Mall of Istanbul,5.0
2023-01-08,chocolate milk,Metrocity,1.0
2023-01-08,chocolate milk,Metropol AVM,0.0
2023-01-08,chocolate milk,Viaport Outlet,3.0
2023-01-08,chocolate milk,Zorlu Center,0.0
2023-01-09,Butter,Cevahir AVM,0.0
2023-01-09,Butter,Emaar Square Mall,4.0
2023-01-09,Butter,Forum Istanbul,0.0
2023-01-09,Butter,Istinye Park,0.0
2023-01-09,Butter,Kanyon,0.0
2023-01-09,Butter,Mall of Istanbul,3.0
2023-01-09,Butter,Metrocity,0.0
2023-01-09,Butter,Metropol AVM,0.0
2023-01-09,Butter,Viaport Outlet,0.0
2023-01-09,Butter,Zorlu Center,0.0
2023-01-09,Cheese,Cevahir AVM,0.0
2023-01-09,Cheese,Emaar Square Mall,1.0
2023-01-09,Cheese,Forum Istanbul,0.0
2023-01-09,Cheese,Istinye Park,3.0
2023-01-09,Cheese,Kanyon,5.0
2023-01-09,Cheese,Mall of Istanbul,6.0
2023-01-09,Cheese,Metrocity,0.0
2023-01-09,Cheese,Metropol AVM,0.0
2023-01-09,Cheese,Viaport Outlet,0.0
2023-01-09,Cheese,Zorlu Center,0.0
2023-01-09,Condensed milk,Cevahir AVM,0.0
2023-01-09,Condensed milk,Emaar Square Mall,10.0
2023-01-09,Condensed milk,Forum Istanbul,0.0
2023-01-09,Condensed milk,Istinye Park,0.0
2023-01-09,Condensed milk,Kanyon,5.0
2023-01-09,Condensed milk,Mall of Istanbul,8.0
2023-01-09,Condensed milk,Metrocity,0.0
2023-01-09,Condensed milk,Metropol AVM,2.0
2023-01-09,Condensed milk,Viaport Outlet,0.0
2023-01-09,Condensed milk,Zorlu Center,0.0
2023-01-09,Cream,Cevahir AVM,0.0
2023-01-09,Cream,Emaar Square Mall,0.0
2023-01-09,Cream,Forum Istanbul,0.0
2023-01-09,Cream,Istinye Park,0.0
2023-01-09,Cream,Kanyon,3.0
2023-01-09,Cream,Mall of Istanbul,2.0
2023-01-09,Cream,Metrocity,0.0
2023-01-09,Cream,Metropol AVM,0.0
2023-01-09,Cream,Viaport Outlet,0.0
2023-01-09,Cream,Zorlu Center,9.0
2023-01-09,Cultured milk,Cevahir AVM,0.0
2023-01-09,Cultured milk,Emaar Square Mall,4.0
2023-01-09,Cultured milk,Forum Istanbul,0.0
2023-01-09,Cultured milk,Istinye Park,0.0
2023-01-09,Cultured milk,Kanyon,0.0
2023-01-09,Cultured milk,Mall of Istanbul,4.0
2023-01-09,Cultured milk,Metrocity,0.0
2023-01-09,Cultured milk,Metropol AVM,5.0
2023-01-09,Cultured milk,Viaport Outlet,0.0
2023-01-09,Cultured milk,Zorlu Center,0.0
2023-01-09,Evaporated milk,Cevahir AVM,0.0
2023-01-09,Evaporated milk,Emaar Square Mall,0.0
2023-01-09,Evaporated milk,Forum Istanbul,0.0
2023-01-09,Evaporated milk,Istinye Park,1.0
2023-01-09,Evaporated milk,Kanyon,11.0
2023-01-09,Evaporated milk,Mall of Istanbul,18.0
2023-01-09,Evaporated milk,Metrocity,0.0
2023-01-09,Evaporated milk,Metropol AVM,0.0
2023-01-09,Evaporated milk,Viaport Outlet,0.0
2023-01-09,Evaporated milk,Zorlu Center,3.0
2023-01-09,Flavored sterilized milk,Cevahir AVM,2.0
2023-01-09,Flavored sterilized milk,Emaar Square Mall,0.0
2023-01-09,Flavored sterilized milk,Forum Istanbul,0.0
2023-01-09,Flavored sterilized milk,Istinye Park,0.0
2023-01-09,Flavored sterilized milk,Kanyon,8.0
2023-01-09,Flavored sterilized milk,Mall of Istanbul,0.0
2023-01-09,Flavored sterilized milk,Metrocity,1.0
2023-01-09,Flavored sterilized milk,Metropol AVM,0.0
2023-01-09,Flavored sterilized milk,Viaport Outlet,0.0
2023-01-09,Flavored sterilized milk,Zorlu Center,0.0
2023-01-09,Modified milk,Cevahir AVM,0.0
2023-01-09,Modified milk,Emaar Square Mall,8.0
2023-01-09,Modified milk,Forum Istanbul,5.0
2023-01-09,Modified milk,Istinye Park,0.0
2023-01-09,Modified milk,Kanyon,0.0
2023-01-09,Modified milk,Mall of Istanbul,2.0
2023-01-09,Modified milk,Metrocity,1.0
2023-01-09,Modified milk,Metropol AVM,0.0
2023-01-09,Modified milk,Viaport Outlet,3.0
2023-01-09,Modified milk,Zorlu Center,0.0
2023-01-09,Pasteurized milk 2.5% mg,Cevahir AVM,0.0
2023-01-09,Pasteurized milk 2.5% mg,Emaar Square Mall,0.0
2023-01-09,Pasteurized milk 2.5% mg,Forum Istanbul,3.0
2023-01-09,Pasteurized milk 2.5% mg,Istinye Park,3.0
2023-01-09,Pasteurized milk 2.5% mg,Kanyon,0.0
2023-01-09,Pasteurized milk 2.5% mg,Mall of Istanbul,6.0
2023-01-09,Pasteurized milk 2.5% mg,Metrocity,1.0
2023-01-09,Pasteurized milk 2.5% mg,Metropol AVM,7.0
2023-01-09,Pasteurized milk 2.5% mg,Viaport Outlet,0.0
2023-01-09,Pasteurized milk 2.5% mg,Zorlu Center,0.0
2023-01-09,Pasteurized milk 3.0% mg,Cevahir AVM,0.0
2023-01-09,Pasteurized milk 3.0% mg,Emaar Square Mall,2.0
2023-01-09,Pasteurized milk 3.0% mg,Forum Istanbul,0.0
2023-01-09,Pasteurized milk 3.0% mg,Istinye Park,0.0
2023-01-09,Pasteurized milk 3.0% mg,Kanyon,0.0
2023-01-09,Pasteurized milk 3.0% mg,Mall of Istanbul,0.0
2023-01-09,Pasteurized milk 3.0% mg,Metrocity,2.0
2023-01-09,Pasteurized milk 3.0% mg,Metropol AVM,0.0
2023-01-09,Pasteurized milk 3.0% mg,Viaport Outlet,1.0
2023-01-09,Pasteurized milk 3.0% mg,Zorlu Center,0.0
2023-01-09,Powdered milk 12% mg,Cevahir AVM,1.0
2023-01-09,Powdered milk 12% mg,Emaar Square Mall,0.0
2023-01-09,Powdered milk 12% mg,Forum Istanbul,0.0
2023-01-09,Powdered milk 12% mg,Istinye Park,2.0
2023-01-09,Powdered milk 12% mg,Kanyon,4.0
2023-01-09,Powdered milk 12% mg,Mall of Istanbul,2.0
2023-01-09,Powdered milk 12% mg,Metrocity,5.0
2023-01-09,Powdered milk 12% mg,Metropol AVM,0.0
2023-01-09,Powdered milk 12% mg,Viaport Outlet,0.0
2023-01-09,Powdered milk 12% mg,Zorlu Center,2.0
2023-01-09,Powdered milk 18% mg,Cevahir AVM,0.0
2023-01-09,Powdered milk 18% mg,Emaar Square Mall,0.0
2023-01-09,Powdered milk 18% mg,Forum Istanbul,2.0
2023-01-09,Powdered milk 18% mg,Istinye Park,4.0
2023-01-09,Powdered milk 18% mg,Kanyon,2.0
2023-01-09,Powdered milk 18% mg,Mall of Istanbul,3.0
2023-01-09,Powdered milk 18% mg,Metrocity,0.0
2023-01-09,Powdered milk 18% mg,Metropol AVM,3.0
2023-01-09,Powdered milk 18% mg,Viaport Outlet,0.0
2023-01-09,Powdered milk 18% mg,Zorlu Center,5.0
2023-01-09,Powdered milk 20% mg,Cevahir AVM,0.0
2023-01-09,Powdered milk 20% mg,Emaar Square Mall,0.0
2023-01-09,Powdered milk 20% mg,Forum Istanbul,0.0
2023-01-09,Powdered milk 20% mg,Istinye Park,0.0
2023-01-09,Powdered milk 20% mg,Kanyon,4.0
2023-01-09,Powdered milk 20% mg,Mall of Istanbul,4.0
2023-01-09,Powdered milk 20% mg,Metrocity,0.0
2023-01-09,Powdered milk 20% mg,Metropol AVM,6.0
2023-01-09,Powdered milk 20% mg,Viaport Outlet,0.0
2023-01-09,Powdered milk 20% mg,Zorlu Center,0.0
2023-01-09,Powdered milk 26% mg,Cevahir AVM,8.0
2023-01-09,Powdered milk 26% mg,Emaar Square Mall,0.0
2023-01-09,Powdered milk 26% mg,Forum Istanbul,0.0
2023-01-09,Powdered milk 26% mg,Istinye Park,0.0
2023-01-09,Powdered milk 26% mg,Kanyon,3.0
2023-01-09,Powdered milk 26% mg,Mall of Istanbul,6.0
2023-01-09,Powdered milk 26% mg,Metrocity,0.0
2023-01-09,Powdered milk 26% mg,Metropol AVM,0.0
2023-01-09,Powdered milk 26% mg,Viaport Outlet,0.0
2023-01-09,Powdered milk 26% mg,Zorlu Center,0.0
2023-01-09,Powdered milk 28% mg,Cevahir AVM,0.0
2023-01-09,Powdered milk 28% mg,Emaar Square Mall,0.0
2023-01-09,Powdered milk 28% mg,Forum Istanbul,0.0
2023-01-09,Powdered milk 28% mg,Istinye Park,0.0
2023-01-09,Powdered milk 28% mg,Kanyon,0.0
2023-01-09,Powdered milk 28% mg,Mall of Istanbul,0.0
2023-01-09,Powdered milk 28% mg,Metrocity,6.0
2023-01-09,Powdered milk 28% mg,Metropol AVM,0.0
2023-01-09,Powdered milk 28% mg,Viaport Outlet,3.0
2023-01-09,Powdered milk 28% mg,Zorlu Center,0.0
2023-01-09,Powdered whey,Cevahir AVM,0.0
2023-01-09,Powdered whey,Emaar Square Mall,0.0
2023-01-09,Powdered whey,Forum Istanbul,0.0
2023-01-09,Powdered whey,Istinye Park,5.0
2023-01-09,Powdered whey,Kanyon,3.0
2023-01-09,Powdered whey,Mall of Istanbul,0.0
2023-01-09,Powdered whey,Metrocity,5.0
2023-01-09,Powdered whey,Metropol AVM,0.0
2023-01-09,Powdered whey,Viaport Outlet,0.0
2023-01-09,Powdered whey,Zorlu Center,2.0
2023-01-09,Skimmed pasteurized milk,Cevahir AVM,0.0
2023-01-09,Skimmed pasteurized milk,Emaar Square Mall,0.0
2023-01-09,Skimmed pasteurized milk,Forum Istanbul,0.0
2023-01-09,Skimmed pasteurized milk,Istinye Park,0.0
2023-01-09,Skimmed pasteurized milk,Kanyon,17.0
2023-01-09,Skimmed pasteurized milk,Mall of Istanbul,2.0
2023-01-09,Skimmed pasteurized milk,Metrocity,2.0
2023-01-09,Skimmed pasteurized milk,Metropol AVM,5.0
2023-01-09,Skimmed pasteurized milk,Viaport Outlet,2.0
2023-01-09,Skimmed pasteurized milk,Zorlu Center,5.0
2023-01-09,Skimmed powdered milk,Cevahir AVM,0.0
2023-01-09,Skimmed powdered milk,Emaar Square Mall,0.0
2023-01-09,Skimmed powdered milk,Forum Istanbul,5.0
2023-01-09,Skimmed powdered milk,Istinye Park,1.0
2023-01-09,Skimmed powdered milk,Kanyon,8.0
2023-01-09,Skimmed powdered milk,Mall of Istanbul,0.0
2023-01-09,Skimmed powdered milk,Metrocity,0.0
2023-01-09,Skimmed powdered milk,Metropol AVM,7.0
2023-01-09,Skimmed powdered milk,Viaport Outlet,0.0
2023-01-09,Skimmed powdered milk,Zorlu Center,0.0
2023-01-09,Small cheese,Cevahir AVM,0.0
2023-01-09,Small cheese,Emaar Square Mall,0.0
2023-01-09,Small cheese,Forum Istanbul,0.0
2023-01-09,Small cheese,Istinye Park,0.0
2023-01-09,Small cheese,Kanyon,6.0
2023-01-09,Small cheese,Mall of Istanbul,3.0
2023-01-09,Small cheese,Metrocity,4.0
2023-01-09,Small cheese,Metropol AVM,0.0
2023-01-09,Small cheese,Viaport Outlet,0.0
2023-01-09,Small cheese,Zorlu Center,3.0
2023-01-09,Sterilized semi-skimmed milk,Cevahir AVM,0.0
2023-01-09,Sterilized semi-skimmed milk,Emaar Square Mall,0.0
2023-01-09,Sterilized semi-skimmed milk,Forum Istanbul,0.0
2023-01-09,Sterilized semi-skimmed milk,Istinye Park,1.0
2023-01-09,Sterilized semi-skimmed milk,Kanyon,4.0
2023-01-09,Sterilized semi-skimmed milk,Mall of Istanbul,3.0
2023-01-09,Sterilized semi-skimmed milk,Metrocity,4.0
2023-01-09,Sterilized semi-skimmed milk,Metropol AVM,0.0
2023-01-09,Sterilized semi-skimmed milk,Viaport Outlet,0.0
2023-01-09,Sterilized semi-skimmed milk,Zorlu Center,0.0
2023-01-09,Sterilized skimmed milk,Cevahir AVM,0.0
2023-01-09,Sterilized skimmed milk,Emaar Square Mall,3.0
2023-01-09,Sterilized skimmed milk,Forum Istanbul,0.0
2023-01-09,Sterilized skimmed milk,Istinye Park,0.0
2023-01-09,Sterilized skimmed milk,Kanyon,1.0
2023-01-09,Sterilized skimmed milk,Mall of Istanbul,5.0
2023-01-09,Sterilized skimmed milk,Metrocity,0.0
2023-01-09,Sterilized skimmed milk,Metropol AVM,4.0
2023-01-09,Sterilized skimmed milk,Viaport Outlet,0.0
2023-01-09,Sterilized skimmed milk,Zorlu Center,0.0
2023-01-09,Sterilized whole milk,Cevahir AVM,0.0
2023-01-09,Sterilized whole milk,Emaar Square Mall,0.0
2023-01-09,Sterilized whole milk,Forum Istanbul,0.0
2023-01-09,Sterilized whole milk,Istinye Park,0.0
2023-01-09,Sterilized whole milk,Kanyon,2.0
2023-01-09,Sterilized whole milk,Mall of Istanbul,4.0
2023-01-09,Sterilized whole milk,Metrocity,3.0
2023-01-09,Sterilized whole milk,Metropol AVM,0.0
2023-01-09,Sterilized whole milk,Viaport Outlet,0.0
2023-01-09,Sterilized whole milk,Zorlu Center,2.0
2023-01-09,Sweetened condensed milk,Cevahir AVM,1.0
2023-01-09,Sweetened condensed milk,Emaar Square Mall,3.0
2023-01-09,Sweetened condensed milk,Forum Istanbul,0.0
2023-01-09,Sweetened condensed milk,Istinye Park,0.0
2023-01-09,Sweetened condensed milk,Kanyon,0.0
2023-01-09,Sweetened condensed milk,Mall of Istanbul,0.0
2023-01-09,Sweetened condensed milk,Metrocity,0.0
2023-01-09,Sweetened condensed milk,Metropol AVM,0.0
2023-01-09,Sweetened condensed milk,Viaport Outlet,5.0
2023-01-09,Sweetened condensed milk,Zorlu Center,2.0
2023-01-09,Total powdered milk,Cevahir AVM,0.0
2023-01-09,Total powdered milk,Emaar Square Mall,0.0
2023-01-09,Total powdered milk,Forum Istanbul,0.0
2023-01-09,Total powdered milk,Istinye Park,0.0
2023-01-09,Total powdered milk,Kanyon,0.0
2023-01-09,Total powdered milk,Mall of Istanbul,0.0
2023-01-09,Total powdered milk,Metrocity,0.0
2023-01-09,Total powdered milk,Metropol AVM,0.0
2023-01-09,Total powdered milk,Viaport Outlet,3.0
2023-01-09,Total powdered milk,Zorlu Center,0.0
2023-01-09,Yogurt,Cevahir AVM,2.0
2023-01-09,Yogurt,Emaar Square Mall,0.0
2023-01-09,Yogurt,Forum Istanbul,0.0
2023-01-09,Yogurt,Istinye Park,0.0
2023-01-09,Yogurt,Kanyon,0.0
2023-01-09,Yogurt,Mall of Istanbul,2.0
2023-01-09,Yogurt,Metrocity,9.0
2023-01-09,Yogurt,Metropol AVM,0.0
2023-01-09,Yogurt,Viaport Outlet,0.0
2023-01-09,Yogurt,Zorlu Center,0.0
2023-01-09,chocolate milk,Cevahir AVM,0.0
2023-01-09,chocolate milk,Emaar Square Mall,0.0
2023-01-09,chocolate milk,Forum Istanbul,0.0
2023-01-09,chocolate milk,Istinye Park,0.0
2023-01-09,chocolate milk,Kanyon,2.0
2023-01-09,chocolate milk,Mall of Istanbul,2.0
2023-01-09,chocolate milk,Metrocity,0.0
2023-01-09,chocolate milk,Metropol AVM,0.0
2023-01-09,chocolate milk,Viaport Outlet,2.0
2023-01-09,chocolate milk,Zorlu Center,0.0
2023-01-10,Butter,Cevahir AVM,0.0
2023-01-10,Butter,Emaar Square Mall,5.0
2023-01-10,Butter,Forum Istanbul,0.0
2023-01-10,Butter,Istinye Park,3.0
2023-01-10,Butter,Kanyon,0.0
2023-01-10,Butter,Mall of Istanbul,4.0
2023-01-10,Butter,Metrocity,0.0
2023-01-10,Butter,Metropol AVM,0.0
2023-01-10,Butter,Viaport Outlet,0.0
2023-01-10,Butter,Zorlu Center,0.0
2023-01-10,Cheese,Cevahir AVM,0.0
2023-01-10,Cheese,Emaar Square Mall,0.0
2023-01-10,Cheese,Forum Istanbul,0.0
2023-01-10,Cheese,Istinye Park,0.0
2023-01-10,Cheese,Kanyon,4.0
2023-01-10,Cheese,Mall of Istanbul,0.0
2023-01-10,Cheese,Metrocity,3.0
2023-01-10,Cheese,Metropol AVM,0.0
2023-01-10,Cheese,Viaport Outlet,0.0
2023-01-10,Cheese,Zorlu Center,0.0
2023-01-10,Condensed milk,Cevahir AVM,0.0
2023-01-10,Condensed milk,Emaar Square Mall,0.0
2023-01-10,Condensed milk,Forum Istanbul,0.0
2023-01-10,Condensed milk,Istinye Park,0.0
2023-01-10,Condensed milk,Kanyon,0.0
2023-01-10,Condensed milk,Mall of Istanbul,0.0
2023-01-10,Condensed milk,Metrocity,4.0
2023-01-10,Condensed milk,Metropol AVM,3.0
2023-01-10,Condensed milk,Viaport Outlet,0.0
2023-01-10,Condensed milk,Zorlu Center,0.0
2023-01-10,Cream,Cevahir AVM,0.0
2023-01-10,Cream,Emaar Square Mall,0.0
2023-01-10,Cream,Forum Istanbul,4.0
2023-01-10,Cream,Istinye Park,0.0
2023-01-10,Cream,Kanyon,1.0
2023-01-10,Cream,Mall of Istanbul,5.0
2023-01-10,Cream,Metrocity,4.0
2023-01-10,Cream,Metropol AVM,0.0
2023-01-10,Cream,Viaport Outlet,0.0
2023-01-10,Cream,Zorlu Center,0.0
2023-01-10,Cultured milk,Cevahir AVM,1.0
2023-01-10,Cultured milk,Emaar Square Mall,0.0
2023-01-10,Cultured milk,Forum Istanbul,0.0
2023-01-10,Cultured milk,Istinye Park,0.0
2023-01-10,Cultured milk,Kanyon,5.0
2023-01-10,Cultured milk,Mall of Istanbul,1.0
2023-01-10,Cultured milk,Metrocity,0.0
2023-01-10,Cultured milk,Metropol AVM,0.0
2023-01-10,Cultured milk,Viaport Outlet,0.0
2023-01-10,Cultured milk,Zorlu Center,0.0
2023-01-10,Evaporated milk,Cevahir AVM,0.0
2023-01-10,Evaporated milk,Emaar Square Mall,0.0
2023-01-10,Evaporated milk,Forum Istanbul,0.0
2023-01-10,Evaporated milk,Istinye Park,0.0
2023-01-10,Evaporated milk,Kanyon,5.0
2023-01-10,Evaporated milk,Mall of Istanbul,9.0
2023-01-10,Evaporated milk,Metrocity,2.0
2023-01-10,Evaporated milk,Metropol AVM,0.0
2023-01-10,Evaporated milk,Viaport Outlet,4.0
2023-01-10,Evaporated milk,Zorlu Center,1.0
2023-01-10,Flavored sterilized milk,Cevahir AVM,0.0
2023-01-10,Flavored sterilized milk,Emaar Square Mall,0.0
2023-01-10,Flavored sterilized milk,Forum Istanbul,0.0
2023-01-10,Flavored sterilized milk,Istinye Park,0.0
2023-01-10,Flavored sterilized milk,Kanyon,4.0
2023-01-10,Flavored sterilized milk,Mall of Istanbul,2.0
2023-01-10,Flavored sterilized milk,Metrocity,0.0
2023-01-10,Flavored sterilized milk,Metropol AVM,0.0
2023-01-10,Flavored sterilized milk,Viaport Outlet,0.0
2023-01-10,Flavored sterilized milk,Zorlu Center,0.0
2023-01-10,Modified milk,Cevahir AVM,0.0
2023-01-10,Modified milk,Emaar Square Mall,0.0
2023-01-10,Modified milk,Forum Istanbul,0.0
2023-01-10,Modified milk,Istinye Park,0.0
2023-01-10,Modified milk,Kanyon,10.0
2023-01-10,Modified milk,Mall of Istanbul,0.0
2023-01-10,Modified milk,Metrocity,0.0
2023-01-10,Modified milk,Metropol AVM,0.0
2023-01-10,Modified milk,Viaport Outlet,0.0
2023-01-10,Modified milk,Zorlu Center,0.0
2023-01-10,Pasteurized milk 2.5% mg,Cevahir AVM,0.0
2023-01-10,Pasteurized milk 2.5% mg,Emaar Square Mall,0.0
2023-01-10,Pasteurized milk 2.5% mg,Forum Istanbul,0.0
2023-01-10,Pasteurized milk 2.5% mg,Istinye Park,0.0
2023-01-10,Pasteurized milk 2.5% mg,Kanyon,0.0
2023-01-10,Pasteurized milk 2.5% mg,Mall of Istanbul,3.0
2023-01-10,Pasteurized milk 2.5% mg,Metrocity,2.0
2023-01-10,Pasteurized milk 2.5% mg,Metropol AVM,0.0
2023-01-10,Pasteurized milk 2.5% mg,Viaport Outlet,0.0
2023-01-10,Pasteurized milk 2.5% mg,Zorlu Center,0.0
2023-01-10,Pasteurized milk 3.0% mg,Cevahir AVM,2.0
2023-01-10,Pasteurized milk 3.0% mg,Emaar Square Mall,0.0
2023-01-10,Pasteurized milk 3.0% mg,Forum Istanbul,0.0
2023-01-10,Pasteurized milk 3.0% mg,Istinye Park,0.0
2023-01-10,Pasteurized milk 3.0% mg,Kanyon,0.0
2023-01-10,Pasteurized milk 3.0% mg,Mall of Istanbul,5.0
2023-01-10,Pasteurized milk 3.0% mg,Metrocity,8.0
2023-01-10,Pasteurized milk 3.0% mg,Metropol AVM,3.0
2023-01-10,Pasteurized milk 3.0% mg,Viaport Outlet,0.0
2023-01-10,Pasteurized milk 3.0% mg,Zorlu Center,0.0
2023-01-10,Powdered milk 12% mg,Cevahir AVM,0.0
2023-01-10,Powdered milk 12% mg,Emaar Square Mall,0.0
2023-01-10,Powdered milk 12% mg,Forum Istanbul,0.0
2023-01-10,Powdered milk 12% mg,Istinye Park,0.0
2023-01-10,Powdered milk 12% mg,Kanyon,0.0
2023-01-10,Powdered milk 12% mg,Mall of Istanbul,6.0
2023-01-10,Powdered milk 12% mg,Metrocity,0.0
2023-01-10,Powdered milk 12% mg,Metropol AVM,0.0
2023-01-10,Powdered milk 12% mg,Viaport Outlet,0.0
2023-01-10,Powdered milk 12% mg,Zorlu Center,4.0
2023-01-10,Powdered milk 18% mg,Cevahir AVM,0.0
2023-01-10,Powdered milk 18% mg,Emaar Square Mall,0.0
2023-01-10,Powdered milk 18% mg,Forum Istanbul,0.0
2023-01-10,Powdered milk 18% mg,Istinye Park,0.0
2023-01-10,Powdered milk 18% mg,Kanyon,4.0
2023-01-10,Powdered milk 18% mg,Mall of Istanbul,0.0
2023-01-10,Powdered milk 18% mg,Metrocity,0.0
2023-01-10,Powdered milk 18% mg,Metropol AVM,0.0
2023-01-10,Powdered milk 18% mg,Viaport Outlet,0.0
2023-01-10,Powdered milk 18% mg,Zorlu Center,0.0
2023-01-10,Powdered milk 20% mg,Cevahir AVM,0.0
2023-01-10,Powdered milk 20% mg,Emaar Square Mall,0.0
2023-01-10,Powdered milk 20% mg,Forum Istanbul,0.0
2023-01-10,Powdered milk 20% mg,Istinye Park,0.0
2023-01-10,Powdered milk 20% mg,Kanyon,4.0
2023-01-10,Powdered milk 20% mg,Mall of Istanbul,2.0
2023-01-10,Powdered milk 20% mg,Metrocity,5.0
2023-01-10,Powdered milk 20% mg,Metropol AVM,3.0
2023-01-10,Powdered milk 20% mg,Viaport Outlet,3.0
2023-01-10,Powdered milk 20% mg,Zorlu Center,0.0
2023-01-10,Powdered milk 26% mg,Cevahir AVM,0.0
2023-01-10,Powdered milk 26% mg,Emaar Square Mall,0.0
2023-01-10,Powdered milk 26% mg,Forum Istanbul,0.0
2023-01-10,Powdered milk 26% mg,Istinye Park,3.0
2023-01-10,Powdered milk 26% mg,Kanyon,0.0
2023-01-10,Powdered milk 26% mg,Mall of Istanbul,6.0
2023-01-10,Powdered milk 26% mg,Metrocity,6.0
2023-01-10,Powdered milk 26% mg,Metropol AVM,3.0
2023-01-10,Powdered milk 26% mg,Viaport Outlet,0.0
2023-01-10,Powdered milk 26% mg,Zorlu Center,2.0
2023-01-10,Powdered milk 28% mg,Cevahir AVM,2.0
2023-01-10,Powdered milk 28% mg,Emaar Square Mall,0.0
2023-01-10,Powdered milk 28% mg,Forum Istanbul,4.0
2023-01-10,Powdered milk 28% mg,Istinye Park,0.0
2023-01-10,Powdered milk 28% mg,Kanyon,7.0
2023-01-10,Powdered milk 28% mg,Mall of Istanbul,0.0
2023-01-10,Powdered milk 28% mg,Metrocity,5.0
2023-01-10,Powdered milk 28% mg,Metropol AVM,6.0
2023-01-10,Powdered milk 28% mg,Viaport Outlet,0.0
2023-01-10,Powdered milk 28% mg,Zorlu Center,0.0
2023-01-10,Powdered whey,Cevahir AVM,0.0
2023-01-10,Powdered whey,Emaar Square Mall,0.0
2023-01-10,Powdered whey,Forum Istanbul,0.0
2023-01-10,Powdered whey,Istinye Park,1.0
2023-01-10,Powdered whey,Kanyon,0.0
2023-01-10,Powdered whey,Mall of Istanbul,0.0
2023-01-10,Powdered whey,Metrocity,5.0
2023-01-10,Powdered whey,Metropol AVM,0.0
2023-01-10,Powdered whey,Viaport Outlet,0.0
2023-01-10,Powdered whey,Zorlu Center,4.0
2023-01-10,Skimmed pasteurized milk,Cevahir AVM,1.0
2023-01-10,Skimmed pasteurized milk,Emaar Square Mall,0.0
2023-01-10,Skimmed pasteurized milk,Forum Istanbul,0.0
2023-01-10,Skimmed pasteurized milk,Istinye Park,0.0
2023-01-10,Skimmed pasteurized milk,Kanyon,5.0
2023-01-10,Skimmed pasteurized milk,Mall of Istanbul,0.0
2023-01-10,Skimmed pasteurized milk,Metrocity,0.0
2023-01-10,Skimmed pasteurized milk,Metropol AVM,0.0
2023-01-10,Skimmed pasteurized milk,Viaport Outlet,5.0
2023-01-10,Skimmed pasteurized milk,Zorlu Center,0.0
2023-01-10,Skimmed powdered milk,Cevahir AVM,0.0
2023-01-10,Skimmed powdered milk,Emaar Square Mall,0.0
2023-01-10,Skimmed powdered milk,Forum Istanbul,0.0
2023-01-10,Skimmed powdered milk,Istinye Park,2.0
2023-01-10,Skimmed powdered milk,Kanyon,4.0
2023-01-10,Skimmed powdered milk,Mall of Istanbul,4.0
2023-01-10,Skimmed powdered milk,Metrocity,5.0
2023-01-10,Skimmed powdered milk,Metropol AVM,4.0
2023-01-10,Skimmed powdered milk,Viaport Outlet,0.0
2023-01-10,Skimmed powdered milk,Zorlu Center,0.0
2023-01-10,Small cheese,Cevahir AVM,5.0
2023-01-10,Small cheese,Emaar Square Mall,0.0
2023-01-10,Small cheese,Forum Istanbul,0.0
2023-01-10,Small cheese,Istinye Park,10.0
2023-01-10,Small cheese,Kanyon,3.0
2023-01-10,Small cheese,Mall of Istanbul,5.0
2023-01-10,Small cheese,Metrocity,3.0
2023-01-10,Small cheese,Metropol AVM,1.0
2023-01-10,Small cheese,Viaport Outlet,0.0
2023-01-10,Small cheese,Zorlu Center,0.0
2023-01-10,Sterilized semi-skimmed milk,Cevahir AVM,0.0
2023-01-10,Sterilized semi-skimmed milk,Emaar Square Mall,0.0
2023-01-10,Sterilized semi-skimmed milk,Forum Istanbul,0.0
2023-01-10,Sterilized semi-skimmed milk,Istinye Park,0.0
2023-01-10,Sterilized semi-skimmed milk,Kanyon,0.0
2023-01-10,Sterilized semi-skimmed milk,Mall of Istanbul,0.0
2023-01-10,Sterilized semi-skimmed milk,Metrocity,1.0
2023-01-10,Sterilized semi-skimmed milk,Metropol AVM,0.0
2023-01-10,Sterilized semi-skimmed milk,Viaport Outlet,0.0
2023-01-10,Sterilized semi-skimmed milk,Zorlu Center,0.0
2023-01-10,Sterilized skimmed milk,Cevahir AVM,3.0
2023-01-10,Sterilized skimmed milk,Emaar Square Mall,0.0
2023-01-10,Sterilized skimmed milk,Forum Istanbul,0.0
2023-01-10,Sterilized skimmed milk,Istinye Park,0.0
2023-01-10,Sterilized skimmed milk,Kanyon,1.0
2023-01-10,Sterilized skimmed milk,Mall of Istanbul,0.0
2023-01-10,Sterilized skimmed milk,Metrocity,5.0
2023-01-10,Sterilized skimmed milk,Metropol AVM,2.0
2023-01-10,Sterilized skimmed milk,Viaport Outlet,3.0
2023-01-10,Sterilized skimmed milk,Zorlu Center,2.0
2023-01-10,Sterilized whole milk,Cevahir AVM,0.0
2023-01-10,Sterilized whole milk,Emaar Square Mall,0.0
2023-01-10,Sterilized whole milk,Forum Istanbul,0.0
2023-01-10,Sterilized whole milk,Istinye Park,1.0
2023-01-10,Sterilized whole milk,Kanyon,9.0
2023-01-10,Sterilized whole milk,Mall of Istanbul,1.0
2023-01-10,Sterilized whole milk,Metrocity,5.0
2023-01-10,Sterilized whole milk,Metropol AVM,0.0
2023-01-10,Sterilized whole milk,Viaport Outlet,0.0
2023-01-10,Sterilized whole milk,Zorlu Center,0.0
2023-01-10,Sweetened condensed milk,Cevahir AVM,0.0
2023-01-10,Sweetened condensed milk,Emaar Square Mall,2.0
2023-01-10,Sweetened condensed milk,Forum Istanbul,1.0
2023-01-10,Sweetened condensed milk,Istinye Park,0.0
2023-01-10,Sweetened condensed milk,Kanyon,5.0
2023-01-10,Sweetened condensed milk,Mall of Istanbul,6.0
2023-01-10,Sweetened condensed milk,Metrocity,0.0
2023-01-10,Sweetened condensed milk,Metropol AVM,3.0
2023-01-10,Sweetened condensed milk,Viaport Outlet,3.0
2023-01-10,Sweetened condensed milk,Zorlu Center,0.0
2023-01-10,Total powdered milk,Cevahir AVM,3.0
2023-01-10,Total powdered milk,Emaar Square Mall,0.0
2023-01-10,Total powdered milk,Forum Istanbul,0.0
2023-01-10,Total powdered milk,Istinye Park,3.0
2023-01-10,Total powdered milk,Kanyon,0.0
2023-01-10,Total powdered milk,Mall of Istanbul,0.0
2023-01-10,Total powdered milk,Metrocity,0.0
2023-01-10,Total powdered milk,Metropol AVM,7.0
2023-01-10,Total powdered milk,Viaport Outlet,0.0
2023-01-10,Total powdered milk,Zorlu Center,0.0
2023-01-10,Yogurt,Cevahir AVM,4.0
2023-01-10,Yogurt,Emaar Square Mall,0.0
2023-01-10,Yogurt,Forum Istanbul,0.0
2023-01-10,Yogurt,Istinye Park,0.0
2023-01-10,Yogurt,Kanyon,0.0
2023-01-10,Yogurt,Mall of Istanbul,0.0
2023-01-10,Yogurt,Metrocity,12.0
2023-01-10,Yogurt,Metropol AVM,0.0
2023-01-10,Yogurt,Viaport Outlet,4.0
2023-01-10,Yogurt,Zorlu Center,0.0
2023-01-10,chocolate milk,Cevahir AVM,0.0
2023-01-10,chocolate milk,Emaar Square Mall,0.0
2023-01-10,chocolate milk,Forum Istanbul,5.0
2023-01-10,chocolate milk,Istinye Park,0.0
2023-01-10,chocolate milk,Kanyon,0.0
2023-01-10,chocolate milk,Mall of Istanbul,14.0
2023-01-10,chocolate milk,Metrocity,3.0
2023-01-10,chocolate milk,Metropol AVM,4.0
2023-01-10,chocolate milk,Viaport Outlet,0.0
2023-01-10,chocolate milk,Zorlu Center,0.0
2023-01-11,Butter,Cevahir AVM,0.0
2023-01-11,Butter,Emaar Square Mall,0.0
2023-01-11,Butter,Forum Istanbul,0.0
2023-01-11,Butter,Istinye Park,0.0
2023-01-11,Butter,Kanyon,0.0
2023-01-11,Butter,Mall of Istanbul,0.0
2023-01-11,Butter,Metrocity,0.0
2023-01-11,Butter,Metropol AVM,0.0
2023-01-11,Butter,Viaport Outlet,0.0
2023-01-11,Butter,Zorlu Center,2.0
2023-01-11,Cheese,Cevahir AVM,0.0
2023-01-11,Cheese,Emaar Square Mall,0.0
2023-01-11,Cheese,Forum Istanbul,0.0
2023-01-11,Cheese,Istinye Park,0.0
2023-01-11,Cheese,Kanyon,0.0
2023-01-11,Cheese,Mall of Istanbul,4.0
2023-01-11,Cheese,Metrocity,0.0
2023-01-11,Cheese,Metropol AVM,5.0
2023-01-11,Cheese,Viaport Outlet,0.0
2023-01-11,Cheese,Zorlu Center,0.0
2023-01-11,Condensed milk,Cevahir AVM,0.0
2023-01-11,Condensed milk,Emaar Square Mall,0.0
2023-01-11,Condensed milk,Forum Istanbul,7.0
2023-01-11,Condensed milk,Istinye Park,1.0
2023-01-11,Condensed milk,Kanyon,0.0
2023-01-11,Condensed milk,Mall of Istanbul,5.0
2023-01-11,Condensed milk,Metrocity,0.0
2023-01-11,Condensed milk,Metropol AVM,3.0
2023-01-11,Condensed milk,Viaport Outlet,5.0
2023-01-11,Condensed milk,Zorlu Center,0.0
2023-01-11,Cream,Cevahir AVM,0.0
2023-01-11,Cream,Emaar Square Mall,0.0
2023-01-11,Cream,Forum Istanbul,0.0
2023-01-11,Cream,Istinye Park,2.0
2023-01-11,Cream,Kanyon,0.0
2023-01-11,Cream,Mall of Istanbul,7.0
2023-01-11,Cream,Metrocity,3.0
2023-01-11,Cream,Metropol AVM,4.0
2023-01-11,Cream,Viaport Outlet,0.0
2023-01-11,Cream,Zorlu Center,2.0
2023-01-11,Cultured milk,Cevahir AVM,0.0
2023-01-11,Cultured milk,Emaar Square Mall,0.0
2023-01-11,Cultured milk,Forum Istanbul,0.0
2023-01-11,Cultured milk,Istinye Park,0.0
2023-01-11,Cultured milk,Kanyon,0.0
2023-01-11,Cultured milk,Mall of Istanbul,1.0
2023-01-11,Cultured milk,Metrocity,0.0
2023-01-11,Cultured milk,Metropol AVM,0.0
2023-01-11,Cultured milk,Viaport Outlet,0.0
2023-01-11,Cultured milk,Zorlu Center,3.0
2023-01-11,Evaporated milk,Cevahir AVM,0.0
2023-01-11,Evaporated milk,Emaar Square Mall,0.0
2023-01-11,Evaporated milk,Forum Istanbul,5.0
2023-01-11,Evaporated milk,Istinye Park,3.0
2023-01-11,Evaporated milk,Kanyon,0.0
2023-01-11,Evaporated milk,Mall of Istanbul,5.0
2023-01-11,Evaporated milk,Metrocity,0.0
2023-01-11,Evaporated milk,Metropol AVM,3.0
2023-01-11,Evaporated milk,Viaport Outlet,3.0
2023-01-11,Evaporated milk,Zorlu Center,0.0
2023-01-11,Flavored sterilized milk,Cevahir AVM,0.0
2023-01-11,Flavored sterilized milk,Emaar Square Mall,8.0
2023-01-11,Flavored sterilized milk,Forum Istanbul,0.0
2023-01-11,Flavored sterilized milk,Istinye Park,0.0
2023-01-11,Flavored sterilized milk,Kanyon,9.0
2023-01-11,Flavored sterilized milk,Mall of Istanbul,5.0
2023-01-11,Flavored sterilized milk,Metrocity,1.0
2023-01-11,Flavored sterilized milk,Metropol AVM,0.0
2023-01-11,Flavored sterilized milk,Viaport Outlet,2.0
2023-01-11,Flavored sterilized milk,Zorlu Center,0.0
2023-01-11,Modified milk,Cevahir AVM,0.0
2023-01-11,Modified milk,Emaar Square Mall,0.0
2023-01-11,Modified milk,Forum Istanbul,0.0
2023-01-11,Modified milk,Istinye Park,4.0
2023-01-11,Modified milk,Kanyon,2.0
2023-01-11,Modified milk,Mall of Istanbul,6.0
2023-01-11,Modified milk,Metrocity,3.0
2023-01-11,Modified milk,Metropol AVM,0.0
2023-01-11,Modified milk,Viaport Outlet,0.0
2023-01-11,Modified milk,Zorlu Center,0.0
2023-01-11,Pasteurized milk 2.5% mg,Cevahir AVM,0.0
2023-01-11,Pasteurized milk 2.5% mg,Emaar Square Mall,0.0
2023-01-11,Pasteurized milk 2.5% mg,Forum Istanbul,0.0
2023-01-11,Pasteurized milk 2.5% mg,Istinye Park,0.0
2023-01-11,Pasteurized milk 2.5% mg,Kanyon,2.0
2023-01-11,Pasteurized milk 2.5% mg,Mall of Istanbul,8.0
2023-01-11,Pasteurized milk 2.5% mg,Metrocity,0.0
2023-01-11,Pasteurized milk 2.5% mg,Metropol AVM,3.0
2023-01-11,Pasteurized milk 2.5% mg,Viaport Outlet,0.0
2023-01-11,Pasteurized milk 2.5% mg,Zorlu Center,0.0
2023-01-11,Pasteurized milk 3.0% mg,Cevahir AVM,0.0
2023-01-11,Pasteurized milk 3.0% mg,Emaar Square Mall,0.0
2023-01-11,Pasteurized milk 3.0% mg,Forum Istanbul,0.0
2023-01-11,Pasteurized milk 3.0% mg,Istinye Park,0.0
2023-01-11,Pasteurized milk 3.0% mg,Kanyon,0.0
2023-01-11,Pasteurized milk 3.0% mg,Mall of Istanbul,0.0
2023-01-11,Pasteurized milk 3.0% mg,Metrocity,4.0
2023-01-11,Pasteurized milk 3.0% mg,Metropol AVM,0.0
2023-01-11,Pasteurized milk 3.0% mg,Viaport Outlet,0.0
2023-01-11,Pasteurized milk 3.0% mg,Zorlu Center,0.0
2023-01-11,Powdered milk 12% mg,Cevahir AVM,0.0
2023-01-11,Powdered milk 12% mg,Emaar Square Mall,0.0
2023-01-11,Powdered milk 12% mg,Forum Istanbul,0.0
2023-01-11,Powdered milk 12% mg,Istinye Park,0.0
2023-01-11,Powdered milk 12% mg,Kanyon,4.0
2023-01-11,Powdered milk 12% mg,Mall of Istanbul,4.0
2023-01-11,Powdered milk 12% mg,Metrocity,0.0
2023-01-11,Powdered milk 12% mg,Metropol AVM,0.0
2023-01-11,Powdered milk 12% mg,Viaport Outlet,0.0
2023-01-11,Powdered milk 12% mg,Zorlu Center,1.0
2023-01-11,Powdered milk 18% mg,Cevahir AVM,0.0
2023-01-11,Powdered milk 18% mg,Emaar Square Mall,4.0
2023-01-11,Powdered milk 18% mg,Forum Istanbul,0.0
2023-01-11,Powdered milk 18% mg,Istinye Park,3.0
2023-01-11,Powdered milk 18% mg,Kanyon,0.0
2023-01-11,Powdered milk 18% mg,Mall of Istanbul,0.0
2023-01-11,Powdered milk 18% mg,Metrocity,0.0
2023-01-11,Powdered milk 18% mg,Metropol AVM,5.0
2023-01-11,Powdered milk 18% mg,Viaport Outlet,0.0
2023-01-11,Powdered milk 18% mg,Zorlu Center,1.0
2023-01-11,Powdered milk 20% mg,Cevahir AVM,0.0
2023-01-11,Powdered milk 20% mg,Emaar Square Mall,0.0
2023-01-11,Powdered milk 20% mg,Forum Istanbul,0.0
2023-01-11,Powdered milk 20% mg,Istinye Park,0.0
2023-01-11,Powdered milk 20% mg,Kanyon,1.0
2023-01-11,Powdered milk 20% mg,Mall of Istanbul,7.0
2023-01-11,Powdered milk 20% mg,Metrocity,0.0
2023-01-11,Powdered milk 20% mg,Metropol AVM,6.0
2023-01-11,Powdered milk 20% mg,Viaport Outlet,2.0
2023-01-11,Powdered milk 20% mg,Zorlu Center,0.0
2023-01-11,Powdered milk 26% mg,Cevahir AVM,0.0
2023-01-11,Powdered milk 26% mg,Emaar Square Mall,0.0
2023-01-11,Powdered milk 26% mg,Forum Istanbul,0.0
2023-01-11,Powdered milk 26% mg,Istinye Park,4.0
2023-01-11,Powdered milk 26% mg,Kanyon,0.0
2023-01-11,Powdered milk 26% mg,Mall of Istanbul,1.0
2023-01-11,Powdered milk 26% mg,Metrocity,0.0
2023-01-11,Powdered milk 26% mg,Metropol AVM,0.0
2023-01-11,Powdered milk 26% mg,Viaport Outlet,0.0
2023-01-11,Powdered milk 26% mg,Zorlu Center,0.0
2023-01-11,Powdered milk 28% mg,Cevahir AVM,0.0
2023-01-11,Powdered milk 28% mg,Emaar Square Mall,0.0
2023-01-11,Powdered milk 28% mg,Forum Istanbul,0.0
2023-01-11,Powdered milk 28% mg,Istinye Park,12.0
2023-01-11,Powdered milk 28% mg,Kanyon,7.0
2023-01-11,Powdered milk 28% mg,Mall of Istanbul,4.0
2023-01-11,Powdered milk 28% mg,Metrocity,3.0
2023-01-11,Powdered milk 28% mg,Metropol AVM,0.0
2023-01-11,Powdered milk 28% mg,Viaport Outlet,0.0
2023-01-11,Powdered milk 28% mg,Zorlu Center,0.0
2023-01-11,Powdered whey,Cevahir AVM,0.0
2023-01-11,Powdered whey,Emaar Square Mall,0.0
2023-01-11,Powdered whey,Forum Istanbul,0.0
2023-01-11,Powdered whey,Istinye Park,0.0
2023-01-11,Powdered whey,Kanyon,0.0
2023-01-11,Powdered whey,Mall of Istanbul,1.0
2023-01-11,Powdered whey,Metrocity,0.0
2023-01-11,Powdered whey,Metropol AVM,0.0
2023-01-11,Powdered whey,Viaport Outlet,0.0
2023-01-11,Powdered whey,Zorlu Center,0.0
2023-01-11,Skimmed pasteurized milk,Cevahir AVM,0.0
2023-01-11,Skimmed pasteurized milk,Emaar Square Mall,0.0
2023-01-11,Skimmed pasteurized milk,Forum Istanbul,0.0
2023-01-11,Skimmed pasteurized milk,Istinye Park,0.0
2023-01-11,Skimmed pasteurized milk,Kanyon,4.0
2023-01-11,Skimmed pasteurized milk,Mall of Istanbul,4.0
2023-01-11,Skimmed pasteurized milk,Metrocity,8.0
2023-01-11,Skimmed pasteurized milk,Metropol AVM,0.0
2023-01-11,Skimmed pasteurized milk,Viaport Outlet,0.0
2023-01-11,Skimmed pasteurized milk,Zorlu Center,0.0
2023-01-11,Skimmed powdered milk,Cevahir AVM,0.0
2023-01-11,Skimmed powdered milk,Emaar Square Mall,0.0
2023-01-11,Skimmed powdered milk,Forum Istanbul,0.0
2023-01-11,Skimmed powdered milk,Istinye Park,5.0
2023-01-11,Skimmed powdered milk,Kanyon,1.0
2023-01-11,Skimmed powdered milk,Mall of Istanbul,5.0
2023-01-11,Skimmed powdered milk,Metrocity,0.0
2023-01-11,Skimmed powdered milk,Metropol AVM,0.0
2023-01-11,Skimmed powdered milk,Viaport Outlet,0.0
2023-01-11,Skimmed powdered milk,Zorlu Center,3.0
2023-01-11,Small cheese,Cevahir AVM,0.0
2023-01-11,Small cheese,Emaar Square Mall,0.0
2023-01-11,Small cheese,Forum Istanbul,0.0
2023-01-11,Small cheese,Istinye Park,5.0
2023-01-11,Small cheese,Kanyon,0.0
2023-01-11,Small cheese,Mall of Istanbul,4.0
2023-01-11,Small cheese,Metrocity,0.0
2023-01-11,Small cheese,Metropol AVM,0.0
2023-01-11,Small cheese,Viaport Outlet,0.0
2023-01-11,Small cheese,Zorlu Center,0.0
2023-01-11,Sterilized semi-skimmed milk,Cevahir AVM,0.0
2023-01-11,Sterilized semi-skimmed milk,Emaar Square Mall,0.0
2023-01-11,Sterilized semi-skimmed milk,Forum Istanbul,0.0
2023-01-11,Sterilized semi-skimmed milk,Istinye Park,0.0
2023-01-11,Sterilized semi-skimmed milk,Kanyon,3.0
2023-01-11,Sterilized semi-skimmed milk,Mall of Istanbul,0.0
2023-01-11,Sterilized semi-skimmed milk,Metrocity,2.0
2023-01-11,Sterilized semi-skimmed milk,Metropol AVM,5.0
2023-01-11,Sterilized semi-skimmed milk,Viaport Outlet,0.0
2023-01-11,Sterilized semi-skimmed milk,Zorlu Center,0.0
2023-01-11,Sterilized skimmed milk,Cevahir AVM,0.0
2023-01-11,Sterilized skimmed milk,Emaar Square Mall,0.0
2023-01-11,Sterilized skimmed milk,Forum Istanbul,0.0
2023-01-11,Sterilized skimmed milk,Istinye Park,4.0
2023-01-11,Sterilized skimmed milk,Kanyon,6.0
2023-01-11,Sterilized skimmed milk,Mall of Istanbul,0.0
2023-01-11,Sterilized skimmed milk,Metrocity,6.0
2023-01-11,Sterilized skimmed milk,Metropol AVM,0.0
2023-01-11,Sterilized skimmed milk,Viaport Outlet,0.0
2023-01-11,Sterilized skimmed milk,Zorlu Center,0.0
2023-01-11,Sterilized whole milk,Cevahir AVM,1.0
2023-01-11,Sterilized whole milk,Emaar Square Mall,0.0
2023-01-11,Sterilized whole milk,Forum Istanbul,4.0
2023-01-11,Sterilized whole milk,Istinye Park,0.0
2023-01-11,Sterilized whole milk,Kanyon,8.0
2023-01-11,Sterilized whole milk,Mall of Istanbul,0.0
2023-01-11,Sterilized whole milk,Metrocity,0.0
2023-01-11,Sterilized whole milk,Metropol AVM,0.0
2023-01-11,Sterilized whole milk,Viaport Outlet,0.0
2023-01-11,Sterilized whole milk,Zorlu Center,0.0
2023-01-11,Sweetened condensed milk,Cevahir AVM,0.0
2023-01-11,Sweetened condensed milk,Emaar Square Mall,2.0
2023-01-11,Sweetened condensed milk,Forum Istanbul,0.0
2023-01-11,Sweetened condensed milk,Istinye Park,0.0
2023-01-11,Sweetened condensed milk,Kanyon,6.0
2023-01-11,Sweetened condensed milk,Mall of Istanbul,4.0
2023-01-11,Sweetened condensed milk,Metrocity,1.0
2023-01-11,Sweetened condensed milk,Metropol AVM,0.0
2023-01-11,Sweetened condensed milk,Viaport Outlet,0.0
2023-01-11,Sweetened condensed milk,Zorlu Center,0.0
2023-01-11,Total powdered milk,Cevahir AVM,0.0
2023-01-11,Total powdered milk,Emaar Square Mall,2.0
2023-01-11,Total powdered milk,Forum Istanbul,0.0
2023-01-11,Total powdered milk,Istinye Park,4.0
2023-01-11,Total powdered milk,Kanyon,4.0
2023-01-11,Total powdered milk,Mall of Istanbul,0.0
2023-01-11,Total powdered milk,Metrocity,1.0
2023-01-11,Total powdered milk,Metropol AVM,4.0
2023-01-11,Total powdered milk,Viaport Outlet,0.0
2023-01-11,Total powdered milk,Zorlu Center,0.0
2023-01-11,Yogurt,Cevahir AVM,0.0
2023-01-11,Yogurt,Emaar Square Mall,0.0
2023-01-11,Yogurt,Forum Istanbul,0.0
2023-01-11,Yogurt,Istinye Park,3.0
2023-01-11,Yogurt,Kanyon,0.0
2023-01-11,Yogurt,Mall of Istanbul,0.0
2023-01-11,Yogurt,Metrocity,0.0
2023-01-11,Yogurt,Metropol AVM,0.0
2023-01-11,Yogurt,Viaport Outlet,0.0
2023-01-11,Yogurt,Zorlu Center,0.0
2023-01-11,chocolate milk,Cevahir AVM,0.0
2023-01-11,chocolate milk,Emaar Square Mall,0.0
2023-01-11,chocolate milk,Forum Istanbul,0.0
2023-01-11,chocolate milk,Istinye Park,0.0
2023-01-11,chocolate milk,Kanyon,1.0
2023-01-11,chocolate milk,Mall of Istanbul,5.0
2023-01-11,chocolate milk,Metrocity,9.0
2023-01-11,chocolate milk,Metropol AVM,0.0
2023-01-11,chocolate milk,Viaport Outlet,4.0
2023-01-11,chocolate milk,Zorlu Center,0.0
2023-01-12,Butter,Cevahir AVM,0.0
2023-01-12,Butter,Emaar Square Mall,3.0
2023-01-12,Butter,Forum Istanbul,0.0
2023-01-12,Butter,Istinye Park,2.0
2023-01-12,Butter,Kanyon,0.0
2023-01-12,Butter,Mall of Istanbul,5.0
2023-01-12,Butter,Metrocity,0.0
2023-01-12,Butter,Metropol AVM,0.0
2023-01-12,Butter,Viaport Outlet,0.0
2023-01-12,Butter,Zorlu Center,0.0
2023-01-12,Cheese,Cevahir AVM,0.0
2023-01-12,Cheese,Emaar Square Mall,0.0
2023-01-12,Cheese,Forum Istanbul,0.0
2023-01-12,Cheese,Istinye Park,0.0
2023-01-12,Cheese,Kanyon,8.0
2023-01-12,Cheese,Mall of Istanbul,0.0
2023-01-12,Cheese,Metrocity,0.0
2023-01-12,Cheese,Metropol AVM,0.0
2023-01-12,Cheese,Viaport Outlet,0.0
2023-01-12,Cheese,Zorlu Center,0.0
2023-01-12,Condensed milk,Cevahir AVM,0.0
2023-01-12,Condensed milk,Emaar Square Mall,0.0
2023-01-12,Condensed milk,Forum Istanbul,4.0
2023-01-12,Condensed milk,Istinye Park,0.0
2023-01-12,Condensed milk,Kanyon,0.0
2023-01-12,Condensed milk,Mall of Istanbul,0.0
2023-01-12,Condensed milk,Metrocity,0.0
2023-01-12,Condensed milk,Metropol AVM,0.0
2023-01-12,Condensed milk,Viaport Outlet,0.0
2023-01-12,Condensed milk,Zorlu Center,5.0
2023-01-12,Cream,Cevahir AVM,0.0
2023-01-12,Cream,Emaar Square Mall,0.0
2023-01-12,Cream,Forum Istanbul,0.0
2023-01-12,Cream,Istinye Park,0.0
2023-01-12,Cream,Kanyon,6.0
2023-01-12,Cream,Mall of Istanbul,1.0
2023-01-12,Cream,Metrocity,0.0
2023-01-12,Cream,Metropol AVM,3.0
2023-01-12,Cream,Viaport Outlet,0.0
2023-01-12,Cream,Zorlu Center,0.0
2023-01-12,Cultured milk,Cevahir AVM,0.0
2023-01-12,Cultured milk,Emaar Square Mall,4.0
2023-01-12,Cultured milk,Forum Istanbul,0.0
2023-01-12,Cultured milk,Istinye Park,5.0
2023-01-12,Cultured milk,Kanyon,0.0
2023-01-12,Cultured milk,Mall of Istanbul,5.0
2023-01-12,Cultured milk,Metrocity,7.0
2023-01-12,Cultured milk,Metropol AVM,3.0
2023-01-12,Cultured milk,Viaport Outlet,0.0
2023-01-12,Cultured milk,Zorlu Center,0.0
2023-01-12,Evaporated milk,Cevahir AVM,0.0
2023-01-12,Evaporated milk,Emaar Square Mall,0.0
2023-01-12,Evaporated milk,Forum Istanbul,0.0
2023-01-12,Evaporated milk,Istinye Park,0.0
2023-01-12,Evaporated milk,Kanyon,4.0
2023-01-12,Evaporated milk,Mall of Istanbul,5.0
2023-01-12,Evaporated milk,Metrocity,0.0
2023-01-12,Evaporated milk,Metropol AVM,4.0
2023-01-12,Evaporated milk,Viaport Outlet,0.0
2023-01-12,Evaporated milk,Zorlu Center,0.0
2023-01-12,Flavored sterilized milk,Cevahir AVM,0.0
2023-01-12,Flavored sterilized milk,Emaar Square Mall,0.0
2023-01-12,Flavored sterilized milk,Forum Istanbul,0.0
2023-01-12,Flavored sterilized milk,Istinye Park,2.0
2023-01-12,Flavored sterilized milk,Kanyon,0.0
2023-01-12,Flavored sterilized milk,Mall of Istanbul,1.0
2023-01-12,Flavored sterilized milk,Metrocity,0.0
2023-01-12,Flavored sterilized milk,Metropol AVM,5.0
2023-01-12,Flavored sterilized milk,Viaport Outlet,0.0
2023-01-12,Flavored sterilized milk,Zorlu Center,3.0
2023-01-12,Modified milk,Cevahir AVM,1.0
2023-01-12,Modified milk,Emaar Square Mall,1.0
2023-01-12,Modified milk,Forum Istanbul,5.0
2023-01-12,Modified milk,Istinye Park,3.0
2023-01-12,Modified milk,Kanyon,0.0
2023-01-12,Modified milk,Mall of Istanbul,6.0
2023-01-12,Modified milk,Metrocity,0.0
2023-01-12,Modified milk,Metropol AVM,0.0
2023-01-12,Modified milk,Viaport Outlet,0.0
2023-01-12,Modified milk,Zorlu Center,0.0
2023-01-12,Pasteurized milk 2.5% mg,Cevahir AVM,1.0
2023-01-12,Pasteurized milk 2.5% mg,Emaar Square Mall,5.0
2023-01-12,Pasteurized milk 2.5% mg,Forum Istanbul,0.0
2023-01-12,Pasteurized milk 2.5% mg,Istinye Park,0.0
2023-01-12,Pasteurized milk 2.5% mg,Kanyon,7.0
2023-01-12,Pasteurized milk 2.5% mg,Mall of Istanbul,1.0
2023-01-12,Pasteurized milk 2.5% mg,Metrocity,2.0
2023-01-12,Pasteurized milk 2.5% mg,Metropol AVM,4.0
2023-01-12,Pasteurized milk 2.5% mg,Viaport Outlet,0.0
2023-01-12,Pasteurized milk 2.5% mg,Zorlu Center,0.0
2023-01-12,Pasteurized milk 3.0% mg,Cevahir AVM,5.0
2023-01-12,Pasteurized milk 3.0% mg,Emaar Square Mall,0.0
2023-01-12,Pasteurized milk 3.0% mg,Forum Istanbul,0.0
2023-01-12,Pasteurized milk 3.0% mg,Istinye Park,0.0
2023-01-12,Pasteurized milk 3.0% mg,Kanyon,3.0
2023-01-12,Pasteurized milk 3.0% mg,Mall of Istanbul,0.0
2023-01-12,Pasteurized milk 3.0% mg,Metrocity,0.0
2023-01-12,Pasteurized milk 3.0% mg,Metropol AVM,0.0
2023-01-12,Pasteurized milk 3.0% mg,Viaport Outlet,0.0
2023-01-12,Pasteurized milk 3.0% mg,Zorlu Center,0.0
2023-01-12,Powdered milk 12% mg,Cevahir AVM,0.0
2023-01-12,Powdered milk 12% mg,Emaar Square Mall,2.0
2023-01-12,Powdered milk 12% mg,Forum Istanbul,0.0
2023-01-12,Powdered milk 12% mg,Istinye Park,1.0
2023-01-12,Powdered milk 12% mg,Kanyon,0.0
2023-01-12,Powdered milk 12% mg,Mall of Istanbul,0.0
2023-01-12,Powdered milk 12% mg,Metrocity,5.0
2023-01-12,Powdered milk 12% mg,Metropol AVM,0.0
2023-01-12,Powdered milk 12% mg,Viaport Outlet,0.0
2023-01-12,Powdered milk 12% mg,Zorlu Center,0.0
2023-01-12,Powdered milk 18% mg,Cevahir AVM,2.0
2023-01-12,Powdered milk 18% mg,Emaar Square Mall,0.0
2023-01-12,Powdered milk 18% mg,Forum Istanbul,0.0
2023-01-12,Powdered milk 18% mg,Istinye Park,5.0
2023-01-12,Powdered milk 18% mg,Kanyon,0.0
2023-01-12,Powdered milk 18% mg,Mall of Istanbul,0.0
2023-01-12,Powdered milk 18% mg,Metrocity,4.0
2023-01-12,Powdered milk 18% mg,Metropol AVM,0.0
2023-01-12,Powdered milk 18% mg,Viaport Outlet,0.0
2023-01-12,Powdered milk 18% mg,Zorlu Center,0.0
2023-01-12,Powdered milk 20% mg,Cevahir AVM,1.0
2023-01-12,Powdered milk 20% mg,Emaar Square Mall,0.0
2023-01-12,Powdered milk 20% mg,Forum Istanbul,5.0
2023-01-12,Powdered milk 20% mg,Istinye Park,7.0
2023-01-12,Powdered milk 20% mg,Kanyon,4.0
2023-01-12,Powdered milk 20% mg,Mall of Istanbul,2.0
2023-01-12,Powdered milk 20% mg,Metrocity,3.0
2023-01-12,Powdered milk 20% mg,Metropol AVM,4.0
2023-01-12,Powdered milk 20% mg,Viaport Outlet,0.0
2023-01-12,Powdered milk 20% mg,Zorlu Center,0.0
2023-01-12,Powdered milk 26% mg,Cevahir AVM,0.0
2023-01-12,Powdered milk 26% mg,Emaar Square Mall,4.0
2023-01-12,Powdered milk 26% mg,Forum Istanbul,0.0
2023-01-12,Powdered milk 26% mg,Istinye Park,4.0
2023-01-12,Powdered milk 26% mg,Kanyon,4.0
2023-01-12,Powdered milk 26% mg,Mall of Istanbul,9.0
2023-01-12,Powdered milk 26% mg,Metrocity,10.0
2023-01-12,Powdered milk 26% mg,Metropol AVM,0.0
2023-01-12,Powdered milk 26% mg,Viaport Outlet,0.0
2023-01-12,Powdered milk 26% mg,Zorlu Center,0.0
2023-01-12,Powdered milk 28% mg,Cevahir AVM,0.0
2023-01-12,Powdered milk 28% mg,Emaar Square Mall,0.0
2023-01-12,Powdered milk 28% mg,Forum Istanbul,0.0
2023-01-12,Powdered milk 28% mg,Istinye Park,2.0
2023-01-12,Powdered milk 28% mg,Kanyon,1.0
2023-01-12,Powdered milk 28% mg,Mall of Istanbul,6.0
2023-01-12,Powdered milk 28% mg,Metrocity,5.0
2023-01-12,Powdered milk 28% mg,Metropol AVM,0.0
2023-01-12,Powdered milk 28% mg,Viaport Outlet,0.0
2023-01-12,Powdered milk 28% mg,Zorlu Center,0.0
2023-01-12,Powdered whey,Cevahir AVM,0.0
2023-01-12,Powdered whey,Emaar Square Mall,0.0
2023-01-12,Powdered whey,Forum Istanbul,0.0
2023-01-12,Powdered whey,Istinye Park,2.0
2023-01-12,Powdered whey,Kanyon,4.0
2023-01-12,Powdered whey,Mall of Istanbul,8.0
2023-01-12,Powdered whey,Metrocity,0.0
2023-01-12,Powdered whey,Metropol AVM,0.0
2023-01-12,Powdered whey,Viaport Outlet,0.0
2023-01-12,Powdered whey,Zorlu Center,0.0
2023-01-12,Skimmed pasteurized milk,Cevahir AVM,0.0
2023-01-12,Skimmed pasteurized milk,Emaar Square Mall,0.0
2023-01-12,Skimmed pasteurized milk,Forum Istanbul,0.0
2023-01-12,Skimmed pasteurized milk,Istinye Park,0.0
2023-01-12,Skimmed pasteurized milk,Kanyon,0.0
2023-01-12,Skimmed pasteurized milk,Mall of Istanbul,8.0
2023-01-12,Skimmed pasteurized milk,Metrocity,0.0
2023-01-12,Skimmed pasteurized milk,Metropol AVM,0.0
2023-01-12,Skimmed pasteurized milk,Viaport Outlet,0.0
2023-01-12,Skimmed pasteurized milk,Zorlu Center,0.0
2023-01-12,Skimmed powdered milk,Cevahir AVM,0.0
2023-01-12,Skimmed powdered milk,Emaar Square Mall,1.0
2023-01-12,Skimmed powdered milk,Forum Istanbul,0.0
2023-01-12,Skimmed powdered milk,Istinye Park,0.0
2023-01-12,Skimmed powdered milk,Kanyon,0.0
2023-01-12,Skimmed powdered milk,Mall of Istanbul,0.0
2023-01-12,Skimmed powdered milk,Metrocity,1.0
2023-01-12,Skimmed powdered milk,Metropol AVM,0.0
2023-01-12,Skimmed powdered milk,Viaport Outlet,0.0
2023-01-12,Skimmed powdered milk,Zorlu Center,0.0
2023-01-12,Small cheese,Cevahir AVM,0.0
2023-01-12,Small cheese,Emaar Square Mall,2.0
2023-01-12,Small cheese,Forum Istanbul,0.0
2023-01-12,Small cheese,Istinye Park,0.0
2023-01-12,Small cheese,Kanyon,8.0
2023-01-12,Small cheese,Mall of Istanbul,0.0
2023-01-12,Small cheese,Metrocity,0.0
2023-01-12,Small cheese,Metropol AVM,12.0
2023-01-12,Small cheese,Viaport Outlet,4.0
2023-01-12,Small cheese,Zorlu Center,0.0
2023-01-12,Sterilized semi-skimmed milk,Cevahir AVM,0.0
2023-01-12,Sterilized semi-skimmed milk,Emaar Square Mall,0.0
2023-01-12,Sterilized semi-skimmed milk,Forum Istanbul,0.0
2023-01-12,Sterilized semi-skimmed milk,Istinye Park,0.0
2023-01-12,Sterilized semi-skimmed milk,Kanyon,10.0
2023-01-12,Sterilized semi-skimmed milk,Mall of Istanbul,0.0
2023-01-12,Sterilized semi-skimmed milk,Metrocity,0.0
2023-01-12,Sterilized semi-skimmed milk,Metropol AVM,0.0
2023-01-12,Sterilized semi-skimmed milk,Viaport Outlet,0.0
2023-01-12,Sterilized semi-skimmed milk,Zorlu Center,0.0
2023-01-12,Sterilized skimmed milk,Cevahir AVM,0.0
2023-01-12,Sterilized skimmed milk,Emaar Square Mall,0.0
2023-01-12,Sterilized skimmed milk,Forum Istanbul,0.0
2023-01-12,Sterilized skimmed milk,Istinye Park,0.0
2023-01-12,Sterilized skimmed milk,Kanyon,6.0
2023-01-12,Sterilized skimmed milk,Mall of Istanbul,1.0
2023-01-12,Sterilized skimmed milk,Metrocity,0.0
2023-01-12,Sterilized skimmed milk,Metropol AVM,0.0
2023-01-12,Sterilized skimmed milk,Viaport Outlet,0.0
2023-01-12,Sterilized skimmed milk,Zorlu Center,0.0
2023-01-12,Sterilized whole milk,Cevahir AVM,6.0
2023-01-12,Sterilized whole milk,Emaar Square Mall,0.0
2023-01-12,Sterilized whole milk,Forum Istanbul,0.0
2023-01-12,Sterilized whole milk,Istinye Park,1.0
2023-01-12,Sterilized whole milk,Kanyon,6.0
2023-01-12,Sterilized whole milk,Mall of Istanbul,0.0
2023-01-12,Sterilized whole milk,Metrocity,0.0
2023-01-12,Sterilized whole milk,Metropol AVM,0.0
2023-01-12,Sterilized whole milk,Viaport Outlet,3.0
2023-01-12,Sterilized whole milk,Zorlu Center,0.0
2023-01-12,Sweetened condensed milk,Cevahir AVM,2.0
2023-01-12,Sweetened condensed milk,Emaar Square Mall,1.0
2023-01-12,Sweetened condensed milk,Forum Istanbul,0.0
2023-01-12,Sweetened condensed milk,Istinye Park,0.0
2023-01-12,Sweetened condensed milk,Kanyon,5.0
2023-01-12,Sweetened condensed milk,Mall of Istanbul,1.0
2023-01-12,Sweetened condensed milk,Metrocity,9.0
2023-01-12,Sweetened condensed milk,Metropol AVM,0.0
2023-01-12,Sweetened condensed milk,Viaport Outlet,0.0
2023-01-12,Sweetened condensed milk,Zorlu Center,0.0
2023-01-12,Total powdered milk,Cevahir AVM,0.0
2023-01-12,Total powdered milk,Emaar Square Mall,0.0
2023-01-12,Total powdered milk,Forum Istanbul,0.0
2023-01-12,Total powdered milk,Istinye Park,1.0
2023-01-12,Total powdered milk,Kanyon,0.0
2023-01-12,Total powdered milk,Mall of Istanbul,14.0
2023-01-12,Total powdered milk,Metrocity,4.0
2023-01-12,Total powdered milk,Metropol AVM,1.0
2023-01-12,Total powdered milk,Viaport Outlet,0.0
2023-01-12,Total powdered milk,Zorlu Center,0.0
2023-01-12,Yogurt,Cevahir AVM,0.0
2023-01-12,Yogurt,Emaar Square Mall,0.0
2023-01-12,Yogurt,Forum Istanbul,0.0
2023-01-12,Yogurt,Istinye Park,5.0
2023-01-12,Yogurt,Kanyon,5.0
2023-01-12,Yogurt,Mall of Istanbul,0.0
2023-01-12,Yogurt,Metrocity,0.0
2023-01-12,Yogurt,Metropol AVM,0.0
2023-01-12,Yogurt,Viaport Outlet,0.0
2023-01-12,Yogurt,Zorlu Center,0.0
2023-01-12,chocolate milk,Cevahir AVM,0.0
2023-01-12,chocolate milk,Emaar Square Mall,1.0
2023-01-12,chocolate milk,Forum Istanbul,0.0
2023-01-12,chocolate milk,Istinye Park,13.0
2023-01-12,chocolate milk,Kanyon,0.0
2023-01-12,chocolate milk,Mall of Istanbul,4.0
2023-01-12,chocolate milk,Metrocity,5.0
2023-01-12,chocolate milk,Metropol AVM,0.0
2023-01-12,chocolate milk,Viaport Outlet,0.0
2023-01-12,chocolate milk,Zorlu Center,0.0
2023-01-13,Butter,Cevahir AVM,0.0
2023-01-13,Butter,Emaar Square Mall,0.0
2023-01-13,Butter,Forum Istanbul,0.0
2023-01-13,Butter,Istinye Park,2.0
2023-01-13,Butter,Kanyon,4.0
2023-01-13,Butter,Mall of Istanbul,5.0
2023-01-13,Butter,Metrocity,0.0
2023-01-13,Butter,Metropol AVM,0.0
2023-01-13,Butter,Viaport Outlet,0.0
2023-01-13,Butter,Zorlu Center,0.0
2023-01-13,Cheese,Cevahir AVM,0.0
2023-01-13,Cheese,Emaar Square Mall,0.0
2023-01-13,Cheese,Forum Istanbul,0.0
2023-01-13,Cheese,Istinye Park,0.0
2023-01-13,Cheese,Kanyon,1.0
2023-01-13,Cheese,Mall of Istanbul,4.0
2023-01-13,Cheese,Metrocity,0.0
2023-01-13,Cheese,Metropol AVM,5.0
2023-01-13,Cheese,Viaport Outlet,0.0
2023-01-13,Cheese,Zorlu Center,0.0
2023-01-13,Condensed milk,Cevahir AVM,0.0
2023-01-13,Condensed milk,Emaar Square Mall,0.0
2023-01-13,Condensed milk,Forum Istanbul,0.0
2023-01-13,Condensed milk,Istinye Park,10.0
2023-01-13,Condensed milk,Kanyon,0.0
2023-01-13,Condensed milk,Mall of Istanbul,0.0
2023-01-13,Condensed milk,Metrocity,0.0
2023-01-13,Condensed milk,Metropol AVM,0.0
2023-01-13,Condensed milk,Viaport Outlet,0.0
2023-01-13,Condensed milk,Zorlu Center,0.0
2023-01-13,Cream,Cevahir AVM,1.0
2023-01-13,Cream,Emaar Square Mall,0.0
2023-01-13,Cream,Forum Istanbul,2.0
2023-01-13,Cream,Istinye Park,3.0
2023-01-13,Cream,Kanyon,0.0
2023-01-13,Cream,Mall of Istanbul,4.0
2023-01-13,Cream,Metrocity,0.0
2023-01-13,Cream,Metropol AVM,4.0
2023-01-13,Cream,Viaport Outlet,0.0
2023-01-13,Cream,Zorlu Center,0.0
2023-01-13,Cultured milk,Cevahir AVM,0.0
2023-01-13,Cultured milk,Emaar Square Mall,0.0
2023-01-13,Cultured milk,Forum Istanbul,0.0
2023-01-13,Cultured milk,Istinye Park,2.0
2023-01-13,Cultured milk,Kanyon,5.0
2023-01-13,Cultured milk,Mall of Istanbul,0.0
2023-01-13,Cultured milk,Metrocity,0.0
2023-01-13,Cultured milk,Metropol AVM,0.0
2023-01-13,Cultured milk,Viaport Outlet,0.0
2023-01-13,Cultured milk,Zorlu Center,0.0
2023-01-13,Evaporated milk,Cevahir AVM,4.0
2023-01-13,Evaporated milk,Emaar Square Mall,0.0
2023-01-13,Evaporated milk,Forum Istanbul,0.0
2023-01-13,Evaporated milk,Istinye Park,0.0
2023-01-13,Evaporated milk,Kanyon,0.0
2023-01-13,Evaporated milk,Mall of Istanbul,17.0
2023-01-13,Evaporated milk,Metrocity,0.0
2023-01-13,Evaporated milk,Metropol AVM,0.0
2023-01-13,Evaporated milk,Viaport Outlet,5.0
2023-01-13,Evaporated milk,Zorlu Center,0.0
2023-01-13,Flavored sterilized milk,Cevahir AVM,0.0
2023-01-13,Flavored sterilized milk,Emaar Square Mall,2.0
2023-01-13,Flavored sterilized milk,Forum Istanbul,5.0
2023-01-13,Flavored sterilized milk,Istinye Park,4.0
2023-01-13,Flavored sterilized milk,Kanyon,8.0
2023-01-13,Flavored sterilized milk,Mall of Istanbul,3.0
2023-01-13,Flavored sterilized milk,Metrocity,5.0
2023-01-13,Flavored sterilized milk,Metropol AVM,0.0
2023-01-13,Flavored sterilized milk,Viaport Outlet,0.0
2023-01-13,Flavored sterilized milk,Zorlu Center,1.0
2023-01-13,Modified milk,Cevahir AVM,0.0
2023-01-13,Modified milk,Emaar Square Mall,0.0
2023-01-13,Modified milk,Forum Istanbul,0.0
2023-01-13,Modified milk,Istinye Park,0.0
2023-01-13,Modified milk,Kanyon,1.0
2023-01-13,Modified milk,Mall of Istanbul,9.0
2023-01-13,Modified milk,Metrocity,3.0
2023-01-13,Modified milk,Metropol AVM,4.0
2023-01-13,Modified milk,Viaport Outlet,0.0
2023-01-13,Modified milk,Zorlu Center,5.0
2023-01-13,Pasteurized milk 2.5% mg,Cevahir AVM,0.0
2023-01-13,Pasteurized milk 2.5% mg,Emaar Square Mall,0.0
2023-01-13,Pasteurized milk 2.5% mg,Forum Istanbul,0.0
2023-01-13,Pasteurized milk 2.5% mg,Istinye Park,5.0
2023-01-13,Pasteurized milk 2.5% mg,Kanyon,2.0
2023-01-13,Pasteurized milk 2.5% mg,Mall of Istanbul,5.0
2023-01-13,Pasteurized milk 2.5% mg,Metrocity,13.0
2023-01-13,Pasteurized milk 2.5% mg,Metropol AVM,0.0
2023-01-13,Pasteurized milk 2.5% mg,Viaport Outlet,0.0
2023-01-13,Pasteurized milk 2.5% mg,Zorlu Center,0.0
2023-01-13,Pasteurized milk 3.0% mg,Cevahir AVM,3.0
2023-01-13,Pasteurized milk 3.0% mg,Emaar Square Mall,0.0
2023-01-13,Pasteurized milk 3.0% mg,Forum Istanbul,4.0
2023-01-13,Pasteurized milk 3.0% mg,Istinye Park,0.0
2023-01-13,Pasteurized milk 3.0% mg,Kanyon,0.0
2023-01-13,Pasteurized milk 3.0% mg,Mall of Istanbul,4.0
2023-01-13,Pasteurized milk 3.0% mg,Metrocity,0.0
2023-01-13,Pasteurized milk 3.0% mg,Metropol AVM,0.0
2023-01-13,Pasteurized milk 3.0% mg,Viaport Outlet,0.0
2023-01-13,Pasteurized milk 3.0% mg,Zorlu Center,0.0
2023-01-13,Powdered milk 12% mg,Cevahir AVM,5.0
2023-01-13,Powdered milk 12% mg,Emaar Square Mall,0.0
2023-01-13,Powdered milk 12% mg,Forum Istanbul,2.0
2023-01-13,Powdered milk 12% mg,Istinye Park,2.0
2023-01-13,Powdered milk 12% mg,Kanyon,0.0
2023-01-13,Powdered milk 12% mg,Mall of Istanbul,19.0
2023-01-13,Powdered milk 12% mg,Metrocity,2.0
2023-01-13,Powdered milk 12% mg,Metropol AVM,0.0
2023-01-13,Powdered milk 12% mg,Viaport Outlet,0.0
2023-01-13,Powdered milk 12% mg,Zorlu Center,0.0
2023-01-13,Powdered milk 18% mg,Cevahir AVM,0.0
2023-01-13,Powdered milk 18% mg,Emaar Square Mall,0.0
2023-01-13,Powdered milk 18% mg,Forum Istanbul,0.0
2023-01-13,Powdered milk 18% mg,Istinye Park,0.0
2023-01-13,Powdered milk 18% mg,Kanyon,12.0
2023-01-13,Powdered milk 18% mg,Mall of Istanbul,3.0
2023-01-13,Powdered milk 18% mg,Metrocity,0.0
2023-01-13,Powdered milk 18% mg,Metropol AVM,0.0
2023-01-13,Powdered milk 18% mg,Viaport Outlet,4.0
2023-01-13,Powdered milk 18% mg,Zorlu Center,0.0
2023-01-13,Powdered milk 20% mg,Cevahir AVM,0.0
2023-01-13,Powdered milk 20% mg,Emaar Square Mall,2.0
2023-01-13,Powdered milk 20% mg,Forum Istanbul,2.0
2023-01-13,Powdered milk 20% mg,Istinye Park,0.0
2023-01-13,Powdered milk 20% mg,Kanyon,6.0
2023-01-13,Powdered milk 20% mg,Mall of Istanbul,0.0
2023-01-13,Powdered milk 20% mg,Metrocity,0.0
2023-01-13,Powdered milk 20% mg,Metropol AVM,0.0
2023-01-13,Powdered milk 20% mg,Viaport Outlet,0.0
2023-01-13,Powdered milk 20% mg,Zorlu Center,0.0
2023-01-13,Powdered milk 26% mg,Cevahir AVM,0.0
2023-01-13,Powdered milk 26% mg,Emaar Square Mall,0.0
2023-01-13,Powdered milk 26% mg,Forum Istanbul,0.0
2023-01-13,Powdered milk 26% mg,Istinye Park,0.0
2023-01-13,Powdered milk 26% mg,Kanyon,4.0
2023-01-13,Powdered milk 26% mg,Mall of Istanbul,4.0
2023-01-13,Powdered milk 26% mg,Metrocity,0.0
2023-01-13,Powdered milk 26% mg,Metropol AVM,0.0
2023-01-13,Powdered milk 26% mg,Viaport Outlet,4.0
2023-01-13,Powdered milk 26% mg,Zorlu Center,0.0
2023-01-13,Powdered milk 28% mg,Cevahir AVM,0.0
2023-01-13,Powdered milk 28% mg,Emaar Square Mall,1.0
2023-01-13,Powdered milk 28% mg,Forum Istanbul,2.0
2023-01-13,Powdered milk 28% mg,Istinye Park,3.0
2023-01-13,Powdered milk 28% mg,Kanyon,0.0
2023-01-13,Powdered milk 28% mg,Mall of Istanbul,3.0
2023-01-13,Powdered milk 28% mg,Metrocity,0.0
2023-01-13,Powdered milk 28% mg,Metropol AVM,8.0
2023-01-13,Powdered milk 28% mg,Viaport Outlet,0.0
2023-01-13,Powdered milk 28% mg,Zorlu Center,4.0
2023-01-13,Powdered whey,Cevahir AVM,0.0
2023-01-13,Powdered whey,Emaar Square Mall,0.0
2023-01-13,Powdered whey,Forum Istanbul,0.0
2023-01-13,Powdered whey,Istinye Park,0.0
2023-01-13,Powdered whey,Kanyon,0.0
2023-01-13,Powdered whey,Mall of Istanbul,0.0
2023-01-13,Powdered whey,Metrocity,10.0
2023-01-13,Powdered whey,Metropol AVM,10.0
2023-01-13,Powdered whey,Viaport Outlet,0.0
2023-01-13,Powdered whey,Zorlu Center,0.0
2023-01-13,Skimmed pasteurized milk,Cevahir AVM,0.0
2023-01-13,Skimmed pasteurized milk,Emaar Square Mall,0.0
2023-01-13,Skimmed pasteurized milk,Forum Istanbul,0.0
2023-01-13,Skimmed pasteurized milk,Istinye Park,6.0
2023-01-13,Skimmed pasteurized milk,Kanyon,4.0
2023-01-13,Skimmed pasteurized milk,Mall of Istanbul,1.0
2023-01-13,Skimmed pasteurized milk,Metrocity,6.0
2023-01-13,Skimmed pasteurized milk,Metropol AVM,0.0
2023-01-13,Skimmed pasteurized milk,Viaport Outlet,1.0
2023-01-13,Skimmed pasteurized milk,Zorlu Center,0.0
2023-01-13,Skimmed powdered milk,Cevahir AVM,0.0
2023-01-13,Skimmed powdered milk,Emaar Square Mall,2.0
2023-01-13,Skimmed powdered milk,Forum Istanbul,2.0
2023-01-13,Skimmed powdered milk,Istinye Park,6.0
2023-01-13,Skimmed powdered milk,Kanyon,1.0
2023-01-13,Skimmed powdered milk,Mall of Istanbul,6.0
2023-01-13,Skimmed powdered milk,Metrocity,0.0
2023-01-13,Skimmed powdered milk,Metropol AVM,3.0
2023-01-13,Skimmed powdered milk,Viaport Outlet,0.0
2023-01-13,Skimmed powdered milk,Zorlu Center,0.0
2023-01-13,Small cheese,Cevahir AVM,0.0
2023-01-13,Small cheese,Emaar Square Mall,0.0
2023-01-13,Small cheese,Forum Istanbul,0.0
2023-01-13,Small cheese,Istinye Park,0.0
2023-01-13,Small cheese,Kanyon,0.0
2023-01-13,Small cheese,Mall of Istanbul,0.0
2023-01-13,Small cheese,Metrocity,5.0
2023-01-13,Small cheese,Metropol AVM,0.0
2023-01-13,Small cheese,Viaport Outlet,5.0
2023-01-13,Small cheese,Zorlu Center,0.0
2023-01-13,Sterilized semi-skimmed milk,Cevahir AVM,0.0
2023-01-13,Sterilized semi-skimmed milk,Emaar Square Mall,0.0
2023-01-13,Sterilized semi-skimmed milk,Forum Istanbul,0.0
2023-01-13,Sterilized semi-skimmed milk,Istinye Park,0.0
2023-01-13,Sterilized semi-skimmed milk,Kanyon,0.0
2023-01-13,Sterilized semi-skimmed milk,Mall of Istanbul,1.0
2023-01-13,Sterilized semi-skimmed milk,Metrocity,0.0
2023-01-13,Sterilized semi-skimmed milk,Metropol AVM,0.0
2023-01-13,Sterilized semi-skimmed milk,Viaport Outlet,3.0
2023-01-13,Sterilized semi-skimmed milk,Zorlu Center,0.0
2023-01-13,Sterilized skimmed milk,Cevahir AVM,0.0
2023-01-13,Sterilized skimmed milk,Emaar Square Mall,0.0
2023-01-13,Sterilized skimmed milk,Forum Istanbul,0.0
2023-01-13,Sterilized skimmed milk,Istinye Park,1.0
2023-01-13,Sterilized skimmed milk,Kanyon,3.0
2023-01-13,Sterilized skimmed milk,Mall of Istanbul,1.0
2023-01-13,Sterilized skimmed milk,Metrocity,0.0
2023-01-13,Sterilized skimmed milk,Metropol AVM,0.0
2023-01-13,Sterilized skimmed milk,Viaport Outlet,0.0
2023-01-13,Sterilized skimmed milk,Zorlu Center,0.0
2023-01-13,Sterilized whole milk,Cevahir AVM,0.0
2023-01-13,Sterilized whole milk,Emaar Square Mall,6.0
2023-01-13,Sterilized whole milk,Forum Istanbul,0.0
2023-01-13,Sterilized whole milk,Istinye Park,2.0
2023-01-13,Sterilized whole milk,Kanyon,0.0
2023-01-13,Sterilized whole milk,Mall of Istanbul,10.0
2023-01-13,Sterilized whole milk,Metrocity,1.0
2023-01-13,Sterilized whole milk,Metropol AVM,0.0
2023-01-13,Sterilized whole milk,Viaport Outlet,5.0
2023-01-13,Sterilized whole milk,Zorlu Center,3.0
2023-01-13,Sweetened condensed milk,Cevahir AVM,0.0
2023-01-13,Sweetened condensed milk,Emaar Square Mall,0.0
2023-01-13,Sweetened condensed milk,Forum Istanbul,0.0
2023-01-13,Sweetened condensed milk,Istinye Park,0.0
2023-01-13,Sweetened condensed milk,Kanyon,0.0
2023-01-13,Sweetened condensed milk,Mall of Istanbul,0.0
2023-01-13,Sweetened condensed milk,Metrocity,0.0
2023-01-13,Sweetened condensed milk,Metropol AVM,0.0
2023-01-13,Sweetened condensed milk,Viaport Outlet,0.0
2023-01-13,Sweetened condensed milk,Zorlu Center,0.0
2023-01-13,Total powdered milk,Cevahir AVM,0.0
2023-01-13,Total powdered milk,Emaar Square Mall,0.0
2023-01-13,Total powdered milk,Forum Istanbul,0.0
2023-01-13,Total powdered milk,Istinye Park,0.0
2023-01-13,Total powdered milk,Kanyon,0.0
2023-01-13,Total powdered milk,Mall of Istanbul,5.0
2023-01-13,Total powdered milk,Metrocity,0.0
2023-01-13,Total powdered milk,Metropol AVM,0.0
2023-01-13,Total powdered milk,Viaport Outlet,0.0
2023-01-13,Total powdered milk,Zorlu Center,2.0
2023-01-13,Yogurt,Cevahir AVM,1.0
2023-01-13,Yogurt,Emaar Square Mall,3.0
2023-01-13,Yogurt,Forum Istanbul,0.0
2023-01-13,Yogurt,Istinye Park,0.0
2023-01-13,Yogurt,Kanyon,3.0
2023-01-13,Yogurt,Mall of Istanbul,6.0
2023-01-13,Yogurt,Metrocity,0.0
2023-01-13,Yogurt,Metropol AVM,0.0
2023-01-13,Yogurt,Viaport Outlet,0.0
2023-01-13,Yogurt,Zorlu Center,0.0
2023-01-13,chocolate milk,Cevahir AVM,5.0
2023-01-13,chocolate milk,Emaar Square Mall,2.0
2023-01-13,chocolate milk,Forum Istanbul,0.0
2023-01-13,chocolate milk,Istinye Park,0.0
2023-01-13,chocolate milk,Kanyon,0.0
2023-01-13,chocolate milk,Mall of Istanbul,5.0
2023-01-13,chocolate milk,Metrocity,0.0
2023-01-13,chocolate milk,Metropol AVM,0.0
2023-01-13,chocolate milk,Viaport Outlet,0.0
2023-01-13,chocolate milk,Zorlu Center,0.0
2023-01-14,Butter,Cevahir AVM,0.0
2023-01-14,Butter,Emaar Square Mall,8.0
2023-01-14,Butter,Forum Istanbul,0.0
2023-01-14,Butter,Istinye Park,0.0
2023-01-14,Butter,Kanyon,3.0
2023-01-14,Butter,Mall of Istanbul,0.0
2023-01-14,Butter,Metrocity,11.0
2023-01-14,Butter,Metropol AVM,0.0
2023-01-14,Butter,Viaport Outlet,0.0
2023-01-14,Butter,Zorlu Center,0.0
2023-01-14,Cheese,Cevahir AVM,0.0
2023-01-14,Cheese,Emaar Square Mall,2.0
2023-01-14,Cheese,Forum Istanbul,6.0
2023-01-14,Cheese,Istinye Park,0.0
2023-01-14,Cheese,Kanyon,0.0
2023-01-14,Cheese,Mall of Istanbul,2.0
2023-01-14,Cheese,Metrocity,0.0
2023-01-14,Cheese,Metropol AVM,1.0
2023-01-14,Cheese,Viaport Outlet,0.0
2023-01-14,Cheese,Zorlu Center,0.0
2023-01-14,Condensed milk,Cevahir AVM,0.0
2023-01-14,Condensed milk,Emaar Square Mall,0.0
2023-01-14,Condensed milk,Forum Istanbul,0.0
2023-01-14,Condensed milk,Istinye Park,0.0
2023-01-14,Condensed milk,Kanyon,0.0
2023-01-14,Condensed milk,Mall of Istanbul,3.0
2023-01-14,Condensed milk,Metrocity,0.0
2023-01-14,Condensed milk,Metropol AVM,0.0
2023-01-14,Condensed milk,Viaport Outlet,0.0
2023-01-14,Condensed milk,Zorlu Center,5.0
2023-01-14,Cream,Cevahir AVM,0.0
2023-01-14,Cream,Emaar Square Mall,0.0
2023-01-14,Cream,Forum Istanbul,0.0
2023-01-14,Cream,Istinye Park,0.0
2023-01-14,Cream,Kanyon,9.0
2023-01-14,Cream,Mall of Istanbul,4.0
2023-01-14,Cream,Metrocity,1.0
2023-01-14,Cream,Metropol AVM,3.0
2023-01-14,Cream,Viaport Outlet,3.0
2023-01-14,Cream,Zorlu Center,0.0
2023-01-14,Cultured milk,Cevahir AVM,0.0
2023-01-14,Cultured milk,Emaar Square Mall,0.0
2023-01-14,Cultured milk,Forum Istanbul,0.0
2023-01-14,Cultured milk,Istinye Park,0.0
2023-01-14,Cultured milk,Kanyon,2.0
2023-01-14,Cultured milk,Mall of Istanbul,0.0
2023-01-14,Cultured milk,Metrocity,0.0
2023-01-14,Cultured milk,Metropol AVM,0.0
2023-01-14,Cultured milk,Viaport Outlet,2.0
2023-01-14,Cultured milk,Zorlu Center,0.0
2023-01-14,Evaporated milk,Cevahir AVM,2.0
2023-01-14,Evaporated milk,Emaar Square Mall,0.0
2023-01-14,Evaporated milk,Forum Istanbul,0.0
2023-01-14,Evaporated milk,Istinye Park,10.0
2023-01-14,Evaporated milk,Kanyon,4.0
2023-01-14,Evaporated milk,Mall of Istanbul,3.0
2023-01-14,Evaporated milk,Metrocity,0.0
2023-01-14,Evaporated milk,Metropol AVM,3.0
2023-01-14,Evaporated milk,Viaport Outlet,0.0
2023-01-14,Evaporated milk,Zorlu Center,1.0
2023-01-14,Flavored sterilized milk,Cevahir AVM,0.0
2023-01-14,Flavored sterilized milk,Emaar Square Mall,0.0
2023-01-14,Flavored sterilized milk,Forum Istanbul,0.0
2023-01-14,Flavored sterilized milk,Istinye Park,0.0
2023-01-14,Flavored sterilized milk,Kanyon,0.0
2023-01-14,Flavored sterilized milk,Mall of Istanbul,0.0
2023-01-14,Flavored sterilized milk,Metrocity,0.0
2023-01-14,Flavored sterilized milk,Metropol AVM,8.0
2023-01-14,Flavored sterilized milk,Viaport Outlet,0.0
2023-01-14,Flavored sterilized milk,Zorlu Center,0.0
2023-01-14,Modified milk,Cevahir AVM,0.0
2023-01-14,Modified milk,Emaar Square Mall,0.0
2023-01-14,Modified milk,Forum Istanbul,0.0
2023-01-14,Modified milk,Istinye Park,0.0
2023-01-14,Modified milk,Kanyon,5.0
2023-01-14,Modified milk,Mall of Istanbul,0.0
2023-01-14,Modified milk,Metrocity,0.0
2023-01-14,Modified milk,Metropol AVM,8.0
2023-01-14,Modified milk,Viaport Outlet,5.0
2023-01-14,Modified milk,Zorlu Center,0.0
2023-01-14,Pasteurized milk 2.5% mg,Cevahir AVM,0.0
2023-01-14,Pasteurized milk 2.5% mg,Emaar Square Mall,0.0
2023-01-14,Pasteurized milk 2.5% mg,Forum Istanbul,0.0
2023-01-14,Pasteurized milk 2.5% mg,Istinye Park,0.0
2023-01-14,Pasteurized milk 2.5% mg,Kanyon,3.0
2023-01-14,Pasteurized milk 2.5% mg,Mall of Istanbul,3.0
2023-01-14,Pasteurized milk 2.5% mg,Metrocity,0.0
2023-01-14,Pasteurized milk 2.5% mg,Metropol AVM,0.0
2023-01-14,Pasteurized milk 2.5% mg,Viaport Outlet,0.0
2023-01-14,Pasteurized milk 2.5% mg,Zorlu Center,0.0
2023-01-14,Pasteurized milk 3.0% mg,Cevahir AVM,3.0
2023-01-14,Pasteurized milk 3.0% mg,Emaar Square Mall,4.0
2023-01-14,Pasteurized milk 3.0% mg,Forum Istanbul,0.0
2023-01-14,Pasteurized milk 3.0% mg,Istinye Park,2.0
2023-01-14,Pasteurized milk 3.0% mg,Kanyon,5.0
2023-01-14,Pasteurized milk 3.0% mg,Mall of Istanbul,0.0
2023-01-14,Pasteurized milk 3.0% mg,Metrocity,12.0
2023-01-14,Pasteurized milk 3.0% mg,Metropol AVM,0.0
2023-01-14,Pasteurized milk 3.0% mg,Viaport Outlet,0.0
2023-01-14,Pasteurized milk 3.0% mg,Zorlu Center,3.0
2023-01-14,Powdered milk 12% mg,Cevahir AVM,0.0
2023-01-14,Powdered milk 12% mg,Emaar Square Mall,0.0
2023-01-14,Powdered milk 12% mg,Forum Istanbul,0.0
2023-01-14,Powdered milk 12% mg,Istinye Park,3.0
2023-01-14,Powdered milk 12% mg,Kanyon,0.0
2023-01-14,Powdered milk 12% mg,Mall of Istanbul,0.0
2023-01-14,Powdered milk 12% mg,Metrocity,0.0
2023-01-14,Powdered milk 12% mg,Metropol AVM,0.0
2023-01-14,Powdered milk 12% mg,Viaport Outlet,0.0
2023-01-14,Powdered milk 12% mg,Zorlu Center,1.0
2023-01-14,Powdered milk 18% mg,Cevahir AVM,0.0
2023-01-14,Powdered milk 18% mg,Emaar Square Mall,0.0
2023-01-14,Powdered milk 18% mg,Forum Istanbul,0.0
2023-01-14,Powdered milk 18% mg,Istinye Park,0.0
2023-01-14,Powdered milk 18% mg,Kanyon,5.0
2023-01-14,Powdered milk 18% mg,Mall of Istanbul,3.0
2023-01-14,Powdered milk 18% mg,Metrocity,1.0
2023-01-14,Powdered milk 18% mg,Metropol AVM,0.0
2023-01-14,Powdered milk 18% mg,Viaport Outlet,5.0
2023-01-14,Powdered milk 18% mg,Zorlu Center,0.0
2023-01-14,Powdered milk 20% mg,Cevahir AVM,0.0
2023-01-14,Powdered milk 20% mg,Emaar Square Mall,0.0
2023-01-14,Powdered milk 20% mg,Forum Istanbul,0.0
2023-01-14,Powdered milk 20% mg,Istinye Park,0.0
2023-01-14,Powdered milk 20% mg,Kanyon,4.0
2023-01-14,Powdered milk 20% mg,Mall of Istanbul,12.0
2023-01-14,Powdered milk 20% mg,Metrocity,2.0
2023-01-14,Powdered milk 20% mg,Metropol AVM,0.0
2023-01-14,Powdered milk 20% mg,Viaport Outlet,1.0
2023-01-14,Powdered milk 20% mg,Zorlu Center,0.0
2023-01-14,Powdered milk 26% mg,Cevahir AVM,0.0
2023-01-14,Powdered milk 26% mg,Emaar Square Mall,5.0
2023-01-14,Powdered milk 26% mg,Forum Istanbul,0.0
2023-01-14,Powdered milk 26% mg,Istinye Park,0.0
2023-01-14,Powdered milk 26% mg,Kanyon,0.0
2023-01-14,Powdered milk 26% mg,Mall of Istanbul,5.0
2023-01-14,Powdered milk 26% mg,Metrocity,0.0
2023-01-14,Powdered milk 26% mg,Metropol AVM,1.0
2023-01-14,Powdered milk 26% mg,Viaport Outlet,0.0
2023-01-14,Powdered milk 26% mg,Zorlu Center,0.0
2023-01-14,Powdered milk 28% mg,Cevahir AVM,0.0
2023-01-14,Powdered milk 28% mg,Emaar Square Mall,0.0
2023-01-14,Powdered milk 28% mg,Forum Istanbul,0.0
2023-01-14,Powdered milk 28% mg,Istinye Park,0.0
2023-01-14,Powdered milk 28% mg,Kanyon,0.0
2023-01-14,Powdered milk 28% mg,Mall of Istanbul,5.0
2023-01-14,Powdered milk 28% mg,Metrocity,0.0
2023-01-14,Powdered milk 28% mg,Metropol AVM,0.0
2023-01-14,Powdered milk 28% mg,Viaport Outlet,0.0
2023-01-14,Powdered milk 28% mg,Zorlu Center,0.0
2023-01-14,Powdered whey,Cevahir AVM,0.0
2023-01-14,Powdered whey,Emaar Square Mall,0.0
2023-01-14,Powdered whey,Forum Istanbul,0.0
2023-01-14,Powdered whey,Istinye Park,0.0
2023-01-14,Powdered whey,Kanyon,2.0
2023-01-14,Powdered whey,Mall of Istanbul,4.0
2023-01-14,Powdered whey,Metrocity,1.0
2023-01-14,Powdered whey,Metropol AVM,7.0
2023-01-14,Powdered whey,Viaport Outlet,0.0
2023-01-14,Powdered whey,Zorlu Center,0.0
2023-01-14,Skimmed pasteurized milk,Cevahir AVM,0.0
2023-01-14,Skimmed pasteurized milk,Emaar Square Mall,0.0
2023-01-14,Skimmed pasteurized milk,Forum Istanbul,0.0
2023-01-14,Skimmed pasteurized milk,Istinye Park,0.0
2023-01-14,Skimmed pasteurized milk,Kanyon,7.0
2023-01-14,Skimmed pasteurized milk,Mall of Istanbul,0.0
2023-01-14,Skimmed pasteurized milk,Metrocity,0.0
2023-01-14,Skimmed pasteurized milk,Metropol AVM,0.0
2023-01-14,Skimmed pasteurized milk,Viaport Outlet,0.0
2023-01-14,Skimmed pasteurized milk,Zorlu Center,0.0
2023-01-14,Skimmed powdered milk,Cevahir AVM,0.0
2023-01-14,Skimmed powdered milk,Emaar Square Mall,3.0
2023-01-14,Skimmed powdered milk,Forum Istanbul,4.0
2023-01-14,Skimmed powdered milk,Istinye Park,0.0
2023-01-14,Skimmed powdered milk,Kanyon,5.0
2023-01-14,Skimmed powdered milk,Mall of Istanbul,7.0
2023-01-14,Skimmed powdered milk,Metrocity,7.0
2023-01-14,Skimmed powdered milk,Metropol AVM,5.0
2023-01-14,Skimmed powdered milk,Viaport Outlet,0.0
2023-01-14,Skimmed powdered milk,Zorlu Center,0.0
2023-01-14,Small cheese,Cevahir AVM,3.0
2023-01-14,Small cheese,Emaar Square Mall,2.0
2023-01-14,Small cheese,Forum Istanbul,0.0
2023-01-14,Small cheese,Istinye Park,5.0
2023-01-14,Small cheese,Kanyon,5.0
2023-01-14,Small cheese,Mall of Istanbul,0.0
2023-01-14,Small cheese,Metrocity,9.0
2023-01-14,Small cheese,Metropol AVM,0.0
2023-01-14,Small cheese,Viaport Outlet,0.0
2023-01-14,Small cheese,Zorlu Center,0.0
2023-01-14,Sterilized semi-skimmed milk,Cevahir AVM,0.0
2023-01-14,Sterilized semi-skimmed milk,Emaar Square Mall,2.0
2023-01-14,Sterilized semi-skimmed milk,Forum Istanbul,1.0
2023-01-14,Sterilized semi-skimmed milk,Istinye Park,0.0
2023-01-14,Sterilized semi-skimmed milk,Kanyon,0.0
2023-01-14,Sterilized semi-skimmed milk,Mall of Istanbul,2.0
2023-01-14,Sterilized semi-skimmed milk,Metrocity,0.0
2023-01-14,Sterilized semi-skimmed milk,Metropol AVM,2.0
2023-01-14,Sterilized semi-skimmed milk,Viaport Outlet,0.0
2023-01-14,Sterilized semi-skimmed milk,Zorlu Center,0.0
2023-01-14,Sterilized skimmed milk,Cevahir AVM,0.0
2023-01-14,Sterilized skimmed milk,Emaar Square Mall,0.0
2023-01-14,Sterilized skimmed milk,Forum Istanbul,0.0
2023-01-14,Sterilized skimmed milk,Istinye Park,5.0
2023-01-14,Sterilized skimmed milk,Kanyon,1.0
2023-01-14,Sterilized skimmed milk,Mall of Istanbul,5.0
2023-01-14,Sterilized skimmed milk,Metrocity,0.0
2023-01-14,Sterilized skimmed milk,Metropol AVM,5.0
2023-01-14,Sterilized skimmed milk,Viaport Outlet,2.0
2023-01-14,Sterilized skimmed milk,Zorlu Center,0.0
2023-01-14,Sterilized whole milk,Cevahir AVM,0.0
2023-01-14,Sterilized whole milk,Emaar Square Mall,0.0
2023-01-14,Sterilized whole milk,Forum Istanbul,4.0
2023-01-14,Sterilized whole milk,Istinye Park,0.0
2023-01-14,Sterilized whole milk,Kanyon,5.0
2023-01-14,Sterilized whole milk,Mall of Istanbul,5.0
2023-01-14,Sterilized whole milk,Metrocity,0.0
2023-01-14,Sterilized whole milk,Metropol AVM,0.0
2023-01-14,Sterilized whole milk,Viaport Outlet,0.0
2023-01-14,Sterilized whole milk,Zorlu Center,0.0
2023-01-14,Sweetened condensed milk,Cevahir AVM,0.0
2023-01-14,Sweetened condensed milk,Emaar Square Mall,2.0
2023-01-14,Sweetened condensed milk,Forum Istanbul,0.0
2023-01-14,Sweetened condensed milk,Istinye Park,0.0
2023-01-14,Sweetened condensed milk,Kanyon,4.0
2023-01-14,Sweetened condensed milk,Mall of Istanbul,3.0
2023-01-14,Sweetened condensed milk,Metrocity,0.0
2023-01-14,Sweetened condensed milk,Metropol AVM,0.0
2023-01-14,Sweetened condensed milk,Viaport Outlet,0.0
2023-01-14,Sweetened condensed milk,Zorlu Center,0.0
2023-01-14,Total powdered milk,Cevahir AVM,0.0
2023-01-14,Total powdered milk,Emaar Square Mall,0.0
2023-01-14,Total powdered milk,Forum Istanbul,5.0
2023-01-14,Total powdered milk,Istinye Park,0.0
2023-01-14,Total powdered milk,Kanyon,0.0
2023-01-14,Total powdered milk,Mall of Istanbul,1.0
2023-01-14,Total powdered milk,Metrocity,0.0
2023-01-14,Total powdered milk,Metropol AVM,0.0
2023-01-14,Total powdered milk,Viaport Outlet,0.0
2023-01-14,Total powdered milk,Zorlu Center,0.0
2023-01-14,Yogurt,Cevahir AVM,0.0
2023-01-14,Yogurt,Emaar Square Mall,0.0
2023-01-14,Yogurt,Forum Istanbul,1.0
2023-01-14,Yogurt,Istinye Park,0.0
2023-01-14,Yogurt,Kanyon,1.0
2023-01-14,Yogurt,Mall of Istanbul,0.0
2023-01-14,Yogurt,Metrocity,2.0
2023-01-14,Yogurt,Metropol AVM,0.0
2023-01-14,Yogurt,Viaport Outlet,0.0
2023-01-14,Yogurt,Zorlu Center,0.0
2023-01-14,chocolate milk,Cevahir AVM,0.0
2023-01-14,chocolate milk,Emaar Square Mall,0.0
2023-01-14,chocolate milk,Forum Istanbul,0.0
2023-01-14,chocolate milk,Istinye Park,1.0
2023-01-14,chocolate milk,Kanyon,4.0
2023-01-14,chocolate milk,Mall of Istanbul,2.0
2023-01-14,chocolate milk,Metrocity,0.0
2023-01-14,chocolate milk,Metropol AVM,0.0
2023-01-14,chocolate milk,Viaport Outlet,0.0
2023-01-14,chocolate milk,Zorlu Center,0.0
2023-01-15,Butter,Cevahir AVM,0.0
2023-01-15,Butter,Emaar Square Mall,3.0
2023-01-15,Butter,Forum Istanbul,0.0
2023-01-15,Butter,Istinye Park,1.0
2023-01-15,Butter,Kanyon,3.0
2023-01-15,Butter,Mall of Istanbul,0.0
2023-01-15,Butter,Metrocity,0.0
2023-01-15,Butter,Metropol AVM,0.0
2023-01-15,Butter,Viaport Outlet,0.0
2023-01-15,Butter,Zorlu Center,0.0
2023-01-15,Cheese,Cevahir AVM,0.0
2023-01-15,Cheese,Emaar Square Mall,0.0
2023-01-15,Cheese,Forum Istanbul,0.0
2023-01-15,Cheese,Istinye Park,0.0
2023-01-15,Cheese,Kanyon,2.0
2023-01-15,Cheese,Mall of Istanbul,3.0
2023-01-15,Cheese,Metrocity,0.0
2023-01-15,Cheese,Metropol AVM,0.0
2023-01-15,Cheese,Viaport Outlet,5.0
2023-01-15,Cheese,Zorlu Center,0.0
2023-01-15,Condensed milk,Cevahir AVM,0.0
2023-01-15,Condensed milk,Emaar Square Mall,0.0
2023-01-15,Condensed milk,Forum Istanbul,0.0
2023-01-15,Condensed milk,Istinye Park,4.0
2023-01-15,Condensed milk,Kanyon,3.0
2023-01-15,Condensed milk,Mall of Istanbul,0.0
2023-01-15,Condensed milk,Metrocity,0.0
2023-01-15,Condensed milk,Metropol AVM,0.0
2023-01-15,Condensed milk,Viaport Outlet,0.0
2023-01-15,Condensed milk,Zorlu Center,0.0
2023-01-15,Cream,Cevahir AVM,2.0
2023-01-15,Cream,Emaar Square Mall,0.0
2023-01-15,Cream,Forum Istanbul,0.0
2023-01-15,Cream,Istinye Park,1.0
2023-01-15,Cream,Kanyon,0.0
2023-01-15,Cream,Mall of Istanbul,3.0
2023-01-15,Cream,Metrocity,0.0
2023-01-15,Cream,Metropol AVM,2.0
2023-01-15,Cream,Viaport Outlet,0.0
2023-01-15,Cream,Zorlu Center,0.0
2023-01-15,Cultured milk,Cevahir AVM,0.0
2023-01-15,Cultured milk,Emaar Square Mall,0.0
2023-01-15,Cultured milk,Forum Istanbul,0.0
2023-01-15,Cultured milk,Istinye Park,0.0
2023-01-15,Cultured milk,Kanyon,16.0
2023-01-15,Cultured milk,Mall of Istanbul,5.0
2023-01-15,Cultured milk,Metrocity,5.0
2023-01-15,Cultured milk,Metropol AVM,0.0
2023-01-15,Cultured milk,Viaport Outlet,0.0
2023-01-15,Cultured milk,Zorlu Center,0.0
2023-01-15,Evaporated milk,Cevahir AVM,0.0
2023-01-15,Evaporated milk,Emaar Square Mall,2.0
2023-01-15,Evaporated milk,Forum Istanbul,0.0
2023-01-15,Evaporated milk,Istinye Park,2.0
2023-01-15,Evaporated milk,Kanyon,5.0
2023-01-15,Evaporated milk,Mall of Istanbul,2.0
2023-01-15,Evaporated milk,Metrocity,1.0
2023-01-15,Evaporated milk,Metropol AVM,0.0
2023-01-15,Evaporated milk,Viaport Outlet,0.0
2023-01-15,Evaporated milk,Zorlu Center,2.0
2023-01-15,Flavored sterilized milk,Cevahir AVM,0.0
2023-01-15,Flavored sterilized milk,Emaar Square Mall,0.0
2023-01-15,Flavored sterilized milk,Forum Istanbul,0.0
2023-01-15,Flavored sterilized milk,Istinye Park,4.0
2023-01-15,Flavored sterilized milk,Kanyon,8.0
2023-01-15,Flavored sterilized milk,Mall of Istanbul,0.0
2023-01-15,Flavored sterilized milk,Metrocity,0.0
2023-01-15,Flavored sterilized milk,Metropol AVM,0.0
2023-01-15,Flavored sterilized milk,Viaport Outlet,4.0
2023-01-15,Flavored sterilized milk,Zorlu Center,0.0
2023-01-15,Modified milk,Cevahir AVM,1.0
2023-01-15,Modified milk,Emaar Square Mall,0.0
2023-01-15,Modified milk,Forum Istanbul,0.0
2023-01-15,Modified milk,Istinye Park,1.0
2023-01-15,Modified milk,Kanyon,3.0
2023-01-15,Modified milk,Mall of Istanbul,3.0
2023-01-15,Modified milk,Metrocity,0.0
2023-01-15,Modified milk,Metropol AVM,3.0
2023-01-15,Modified milk,Viaport Outlet,0.0
2023-01-15,Modified milk,Zorlu Center,6.0
2023-01-15,Pasteurized milk 2.5% mg,Cevahir AVM,0.0
2023-01-15,Pasteurized milk 2.5% mg,Emaar Square Mall,0.0
2023-01-15,Pasteurized milk 2.5% mg,Forum Istanbul,0.0
2023-01-15,Pasteurized milk 2.5% mg,Istinye Park,0.0
2023-01-15,Pasteurized milk 2.5% mg,Kanyon,0.0
2023-01-15,Pasteurized milk 2.5% mg,Mall of Istanbul,2.0
2023-01-15,Pasteurized milk 2.5% mg,Metrocity,0.0
2023-01-15,Pasteurized milk 2.5% mg,Metropol AVM,5.0
2023-01-15,Pasteurized milk 2.5% mg,Viaport Outlet,0.0
2023-01-15,Pasteurized milk 2.5% mg,Zorlu Center,0.0
2023-01-15,Pasteurized milk 3.0% mg,Cevahir AVM,0.0
2023-01-15,Pasteurized milk 3.0% mg,Emaar Square Mall,0.0
2023-01-15,Pasteurized milk 3.0% mg,Forum Istanbul,0.0
2023-01-15,Pasteurized milk 3.0% mg,Istinye Park,8.0
2023-01-15,Pasteurized milk 3.0% mg,Kanyon,0.0
2023-01-15,Pasteurized milk 3.0% mg,Mall of Istanbul,1.0
2023-01-15,Pasteurized milk 3.0% mg,Metrocity,0.0
2023-01-15,Pasteurized milk 3.0% mg,Metropol AVM,0.0
2023-01-15,Pasteurized milk 3.0% mg,Viaport Outlet,0.0
2023-01-15,Pasteurized milk 3.0% mg,Zorlu Center,0.0
2023-01-15,Powdered milk 12% mg,Cevahir AVM,0.0
2023-01-15,Powdered milk 12% mg,Emaar Square Mall,3.0
2023-01-15,Powdered milk 12% mg,Forum Istanbul,0.0
2023-01-15,Powdered milk 12% mg,Istinye Park,8.0
2023-01-15,Powdered milk 12% mg,Kanyon,0.0
2023-01-15,Powdered milk 12% mg,Mall of Istanbul,2.0
2023-01-15,Powdered milk 12% mg,Metrocity,0.0
2023-01-15,Powdered milk 12% mg,Metropol AVM,2.0
2023-01-15,Powdered milk 12% mg,Viaport Outlet,0.0
2023-01-15,Powdered milk 12% mg,Zorlu Center,0.0
2023-01-15,Powdered milk 18% mg,Cevahir AVM,0.0
2023-01-15,Powdered milk 18% mg,Emaar Square Mall,0.0
2023-01-15,Powdered milk 18% mg,Forum Istanbul,0.0
2023-01-15,Powdered milk 18% mg,Istinye Park,0.0
2023-01-15,Powdered milk 18% mg,Kanyon,0.0
2023-01-15,Powdered milk 18% mg,Mall of Istanbul,0.0
2023-01-15,Powdered milk 18% mg,Metrocity,0.0
2023-01-15,Powdered milk 18% mg,Metropol AVM,0.0
2023-01-15,Powdered milk 18% mg,Viaport Outlet,0.0
2023-01-15,Powdered milk 18% mg,Zorlu Center,0.0
2023-01-15,Powdered milk 20% mg,Cevahir AVM,0.0
2023-01-15,Powdered milk 20% mg,Emaar Square Mall,0.0
2023-01-15,Powdered milk 20% mg,Forum Istanbul,1.0
2023-01-15,Powdered milk 20% mg,Istinye Park,0.0
2023-01-15,Powdered milk 20% mg,Kanyon,0.0
2023-01-15,Powdered milk 20% mg,Mall of Istanbul,4.0
2023-01-15,Powdered milk 20% mg,Metrocity,7.0
2023-01-15,Powdered milk 20% mg,Metropol AVM,1.0
2023-01-15,Powdered milk 20% mg,Viaport Outlet,4.0
2023-01-15,Powdered milk 20% mg,Zorlu Center,0.0
2023-01-15,Powdered milk 26% mg,Cevahir AVM,0.0
2023-01-15,Powdered milk 26% mg,Emaar Square Mall,0.0
2023-01-15,Powdered milk 26% mg,Forum Istanbul,3.0
2023-01-15,Powdered milk 26% mg,Istinye Park,0.0
2023-01-15,Powdered milk 26% mg,Kanyon,6.0
2023-01-15,Powdered milk 26% mg,Mall of Istanbul,0.0
2023-01-15,Powdered milk 26% mg,Metrocity,0.0
2023-01-15,Powdered milk 26% mg,Metropol AVM,0.0
2023-01-15,Powdered milk 26% mg,Viaport Outlet,5.0
2023-01-15,Powdered milk 26% mg,Zorlu Center,0.0
2023-01-15,Powdered milk 28% mg,Cevahir AVM,0.0
2023-01-15,Powdered milk 28% mg,Emaar Square Mall,0.0
2023-01-15,Powdered milk 28% mg,Forum Istanbul,10.0
2023-01-15,Powdered milk 28% mg,Istinye Park,5.0
2023-01-15,Powdered milk 28% mg,Kanyon,9.0
2023-01-15,Powdered milk 28% mg,Mall of Istanbul,3.0
2023-01-15,Powdered milk 28% mg,Metrocity,0.0
2023-01-15,Powdered milk 28% mg,Metropol AVM,0.0
2023-01-15,Powdered milk 28% mg,Viaport Outlet,0.0
2023-01-15,Powdered milk 28% mg,Zorlu Center,0.0
2023-01-15,Powdered whey,Cevahir AVM,5.0
2023-01-15,Powdered whey,Emaar Square Mall,0.0
2023-01-15,Powdered whey,Forum Istanbul,3.0
2023-01-15,Powdered whey,Istinye Park,0.0
2023-01-15,Powdered whey,Kanyon,4.0
2023-01-15,Powdered whey,Mall of Istanbul,0.0
2023-01-15,Powdered whey,Metrocity,4.0
2023-01-15,Powdered whey,Metropol AVM,0.0
2023-01-15,Powdered whey,Viaport Outlet,0.0
2023-01-15,Powdered whey,Zorlu Center,0.0
2023-01-15,Skimmed pasteurized milk,Cevahir AVM,1.0
2023-01-15,Skimmed pasteurized milk,Emaar Square Mall,0.0
2023-01-15,Skimmed pasteurized milk,Forum Istanbul,0.0
2023-01-15,Skimmed pasteurized milk,Istinye Park,0.0
2023-01-15,Skimmed pasteurized milk,Kanyon,0.0
2023-01-15,Skimmed pasteurized milk,Mall of Istanbul,12.0
2023-01-15,Skimmed pasteurized milk,Metrocity,2.0
2023-01-15,Skimmed pasteurized milk,Metropol AVM,3.0
2023-01-15,Skimmed pasteurized milk,Viaport Outlet,0.0
2023-01-15,Skimmed pasteurized milk,Zorlu Center,0.0
2023-01-15,Skimmed powdered milk,Cevahir AVM,0.0
2023-01-15,Skimmed powdered milk,Emaar Square Mall,0.0
2023-01-15,Skimmed powdered milk,Forum Istanbul,1.0
2023-01-15,Skimmed powdered milk,Istinye Park,0.0
2023-01-15,Skimmed powdered milk,Kanyon,0.0
2023-01-15,Skimmed powdered milk,Mall of Istanbul,7.0
2023-01-15,Skimmed powdered milk,Metrocity,6.0
2023-01-15,Skimmed powdered milk,Metropol AVM,0.0
2023-01-15,Skimmed powdered milk,Viaport Outlet,0.0
2023-01-15,Skimmed powdered milk,Zorlu Center,0.0
2023-01-15,Small cheese,Cevahir AVM,0.0
2023-01-15,Small cheese,Emaar Square Mall,0.0
2023-01-15,Small cheese,Forum Istanbul,0.0
2023-01-15,Small cheese,Istinye Park,0.0
2023-01-15,Small cheese,Kanyon,0.0
2023-01-15,Small cheese,Mall of Istanbul,11.0
2023-01-15,Small cheese,Metrocity,0.0
2023-01-15,Small cheese,Metropol AVM,0.0
2023-01-15,Small cheese,Viaport Outlet,0.0
2023-01-15,Small cheese,Zorlu Center,0.0
2023-01-15,Sterilized semi-skimmed milk,Cevahir AVM,0.0
2023-01-15,Sterilized semi-skimmed milk,Emaar Square Mall,1.0
2023-01-15,Sterilized semi-skimmed milk,Forum Istanbul,4.0
2023-01-15,Sterilized semi-skimmed milk,Istinye Park,0.0
2023-01-15,Sterilized semi-skimmed milk,Kanyon,0.0
2023-01-15,Sterilized semi-skimmed milk,Mall of Istanbul,0.0
2023-01-15,Sterilized semi-skimmed milk,Metrocity,2.0
2023-01-15,Sterilized semi-skimmed milk,Metropol AVM,9.0
2023-01-15,Sterilized semi-skimmed milk,Viaport Outlet,0.0
2023-01-15,Sterilized semi-skimmed milk,Zorlu Center,0.0
2023-01-15,Sterilized skimmed milk,Cevahir AVM,0.0
2023-01-15,Sterilized skimmed milk,Emaar Square Mall,0.0
2023-01-15,Sterilized skimmed milk,Forum Istanbul,0.0
2023-01-15,Sterilized skimmed milk,Istinye Park,0.0
2023-01-15,Sterilized skimmed milk,Kanyon,9.0
2023-01-15,Sterilized skimmed milk,Mall of Istanbul,4.0
2023-01-15,Sterilized skimmed milk,Metrocity,5.0
2023-01-15,Sterilized skimmed milk,Metropol AVM,0.0
2023-01-15,Sterilized skimmed milk,Viaport Outlet,5.0
2023-01-15,Sterilized skimmed milk,Zorlu Center,3.0
2023-01-15,Sterilized whole milk,Cevahir AVM,0.0
2023-01-15,Sterilized whole milk,Emaar Square Mall,0.0
2023-01-15,Sterilized whole milk,Forum Istanbul,0.0
2023-01-15,Sterilized whole milk,Istinye Park,5.0
2023-01-15,Sterilized whole milk,Kanyon,3.0
2023-01-15,Sterilized whole milk,Mall of Istanbul,3.0
2023-01-15,Sterilized whole milk,Metrocity,4.0
2023-01-15,Sterilized whole milk,Metropol AVM,0.0
2023-01-15,Sterilized whole milk,Viaport Outlet,0.0
2023-01-15,Sterilized whole milk,Zorlu Center,4.0
2023-01-15,Sweetened condensed milk,Cevahir AVM,1.0
2023-01-15,Sweetened condensed milk,Emaar Square Mall,0.0
2023-01-15,Sweetened condensed milk,Forum Istanbul,0.0
2023-01-15,Sweetened condensed milk,Istinye Park,0.0
2023-01-15,Sweetened condensed milk,Kanyon,1.0
2023-01-15,Sweetened condensed milk,Mall of Istanbul,0.0
2023-01-15,Sweetened condensed milk,Metrocity,0.0
2023-01-15,Sweetened condensed milk,Metropol AVM,7.0
2023-01-15,Sweetened condensed milk,Viaport Outlet,3.0
2023-01-15,Sweetened condensed milk,Zorlu Center,0.0
2023-01-15,Total powdered milk,Cevahir AVM,0.0
2023-01-15,Total powdered milk,Emaar Square Mall,0.0
2023-01-15,Total powdered milk,Forum Istanbul,1.0
2023-01-15,Total powdered milk,Istinye Park,0.0
2023-01-15,Total powdered milk,Kanyon,2.0
2023-01-15,Total powdered milk,Mall of Istanbul,3.0
2023-01-15,Total powdered milk,Metrocity,2.0
2023-01-15,Total powdered milk,Metropol AVM,1.0
2023-01-15,Total powdered milk,Viaport Outlet,0.0
2023-01-15,Total powdered milk,Zorlu Center,0.0
2023-01-15,Yogurt,Cevahir AVM,0.0
2023-01-15,Yogurt,Emaar Square Mall,0.0
2023-01-15,Yogurt,Forum Istanbul,5.0
2023-01-15,Yogurt,Istinye Park,0.0
2023-01-15,Yogurt,Kanyon,0.0
2023-01-15,Yogurt,Mall of Istanbul,0.0
2023-01-15,Yogurt,Metrocity,0.0
2023-01-15,Yogurt,Metropol AVM,0.0
2023-01-15,Yogurt,Viaport Outlet,1.0
2023-01-15,Yogurt,Zorlu Center,6.0
2023-01-15,chocolate milk,Cevahir AVM,0.0
2023-01-15,chocolate milk,Emaar Square Mall,0.0
2023-01-15,chocolate milk,Forum Istanbul,4.0
2023-01-15,chocolate milk,Istinye Park,0.0
2023-01-15,chocolate milk,Kanyon,0.0
2023-01-15,chocolate milk,Mall of Istanbul,0.0
2023-01-15,chocolate milk,Metrocity,0.0
2023-01-15,chocolate milk,Metropol AVM,3.0
2023-01-15,chocolate milk,Viaport Outlet,0.0
2023-01-15,chocolate milk,Zorlu Center,0.0
2023-01-16,Butter,Cevahir AVM,0.0
2023-01-16,Butter,Emaar Square Mall,0.0
2023-01-16,Butter,Forum Istanbul,5.0
2023-01-16,Butter,Istinye Park,3.0
2023-01-16,Butter,Kanyon,0.0
2023-01-16,Butter,Mall of Istanbul,0.0
2023-01-16,Butter,Metrocity,0.0
2023-01-16,Butter,Metropol AVM,0.0
2023-01-16,Butter,Viaport Outlet,0.0
2023-01-16,Butter,Zorlu Center,0.0
2023-01-16,Cheese,Cevahir AVM,0.0
2023-01-16,Cheese,Emaar Square Mall,0.0
2023-01-16,Cheese,Forum Istanbul,0.0
2023-01-16,Cheese,Istinye Park,2.0
2023-01-16,Cheese,Kanyon,3.0
2023-01-16,Cheese,Mall of Istanbul,0.0
2023-01-16,Cheese,Metrocity,3.0
2023-01-16,Cheese,Metropol AVM,1.0
2023-01-16,Cheese,Viaport Outlet,5.0
2023-01-16,Cheese,Zorlu Center,0.0
2023-01-16,Condensed milk,Cevahir AVM,0.0
2023-01-16,Condensed milk,Emaar Square Mall,1.0
2023-01-16,Condensed milk,Forum Istanbul,0.0
2023-01-16,Condensed milk,Istinye Park,6.0
2023-01-16,Condensed milk,Kanyon,3.0
2023-01-16,Condensed milk,Mall of Istanbul,4.0
2023-01-16,Condensed milk,Metrocity,0.0
2023-01-16,Condensed milk,Metropol AVM,0.0
2023-01-16,Condensed milk,Viaport Outlet,0.0
2023-01-16,Condensed milk,Zorlu Center,0.0
2023-01-16,Cream,Cevahir AVM,0.0
2023-01-16,Cream,Emaar Square Mall,0.0
2023-01-16,Cream,Forum Istanbul,0.0
2023-01-16,Cream,Istinye Park,0.0
2023-01-16,Cream,Kanyon,2.0
2023-01-16,Cream,Mall of Istanbul,3.0
2023-01-16,Cream,Metrocity,0.0
2023-01-16,Cream,Metropol AVM,3.0
2023-01-16,Cream,Viaport Outlet,0.0
2023-01-16,Cream,Zorlu Center,2.0
2023-01-16,Cultured milk,Cevahir AVM,0.0
2023-01-16,Cultured milk,Emaar Square Mall,1.0
2023-01-16,Cultured milk,Forum Istanbul,0.0
2023-01-16,Cultured milk,Istinye Park,0.0
2023-01-16,Cultured milk,Kanyon,0.0
2023-01-16,Cultured milk,Mall of Istanbul,8.0
2023-01-16,Cultured milk,Metrocity,4.0
2023-01-16,Cultured milk,Metropol AVM,0.0
2023-01-16,Cultured milk,Viaport Outlet,0.0
2023-01-16,Cultured milk,Zorlu Center,0.0
2023-01-16,Evaporated milk,Cevahir AVM,0.0
2023-01-16,Evaporated milk,Emaar Square Mall,0.0
2023-01-16,Evaporated milk,Forum Istanbul,0.0
2023-01-16,Evaporated milk,Istinye Park,0.0
2023-01-16,Evaporated milk,Kanyon,5.0
2023-01-16,Evaporated milk,Mall of Istanbul,7.0
2023-01-16,Evaporated milk,Metrocity,0.0
2023-01-16,Evaporated milk,Metropol AVM,0.0
2023-01-16,Evaporated milk,Viaport Outlet,0.0
2023-01-16,Evaporated milk,Zorlu Center,0.0
2023-01-16,Flavored sterilized milk,Cevahir AVM,0.0
2023-01-16,Flavored sterilized milk,Emaar Square Mall,0.0
2023-01-16,Flavored sterilized milk,Forum Istanbul,0.0
2023-01-16,Flavored sterilized milk,Istinye Park,0.0
2023-01-16,Flavored sterilized milk,Kanyon,1.0
2023-01-16,Flavored sterilized milk,Mall of Istanbul,0.0
2023-01-16,Flavored sterilized milk,Metrocity,0.0
2023-01-16,Flavored sterilized milk,Metropol AVM,0.0
2023-01-16,Flavored sterilized milk,Viaport Outlet,0.0
2023-01-16,Flavored sterilized milk,Zorlu Center,0.0
2023-01-16,Modified milk,Cevahir AVM,0.0
2023-01-16,Modified milk,Emaar Square Mall,0.0
2023-01-16,Modified milk,Forum Istanbul,0.0
2023-01-16,Modified milk,Istinye Park,5.0
2023-01-16,Modified milk,Kanyon,7.0
2023-01-16,Modified milk,Mall of Istanbul,2.0
2023-01-16,Modified milk,Metrocity,3.0
2023-01-16,Modified milk,Metropol AVM,9.0
2023-01-16,Modified milk,Viaport Outlet,5.0
2023-01-16,Modified milk,Zorlu Center,0.0
2023-01-16,Pasteurized milk 2.5% mg,Cevahir AVM,0.0
2023-01-16,Pasteurized milk 2.5% mg,Emaar Square Mall,0.0
2023-01-16,Pasteurized milk 2.5% mg,Forum Istanbul,0.0
2023-01-16,Pasteurized milk 2.5% mg,Istinye Park,0.0
2023-01-16,Pasteurized milk 2.5% mg,Kanyon,0.0
2023-01-16,Pasteurized milk 2.5% mg,Mall of Istanbul,6.0
2023-01-16,Pasteurized milk 2.5% mg,Metrocity,3.0
2023-01-16,Pasteurized milk 2.5% mg,Metropol AVM,0.0
2023-01-16,Pasteurized milk 2.5% mg,Viaport Outlet,0.0
2023-01-16,Pasteurized milk 2.5% mg,Zorlu Center,1.0
2023-01-16,Pasteurized milk 3.0% mg,Cevahir AVM,0.0
2023-01-16,Pasteurized milk 3.0% mg,Emaar Square Mall,0.0
2023-01-16,Pasteurized milk 3.0% mg,Forum Istanbul,0.0
2023-01-16,Pasteurized milk 3.0% mg,Istinye Park,0.0
2023-01-16,Pasteurized milk 3.0% mg,Kanyon,9.0
2023-01-16,Pasteurized milk 3.0% mg,Mall of Istanbul,0.0
2023-01-16,Pasteurized milk 3.0% mg,Metrocity,0.0
2023-01-16,Pasteurized milk 3.0% mg,Metropol AVM,6.0
2023-01-16,Pasteurized milk 3.0% mg,Viaport Outlet,0.0
2023-01-16,Pasteurized milk 3.0% mg,Zorlu Center,2.0
2023-01-16,Powdered milk 12% mg,Cevahir AVM,4.0
2023-01-16,Powdered milk 12% mg,Emaar Square Mall,0.0
2023-01-16,Powdered milk 12% mg,Forum Istanbul,0.0
2023-01-16,Powdered milk 12% mg,Istinye Park,0.0
2023-01-16,Powdered milk 12% mg,Kanyon,2.0
2023-01-16,Powdered milk 12% mg,Mall of Istanbul,0.0
2023-01-16,Powdered milk 12% mg,Metrocity,8.0
2023-01-16,Powdered milk 12% mg,Metropol AVM,0.0
2023-01-16,Powdered milk 12% mg,Viaport Outlet,0.0
2023-01-16,Powdered milk 12% mg,Zorlu Center,0.0
2023-01-16,Powdered milk 18% mg,Cevahir AVM,0.0
2023-01-16,Powdered milk 18% mg,Emaar Square Mall,0.0
2023-01-16,Powdered milk 18% mg,Forum Istanbul,5.0
2023-01-16,Powdered milk 18% mg,Istinye Park,0.0
2023-01-16,Powdered milk 18% mg,Kanyon,0.0
2023-01-16,Powdered milk 18% mg,Mall of Istanbul,5.0
2023-01-16,Powdered milk 18% mg,Metrocity,0.0
2023-01-16,Powdered milk 18% mg,Metropol AVM,7.0
2023-01-16,Powdered milk 18% mg,Viaport Outlet,0.0
2023-01-16,Powdered milk 18% mg,Zorlu Center,0.0
2023-01-16,Powdered milk 20% mg,Cevahir AVM,4.0
2023-01-16,Powdered milk 20% mg,Emaar Square Mall,0.0
2023-01-16,Powdered milk 20% mg,Forum Istanbul,0.0
2023-01-16,Powdered milk 20% mg,Istinye Park,3.0
2023-01-16,Powdered milk 20% mg,Kanyon,4.0
2023-01-16,Powdered milk 20% mg,Mall of Istanbul,0.0
2023-01-16,Powdered milk 20% mg,Metrocity,5.0
2023-01-16,Powdered milk 20% mg,Metropol AVM,0.0
2023-01-16,Powdered milk 20% mg,Viaport Outlet,0.0
2023-01-16,Powdered milk 20% mg,Zorlu Center,0.0
2023-01-16,Powdered milk 26% mg,Cevahir AVM,0.0
2023-01-16,Powdered milk 26% mg,Emaar Square Mall,0.0
2023-01-16,Powdered milk 26% mg,Forum Istanbul,3.0
2023-01-16,Powdered milk 26% mg,Istinye Park,2.0
2023-01-16,Powdered milk 26% mg,Kanyon,0.0
2023-01-16,Powdered milk 26% mg,Mall of Istanbul,4.0
2023-01-16,Powdered milk 26% mg,Metrocity,3.0
2023-01-16,Powdered milk 26% mg,Metropol AVM,0.0
2023-01-16,Powdered milk 26% mg,Viaport Outlet,0.0
2023-01-16,Powdered milk 26% mg,Zorlu Center,0.0
2023-01-16,Powdered milk 28% mg,Cevahir AVM,5.0
2023-01-16,Powdered milk 28% mg,Emaar Square Mall,0.0
2023-01-16,Powdered milk 28% mg,Forum Istanbul,0.0
2023-01-16,Powdered milk 28% mg,Istinye Park,0.0
2023-01-16,Powdered milk 28% mg,Kanyon,4.0
2023-01-16,Powdered milk 28% mg,Mall of Istanbul,8.0
2023-01-16,Powdered milk 28% mg,Metrocity,4.0
2023-01-16,Powdered milk 28% mg,Metropol AVM,5.0
2023-01-16,Powdered milk 28% mg,Viaport Outlet,0.0
2023-01-16,Powdered milk 28% mg,Zorlu Center,0.0
2023-01-16,Powdered whey,Cevahir AVM,0.0
2023-01-16,Powdered whey,Emaar Square Mall,0.0
2023-01-16,Powdered whey,Forum Istanbul,0.0
2023-01-16,Powdered whey,Istinye Park,0.0
2023-01-16,Powdered whey,Kanyon,4.0
2023-01-16,Powdered whey,Mall of Istanbul,2.0
2023-01-16,Powdered whey,Metrocity,0.0
2023-01-16,Powdered whey,Metropol AVM,4.0
2023-01-16,Powdered whey,Viaport Outlet,0.0
2023-01-16,Powdered whey,Zorlu Center,0.0
2023-01-16,Skimmed pasteurized milk,Cevahir AVM,0.0
2023-01-16,Skimmed pasteurized milk,Emaar Square Mall,5.0
2023-01-16,Skimmed pasteurized milk,Forum Istanbul,0.0
2023-01-16,Skimmed pasteurized milk,Istinye Park,4.0
2023-01-16,Skimmed pasteurized milk,Kanyon,0.0
2023-01-16,Skimmed pasteurized milk,Mall of Istanbul,2.0
2023-01-16,Skimmed pasteurized milk,Metrocity,0.0
2023-01-16,Skimmed pasteurized milk,Metropol AVM,4.0
2023-01-16,Skimmed pasteurized milk,Viaport Outlet,0.0
2023-01-16,Skimmed pasteurized milk,Zorlu Center,2.0
2023-01-16,Skimmed powdered milk,Cevahir AVM,0.0
2023-01-16,Skimmed powdered milk,Emaar Square Mall,2.0
2023-01-16,Skimmed powdered milk,Forum Istanbul,0.0
2023-01-16,Skimmed powdered milk,Istinye Park,2.0
2023-01-16,Skimmed powdered milk,Kanyon,0.0
2023-01-16,Skimmed powdered milk,Mall of Istanbul,4.0
2023-01-16,Skimmed powdered milk,Metrocity,5.0
2023-01-16,Skimmed powdered milk,Metropol AVM,5.0
2023-01-16,Skimmed powdered milk,Viaport Outlet,0.0
2023-01-16,Skimmed powdered milk,Zorlu Center,0.0
2023-01-16,Small cheese,Cevahir AVM,3.0
2023-01-16,Small cheese,Emaar Square Mall,0.0
2023-01-16,Small cheese,Forum Istanbul,3.0
2023-01-16,Small cheese,Istinye Park,4.0
2023-01-16,Small cheese,Kanyon,0.0
2023-01-16,Small cheese,Mall of Istanbul,5.0
2023-01-16,Small cheese,Metrocity,3.0
2023-01-16,Small cheese,Metropol AVM,5.0
2023-01-16,Small cheese,Viaport Outlet,0.0
2023-01-16,Small cheese,Zorlu Center,0.0
2023-01-16,Sterilized semi-skimmed milk,Cevahir AVM,0.0
2023-01-16,Sterilized semi-skimmed milk,Emaar Square Mall,0.0
2023-01-16,Sterilized semi-skimmed milk,Forum Istanbul,0.0
2023-01-16,Sterilized semi-skimmed milk,Istinye Park,2.0
2023-01-16,Sterilized semi-skimmed milk,Kanyon,0.0
2023-01-16,Sterilized semi-skimmed milk,Mall of Istanbul,4.0
2023-01-16,Sterilized semi-skimmed milk,Metrocity,0.0
2023-01-16,Sterilized semi-skimmed milk,Metropol AVM,7.0
2023-01-16,Sterilized semi-skimmed milk,Viaport Outlet,0.0
2023-01-16,Sterilized semi-skimmed milk,Zorlu Center,0.0
2023-01-16,Sterilized skimmed milk,Cevahir AVM,0.0
2023-01-16,Sterilized skimmed milk,Emaar Square Mall,0.0
2023-01-16,Sterilized skimmed milk,Forum Istanbul,0.0
2023-01-16,Sterilized skimmed milk,Istinye Park,0.0
2023-01-16,Sterilized skimmed milk,Kanyon,3.0
2023-01-16,Sterilized skimmed milk,Mall of Istanbul,7.0
2023-01-16,Sterilized skimmed milk,Metrocity,4.0
2023-01-16,Sterilized skimmed milk,Metropol AVM,0.0
2023-01-16,Sterilized skimmed milk,Viaport Outlet,0.0
2023-01-16,Sterilized skimmed milk,Zorlu Center,0.0
2023-01-16,Sterilized whole milk,Cevahir AVM,0.0
2023-01-16,Sterilized whole milk,Emaar Square Mall,0.0
2023-01-16,Sterilized whole milk,Forum Istanbul,0.0
2023-01-16,Sterilized whole milk,Istinye Park,4.0
2023-01-16,Sterilized whole milk,Kanyon,6.0
2023-01-16,Sterilized whole milk,Mall of Istanbul,3.0
2023-01-16,Sterilized whole milk,Metrocity,5.0
2023-01-16,Sterilized whole milk,Metropol AVM,0.0
2023-01-16,Sterilized whole milk,Viaport Outlet,0.0
2023-01-16,Sterilized whole milk,Zorlu Center,0.0
2023-01-16,Sweetened condensed milk,Cevahir AVM,0.0
2023-01-16,Sweetened condensed milk,Emaar Square Mall,0.0
2023-01-16,Sweetened condensed milk,Forum Istanbul,0.0
2023-01-16,Sweetened condensed milk,Istinye Park,0.0
2023-01-16,Sweetened condensed milk,Kanyon,7.0
2023-01-16,Sweetened condensed milk,Mall of Istanbul,4.0
2023-01-16,Sweetened condensed milk,Metrocity,0.0
2023-01-16,Sweetened condensed milk,Metropol AVM,2.0
2023-01-16,Sweetened condensed milk,Viaport Outlet,0.0
2023-01-16,Sweetened condensed milk,Zorlu Center,1.0
2023-01-16,Total powdered milk,Cevahir AVM,0.0
2023-01-16,Total powdered milk,Emaar Square Mall,5.0
2023-01-16,Total powdered milk,Forum Istanbul,0.0
2023-01-16,Total powdered milk,Istinye Park,0.0
2023-01-16,Total powdered milk,Kanyon,3.0
2023-01-16,Total powdered milk,Mall of Istanbul,3.0
2023-01-16,Total powdered milk,Metrocity,0.0
2023-01-16,Total powdered milk,Metropol AVM,0.0
2023-01-16,Total powdered milk,Viaport Outlet,0.0
2023-01-16,Total powdered milk,Zorlu Center,0.0
2023-01-16,Yogurt,Cevahir AVM,0.0
2023-01-16,Yogurt,Emaar Square Mall,0.0
2023-01-16,Yogurt,Forum Istanbul,0.0
2023-01-16,Yogurt,Istinye Park,1.0
2023-01-16,Yogurt,Kanyon,0.0
2023-01-16,Yogurt,Mall of Istanbul,9.0
2023-01-16,Yogurt,Metrocity,0.0
2023-01-16,Yogurt,Metropol AVM,0.0
2023-01-16,Yogurt,Viaport Outlet,0.0
2023-01-16,Yogurt,Zorlu Center,0.0
2023-01-16,chocolate milk,Cevahir AVM,0.0
2023-01-16,chocolate milk,Emaar Square Mall,0.0
2023-01-16,chocolate milk,Forum Istanbul,0.0
2023-01-16,chocolate milk,Istinye Park,4.0
2023-01-16,chocolate milk,Kanyon,5.0
2023-01-16,chocolate milk,Mall of Istanbul,3.0
2023-01-16,chocolate milk,Metrocity,0.0
2023-01-16,chocolate milk,Metropol AVM,0.0
2023-01-16,chocolate milk,Viaport Outlet,0.0
2023-01-16,chocolate milk,Zorlu Center,0.0
2023-01-17,Butter,Cevahir AVM,0.0
2023-01-17,Butter,Emaar Square Mall,0.0
2023-01-17,Butter,Forum Istanbul,0.0
2023-01-17,Butter,Istinye Park,0.0
2023-01-17,Butter,Kanyon,6.0
2023-01-17,Butter,Mall of Istanbul,3.0
2023-01-17,Butter,Metrocity,5.0
2023-01-17,Butter,Metropol AVM,0.0
2023-01-17,Butter,Viaport Outlet,0.0
2023-01-17,Butter,Zorlu Center,0.0
2023-01-17,Cheese,Cevahir AVM,0.0
2023-01-17,Cheese,Emaar Square Mall,0.0
2023-01-17,Cheese,Forum Istanbul,0.0
2023-01-17,Cheese,Istinye Park,0.0
2023-01-17,Cheese,Kanyon,0.0
2023-01-17,Cheese,Mall of Istanbul,0.0
2023-01-17,Cheese,Metrocity,0.0
2023-01-17,Cheese,Metropol AVM,0.0
2023-01-17,Cheese,Viaport Outlet,4.0
2023-01-17,Cheese,Zorlu Center,0.0
2023-01-17,Condensed milk,Cevahir AVM,0.0
2023-01-17,Condensed milk,Emaar Square Mall,2.0
2023-01-17,Condensed milk,Forum Istanbul,0.0
2023-01-17,Condensed milk,Istinye Park,3.0
2023-01-17,Condensed milk,Kanyon,0.0
2023-01-17,Condensed milk,Mall of Istanbul,6.0
2023-01-17,Condensed milk,Metrocity,0.0
2023-01-17,Condensed milk,Metropol AVM,4.0
2023-01-17,Condensed milk,Viaport Outlet,0.0
2023-01-17,Condensed milk,Zorlu Center,0.0
2023-01-17,Cream,Cevahir AVM,0.0
2023-01-17,Cream,Emaar Square Mall,0.0
2023-01-17,Cream,Forum Istanbul,0.0
2023-01-17,Cream,Istinye Park,0.0
2023-01-17,Cream,Kanyon,8.0
2023-01-17,Cream,Mall of Istanbul,0.0
2023-01-17,Cream,Metrocity,3.0
2023-01-17,Cream,Metropol AVM,5.0
2023-01-17,Cream,Viaport Outlet,0.0
2023-01-17,Cream,Zorlu Center,3.0
2023-01-17,Cultured milk,Cevahir AVM,0.0
2023-01-17,Cultured milk,Emaar Square Mall,4.0
2023-01-17,Cultured milk,Forum Istanbul,0.0
2023-01-17,Cultured milk,Istinye Park,0.0
2023-01-17,Cultured milk,Kanyon,5.0
2023-01-17,Cultured milk,Mall of Istanbul,1.0
2023-01-17,Cultured milk,Metrocity,3.0
2023-01-17,Cultured milk,Metropol AVM,0.0
2023-01-17,Cultured milk,Viaport Outlet,0.0
2023-01-17,Cultured milk,Zorlu Center,1.0
2023-01-17,Evaporated milk,Cevahir AVM,1.0
2023-01-17,Evaporated milk,Emaar Square Mall,0.0
2023-01-17,Evaporated milk,Forum Istanbul,0.0
2023-01-17,Evaporated milk,Istinye Park,0.0
2023-01-17,Evaporated milk,Kanyon,5.0
2023-01-17,Evaporated milk,Mall of Istanbul,11.0
2023-01-17,Evaporated milk,Metrocity,0.0
2023-01-17,Evaporated milk,Metropol AVM,3.0
2023-01-17,Evaporated milk,Viaport Outlet,0.0
2023-01-17,Evaporated milk,Zorlu Center,0.0
2023-01-17,Flavored sterilized milk,Cevahir AVM,0.0
2023-01-17,Flavored sterilized milk,Emaar Square Mall,0.0
2023-01-17,Flavored sterilized milk,Forum Istanbul,0.0
2023-01-17,Flavored sterilized milk,Istinye Park,2.0
2023-01-17,Flavored sterilized milk,Kanyon,0.0
2023-01-17,Flavored sterilized milk,Mall of Istanbul,4.0
2023-01-17,Flavored sterilized milk,Metrocity,5.0
2023-01-17,Flavored sterilized milk,Metropol AVM,0.0
2023-01-17,Flavored sterilized milk,Viaport Outlet,0.0
2023-01-17,Flavored sterilized milk,Zorlu Center,0.0
2023-01-17,Modified milk,Cevahir AVM,0.0
2023-01-17,Modified milk,Emaar Square Mall,0.0
2023-01-17,Modified milk,Forum Istanbul,0.0
2023-01-17,Modified milk,Istinye Park,5.0
2023-01-17,Modified milk,Kanyon,0.0
2023-01-17,Modified milk,Mall of Istanbul,0.0
2023-01-17,Modified milk,Metrocity,1.0
2023-01-17,Modified milk,Metropol AVM,2.0
2023-01-17,Modified milk,Viaport Outlet,0.0
2023-01-17,Modified milk,Zorlu Center,0.0
2023-01-17,Pasteurized milk 2.5% mg,Cevahir AVM,0.0
2023-01-17,Pasteurized milk 2.5% mg,Emaar Square Mall,5.0
2023-01-17,Pasteurized milk 2.5% mg,Forum Istanbul,1.0
2023-01-17,Pasteurized milk 2.5% mg,Istinye Park,0.0
2023-01-17,Pasteurized milk 2.5% mg,Kanyon,9.0
2023-01-17,Pasteurized milk 2.5% mg,Mall of Istanbul,0.0
2023-01-17,Pasteurized milk 2.5% mg,Metrocity,0.0
2023-01-17,Pasteurized milk 2.5% mg,Metropol AVM,0.0
2023-01-17,Pasteurized milk 2.5% mg,Viaport Outlet,5.0
2023-01-17,Pasteurized milk 2.5% mg,Zorlu Center,0.0
2023-01-17,Pasteurized milk 3.0% mg,Cevahir AVM,0.0
2023-01-17,Pasteurized milk 3.0% mg,Emaar Square Mall,0.0
2023-01-17,Pasteurized milk 3.0% mg,Forum Istanbul,2.0
2023-01-17,Pasteurized milk 3.0% mg,Istinye Park,0.0
2023-01-17,Pasteurized milk 3.0% mg,Kanyon,0.0
2023-01-17,Pasteurized milk 3.0% mg,Mall of Istanbul,3.0
2023-01-17,Pasteurized milk 3.0% mg,Metrocity,2.0
2023-01-17,Pasteurized milk 3.0% mg,Metropol AVM,0.0
2023-01-17,Pasteurized milk 3.0% mg,Viaport Outlet,0.0
2023-01-17,Pasteurized milk 3.0% mg,Zorlu Center,4.0
2023-01-17,Powdered milk 12% mg,Cevahir AVM,8.0
2023-01-17,Powdered milk 12% mg,Emaar Square Mall,0.0
2023-01-17,Powdered milk 12% mg,Forum Istanbul,0.0
2023-01-17,Powdered milk 12% mg,Istinye Park,5.0
2023-01-17,Powdered milk 12% mg,Kanyon,0.0
2023-01-17,Powdered milk 12% mg,Mall of Istanbul,4.0
2023-01-17,Powdered milk 12% mg,Metrocity,0.0
2023-01-17,Powdered milk 12% mg,Metropol AVM,0.0
2023-01-17,Powdered milk 12% mg,Viaport Outlet,2.0
2023-01-17,Powdered milk 12% mg,Zorlu Center,0.0
2023-01-17,Powdered milk 18% mg,Cevahir AVM,0.0
2023-01-17,Powdered milk 18% mg,Emaar Square Mall,5.0
2023-01-17,Powdered milk 18% mg,Forum Istanbul,0.0
2023-01-17,Powdered milk 18% mg,Istinye Park,4.0
2023-01-17,Powdered milk 18% mg,Kanyon,5.0
2023-01-17,Powdered milk 18% mg,Mall of Istanbul,9.0
2023-01-17,Powdered milk 18% mg,Metrocity,4.0
2023-01-17,Powdered milk 18% mg,Metropol AVM,4.0
2023-01-17,Powdered milk 18% mg,Viaport Outlet,0.0
2023-01-17,Powdered milk 18% mg,Zorlu Center,3.0
2023-01-17,Powdered milk 20% mg,Cevahir AVM,0.0
2023-01-17,Powdered milk 20% mg,Emaar Square Mall,0.0
2023-01-17,Powdered milk 20% mg,Forum Istanbul,2.0
2023-01-17,Powdered milk 20% mg,Istinye Park,4.0
2023-01-17,Powdered milk 20% mg,Kanyon,2.0
2023-01-17,Powdered milk 20% mg,Mall of Istanbul,3.0
2023-01-17,Powdered milk 20% mg,Metrocity,0.0
2023-01-17,Powdered milk 20% mg,Metropol AVM,0.0
2023-01-17,Powdered milk 20% mg,Viaport Outlet,0.0
2023-01-17,Powdered milk 20% mg,Zorlu Center,0.0
2023-01-17,Powdered milk 26% mg,Cevahir AVM,2.0
2023-01-17,Powdered milk 26% mg,Emaar Square Mall,0.0
2023-01-17,Powdered milk 26% mg,Forum Istanbul,0.0
2023-01-17,Powdered milk 26% mg,Istinye Park,3.0
2023-01-17,Powdered milk 26% mg,Kanyon,4.0
2023-01-17,Powdered milk 26% mg,Mall of Istanbul,3.0
2023-01-17,Powdered milk 26% mg,Metrocity,0.0
2023-01-17,Powdered milk 26% mg,Metropol AVM,0.0
2023-01-17,Powdered milk 26% mg,Viaport Outlet,0.0
2023-01-17,Powdered milk 26% mg,Zorlu Center,4.0
2023-01-17,Powdered milk 28% mg,Cevahir AVM,3.0
2023-01-17,Powdered milk 28% mg,Emaar Square Mall,0.0
2023-01-17,Powdered milk 28% mg,Forum Istanbul,0.0
2023-01-17,Powdered milk 28% mg,Istinye Park,0.0
2023-01-17,Powdered milk 28% mg,Kanyon,0.0
2023-01-17,Powdered milk 28% mg,Mall of Istanbul,4.0
2023-01-17,Powdered milk 28% mg,Metrocity,0.0
2023-01-17,Powdered milk 28% mg,Metropol AVM,0.0
2023-01-17,Powdered milk 28% mg,Viaport Outlet,0.0
2023-01-17,Powdered milk 28% mg,Zorlu Center,8.0
2023-01-17,Powdered whey,Cevahir AVM,0.0
2023-01-17,Powdered whey,Emaar Square Mall,0.0
2023-01-17,Powdered whey,Forum Istanbul,0.0
2023-01-17,Powdered whey,Istinye Park,0.0
2023-01-17,Powdered whey,Kanyon,12.0
2023-01-17,Powdered whey,Mall of Istanbul,0.0
2023-01-17,Powdered whey,Metrocity,0.0
2023-01-17,Powdered whey,Metropol AVM,1.0
2023-01-17,Powdered whey,Viaport Outlet,0.0
2023-01-17,Powdered whey,Zorlu Center,0.0
2023-01-17,Skimmed pasteurized milk,Cevahir AVM,0.0
2023-01-17,Skimmed pasteurized milk,Emaar Square Mall,4.0
2023-01-17,Skimmed pasteurized milk,Forum Istanbul,0.0
2023-01-17,Skimmed pasteurized milk,Istinye Park,1.0
2023-01-17,Skimmed pasteurized milk,Kanyon,4.0
2023-01-17,Skimmed pasteurized milk,Mall of Istanbul,0.0
2023-01-17,Skimmed pasteurized milk,Metrocity,4.0
2023-01-17,Skimmed pasteurized milk,Metropol AVM,0.0
2023-01-17,Skimmed pasteurized milk,Viaport Outlet,8.0
2023-01-17,Skimmed pasteurized milk,Zorlu Center,0.0
2023-01-17,Skimmed powdered milk,Cevahir AVM,0.0
2023-01-17,Skimmed powdered milk,Emaar Square Mall,0.0
2023-01-17,Skimmed powdered milk,Forum Istanbul,0.0
2023-01-17,Skimmed powdered milk,Istinye Park,0.0
2023-01-17,Skimmed powdered milk,Kanyon,3.0
2023-01-17,Skimmed powdered milk,Mall of Istanbul,0.0
2023-01-17,Skimmed powdered milk,Metrocity,5.0
2023-01-17,Skimmed powdered milk,Metropol AVM,1.0
2023-01-17,Skimmed powdered milk,Viaport Outlet,0.0
2023-01-17,Skimmed powdered milk,Zorlu Center,0.0
2023-01-17,Small cheese,Cevahir AVM,0.0
2023-01-17,Small cheese,Emaar Square Mall,0.0
2023-01-17,Small cheese,Forum Istanbul,0.0
2023-01-17,Small cheese,Istinye Park,0.0
2023-01-17,Small cheese,Kanyon,0.0
2023-01-17,Small cheese,Mall of Istanbul,10.0
2023-01-17,Small cheese,Metrocity,0.0
2023-01-17,Small cheese,Metropol AVM,2.0
2023-01-17,Small cheese,Viaport Outlet,2.0
2023-01-17,Small cheese,Zorlu Center,0.0
2023-01-17,Sterilized semi-skimmed milk,Cevahir AVM,0.0
2023-01-17,Sterilized semi-skimmed milk,Emaar Square Mall,0.0
2023-01-17,Sterilized semi-skimmed milk,Forum Istanbul,0.0
2023-01-17,Sterilized semi-skimmed milk,Istinye Park,3.0
2023-01-17,Sterilized semi-skimmed milk,Kanyon,0.0
2023-01-17,Sterilized semi-skimmed milk,Mall of Istanbul,0.0
2023-01-17,Sterilized semi-skimmed milk,Metrocity,0.0
2023-01-17,Sterilized semi-skimmed milk,Metropol AVM,0.0
2023-01-17,Sterilized semi-skimmed milk,Viaport Outlet,0.0
2023-01-17,Sterilized semi-skimmed milk,Zorlu Center,0.0
2023-01-17,Sterilized skimmed milk,Cevahir AVM,3.0
2023-01-17,Sterilized skimmed milk,Emaar Square Mall,0.0
2023-01-17,Sterilized skimmed milk,Forum Istanbul,0.0
2023-01-17,Sterilized skimmed milk,Istinye Park,0.0
2023-01-17,Sterilized skimmed milk,Kanyon,0.0
2023-01-17,Sterilized skimmed milk,Mall of Istanbul,0.0
2023-01-17,Sterilized skimmed milk,Metrocity,5.0
2023-01-17,Sterilized skimmed milk,Metropol AVM,2.0
2023-01-17,Sterilized skimmed milk,Viaport Outlet,0.0
2023-01-17,Sterilized skimmed milk,Zorlu Center,2.0
2023-01-17,Sterilized whole milk,Cevahir AVM,0.0
2023-01-17,Sterilized whole milk,Emaar Square Mall,3.0
2023-01-17,Sterilized whole milk,Forum Istanbul,5.0
2023-01-17,Sterilized whole milk,Istinye Park,0.0
2023-01-17,Sterilized whole milk,Kanyon,0.0
2023-01-17,Sterilized whole milk,Mall of Istanbul,1.0
2023-01-17,Sterilized whole milk,Metrocity,2.0
2023-01-17,Sterilized whole milk,Metropol AVM,1.0
2023-01-17,Sterilized whole milk,Viaport Outlet,2.0
2023-01-17,Sterilized whole milk,Zorlu Center,0.0
2023-01-17,Sweetened condensed milk,Cevahir AVM,0.0
2023-01-17,Sweetened condensed milk,Emaar Square Mall,0.0
2023-01-17,Sweetened condensed milk,Forum Istanbul,0.0
2023-01-17,Sweetened condensed milk,Istinye Park,9.0
2023-01-17,Sweetened condensed milk,Kanyon,0.0
2023-01-17,Sweetened condensed milk,Mall of Istanbul,0.0
2023-01-17,Sweetened condensed milk,Metrocity,0.0
2023-01-17,Sweetened condensed milk,Metropol AVM,0.0
2023-01-17,Sweetened condensed milk,Viaport Outlet,0.0
2023-01-17,Sweetened condensed milk,Zorlu Center,0.0
2023-01-17,Total powdered milk,Cevahir AVM,0.0
2023-01-17,Total powdered milk,Emaar Square Mall,0.0
2023-01-17,Total powdered milk,Forum Istanbul,0.0
2023-01-17,Total powdered milk,Istinye Park,5.0
2023-01-17,Total powdered milk,Kanyon,1.0
2023-01-17,Total powdered milk,Mall of Istanbul,2.0
2023-01-17,Total powdered milk,Metrocity,5.0
2023-01-17,Total powdered milk,Metropol AVM,0.0
2023-01-17,Total powdered milk,Viaport Outlet,0.0
2023-01-17,Total powdered milk,Zorlu Center,0.0
2023-01-17,Yogurt,Cevahir AVM,0.0
2023-01-17,Yogurt,Emaar Square Mall,0.0
2023-01-17,Yogurt,Forum Istanbul,0.0
2023-01-17,Yogurt,Istinye Park,1.0
2023-01-17,Yogurt,Kanyon,3.0
2023-01-17,Yogurt,Mall of Istanbul,8.0
2023-01-17,Yogurt,Metrocity,6.0
2023-01-17,Yogurt,Metropol AVM,0.0
2023-01-17,Yogurt,Viaport Outlet,0.0
2023-01-17,Yogurt,Zorlu Center,4.0
2023-01-17,chocolate milk,Cevahir AVM,0.0
2023-01-17,chocolate milk,Emaar Square Mall,0.0
2023-01-17,chocolate milk,Forum Istanbul,1.0
2023-01-17,chocolate milk,Istinye Park,0.0
2023-01-17,chocolate milk,Kanyon,3.0
2023-01-17,chocolate milk,Mall of Istanbul,0.0
2023-01-17,chocolate milk,Metrocity,0.0
2023-01-17,chocolate milk,Metropol AVM,0.0
2023-01-17,chocolate milk,Viaport Outlet,0.0
2023-01-17,chocolate milk,Zorlu Center,4.0
2023-01-18,Butter,Cevahir AVM,1.0
2023-01-18,Butter,Emaar Square Mall,0.0
2023-01-18,Butter,Forum Istanbul,8.0
2023-01-18,Butter,Istinye Park,0.0
2023-01-18,Butter,Kanyon,10.0
2023-01-18,Butter,Mall of Istanbul,2.0
2023-01-18,Butter,Metrocity,1.0
2023-01-18,Butter,Metropol AVM,0.0
2023-01-18,Butter,Viaport Outlet,3.0
2023-01-18,Butter,Zorlu Center,0.0
2023-01-18,Cheese,Cevahir AVM,0.0
2023-01-18,Cheese,Emaar Square Mall,0.0
2023-01-18,Cheese,Forum Istanbul,0.0
2023-01-18,Cheese,Istinye Park,0.0
2023-01-18,Cheese,Kanyon,0.0
2023-01-18,Cheese,Mall of Istanbul,5.0
2023-01-18,Cheese,Metrocity,0.0
2023-01-18,Cheese,Metropol AVM,0.0
2023-01-18,Cheese,Viaport Outlet,0.0
2023-01-18,Cheese,Zorlu Center,0.0
2023-01-18,Condensed milk,Cevahir AVM,0.0
2023-01-18,Condensed milk,Emaar Square Mall,0.0
2023-01-18,Condensed milk,Forum Istanbul,0.0
2023-01-18,Condensed milk,Istinye Park,0.0
2023-01-18,Condensed milk,Kanyon,1.0
2023-01-18,Condensed milk,Mall of Istanbul,5.0
2023-01-18,Condensed milk,Metrocity,5.0
2023-01-18,Condensed milk,Metropol AVM,0.0
2023-01-18,Condensed milk,Viaport Outlet,0.0
2023-01-18,Condensed milk,Zorlu Center,0.0
2023-01-18,Cream,Cevahir AVM,0.0
2023-01-18,Cream,Emaar Square Mall,0.0
2023-01-18,Cream,Forum Istanbul,1.0
2023-01-18,Cream,Istinye Park,0.0
2023-01-18,Cream,Kanyon,1.0
2023-01-18,Cream,Mall of Istanbul,0.0
2023-01-18,Cream,Metrocity,0.0
2023-01-18,Cream,Metropol AVM,0.0
2023-01-18,Cream,Viaport Outlet,0.0
2023-01-18,Cream,Zorlu Center,0.0
2023-01-18,Cultured milk,Cevahir AVM,0.0
2023-01-18,Cultured milk,Emaar Square Mall,0.0
2023-01-18,Cultured milk,Forum Istanbul,0.0
2023-01-18,Cultured milk,Istinye Park,0.0
2023-01-18,Cultured milk,Kanyon,3.0
2023-01-18,Cultured milk,Mall of Istanbul,2.0
2023-01-18,Cultured milk,Metrocity,0.0
2023-01-18,Cultured milk,Metropol AVM,1.0
2023-01-18,Cultured milk,Viaport Outlet,0.0
2023-01-18,Cultured milk,Zorlu Center,0.0
2023-01-18,Evaporated milk,Cevahir AVM,1.0
2023-01-18,Evaporated milk,Emaar Square Mall,0.0
2023-01-18,Evaporated milk,Forum Istanbul,0.0
2023-01-18,Evaporated milk,Istinye Park,0.0
2023-01-18,Evaporated milk,Kanyon,0.0
2023-01-18,Evaporated milk,Mall of Istanbul,7.0
2023-01-18,Evaporated milk,Metrocity,4.0
2023-01-18,Evaporated milk,Metropol AVM,0.0
2023-01-18,Evaporated milk,Viaport Outlet,0.0
2023-01-18,Evaporated milk,Zorlu Center,5.0
2023-01-18,Flavored sterilized milk,Cevahir AVM,0.0
2023-01-18,Flavored sterilized milk,Emaar Square Mall,1.0
2023-01-18,Flavored sterilized milk,Forum Istanbul,0.0
2023-01-18,Flavored sterilized milk,Istinye Park,0.0
2023-01-18,Flavored sterilized milk,Kanyon,0.0
2023-01-18,Flavored sterilized milk,Mall of Istanbul,4.0
2023-01-18,Flavored sterilized milk,Metrocity,0.0
2023-01-18,Flavored sterilized milk,Metropol AVM,0.0
2023-01-18,Flavored sterilized milk,Viaport Outlet,2.0
2023-01-18,Flavored sterilized milk,Zorlu Center,6.0
2023-01-18,Modified milk,Cevahir AVM,2.0
2023-01-18,Modified milk,Emaar Square Mall,0.0
2023-01-18,Modified milk,Forum Istanbul,1.0
2023-01-18,Modified milk,Istinye Park,0.0
2023-01-18,Modified milk,Kanyon,0.0
2023-01-18,Modified milk,Mall of Istanbul,0.0
2023-01-18,Modified milk,Metrocity,0.0
2023-01-18,Modified milk,Metropol AVM,5.0
2023-01-18,Modified milk,Viaport Outlet,0.0
2023-01-18,Modified milk,Zorlu Center,0.0
2023-01-18,Pasteurized milk 2.5% mg,Cevahir AVM,0.0
2023-01-18,Pasteurized milk 2.5% mg,Emaar Square Mall,0.0
2023-01-18,Pasteurized milk 2.5% mg,Forum Istanbul,0.0
2023-01-18,Pasteurized milk 2.5% mg,Istinye Park,5.0
2023-01-18,Pasteurized milk 2.5% mg,Kanyon,9.0
2023-01-18,Pasteurized milk 2.5% mg,Mall of Istanbul,6.0
2023-01-18,Pasteurized milk 2.5% mg,Metrocity,0.0
2023-01-18,Pasteurized milk 2.5% mg,Metropol AVM,0.0
2023-01-18,Pasteurized milk 2.5% mg,Viaport Outlet,0.0
2023-01-18,Pasteurized milk 2.5% mg,Zorlu Center,0.0
2023-01-18,Pasteurized milk 3.0% mg,Cevahir AVM,0.0
2023-01-18,Pasteurized milk 3.0% mg,Emaar Square Mall,0.0
2023-01-18,Pasteurized milk 3.0% mg,Forum Istanbul,0.0
2023-01-18,Pasteurized milk 3.0% mg,Istinye Park,0.0
2023-01-18,Pasteurized milk 3.0% mg,Kanyon,5.0
2023-01-18,Pasteurized milk 3.0% mg,Mall of Istanbul,0.0
2023-01-18,Pasteurized milk 3.0% mg,Metrocity,5.0
2023-01-18,Pasteurized milk 3.0% mg,Metropol AVM,0.0
2023-01-18,Pasteurized milk 3.0% mg,Viaport Outlet,0.0
2023-01-18,Pasteurized milk 3.0% mg,Zorlu Center,0.0
2023-01-18,Powdered milk 12% mg,Cevahir AVM,0.0
2023-01-18,Powdered milk 12% mg,Emaar Square Mall,5.0
2023-01-18,Powdered milk 12% mg,Forum Istanbul,0.0
2023-01-18,Powdered milk 12% mg,Istinye Park,0.0
2023-01-18,Powdered milk 12% mg,Kanyon,0.0
2023-01-18,Powdered milk 12% mg,Mall of Istanbul,13.0
2023-01-18,Powdered milk 12% mg,Metrocity,1.0
2023-01-18,Powdered milk 12% mg,Metropol AVM,0.0
2023-01-18,Powdered milk 12% mg,Viaport Outlet,6.0
2023-01-18,Powdered milk 12% mg,Zorlu Center,0.0
2023-01-18,Powdered milk 18% mg,Cevahir AVM,0.0
2023-01-18,Powdered milk 18% mg,Emaar Square Mall,5.0
2023-01-18,Powdered milk 18% mg,Forum Istanbul,0.0
2023-01-18,Powdered milk 18% mg,Istinye Park,0.0
2023-01-18,Powdered milk 18% mg,Kanyon,3.0
2023-01-18,Powdered milk 18% mg,Mall of Istanbul,5.0
2023-01-18,Powdered milk 18% mg,Metrocity,8.0
2023-01-18,Powdered milk 18% mg,Metropol AVM,0.0
2023-01-18,Powdered milk 18% mg,Viaport Outlet,0.0
2023-01-18,Powdered milk 18% mg,Zorlu Center,0.0
2023-01-18,Powdered milk 20% mg,Cevahir AVM,0.0
2023-01-18,Powdered milk 20% mg,Emaar Square Mall,5.0
2023-01-18,Powdered milk 20% mg,Forum Istanbul,0.0
2023-01-18,Powdered milk 20% mg,Istinye Park,0.0
2023-01-18,Powdered milk 20% mg,Kanyon,10.0
2023-01-18,Powdered milk 20% mg,Mall of Istanbul,0.0
2023-01-18,Powdered milk 20% mg,Metrocity,7.0
2023-01-18,Powdered milk 20% mg,Metropol AVM,0.0
2023-01-18,Powdered milk 20% mg,Viaport Outlet,0.0
2023-01-18,Powdered milk 20% mg,Zorlu Center,0.0
2023-01-18,Powdered milk 26% mg,Cevahir AVM,0.0
2023-01-18,Powdered milk 26% mg,Emaar Square Mall,0.0
2023-01-18,Powdered milk 26% mg,Forum Istanbul,0.0
2023-01-18,Powdered milk 26% mg,Istinye Park,4.0
2023-01-18,Powdered milk 26% mg,Kanyon,3.0
2023-01-18,Powdered milk 26% mg,Mall of Istanbul,1.0
2023-01-18,Powdered milk 26% mg,Metrocity,10.0
2023-01-18,Powdered milk 26% mg,Metropol AVM,0.0
2023-01-18,Powdered milk 26% mg,Viaport Outlet,0.0
2023-01-18,Powdered milk 26% mg,Zorlu Center,0.0
2023-01-18,Powdered milk 28% mg,Cevahir AVM,0.0
2023-01-18,Powdered milk 28% mg,Emaar Square Mall,0.0
2023-01-18,Powdered milk 28% mg,Forum Istanbul,4.0
2023-01-18,Powdered milk 28% mg,Istinye Park,4.0
2023-01-18,Powdered milk 28% mg,Kanyon,0.0
2023-01-18,Powdered milk 28% mg,Mall of Istanbul,0.0
2023-01-18,Powdered milk 28% mg,Metrocity,4.0
2023-01-18,Powdered milk 28% mg,Metropol AVM,0.0
2023-01-18,Powdered milk 28% mg,Viaport Outlet,0.0
2023-01-18,Powdered milk 28% mg,Zorlu Center,3.0
2023-01-18,Powdered whey,Cevahir AVM,0.0
2023-01-18,Powdered whey,Emaar Square Mall,0.0
2023-01-18,Powdered whey,Forum Istanbul,0.0
2023-01-18,Powdered whey,Istinye Park,1.0
2023-01-18,Powdered whey,Kanyon,4.0
2023-01-18,Powdered whey,Mall of Istanbul,0.0
2023-01-18,Powdered whey,Metrocity,0.0
2023-01-18,Powdered whey,Metropol AVM,0.0
2023-01-18,Powdered whey,Viaport Outlet,0.0
2023-01-18,Powdered whey,Zorlu Center,0.0
2023-01-18,Skimmed pasteurized milk,Cevahir AVM,0.0
2023-01-18,Skimmed pasteurized milk,Emaar Square Mall,0.0
2023-01-18,Skimmed pasteurized milk,Forum Istanbul,0.0
2023-01-18,Skimmed pasteurized milk,Istinye Park,2.0
2023-01-18,Skimmed pasteurized milk,Kanyon,12.0
2023-01-18,Skimmed pasteurized milk,Mall of Istanbul,0.0
2023-01-18,Skimmed pasteurized milk,Metrocity,5.0
2023-01-18,Skimmed pasteurized milk,Metropol AVM,5.0
2023-01-18,Skimmed pasteurized milk,Viaport Outlet,4.0
2023-01-18,Skimmed pasteurized milk,Zorlu Center,4.0
2023-01-18,Skimmed powdered milk,Cevahir AVM,4.0
2023-01-18,Skimmed powdered milk,Emaar Square Mall,0.0
2023-01-18,Skimmed powdered milk,Forum Istanbul,0.0
2023-01-18,Skimmed powdered milk,Istinye Park,0.0
2023-01-18,Skimmed powdered milk,Kanyon,0.0
2023-01-18,Skimmed powdered milk,Mall of Istanbul,0.0
2023-01-18,Skimmed powdered milk,Metrocity,1.0
2023-01-18,Skimmed powdered milk,Metropol AVM,0.0
2023-01-18,Skimmed powdered milk,Viaport Outlet,0.0
2023-01-18,Skimmed powdered milk,Zorlu Center,0.0
2023-01-18,Small cheese,Cevahir AVM,7.0
2023-01-18,Small cheese,Emaar Square Mall,6.0
2023-01-18,Small cheese,Forum Istanbul,0.0
2023-01-18,Small cheese,Istinye Park,0.0
2023-01-18,Small cheese,Kanyon,4.0
2023-01-18,Small cheese,Mall of Istanbul,3.0
2023-01-18,Small cheese,Metrocity,6.0
2023-01-18,Small cheese,Metropol AVM,4.0
2023-01-18,Small cheese,Viaport Outlet,0.0
2023-01-18,Small cheese,Zorlu Center,0.0
2023-01-18,Sterilized semi-skimmed milk,Cevahir AVM,0.0
2023-01-18,Sterilized semi-skimmed milk,Emaar Square Mall,0.0
2023-01-18,Sterilized semi-skimmed milk,Forum Istanbul,0.0
2023-01-18,Sterilized semi-skimmed milk,Istinye Park,1.0
2023-01-18,Sterilized semi-skimmed milk,Kanyon,14.0
2023-01-18,Sterilized semi-skimmed milk,Mall of Istanbul,1.0
2023-01-18,Sterilized semi-skimmed milk,Metrocity,0.0
2023-01-18,Sterilized semi-skimmed milk,Metropol AVM,4.0
2023-01-18,Sterilized semi-skimmed milk,Viaport Outlet,0.0
2023-01-18,Sterilized semi-skimmed milk,Zorlu Center,0.0
2023-01-18,Sterilized skimmed milk,Cevahir AVM,0.0
2023-01-18,Sterilized skimmed milk,Emaar Square Mall,0.0
2023-01-18,Sterilized skimmed milk,Forum Istanbul,0.0
2023-01-18,Sterilized skimmed milk,Istinye Park,0.0
2023-01-18,Sterilized skimmed milk,Kanyon,0.0
2023-01-18,Sterilized skimmed milk,Mall of Istanbul,0.0
2023-01-18,Sterilized skimmed milk,Metrocity,3.0
2023-01-18,Sterilized skimmed milk,Metropol AVM,6.0
2023-01-18,Sterilized skimmed milk,Viaport Outlet,0.0
2023-01-18,Sterilized skimmed milk,Zorlu Center,0.0
2023-01-18,Sterilized whole milk,Cevahir AVM,2.0
2023-01-18,Sterilized whole milk,Emaar Square Mall,0.0
2023-01-18,Sterilized whole milk,Forum Istanbul,0.0
2023-01-18,Sterilized whole milk,Istinye Park,0.0
2023-01-18,Sterilized whole milk,Kanyon,4.0
2023-01-18,Sterilized whole milk,Mall of Istanbul,0.0
2023-01-18,Sterilized whole milk,Metrocity,3.0
2023-01-18,Sterilized whole milk,Metropol AVM,2.0
2023-01-18,Sterilized whole milk,Viaport Outlet,2.0
2023-01-18,Sterilized whole milk,Zorlu Center,0.0
2023-01-18,Sweetened condensed milk,Cevahir AVM,0.0
2023-01-18,Sweetened condensed milk,Emaar Square Mall,0.0
2023-01-18,Sweetened condensed milk,Forum Istanbul,0.0
2023-01-18,Sweetened condensed milk,Istinye Park,2.0
2023-01-18,Sweetened condensed milk,Kanyon,0.0
2023-01-18,Sweetened condensed milk,Mall of Istanbul,0.0
2023-01-18,Sweetened condensed milk,Metrocity,4.0
2023-01-18,Sweetened condensed milk,Metropol AVM,0.0
2023-01-18,Sweetened condensed milk,Viaport Outlet,6.0
2023-01-18,Sweetened condensed milk,Zorlu Center,0.0
2023-01-18,Total powdered milk,Cevahir AVM,0.0
2023-01-18,Total powdered milk,Emaar Square Mall,0.0
2023-01-18,Total powdered milk,Forum Istanbul,0.0
2023-01-18,Total powdered milk,Istinye Park,0.0
2023-01-18,Total powdered milk,Kanyon,0.0
2023-01-18,Total powdered milk,Mall of Istanbul,0.0
2023-01-18,Total powdered milk,Metrocity,0.0
2023-01-18,Total powdered milk,Metropol AVM,7.0
2023-01-18,Total powdered milk,Viaport Outlet,0.0
2023-01-18,Total powdered milk,Zorlu Center,0.0
2023-01-18,Yogurt,Cevahir AVM,0.0
2023-01-18,Yogurt,Emaar Square Mall,0.0
2023-01-18,Yogurt,Forum Istanbul,2.0
2023-01-18,Yogurt,Istinye Park,0.0
2023-01-18,Yogurt,Kanyon,10.0
2023-01-18,Yogurt,Mall of Istanbul,0.0
2023-01-18,Yogurt,Metrocity,0.0
2023-01-18,Yogurt,Metropol AVM,0.0
2023-01-18,Yogurt,Viaport Outlet,0.0
2023-01-18,Yogurt,Zorlu Center,0.0
2023-01-18,chocolate milk,Cevahir AVM,0.0
2023-01-18,chocolate milk,Emaar Square Mall,0.0
2023-01-18,chocolate milk,Forum Istanbul,0.0
2023-01-18,chocolate milk,Istinye Park,0.0
2023-01-18,chocolate milk,Kanyon,3.0
2023-01-18,chocolate milk,Mall of Istanbul,5.0
2023-01-18,chocolate milk,Metrocity,0.0
2023-01-18,chocolate milk,Metropol AVM,0.0
2023-01-18,chocolate milk,Viaport Outlet,2.0
2023-01-18,chocolate milk,Zorlu Center,0.0
2023-01-19,Butter,Cevahir AVM,0.0
2023-01-19,Butter,Emaar Square Mall,0.0
2023-01-19,Butter,Forum Istanbul,0.0
2023-01-19,Butter,Istinye Park,0.0
2023-01-19,Butter,Kanyon,3.0
2023-01-19,Butter,Mall of Istanbul,5.0
2023-01-19,Butter,Metrocity,10.0
2023-01-19,Butter,Metropol AVM,7.0
2023-01-19,Butter,Viaport Outlet,0.0
2023-01-19,Butter,Zorlu Center,0.0
2023-01-19,Cheese,Cevahir AVM,0.0
2023-01-19,Cheese,Emaar Square Mall,0.0
2023-01-19,Cheese,Forum Istanbul,0.0
2023-01-19,Cheese,Istinye Park,2.0
2023-01-19,Cheese,Kanyon,0.0
2023-01-19,Cheese,Mall of Istanbul,2.0
2023-01-19,Cheese,Metrocity,1.0
2023-01-19,Cheese,Metropol AVM,0.0
2023-01-19,Cheese,Viaport Outlet,8.0
2023-01-19,Cheese,Zorlu Center,0.0
2023-01-19,Condensed milk,Cevahir AVM,4.0
2023-01-19,Condensed milk,Emaar Square Mall,0.0
2023-01-19,Condensed milk,Forum Istanbul,5.0
2023-01-19,Condensed milk,Istinye Park,0.0
2023-01-19,Condensed milk,Kanyon,0.0
2023-01-19,Condensed milk,Mall of Istanbul,0.0
2023-01-19,Condensed milk,Metrocity,2.0
2023-01-19,Condensed milk,Metropol AVM,4.0
2023-01-19,Condensed milk,Viaport Outlet,0.0
2023-01-19,Condensed milk,Zorlu Center,5.0
2023-01-19,Cream,Cevahir AVM,0.0
2023-01-19,Cream,Emaar Square Mall,4.0
2023-01-19,Cream,Forum Istanbul,0.0
2023-01-19,Cream,Istinye Park,0.0
2023-01-19,Cream,Kanyon,0.0
2023-01-19,Cream,Mall of Istanbul,8.0
2023-01-19,Cream,Metrocity,5.0
2023-01-19,Cream,Metropol AVM,0.0
2023-01-19,Cream,Viaport Outlet,0.0
2023-01-19,Cream,Zorlu Center,1.0
2023-01-19,Cultured milk,Cevahir AVM,5.0
2023-01-19,Cultured milk,Emaar Square Mall,0.0
2023-01-19,Cultured milk,Forum Istanbul,0.0
2023-01-19,Cultured milk,Istinye Park,2.0
2023-01-19,Cultured milk,Kanyon,0.0
2023-01-19,Cultured milk,Mall of Istanbul,3.0
2023-01-19,Cultured milk,Metrocity,2.0
2023-01-19,Cultured milk,Metropol AVM,2.0
2023-01-19,Cultured milk,Viaport Outlet,2.0
2023-01-19,Cultured milk,Zorlu Center,6.0
2023-01-19,Evaporated milk,Cevahir AVM,0.0
2023-01-19,Evaporated milk,Emaar Square Mall,0.0
2023-01-19,Evaporated milk,Forum Istanbul,3.0
2023-01-19,Evaporated milk,Istinye Park,0.0
2023-01-19,Evaporated milk,Kanyon,4.0
2023-01-19,Evaporated milk,Mall of Istanbul,2.0
2023-01-19,Evaporated milk,Metrocity,9.0
2023-01-19,Evaporated milk,Metropol AVM,2.0
2023-01-19,Evaporated milk,Viaport Outlet,5.0
2023-01-19,Evaporated milk,Zorlu Center,0.0
2023-01-19,Flavored sterilized milk,Cevahir AVM,0.0
2023-01-19,Flavored sterilized milk,Emaar Square Mall,5.0
2023-01-19,Flavored sterilized milk,Forum Istanbul,0.0
2023-01-19,Flavored sterilized milk,Istinye Park,3.0
2023-01-19,Flavored sterilized milk,Kanyon,5.0
2023-01-19,Flavored sterilized milk,Mall of Istanbul,4.0
2023-01-19,Flavored sterilized milk,Metrocity,0.0
2023-01-19,Flavored sterilized milk,Metropol AVM,12.0
2023-01-19,Flavored sterilized milk,Viaport Outlet,3.0
2023-01-19,Flavored sterilized milk,Zorlu Center,0.0
2023-01-19,Modified milk,Cevahir AVM,0.0
2023-01-19,Modified milk,Emaar Square Mall,0.0
2023-01-19,Modified milk,Forum Istanbul,0.0
2023-01-19,Modified milk,Istinye Park,3.0
2023-01-19,Modified milk,Kanyon,3.0
2023-01-19,Modified milk,Mall of Istanbul,0.0
2023-01-19,Modified milk,Metrocity,4.0
2023-01-19,Modified milk,Metropol AVM,4.0
2023-01-19,Modified milk,Viaport Outlet,0.0
2023-01-19,Modified milk,Zorlu Center,0.0
2023-01-19,Pasteurized milk 2.5% mg,Cevahir AVM,0.0
2023-01-19,Pasteurized milk 2.5% mg,Emaar Square Mall,0.0
2023-01-19,Pasteurized milk 2.5% mg,Forum Istanbul,0.0
2023-01-19,Pasteurized milk 2.5% mg,Istinye Park,0.0
2023-01-19,Pasteurized milk 2.5% mg,Kanyon,2.0
2023-01-19,Pasteurized milk 2.5% mg,Mall of Istanbul,0.0
2023-01-19,Pasteurized milk 2.5% mg,Metrocity,1.0
2023-01-19,Pasteurized milk 2.5% mg,Metropol AVM,2.0
2023-01-19,Pasteurized milk 2.5% mg,Viaport Outlet,5.0
2023-01-19,Pasteurized milk 2.5% mg,Zorlu Center,0.0
2023-01-19,Pasteurized milk 3.0% mg,Cevahir AVM,0.0
2023-01-19,Pasteurized milk 3.0% mg,Emaar Square Mall,0.0
2023-01-19,Pasteurized milk 3.0% mg,Forum Istanbul,0.0
2023-01-19,Pasteurized milk 3.0% mg,Istinye Park,0.0
2023-01-19,Pasteurized milk 3.0% mg,Kanyon,0.0
2023-01-19,Pasteurized milk 3.0% mg,Mall of Istanbul,4.0
2023-01-19,Pasteurized milk 3.0% mg,Metrocity,0.0
2023-01-19,Pasteurized milk 3.0% mg,Metropol AVM,0.0
2023-01-19,Pasteurized milk 3.0% mg,Viaport Outlet,0.0
2023-01-19,Pasteurized milk 3.0% mg,Zorlu Center,0.0
2023-01-19,Powdered milk 12% mg,Cevahir AVM,2.0
2023-01-19,Powdered milk 12% mg,Emaar Square Mall,0.0
2023-01-19,Powdered milk 12% mg,Forum Istanbul,0.0
2023-01-19,Powdered milk 12% mg,Istinye Park,0.0
2023-01-19,Powdered milk 12% mg,Kanyon,8.0
2023-01-19,Powdered milk 12% mg,Mall of Istanbul,8.0
2023-01-19,Powdered milk 12% mg,Metrocity,1.0
2023-01-19,Powdered milk 12% mg,Metropol AVM,0.0
2023-01-19,Powdered milk 12% mg,Viaport Outlet,2.0
2023-01-19,Powdered milk 12% mg,Zorlu Center,0.0
2023-01-19,Powdered milk 18% mg,Cevahir AVM,0.0
2023-01-19,Powdered milk 18% mg,Emaar Square Mall,5.0
2023-01-19,Powdered milk 18% mg,Forum Istanbul,0.0
2023-01-19,Powdered milk 18% mg,Istinye Park,4.0
2023-01-19,Powdered milk 18% mg,Kanyon,5.0
2023-01-19,Powdered milk 18% mg,Mall of Istanbul,0.0
2023-01-19,Powdered milk 18% mg,Metrocity,0.0
2023-01-19,Powdered milk 18% mg,Metropol AVM,5.0
2023-01-19,Powdered milk 18% mg,Viaport Outlet,0.0
2023-01-19,Powdered milk 18% mg,Zorlu Center,0.0
2023-01-19,Powdered milk 20% mg,Cevahir AVM,0.0
2023-01-19,Powdered milk 20% mg,Emaar Square Mall,4.0
2023-01-19,Powdered milk 20% mg,Forum Istanbul,0.0
2023-01-19,Powdered milk 20% mg,Istinye Park,0.0
2023-01-19,Powdered milk 20% mg,Kanyon,0.0
2023-01-19,Powdered milk 20% mg,Mall of Istanbul,7.0
2023-01-19,Powdered milk 20% mg,Metrocity,3.0
2023-01-19,Powdered milk 20% mg,Metropol AVM,9.0
2023-01-19,Powdered milk 20% mg,Viaport Outlet,0.0
2023-01-19,Powdered milk 20% mg,Zorlu Center,0.0
2023-01-19,Powdered milk 26% mg,Cevahir AVM,0.0
2023-01-19,Powdered milk 26% mg,Emaar Square Mall,0.0
2023-01-19,Powdered milk 26% mg,Forum Istanbul,0.0
2023-01-19,Powdered milk 26% mg,Istinye Park,0.0
2023-01-19,Powdered milk 26% mg,Kanyon,0.0
2023-01-19,Powdered milk 26% mg,Mall of Istanbul,1.0
2023-01-19,Powdered milk 26% mg,Metrocity,0.0
2023-01-19,Powdered milk 26% mg,Metropol AVM,1.0
2023-01-19,Powdered milk 26% mg,Viaport Outlet,0.0
2023-01-19,Powdered milk 26% mg,Zorlu Center,0.0
2023-01-19,Powdered milk 28% mg,Cevahir AVM,0.0
2023-01-19,Powdered milk 28% mg,Emaar Square Mall,4.0
2023-01-19,Powdered milk 28% mg,Forum Istanbul,3.0
2023-01-19,Powdered milk 28% mg,Istinye Park,2.0
2023-01-19,Powdered milk 28% mg,Kanyon,3.0
2023-01-19,Powdered milk 28% mg,Mall of Istanbul,5.0
2023-01-19,Powdered milk 28% mg,Metrocity,11.0
2023-01-19,Powdered milk 28% mg,Metropol AVM,0.0
2023-01-19,Powdered milk 28% mg,Viaport Outlet,0.0
2023-01-19,Powdered milk 28% mg,Zorlu Center,0.0
2023-01-19,Powdered whey,Cevahir AVM,0.0
2023-01-19,Powdered whey,Emaar Square Mall,0.0
2023-01-19,Powdered whey,Forum Istanbul,0.0
2023-01-19,Powdered whey,Istinye Park,0.0
2023-01-19,Powdered whey,Kanyon,2.0
2023-01-19,Powdered whey,Mall of Istanbul,1.0
2023-01-19,Powdered whey,Metrocity,10.0
2023-01-19,Powdered whey,Metropol AVM,0.0
2023-01-19,Powdered whey,Viaport Outlet,0.0
2023-01-19,Powdered whey,Zorlu Center,0.0
2023-01-19,Skimmed pasteurized milk,Cevahir AVM,2.0
2023-01-19,Skimmed pasteurized milk,Emaar Square Mall,7.0
2023-01-19,Skimmed pasteurized milk,Forum Istanbul,3.0
2023-01-19,Skimmed pasteurized milk,Istinye Park,0.0
2023-01-19,Skimmed pasteurized milk,Kanyon,4.0
2023-01-19,Skimmed pasteurized milk,Mall of Istanbul,2.0
2023-01-19,Skimmed pasteurized milk,Metrocity,2.0
2023-01-19,Skimmed pasteurized milk,Metropol AVM,0.0
2023-01-19,Skimmed pasteurized milk,Viaport Outlet,0.0
2023-01-19,Skimmed pasteurized milk,Zorlu Center,0.0
2023-01-19,Skimmed powdered milk,Cevahir AVM,4.0
2023-01-19,Skimmed powdered milk,Emaar Square Mall,0.0
2023-01-19,Skimmed powdered milk,Forum Istanbul,0.0
2023-01-19,Skimmed powdered milk,Istinye Park,0.0
2023-01-19,Skimmed powdered milk,Kanyon,1.0
2023-01-19,Skimmed powdered milk,Mall of Istanbul,0.0
2023-01-19,Skimmed powdered milk,Metrocity,0.0
2023-01-19,Skimmed powdered milk,Metropol AVM,0.0
2023-01-19,Skimmed powdered milk,Viaport Outlet,0.0
2023-01-19,Skimmed powdered milk,Zorlu Center,4.0
2023-01-19,Small cheese,Cevahir AVM,2.0
2023-01-19,Small cheese,Emaar Square Mall,1.0
2023-01-19,Small cheese,Forum Istanbul,0.0
2023-01-19,Small cheese,Istinye Park,0.0
2023-01-19,Small cheese,Kanyon,0.0
2023-01-19,Small cheese,Mall of Istanbul,0.0
2023-01-19,Small cheese,Metrocity,0.0
2023-01-19,Small cheese,Metropol AVM,0.0
2023-01-19,Small cheese,Viaport Outlet,0.0
2023-01-19,Small cheese,Zorlu Center,0.0
2023-01-19,Sterilized semi-skimmed milk,Cevahir AVM,0.0
2023-01-19,Sterilized semi-skimmed milk,Emaar Square Mall,0.0
2023-01-19,Sterilized semi-skimmed milk,Forum Istanbul,0.0
2023-01-19,Sterilized semi-skimmed milk,Istinye Park,0.0
2023-01-19,Sterilized semi-skimmed milk,Kanyon,0.0
2023-01-19,Sterilized semi-skimmed milk,Mall of Istanbul,3.0
2023-01-19,Sterilized semi-skimmed milk,Metrocity,0.0
2023-01-19,Sterilized semi-skimmed milk,Metropol AVM,4.0
2023-01-19,Sterilized semi-skimmed milk,Viaport Outlet,0.0
2023-01-19,Sterilized semi-skimmed milk,Zorlu Center,1.0
2023-01-19,Sterilized skimmed milk,Cevahir AVM,0.0
2023-01-19,Sterilized skimmed milk,Emaar Square Mall,0.0
2023-01-19,Sterilized skimmed milk,Forum Istanbul,0.0
2023-01-19,Sterilized skimmed milk,Istinye Park,2.0
2023-01-19,Sterilized skimmed milk,Kanyon,3.0
2023-01-19,Sterilized skimmed milk,Mall of Istanbul,5.0
2023-01-19,Sterilized skimmed milk,Metrocity,0.0
2023-01-19,Sterilized skimmed milk,Metropol AVM,0.0
2023-01-19,Sterilized skimmed milk,Viaport Outlet,0.0
2023-01-19,Sterilized skimmed milk,Zorlu Center,0.0
2023-01-19,Sterilized whole milk,Cevahir AVM,0.0
2023-01-19,Sterilized whole milk,Emaar Square Mall,0.0
2023-01-19,Sterilized whole milk,Forum Istanbul,0.0
2023-01-19,Sterilized whole milk,Istinye Park,2.0
2023-01-19,Sterilized whole milk,Kanyon,3.0
2023-01-19,Sterilized whole milk,Mall of Istanbul,0.0
2023-01-19,Sterilized whole milk,Metrocity,0.0
2023-01-19,Sterilized whole milk,Metropol AVM,0.0
2023-01-19,Sterilized whole milk,Viaport Outlet,0.0
2023-01-19,Sterilized whole milk,Zorlu Center,0.0
2023-01-19,Sweetened condensed milk,Cevahir AVM,0.0
2023-01-19,Sweetened condensed milk,Emaar Square Mall,0.0
2023-01-19,Sweetened condensed milk,Forum Istanbul,0.0
2023-01-19,Sweetened condensed milk,Istinye Park,0.0
2023-01-19,Sweetened condensed milk,Kanyon,8.0
2023-01-19,Sweetened condensed milk,Mall of Istanbul,0.0
2023-01-19,Sweetened condensed milk,Metrocity,0.0
2023-01-19,Sweetened condensed milk,Metropol AVM,0.0
2023-01-19,Sweetened condensed milk,Viaport Outlet,0.0
2023-01-19,Sweetened condensed milk,Zorlu Center,0.0
2023-01-19,Total powdered milk,Cevahir AVM,1.0
2023-01-19,Total powdered milk,Emaar Square Mall,0.0
2023-01-19,Total powdered milk,Forum Istanbul,4.0
2023-01-19,Total powdered milk,Istinye Park,3.0
2023-01-19,Total powdered milk,Kanyon,0.0
2023-01-19,Total powdered milk,Mall of Istanbul,0.0
2023-01-19,Total powdered milk,Metrocity,4.0
2023-01-19,Total powdered milk,Metropol AVM,4.0
2023-01-19,Total powdered milk,Viaport Outlet,3.0
2023-01-19,Total powdered milk,Zorlu Center,0.0
2023-01-19,Yogurt,Cevahir AVM,0.0
2023-01-19,Yogurt,Emaar Square Mall,0.0
2023-01-19,Yogurt,Forum Istanbul,1.0
2023-01-19,Yogurt,Istinye Park,0.0
2023-01-19,Yogurt,Kanyon,0.0
2023-01-19,Yogurt,Mall of Istanbul,0.0
2023-01-19,Yogurt,Metrocity,6.0
2023-01-19,Yogurt,Metropol AVM,0.0
2023-01-19,Yogurt,Viaport Outlet,2.0
2023-01-19,Yogurt,Zorlu Center,0.0
2023-01-19,chocolate milk,Cevahir AVM,0.0
2023-01-19,chocolate milk,Emaar Square Mall,0.0
2023-01-19,chocolate milk,Forum Istanbul,0.0
2023-01-19,chocolate milk,Istinye Park,0.0
2023-01-19,chocolate milk,Kanyon,0.0
2023-01-19,chocolate milk,Mall of Istanbul,6.0
2023-01-19,chocolate milk,Metrocity,0.0
2023-01-19,chocolate milk,Metropol AVM,0.0
2023-01-19,chocolate milk,Viaport Outlet,0.0
2023-01-19,chocolate milk,Zorlu Center,4.0
2023-01-20,Butter,Cevahir AVM,0.0
2023-01-20,Butter,Emaar Square Mall,0.0
2023-01-20,Butter,Forum Istanbul,0.0
2023-01-20,Butter,Istinye Park,0.0
2023-01-20,Butter,Kanyon,3.0
2023-01-20,Butter,Mall of Istanbul,2.0
2023-01-20,Butter,Metrocity,2.0
2023-01-20,Butter,Metropol AVM,0.0
2023-01-20,Butter,Viaport Outlet,0.0
2023-01-20,Butter,Zorlu Center,0.0
2023-01-20,Cheese,Cevahir AVM,0.0
2023-01-20,Cheese,Emaar Square Mall,0.0
2023-01-20,Cheese,Forum Istanbul,0.0
2023-01-20,Cheese,Istinye Park,4.0
2023-01-20,Cheese,Kanyon,1.0
2023-01-20,Cheese,Mall of Istanbul,0.0
2023-01-20,Cheese,Metrocity,5.0
2023-01-20,Cheese,Metropol AVM,3.0
2023-01-20,Cheese,Viaport Outlet,0.0
2023-01-20,Cheese,Zorlu Center,0.0
2023-01-20,Condensed milk,Cevahir AVM,5.0
2023-01-20,Condensed milk,Emaar Square Mall,0.0
2023-01-20,Condensed milk,Forum Istanbul,3.0
2023-01-20,Condensed milk,Istinye Park,0.0
2023-01-20,Condensed milk,Kanyon,4.0
2023-01-20,Condensed milk,Mall of Istanbul,1.0
2023-01-20,Condensed milk,Metrocity,0.0
2023-01-20,Condensed milk,Metropol AVM,0.0
2023-01-20,Condensed milk,Viaport Outlet,3.0
2023-01-20,Condensed milk,Zorlu Center,0.0
2023-01-20,Cream,Cevahir AVM,3.0
2023-01-20,Cream,Emaar Square Mall,0.0
2023-01-20,Cream,Forum Istanbul,0.0
2023-01-20,Cream,Istinye Park,3.0
2023-01-20,Cream,Kanyon,5.0
2023-01-20,Cream,Mall of Istanbul,8.0
2023-01-20,Cream,Metrocity,2.0
2023-01-20,Cream,Metropol AVM,3.0
2023-01-20,Cream,Viaport Outlet,0.0
2023-01-20,Cream,Zorlu Center,0.0
2023-01-20,Cultured milk,Cevahir AVM,0.0
2023-01-20,Cultured milk,Emaar Square Mall,3.0
2023-01-20,Cultured milk,Forum Istanbul,0.0
2023-01-20,Cultured milk,Istinye Park,0.0
2023-01-20,Cultured milk,Kanyon,3.0
2023-01-20,Cultured milk,Mall of Istanbul,3.0
2023-01-20,Cultured milk,Metrocity,0.0
2023-01-20,Cultured milk,Metropol AVM,0.0
2023-01-20,Cultured milk,Viaport Outlet,0.0
2023-01-20,Cultured milk,Zorlu Center,0.0
2023-01-20,Evaporated milk,Cevahir AVM,0.0
2023-01-20,Evaporated milk,Emaar Square Mall,0.0
2023-01-20,Evaporated milk,Forum Istanbul,0.0
2023-01-20,Evaporated milk,Istinye Park,0.0
2023-01-20,Evaporated milk,Kanyon,7.0
2023-01-20,Evaporated milk,Mall of Istanbul,4.0
2023-01-20,Evaporated milk,Metrocity,3.0
2023-01-20,Evaporated milk,Metropol AVM,0.0
2023-01-20,Evaporated milk,Viaport Outlet,0.0
2023-01-20,Evaporated milk,Zorlu Center,0.0
2023-01-20,Flavored sterilized milk,Cevahir AVM,0.0
2023-01-20,Flavored sterilized milk,Emaar Square Mall,0.0
2023-01-20,Flavored sterilized milk,Forum Istanbul,0.0
2023-01-20,Flavored sterilized milk,Istinye Park,0.0
2023-01-20,Flavored sterilized milk,Kanyon,0.0
2023-01-20,Flavored sterilized milk,Mall of Istanbul,0.0
2023-01-20,Flavored sterilized milk,Metrocity,0.0
2023-01-20,Flavored sterilized milk,Metropol AVM,1.0
2023-01-20,Flavored sterilized milk,Viaport Outlet,0.0
2023-01-20,Flavored sterilized milk,Zorlu Center,4.0
2023-01-20,Modified milk,Cevahir AVM,0.0
2023-01-20,Modified milk,Emaar Square Mall,0.0
2023-01-20,Modified milk,Forum Istanbul,0.0
2023-01-20,Modified milk,Istinye Park,7.0
2023-01-20,Modified milk,Kanyon,0.0
2023-01-20,Modified milk,Mall of Istanbul,5.0
2023-01-20,Modified milk,Metrocity,4.0
2023-01-20,Modified milk,Metropol AVM,0.0
2023-01-20,Modified milk,Viaport Outlet,2.0
2023-01-20,Modified milk,Zorlu Center,0.0
2023-01-20,Pasteurized milk 2.5% mg,Cevahir AVM,0.0
2023-01-20,Pasteurized milk 2.5% mg,Emaar Square Mall,0.0
2023-01-20,Pasteurized milk 2.5% mg,Forum Istanbul,2.0
2023-01-20,Pasteurized milk 2.5% mg,Istinye Park,0.0
2023-01-20,Pasteurized milk 2.5% mg,Kanyon,0.0
2023-01-20,Pasteurized milk 2.5% mg,Mall of Istanbul,1.0
2023-01-20,Pasteurized milk 2.5% mg,Metrocity,10.0
2023-01-20,Pasteurized milk 2.5% mg,Metropol AVM,0.0
2023-01-20,Pasteurized milk 2.5% mg,Viaport Outlet,0.0
2023-01-20,Pasteurized milk 2.5% mg,Zorlu Center,0.0
2023-01-20,Pasteurized milk 3.0% mg,Cevahir AVM,0.0
2023-01-20,Pasteurized milk 3.0% mg,Emaar Square Mall,0.0
2023-01-20,Pasteurized milk 3.0% mg,Forum Istanbul,3.0
2023-01-20,Pasteurized milk 3.0% mg,Istinye Park,0.0
2023-01-20,Pasteurized milk 3.0% mg,Kanyon,0.0
2023-01-20,Pasteurized milk 3.0% mg,Mall of Istanbul,1.0
2023-01-20,Pasteurized milk 3.0% mg,Metrocity,0.0
2023-01-20,Pasteurized milk 3.0% mg,Metropol AVM,5.0
2023-01-20,Pasteurized milk 3.0% mg,Viaport Outlet,0.0
2023-01-20,Pasteurized milk 3.0% mg,Zorlu Center,0.0
2023-01-20,Powdered milk 12% mg,Cevahir AVM,1.0
2023-01-20,Powdered milk 12% mg,Emaar Square Mall,2.0
2023-01-20,Powdered milk 12% mg,Forum Istanbul,3.0
2023-01-20,Powdered milk 12% mg,Istinye Park,0.0
2023-01-20,Powdered milk 12% mg,Kanyon,4.0
2023-01-20,Powdered milk 12% mg,Mall of Istanbul,7.0
2023-01-20,Powdered milk 12% mg,Metrocity,4.0
2023-01-20,Powdered milk 12% mg,Metropol AVM,0.0
2023-01-20,Powdered milk 12% mg,Viaport Outlet,0.0
2023-01-20,Powdered milk 12% mg,Zorlu Center,0.0
2023-01-20,Powdered milk 18% mg,Cevahir AVM,0.0
2023-01-20,Powdered milk 18% mg,Emaar Square Mall,0.0
2023-01-20,Powdered milk 18% mg,Forum Istanbul,0.0
2023-01-20,Powdered milk 18% mg,Istinye Park,0.0
2023-01-20,Powdered milk 18% mg,Kanyon,0.0
2023-01-20,Powdered milk 18% mg,Mall of Istanbul,0.0
2023-01-20,Powdered milk 18% mg,Metrocity,0.0
2023-01-20,Powdered milk 18% mg,Metropol AVM,1.0
2023-01-20,Powdered milk 18% mg,Viaport Outlet,0.0
2023-01-20,Powdered milk 18% mg,Zorlu Center,5.0
2023-01-20,Powdered milk 20% mg,Cevahir AVM,1.0
2023-01-20,Powdered milk 20% mg,Emaar Square Mall,0.0
2023-01-20,Powdered milk 20% mg,Forum Istanbul,0.0
2023-01-20,Powdered milk 20% mg,Istinye Park,6.0
2023-01-20,Powdered milk 20% mg,Kanyon,5.0
2023-01-20,Powdered milk 20% mg,Mall of Istanbul,0.0
2023-01-20,Powdered milk 20% mg,Metrocity,1.0
2023-01-20,Powdered milk 20% mg,Metropol AVM,0.0
2023-01-20,Powdered milk 20% mg,Viaport Outlet,5.0
2023-01-20,Powdered milk 20% mg,Zorlu Center,0.0
2023-01-20,Powdered milk 26% mg,Cevahir AVM,0.0
2023-01-20,Powdered milk 26% mg,Emaar Square Mall,0.0
2023-01-20,Powdered milk 26% mg,Forum Istanbul,0.0
2023-01-20,Powdered milk 26% mg,Istinye Park,0.0
2023-01-20,Powdered milk 26% mg,Kanyon,6.0
2023-01-20,Powdered milk 26% mg,Mall of Istanbul,2.0
2023-01-20,Powdered milk 26% mg,Metrocity,8.0
2023-01-20,Powdered milk 26% mg,Metropol AVM,2.0
2023-01-20,Powdered milk 26% mg,Viaport Outlet,0.0
2023-01-20,Powdered milk 26% mg,Zorlu Center,0.0
2023-01-20,Powdered milk 28% mg,Cevahir AVM,5.0
2023-01-20,Powdered milk 28% mg,Emaar Square Mall,0.0
2023-01-20,Powdered milk 28% mg,Forum Istanbul,0.0
2023-01-20,Powdered milk 28% mg,Istinye Park,3.0
2023-01-20,Powdered milk 28% mg,Kanyon,4.0
2023-01-20,Powdered milk 28% mg,Mall of Istanbul,3.0
2023-01-20,Powdered milk 28% mg,Metrocity,4.0
2023-01-20,Powdered milk 28% mg,Metropol AVM,0.0
2023-01-20,Powdered milk 28% mg,Viaport Outlet,0.0
2023-01-20,Powdered milk 28% mg,Zorlu Center,0.0
2023-01-20,Powdered whey,Cevahir AVM,0.0
2023-01-20,Powdered whey,Emaar Square Mall,0.0
2023-01-20,Powdered whey,Forum Istanbul,0.0
2023-01-20,Powdered whey,Istinye Park,5.0
2023-01-20,Powdered whey,Kanyon,4.0
2023-01-20,Powdered whey,Mall of Istanbul,0.0
2023-01-20,Powdered whey,Metrocity,0.0
2023-01-20,Powdered whey,Metropol AVM,4.0
2023-01-20,Powdered whey,Viaport Outlet,0.0
2023-01-20,Powdered whey,Zorlu Center,0.0
2023-01-20,Skimmed pasteurized milk,Cevahir AVM,0.0
2023-01-20,Skimmed pasteurized milk,Emaar Square Mall,0.0
2023-01-20,Skimmed pasteurized milk,Forum Istanbul,0.0
2023-01-20,Skimmed pasteurized milk,Istinye Park,0.0
2023-01-20,Skimmed pasteurized milk,Kanyon,4.0
2023-01-20,Skimmed pasteurized milk,Mall of Istanbul,0.0
2023-01-20,Skimmed pasteurized milk,Metrocity,0.0
2023-01-20,Skimmed pasteurized milk,Metropol AVM,0.0
2023-01-20,Skimmed pasteurized milk,Viaport Outlet,0.0
2023-01-20,Skimmed pasteurized milk,Zorlu Center,0.0
2023-01-20,Skimmed powdered milk,Cevahir AVM,0.0
2023-01-20,Skimmed powdered milk,Emaar Square Mall,0.0
2023-01-20,Skimmed powdered milk,Forum Istanbul,0.0
2023-01-20,Skimmed powdered milk,Istinye Park,0.0
2023-01-20,Skimmed powdered milk,Kanyon,5.0
2023-01-20,Skimmed powdered milk,Mall of Istanbul,6.0
2023-01-20,Skimmed powdered milk,Metrocity,6.0
2023-01-20,Skimmed powdered milk,Metropol AVM,1.0
2023-01-20,Skimmed powdered milk,Viaport Outlet,0.0
2023-01-20,Skimmed powdered milk,Zorlu Center,0.0
2023-01-20,Small cheese,Cevahir AVM,0.0
2023-01-20,Small cheese,Emaar Square Mall,0.0
2023-01-20,Small cheese,Forum Istanbul,0.0
2023-01-20,Small cheese,Istinye Park,9.0
2023-01-20,Small cheese,Kanyon,1.0
2023-01-20,Small cheese,Mall of Istanbul,2.0
2023-01-20,Small cheese,Metrocity,8.0
2023-01-20,Small cheese,Metropol AVM,5.0
2023-01-20,Small cheese,Viaport Outlet,3.0
2023-01-20,Small cheese,Zorlu Center,0.0
2023-01-20,Sterilized semi-skimmed milk,Cevahir AVM,0.0
2023-01-20,Sterilized semi-skimmed milk,Emaar Square Mall,1.0
2023-01-20,Sterilized semi-skimmed milk,Forum Istanbul,0.0
2023-01-20,Sterilized semi-skimmed milk,Istinye Park,0.0
2023-01-20,Sterilized semi-skimmed milk,Kanyon,0.0
2023-01-20,Sterilized semi-skimmed milk,Mall of Istanbul,5.0
2023-01-20,Sterilized semi-skimmed milk,Metrocity,0.0
2023-01-20,Sterilized semi-skimmed milk,Metropol AVM,0.0
2023-01-20,Sterilized semi-skimmed milk,Viaport Outlet,0.0
2023-01-20,Sterilized semi-skimmed milk,Zorlu Center,1.0
2023-01-20,Sterilized skimmed milk,Cevahir AVM,0.0
2023-01-20,Sterilized skimmed milk,Emaar Square Mall,2.0
2023-01-20,Sterilized skimmed milk,Forum Istanbul,2.0
2023-01-20,Sterilized skimmed milk,Istinye Park,0.0
2023-01-20,Sterilized skimmed milk,Kanyon,0.0
2023-01-20,Sterilized skimmed milk,Mall of Istanbul,4.0
2023-01-20,Sterilized skimmed milk,Metrocity,6.0
2023-01-20,Sterilized skimmed milk,Metropol AVM,0.0
2023-01-20,Sterilized skimmed milk,Viaport Outlet,5.0
2023-01-20,Sterilized skimmed milk,Zorlu Center,0.0
2023-01-20,Sterilized whole milk,Cevahir AVM,0.0
2023-01-20,Sterilized whole milk,Emaar Square Mall,0.0
2023-01-20,Sterilized whole milk,Forum Istanbul,0.0
2023-01-20,Sterilized whole milk,Istinye Park,0.0
2023-01-20,Sterilized whole milk,Kanyon,1.0
2023-01-20,Sterilized whole milk,Mall of Istanbul,5.0
2023-01-20,Sterilized whole milk,Metrocity,3.0
2023-01-20,Sterilized whole milk,Metropol AVM,0.0
2023-01-20,Sterilized whole milk,Viaport Outlet,5.0
2023-01-20,Sterilized whole milk,Zorlu Center,0.0
2023-01-20,Sweetened condensed milk,Cevahir AVM,0.0
2023-01-20,Sweetened condensed milk,Emaar Square Mall,4.0
2023-01-20,Sweetened condensed milk,Forum Istanbul,1.0
2023-01-20,Sweetened condensed milk,Istinye Park,1.0
2023-01-20,Sweetened condensed milk,Kanyon,2.0
2023-01-20,Sweetened condensed milk,Mall of Istanbul,0.0
2023-01-20,Sweetened condensed milk,Metrocity,0.0
2023-01-20,Sweetened condensed milk,Metropol AVM,0.0
2023-01-20,Sweetened condensed milk,Viaport Outlet,0.0
2023-01-20,Sweetened condensed milk,Zorlu Center,0.0
2023-01-20,Total powdered milk,Cevahir AVM,0.0
2023-01-20,Total powdered milk,Emaar Square Mall,0.0
2023-01-20,Total powdered milk,Forum Istanbul,0.0
2023-01-20,Total powdered milk,Istinye Park,2.0
2023-01-20,Total powdered milk,Kanyon,0.0
2023-01-20,Total powdered milk,Mall of Istanbul,2.0
2023-01-20,Total powdered milk,Metrocity,0.0
2023-01-20,Total powdered milk,Metropol AVM,0.0
2023-01-20,Total powdered milk,Viaport Outlet,0.0
2023-01-20,Total powdered milk,Zorlu Center,0.0
2023-01-20,Yogurt,Cevahir AVM,0.0
2023-01-20,Yogurt,Emaar Square Mall,0.0
2023-01-20,Yogurt,Forum Istanbul,0.0
2023-01-20,Yogurt,Istinye Park,0.0
2023-01-20,Yogurt,Kanyon,5.0
2023-01-20,Yogurt,Mall of Istanbul,5.0
2023-01-20,Yogurt,Metrocity,2.0
2023-01-20,Yogurt,Metropol AVM,6.0
2023-01-20,Yogurt,Viaport Outlet,0.0
2023-01-20,Yogurt,Zorlu Center,4.0
2023-01-20,chocolate milk,Cevahir AVM,0.0
2023-01-20,chocolate milk,Emaar Square Mall,0.0
2023-01-20,chocolate milk,Forum Istanbul,0.0
2023-01-20,chocolate milk,Istinye Park,0.0
2023-01-20,chocolate milk,Kanyon,0.0
2023-01-20,chocolate milk,Mall of Istanbul,7.0
2023-01-20,chocolate milk,Metrocity,0.0
2023-01-20,chocolate milk,Metropol AVM,4.0
2023-01-20,chocolate milk,Viaport Outlet,0.0
2023-01-20,chocolate milk,Zorlu Center,0.0
2023-01-21,Butter,Cevahir AVM,0.0
2023-01-21,Butter,Emaar Square Mall,3.0
2023-01-21,Butter,Forum Istanbul,1.0
2023-01-21,Butter,Istinye Park,5.0
2023-01-21,Butter,Kanyon,3.0
2023-01-21,Butter,Mall of Istanbul,0.0
2023-01-21,Butter,Metrocity,2.0
2023-01-21,Butter,Metropol AVM,0.0
2023-01-21,Butter,Viaport Outlet,0.0
2023-01-21,Butter,Zorlu Center,0.0
2023-01-21,Cheese,Cevahir AVM,5.0
2023-01-21,Cheese,Emaar Square Mall,0.0
2023-01-21,Cheese,Forum Istanbul,0.0
2023-01-21,Cheese,Istinye Park,0.0
2023-01-21,Cheese,Kanyon,7.0
2023-01-21,Cheese,Mall of Istanbul,0.0
2023-01-21,Cheese,Metrocity,0.0
2023-01-21,Cheese,Metropol AVM,0.0
2023-01-21,Cheese,Viaport Outlet,2.0
2023-01-21,Cheese,Zorlu Center,0.0
2023-01-21,Condensed milk,Cevahir AVM,0.0
2023-01-21,Condensed milk,Emaar Square Mall,0.0
2023-01-21,Condensed milk,Forum Istanbul,0.0
2023-01-21,Condensed milk,Istinye Park,0.0
2023-01-21,Condensed milk,Kanyon,4.0
2023-01-21,Condensed milk,Mall of Istanbul,4.0
2023-01-21,Condensed milk,Metrocity,5.0
2023-01-21,Condensed milk,Metropol AVM,0.0
2023-01-21,Condensed milk,Viaport Outlet,0.0
2023-01-21,Condensed milk,Zorlu Center,0.0
2023-01-21,Cream,Cevahir AVM,0.0
2023-01-21,Cream,Emaar Square Mall,0.0
2023-01-21,Cream,Forum Istanbul,0.0
2023-01-21,Cream,Istinye Park,0.0
2023-01-21,Cream,Kanyon,0.0
2023-01-21,Cream,Mall of Istanbul,7.0
2023-01-21,Cream,Metrocity,0.0
2023-01-21,Cream,Metropol AVM,0.0
2023-01-21,Cream,Viaport Outlet,0.0
2023-01-21,Cream,Zorlu Center,0.0
2023-01-21,Cultured milk,Cevahir AVM,0.0
2023-01-21,Cultured milk,Emaar Square Mall,5.0
2023-01-21,Cultured milk,Forum Istanbul,0.0
2023-01-21,Cultured milk,Istinye Park,0.0
2023-01-21,Cultured milk,Kanyon,0.0
2023-01-21,Cultured milk,Mall of Istanbul,0.0
2023-01-21,Cultured milk,Metrocity,4.0
2023-01-21,Cultured milk,Metropol AVM,0.0
2023-01-21,Cultured milk,Viaport Outlet,0.0
2023-01-21,Cultured milk,Zorlu Center,0.0
2023-01-21,Evaporated milk,Cevahir AVM,0.0
2023-01-21,Evaporated milk,Emaar Square Mall,0.0
2023-01-21,Evaporated milk,Forum Istanbul,0.0
2023-01-21,Evaporated milk,Istinye Park,0.0
2023-01-21,Evaporated milk,Kanyon,8.0
2023-01-21,Evaporated milk,Mall of Istanbul,2.0
2023-01-21,Evaporated milk,Metrocity,0.0
2023-01-21,Evaporated milk,Metropol AVM,6.0
2023-01-21,Evaporated milk,Viaport Outlet,0.0
2023-01-21,Evaporated milk,Zorlu Center,0.0
2023-01-21,Flavored sterilized milk,Cevahir AVM,0.0
2023-01-21,Flavored sterilized milk,Emaar Square Mall,0.0
2023-01-21,Flavored sterilized milk,Forum Istanbul,0.0
2023-01-21,Flavored sterilized milk,Istinye Park,0.0
2023-01-21,Flavored sterilized milk,Kanyon,0.0
2023-01-21,Flavored sterilized milk,Mall of Istanbul,4.0
2023-01-21,Flavored sterilized milk,Metrocity,0.0
2023-01-21,Flavored sterilized milk,Metropol AVM,5.0
2023-01-21,Flavored sterilized milk,Viaport Outlet,0.0
2023-01-21,Flavored sterilized milk,Zorlu Center,0.0
2023-01-21,Modified milk,Cevahir AVM,5.0
2023-01-21,Modified milk,Emaar Square Mall,0.0
2023-01-21,Modified milk,Forum Istanbul,0.0
2023-01-21,Modified milk,Istinye Park,0.0
2023-01-21,Modified milk,Kanyon,6.0
2023-01-21,Modified milk,Mall of Istanbul,1.0
2023-01-21,Modified milk,Metrocity,0.0
2023-01-21,Modified milk,Metropol AVM,0.0
2023-01-21,Modified milk,Viaport Outlet,0.0
2023-01-21,Modified milk,Zorlu Center,0.0
2023-01-21,Pasteurized milk 2.5% mg,Cevahir AVM,0.0
2023-01-21,Pasteurized milk 2.5% mg,Emaar Square Mall,0.0
2023-01-21,Pasteurized milk 2.5% mg,Forum Istanbul,0.0
2023-01-21,Pasteurized milk 2.5% mg,Istinye Park,0.0
2023-01-21,Pasteurized milk 2.5% mg,Kanyon,0.0
2023-01-21,Pasteurized milk 2.5% mg,Mall of Istanbul,0.0
2023-01-21,Pasteurized milk 2.5% mg,Metrocity,6.0
2023-01-21,Pasteurized milk 2.5% mg,Metropol AVM,1.0
2023-01-21,Pasteurized milk 2.5% mg,Viaport Outlet,0.0
2023-01-21,Pasteurized milk 2.5% mg,Zorlu Center,0.0
2023-01-21,Pasteurized milk 3.0% mg,Cevahir AVM,1.0
2023-01-21,Pasteurized milk 3.0% mg,Emaar Square Mall,1.0
2023-01-21,Pasteurized milk 3.0% mg,Forum Istanbul,0.0
2023-01-21,Pasteurized milk 3.0% mg,Istinye Park,0.0
2023-01-21,Pasteurized milk 3.0% mg,Kanyon,0.0
2023-01-21,Pasteurized milk 3.0% mg,Mall of Istanbul,0.0
2023-01-21,Pasteurized milk 3.0% mg,Metrocity,4.0
2023-01-21,Pasteurized milk 3.0% mg,Metropol AVM,0.0
2023-01-21,Pasteurized milk 3.0% mg,Viaport Outlet,0.0
2023-01-21,Pasteurized milk 3.0% mg,Zorlu Center,0.0
2023-01-21,Powdered milk 12% mg,Cevahir AVM,0.0
2023-01-21,Powdered milk 12% mg,Emaar Square Mall,0.0
2023-01-21,Powdered milk 12% mg,Forum Istanbul,1.0
2023-01-21,Powdered milk 12% mg,Istinye Park,4.0
2023-01-21,Powdered milk 12% mg,Kanyon,0.0
2023-01-21,Powdered milk 12% mg,Mall of Istanbul,5.0
2023-01-21,Powdered milk 12% mg,Metrocity,3.0
2023-01-21,Powdered milk 12% mg,Metropol AVM,2.0
2023-01-21,Powdered milk 12% mg,Viaport Outlet,0.0
2023-01-21,Powdered milk 12% mg,Zorlu Center,0.0
2023-01-21,Powdered milk 18% mg,Cevahir AVM,0.0
2023-01-21,Powdered milk 18% mg,Emaar Square Mall,0.0
2023-01-21,Powdered milk 18% mg,Forum Istanbul,1.0
2023-01-21,Powdered milk 18% mg,Istinye Park,3.0
2023-01-21,Powdered milk 18% mg,Kanyon,5.0
2023-01-21,Powdered milk 18% mg,Mall of Istanbul,2.0
2023-01-21,Powdered milk 18% mg,Metrocity,5.0
2023-01-21,Powdered milk 18% mg,Metropol AVM,2.0
2023-01-21,Powdered milk 18% mg,Viaport Outlet,0.0
2023-01-21,Powdered milk 18% mg,Zorlu Center,0.0
2023-01-21,Powdered milk 20% mg,Cevahir AVM,0.0
2023-01-21,Powdered milk 20% mg,Emaar Square Mall,8.0
2023-01-21,Powdered milk 20% mg,Forum Istanbul,0.0
2023-01-21,Powdered milk 20% mg,Istinye Park,0.0
2023-01-21,Powdered milk 20% mg,Kanyon,5.0
2023-01-21,Powdered milk 20% mg,Mall of Istanbul,6.0
2023-01-21,Powdered milk 20% mg,Metrocity,0.0
2023-01-21,Powdered milk 20% mg,Metropol AVM,0.0
2023-01-21,Powdered milk 20% mg,Viaport Outlet,0.0
2023-01-21,Powdered milk 20% mg,Zorlu Center,1.0
2023-01-21,Powdered milk 26% mg,Cevahir AVM,0.0
2023-01-21,Powdered milk 26% mg,Emaar Square Mall,0.0
2023-01-21,Powdered milk 26% mg,Forum Istanbul,0.0
2023-01-21,Powdered milk 26% mg,Istinye Park,2.0
2023-01-21,Powdered milk 26% mg,Kanyon,0.0
2023-01-21,Powdered milk 26% mg,Mall of Istanbul,0.0
2023-01-21,Powdered milk 26% mg,Metrocity,5.0
2023-01-21,Powdered milk 26% mg,Metropol AVM,2.0
2023-01-21,Powdered milk 26% mg,Viaport Outlet,5.0
2023-01-21,Powdered milk 26% mg,Zorlu Center,0.0
2023-01-21,Powdered milk 28% mg,Cevahir AVM,0.0
2023-01-21,Powdered milk 28% mg,Emaar Square Mall,0.0
2023-01-21,Powdered milk 28% mg,Forum Istanbul,1.0
2023-01-21,Powdered milk 28% mg,Istinye Park,0.0
2023-01-21,Powdered milk 28% mg,Kanyon,0.0
2023-01-21,Powdered milk 28% mg,Mall of Istanbul,0.0
2023-01-21,Powdered milk 28% mg,Metrocity,10.0
2023-01-21,Powdered milk 28% mg,Metropol AVM,0.0
2023-01-21,Powdered milk 28% mg,Viaport Outlet,2.0
2023-01-21,Powdered milk 28% mg,Zorlu Center,0.0
2023-01-21,Powdered whey,Cevahir AVM,0.0
2023-01-21,Powdered whey,Emaar Square Mall,0.0
2023-01-21,Powdered whey,Forum Istanbul,0.0
2023-01-21,Powdered whey,Istinye Park,0.0
2023-01-21,Powdered whey,Kanyon,8.0
2023-01-21,Powdered whey,Mall of Istanbul,5.0
2023-01-21,Powdered whey,Metrocity,2.0
2023-01-21,Powdered whey,Metropol AVM,0.0
2023-01-21,Powdered whey,Viaport Outlet,0.0
2023-01-21,Powdered whey,Zorlu Center,0.0
2023-01-21,Skimmed pasteurized milk,Cevahir AVM,0.0
2023-01-21,Skimmed pasteurized milk,Emaar Square Mall,0.0
2023-01-21,Skimmed pasteurized milk,Forum Istanbul,0.0
2023-01-21,Skimmed pasteurized milk,Istinye Park,2.0
2023-01-21,Skimmed pasteurized milk,Kanyon,4.0
2023-01-21,Skimmed pasteurized milk,Mall of Istanbul,0.0
2023-01-21,Skimmed pasteurized milk,Metrocity,0.0
2023-01-21,Skimmed pasteurized milk,Metropol AVM,1.0
2023-01-21,Skimmed pasteurized milk,Viaport Outlet,3.0
2023-01-21,Skimmed pasteurized milk,Zorlu Center,0.0
2023-01-21,Skimmed powdered milk,Cevahir AVM,0.0
2023-01-21,Skimmed powdered milk,Emaar Square Mall,4.0
2023-01-21,Skimmed powdered milk,Forum Istanbul,0.0
2023-01-21,Skimmed powdered milk,Istinye Park,0.0
2023-01-21,Skimmed powdered milk,Kanyon,5.0
2023-01-21,Skimmed powdered milk,Mall of Istanbul,2.0
2023-01-21,Skimmed powdered milk,Metrocity,0.0
2023-01-21,Skimmed powdered milk,Metropol AVM,1.0
2023-01-21,Skimmed powdered milk,Viaport Outlet,0.0
2023-01-21,Skimmed powdered milk,Zorlu Center,5.0
2023-01-21,Small cheese,Cevahir AVM,1.0
2023-01-21,Small cheese,Emaar Square Mall,0.0
2023-01-21,Small cheese,Forum Istanbul,0.0
2023-01-21,Small cheese,Istinye Park,0.0
2023-01-21,Small cheese,Kanyon,9.0
2023-01-21,Small cheese,Mall of Istanbul,8.0
2023-01-21,Small cheese,Metrocity,0.0
2023-01-21,Small cheese,Metropol AVM,0.0
2023-01-21,Small cheese,Viaport Outlet,0.0
2023-01-21,Small cheese,Zorlu Center,1.0
2023-01-21,Sterilized semi-skimmed milk,Cevahir AVM,0.0
2023-01-21,Sterilized semi-skimmed milk,Emaar Square Mall,0.0
2023-01-21,Sterilized semi-skimmed milk,Forum Istanbul,0.0
2023-01-21,Sterilized semi-skimmed milk,Istinye Park,0.0
2023-01-21,Sterilized semi-skimmed milk,Kanyon,0.0
2023-01-21,Sterilized semi-skimmed milk,Mall of Istanbul,3.0
2023-01-21,Sterilized semi-skimmed milk,Metrocity,3.0
2023-01-21,Sterilized semi-skimmed milk,Metropol AVM,0.0
2023-01-21,Sterilized semi-skimmed milk,Viaport Outlet,0.0
2023-01-21,Sterilized semi-skimmed milk,Zorlu Center,0.0
2023-01-21,Sterilized skimmed milk,Cevahir AVM,0.0
2023-01-21,Sterilized skimmed milk,Emaar Square Mall,0.0
2023-01-21,Sterilized skimmed milk,Forum Istanbul,0.0
2023-01-21,Sterilized skimmed milk,Istinye Park,0.0
2023-01-21,Sterilized skimmed milk,Kanyon,6.0
2023-01-21,Sterilized skimmed milk,Mall of Istanbul,5.0
2023-01-21,Sterilized skimmed milk,Metrocity,0.0
2023-01-21,Sterilized skimmed milk,Metropol AVM,0.0
2023-01-21,Sterilized skimmed milk,Viaport Outlet,4.0
2023-01-21,Sterilized skimmed milk,Zorlu Center,0.0
2023-01-21,Sterilized whole milk,Cevahir AVM,3.0
2023-01-21,Sterilized whole milk,Emaar Square Mall,4.0
2023-01-21,Sterilized whole milk,Forum Istanbul,0.0
2023-01-21,Sterilized whole milk,Istinye Park,0.0
2023-01-21,Sterilized whole milk,Kanyon,5.0
2023-01-21,Sterilized whole milk,Mall of Istanbul,4.0
2023-01-21,Sterilized whole milk,Metrocity,0.0
2023-01-21,Sterilized whole milk,Metropol AVM,0.0
2023-01-21,Sterilized whole milk,Viaport Outlet,0.0
2023-01-21,Sterilized whole milk,Zorlu Center,0.0
2023-01-21,Sweetened condensed milk,Cevahir AVM,0.0
2023-01-21,Sweetened condensed milk,Emaar Square Mall,0.0
2023-01-21,Sweetened condensed milk,Forum Istanbul,3.0
2023-01-21,Sweetened condensed milk,Istinye Park,0.0
2023-01-21,Sweetened condensed milk,Kanyon,0.0
2023-01-21,Sweetened condensed milk,Mall of Istanbul,3.0
2023-01-21,Sweetened condensed milk,Metrocity,7.0
2023-01-21,Sweetened condensed milk,Metropol AVM,0.0
2023-01-21,Sweetened condensed milk,Viaport Outlet,0.0
2023-01-21,Sweetened condensed milk,Zorlu Center,0.0
2023-01-21,Total powdered milk,Cevahir AVM,0.0
2023-01-21,Total powdered milk,Emaar Square Mall,0.0
2023-01-21,Total powdered milk,Forum Istanbul,0.0
2023-01-21,Total powdered milk,Istinye Park,0.0
2023-01-21,Total powdered milk,Kanyon,0.0
2023-01-21,Total powdered milk,Mall of Istanbul,0.0
2023-01-21,Total powdered milk,Metrocity,3.0
2023-01-21,Total powdered milk,Metropol AVM,4.0
2023-01-21,Total powdered milk,Viaport Outlet,0.0
2023-01-21,Total powdered milk,Zorlu Center,2.0
2023-01-21,Yogurt,Cevahir AVM,1.0
2023-01-21,Yogurt,Emaar Square Mall,0.0
2023-01-21,Yogurt,Forum Istanbul,0.0
2023-01-21,Yogurt,Istinye Park,0.0
2023-01-21,Yogurt,Kanyon,7.0
2023-01-21,Yogurt,Mall of Istanbul,1.0
2023-01-21,Yogurt,Metrocity,4.0
2023-01-21,Yogurt,Metropol AVM,0.0
2023-01-21,Yogurt,Viaport Outlet,0.0
2023-01-21,Yogurt,Zorlu Center,1.0
2023-01-21,chocolate milk,Cevahir AVM,0.0
2023-01-21,chocolate milk,Emaar Square Mall,5.0
2023-01-21,chocolate milk,Forum Istanbul,0.0
2023-01-21,chocolate milk,Istinye Park,0.0
2023-01-21,chocolate milk,Kanyon,2.0
2023-01-21,chocolate milk,Mall of Istanbul,0.0
2023-01-21,chocolate milk,Metrocity,0.0
2023-01-21,chocolate milk,Metropol AVM,1.0
2023-01-21,chocolate milk,Viaport Outlet,0.0
2023-01-21,chocolate milk,Zorlu Center,0.0
2023-01-22,Butter,Cevahir AVM,0.0
2023-01-22,Butter,Emaar Square Mall,0.0
2023-01-22,Butter,Forum Istanbul,0.0
2023-01-22,Butter,Istinye Park,0.0
2023-01-22,Butter,Kanyon,1.0
2023-01-22,Butter,Mall of Istanbul,0.0
2023-01-22,Butter,Metrocity,2.0
2023-01-22,Butter,Metropol AVM,5.0
2023-01-22,Butter,Viaport Outlet,0.0
2023-01-22,Butter,Zorlu Center,0.0
2023-01-22,Cheese,Cevahir AVM,0.0
2023-01-22,Cheese,Emaar Square Mall,0.0
2023-01-22,Cheese,Forum Istanbul,3.0
2023-01-22,Cheese,Istinye Park,0.0
2023-01-22,Cheese,Kanyon,8.0
2023-01-22,Cheese,Mall of Istanbul,3.0
2023-01-22,Cheese,Metrocity,0.0
2023-01-22,Cheese,Metropol AVM,0.0
2023-01-22,Cheese,Viaport Outlet,0.0
2023-01-22,Cheese,Zorlu Center,0.0
2023-01-22,Condensed milk,Cevahir AVM,0.0
2023-01-22,Condensed milk,Emaar Square Mall,0.0
2023-01-22,Condensed milk,Forum Istanbul,0.0
2023-01-22,Condensed milk,Istinye Park,0.0
2023-01-22,Condensed milk,Kanyon,3.0
2023-01-22,Condensed milk,Mall of Istanbul,0.0
2023-01-22,Condensed milk,Metrocity,0.0
2023-01-22,Condensed milk,Metropol AVM,0.0
2023-01-22,Condensed milk,Viaport Outlet,1.0
2023-01-22,Condensed milk,Zorlu Center,0.0
2023-01-22,Cream,Cevahir AVM,0.0
2023-01-22,Cream,Emaar Square Mall,2.0
2023-01-22,Cream,Forum Istanbul,0.0
2023-01-22,Cream,Istinye Park,4.0
2023-01-22,Cream,Kanyon,2.0
2023-01-22,Cream,Mall of Istanbul,5.0
2023-01-22,Cream,Metrocity,6.0
2023-01-22,Cream,Metropol AVM,3.0
2023-01-22,Cream,Viaport Outlet,0.0
2023-01-22,Cream,Zorlu Center,0.0
2023-01-22,Cultured milk,Cevahir AVM,0.0
2023-01-22,Cultured milk,Emaar Square Mall,0.0
2023-01-22,Cultured milk,Forum Istanbul,0.0
2023-01-22,Cultured milk,Istinye Park,0.0
2023-01-22,Cultured milk,Kanyon,0.0
2023-01-22,Cultured milk,Mall of Istanbul,0.0
2023-01-22,Cultured milk,Metrocity,3.0
2023-01-22,Cultured milk,Metropol AVM,0.0
2023-01-22,Cultured milk,Viaport Outlet,0.0
2023-01-22,Cultured milk,Zorlu Center,0.0
2023-01-22,Evaporated milk,Cevahir AVM,9.0
2023-01-22,Evaporated milk,Emaar Square Mall,0.0
2023-01-22,Evaporated milk,Forum Istanbul,4.0
2023-01-22,Evaporated milk,Istinye Park,4.0
2023-01-22,Evaporated milk,Kanyon,2.0
2023-01-22,Evaporated milk,Mall of Istanbul,0.0
2023-01-22,Evaporated milk,Metrocity,3.0
2023-01-22,Evaporated milk,Metropol AVM,0.0
2023-01-22,Evaporated milk,Viaport Outlet,0.0
2023-01-22,Evaporated milk,Zorlu Center,8.0
2023-01-22,Flavored sterilized milk,Cevahir AVM,0.0
2023-01-22,Flavored sterilized milk,Emaar Square Mall,0.0
2023-01-22,Flavored sterilized milk,Forum Istanbul,1.0
2023-01-22,Flavored sterilized milk,Istinye Park,0.0
2023-01-22,Flavored sterilized milk,Kanyon,0.0
2023-01-22,Flavored sterilized milk,Mall of Istanbul,0.0
2023-01-22,Flavored sterilized milk,Metrocity,2.0
2023-01-22,Flavored sterilized milk,Metropol AVM,5.0
2023-01-22,Flavored sterilized milk,Viaport Outlet,0.0
2023-01-22,Flavored sterilized milk,Zorlu Center,0.0
2023-01-22,Modified milk,Cevahir AVM,0.0
2023-01-22,Modified milk,Emaar Square Mall,3.0
2023-01-22,Modified milk,Forum Istanbul,4.0
2023-01-22,Modified milk,Istinye Park,2.0
2023-01-22,Modified milk,Kanyon,0.0
2023-01-22,Modified milk,Mall of Istanbul,0.0
2023-01-22,Modified milk,Metrocity,4.0
2023-01-22,Modified milk,Metropol AVM,3.0
2023-01-22,Modified milk,Viaport Outlet,0.0
2023-01-22,Modified milk,Zorlu Center,0.0
2023-01-22,Pasteurized milk 2.5% mg,Cevahir AVM,0.0
2023-01-22,Pasteurized milk 2.5% mg,Emaar Square Mall,0.0
2023-01-22,Pasteurized milk 2.5% mg,Forum Istanbul,0.0
2023-01-22,Pasteurized milk 2.5% mg,Istinye Park,0.0
2023-01-22,Pasteurized milk 2.5% mg,Kanyon,0.0
2023-01-22,Pasteurized milk 2.5% mg,Mall of Istanbul,4.0
2023-01-22,Pasteurized milk 2.5% mg,Metrocity,3.0
2023-01-22,Pasteurized milk 2.5% mg,Metropol AVM,0.0
2023-01-22,Pasteurized milk 2.5% mg,Viaport Outlet,0.0
2023-01-22,Pasteurized milk 2.5% mg,Zorlu Center,4.0
2023-01-22,Pasteurized milk 3.0% mg,Cevahir AVM,0.0
2023-01-22,Pasteurized milk 3.0% mg,Emaar Square Mall,0.0
2023-01-22,Pasteurized milk 3.0% mg,Forum Istanbul,0.0
2023-01-22,Pasteurized milk 3.0% mg,Istinye Park,5.0
2023-01-22,Pasteurized milk 3.0% mg,Kanyon,2.0
2023-01-22,Pasteurized milk 3.0% mg,Mall of Istanbul,6.0
2023-01-22,Pasteurized milk 3.0% mg,Metrocity,4.0
2023-01-22,Pasteurized milk 3.0% mg,Metropol AVM,5.0
2023-01-22,Pasteurized milk 3.0% mg,Viaport Outlet,0.0
2023-01-22,Pasteurized milk 3.0% mg,Zorlu Center,0.0
2023-01-22,Powdered milk 12% mg,Cevahir AVM,0.0
2023-01-22,Powdered milk 12% mg,Emaar Square Mall,3.0
2023-01-22,Powdered milk 12% mg,Forum Istanbul,0.0
2023-01-22,Powdered milk 12% mg,Istinye Park,0.0
2023-01-22,Powdered milk 12% mg,Kanyon,13.0
2023-01-22,Powdered milk 12% mg,Mall of Istanbul,3.0
2023-01-22,Powdered milk 12% mg,Metrocity,0.0
2023-01-22,Powdered milk 12% mg,Metropol AVM,0.0
2023-01-22,Powdered milk 12% mg,Viaport Outlet,0.0
2023-01-22,Powdered milk 12% mg,Zorlu Center,1.0
2023-01-22,Powdered milk 18% mg,Cevahir AVM,2.0
2023-01-22,Powdered milk 18% mg,Emaar Square Mall,6.0
2023-01-22,Powdered milk 18% mg,Forum Istanbul,0.0
2023-01-22,Powdered milk 18% mg,Istinye Park,4.0
2023-01-22,Powdered milk 18% mg,Kanyon,7.0
2023-01-22,Powdered milk 18% mg,Mall of Istanbul,0.0
2023-01-22,Powdered milk 18% mg,Metrocity,5.0
2023-01-22,Powdered milk 18% mg,Metropol AVM,4.0
2023-01-22,Powdered milk 18% mg,Viaport Outlet,0.0
2023-01-22,Powdered milk 18% mg,Zorlu Center,0.0
2023-01-22,Powdered milk 20% mg,Cevahir AVM,3.0
2023-01-22,Powdered milk 20% mg,Emaar Square Mall,0.0
2023-01-22,Powdered milk 20% mg,Forum Istanbul,0.0
2023-01-22,Powdered milk 20% mg,Istinye Park,0.0
2023-01-22,Powdered milk 20% mg,Kanyon,7.0
2023-01-22,Powdered milk 20% mg,Mall of Istanbul,3.0
2023-01-22,Powdered milk 20% mg,Metrocity,0.0
2023-01-22,Powdered milk 20% mg,Metropol AVM,4.0
2023-01-22,Powdered milk 20% mg,Viaport Outlet,0.0
2023-01-22,Powdered milk 20% mg,Zorlu Center,0.0
2023-01-22,Powdered milk 26% mg,Cevahir AVM,0.0
2023-01-22,Powdered milk 26% mg,Emaar Square Mall,2.0
2023-01-22,Powdered milk 26% mg,Forum Istanbul,0.0
2023-01-22,Powdered milk 26% mg,Istinye Park,0.0
2023-01-22,Powdered milk 26% mg,Kanyon,1.0
2023-01-22,Powdered milk 26% mg,Mall of Istanbul,1.0
2023-01-22,Powdered milk 26% mg,Metrocity,0.0
2023-01-22,Powdered milk 26% mg,Metropol AVM,4.0
2023-01-22,Powdered milk 26% mg,Viaport Outlet,0.0
2023-01-22,Powdered milk 26% mg,Zorlu Center,2.0
2023-01-22,Powdered milk 28% mg,Cevahir AVM,0.0
2023-01-22,Powdered milk 28% mg,Emaar Square Mall,0.0
2023-01-22,Powdered milk 28% mg,Forum Istanbul,0.0
2023-01-22,Powdered milk 28% mg,Istinye Park,0.0
2023-01-22,Powdered milk 28% mg,Kanyon,0.0
2023-01-22,Powdered milk 28% mg,Mall of Istanbul,0.0
2023-01-22,Powdered milk 28% mg,Metrocity,5.0
2023-01-22,Powdered milk 28% mg,Metropol AVM,6.0
2023-01-22,Powdered milk 28% mg,Viaport Outlet,0.0
2023-01-22,Powdered milk 28% mg,Zorlu Center,0.0
2023-01-22,Powdered whey,Cevahir AVM,5.0
2023-01-22,Powdered whey,Emaar Square Mall,6.0
2023-01-22,Powdered whey,Forum Istanbul,0.0
2023-01-22,Powdered whey,Istinye Park,0.0
2023-01-22,Powdered whey,Kanyon,0.0
2023-01-22,Powdered whey,Mall of Istanbul,3.0
2023-01-22,Powdered whey,Metrocity,0.0
2023-01-22,Powdered whey,Metropol AVM,0.0
2023-01-22,Powdered whey,Viaport Outlet,3.0
2023-01-22,Powdered whey,Zorlu Center,2.0
2023-01-22,Skimmed pasteurized milk,Cevahir AVM,0.0
2023-01-22,Skimmed pasteurized milk,Emaar Square Mall,0.0
2023-01-22,Skimmed pasteurized milk,Forum Istanbul,1.0
2023-01-22,Skimmed pasteurized milk,Istinye Park,0.0
2023-01-22,Skimmed pasteurized milk,Kanyon,0.0
2023-01-22,Skimmed pasteurized milk,Mall of Istanbul,5.0
2023-01-22,Skimmed pasteurized milk,Metrocity,0.0
2023-01-22,Skimmed pasteurized milk,Metropol AVM,2.0
2023-01-22,Skimmed pasteurized milk,Viaport Outlet,0.0
2023-01-22,Skimmed pasteurized milk,Zorlu Center,0.0
2023-01-22,Skimmed powdered milk,Cevahir AVM,0.0
2023-01-22,Skimmed powdered milk,Emaar Square Mall,0.0
2023-01-22,Skimmed powdered milk,Forum Istanbul,0.0
2023-01-22,Skimmed powdered milk,Istinye Park,0.0
2023-01-22,Skimmed powdered milk,Kanyon,0.0
2023-01-22,Skimmed powdered milk,Mall of Istanbul,0.0
2023-01-22,Skimmed powdered milk,Metrocity,4.0
2023-01-22,Skimmed powdered milk,Metropol AVM,0.0
2023-01-22,Skimmed powdered milk,Viaport Outlet,0.0
2023-01-22,Skimmed powdered milk,Zorlu Center,4.0
2023-01-22,Small cheese,Cevahir AVM,0.0
2023-01-22,Small cheese,Emaar Square Mall,0.0
2023-01-22,Small cheese,Forum Istanbul,0.0
2023-01-22,Small cheese,Istinye Park,0.0
2023-01-22,Small cheese,Kanyon,0.0
2023-01-22,Small cheese,Mall of Istanbul,2.0
2023-01-22,Small cheese,Metrocity,0.0
2023-01-22,Small cheese,Metropol AVM,0.0
2023-01-22,Small cheese,Viaport Outlet,4.0
2023-01-22,Small cheese,Zorlu Center,0.0
2023-01-22,Sterilized semi-skimmed milk,Cevahir AVM,3.0
2023-01-22,Sterilized semi-skimmed milk,Emaar Square Mall,0.0
2023-01-22,Sterilized semi-skimmed milk,Forum Istanbul,0.0
2023-01-22,Sterilized semi-skimmed milk,Istinye Park,1.0
2023-01-22,Sterilized semi-skimmed milk,Kanyon,4.0
2023-01-22,Sterilized semi-skimmed milk,Mall of Istanbul,1.0
2023-01-22,Sterilized semi-skimmed milk,Metrocity,5.0
2023-01-22,Sterilized semi-skimmed milk,Metropol AVM,0.0
2023-01-22,Sterilized semi-skimmed milk,Viaport Outlet,0.0
2023-01-22,Sterilized semi-skimmed milk,Zorlu Center,0.0
2023-01-22,Sterilized skimmed milk,Cevahir AVM,0.0
2023-01-22,Sterilized skimmed milk,Emaar Square Mall,0.0
2023-01-22,Sterilized skimmed milk,Forum Istanbul,0.0
2023-01-22,Sterilized skimmed milk,Istinye Park,0.0
2023-01-22,Sterilized skimmed milk,Kanyon,3.0
2023-01-22,Sterilized skimmed milk,Mall of Istanbul,0.0
2023-01-22,Sterilized skimmed milk,Metrocity,0.0
2023-01-22,Sterilized skimmed milk,Metropol AVM,0.0
2023-01-22,Sterilized skimmed milk,Viaport Outlet,0.0
2023-01-22,Sterilized skimmed milk,Zorlu Center,0.0
2023-01-22,Sterilized whole milk,Cevahir AVM,0.0
2023-01-22,Sterilized whole milk,Emaar Square Mall,0.0
2023-01-22,Sterilized whole milk,Forum Istanbul,0.0
2023-01-22,Sterilized whole milk,Istinye Park,3.0
2023-01-22,Sterilized whole milk,Kanyon,0.0
2023-01-22,Sterilized whole milk,Mall of Istanbul,3.0
2023-01-22,Sterilized whole milk,Metrocity,0.0
2023-01-22,Sterilized whole milk,Metropol AVM,0.0
2023-01-22,Sterilized whole milk,Viaport Outlet,0.0
2023-01-22,Sterilized whole milk,Zorlu Center,0.0
2023-01-22,Sweetened condensed milk,Cevahir AVM,0.0
2023-01-22,Sweetened condensed milk,Emaar Square Mall,0.0
2023-01-22,Sweetened condensed milk,Forum Istanbul,0.0
2023-01-22,Sweetened condensed milk,Istinye Park,7.0
2023-01-22,Sweetened condensed milk,Kanyon,0.0
2023-01-22,Sweetened condensed milk,Mall of Istanbul,4.0
2023-01-22,Sweetened condensed milk,Metrocity,0.0
2023-01-22,Sweetened condensed milk,Metropol AVM,0.0
2023-01-22,Sweetened condensed milk,Viaport Outlet,0.0
2023-01-22,Sweetened condensed milk,Zorlu Center,0.0
2023-01-22,Total powdered milk,Cevahir AVM,0.0
2023-01-22,Total powdered milk,Emaar Square Mall,4.0
2023-01-22,Total powdered milk,Forum Istanbul,0.0
2023-01-22,Total powdered milk,Istinye Park,3.0
2023-01-22,Total powdered milk,Kanyon,2.0
2023-01-22,Total powdered milk,Mall of Istanbul,3.0
2023-01-22,Total powdered milk,Metrocity,4.0
2023-01-22,Total powdered milk,Metropol AVM,0.0
2023-01-22,Total powdered milk,Viaport Outlet,0.0
2023-01-22,Total powdered milk,Zorlu Center,0.0
2023-01-22,Yogurt,Cevahir AVM,0.0
2023-01-22,Yogurt,Emaar Square Mall,0.0
2023-01-22,Yogurt,Forum Istanbul,0.0
2023-01-22,Yogurt,Istinye Park,0.0
2023-01-22,Yogurt,Kanyon,3.0
2023-01-22,Yogurt,Mall of Istanbul,0.0
2023-01-22,Yogurt,Metrocity,3.0
2023-01-22,Yogurt,Metropol AVM,0.0
2023-01-22,Yogurt,Viaport Outlet,0.0
2023-01-22,Yogurt,Zorlu Center,0.0
2023-01-22,chocolate milk,Cevahir AVM,0.0
2023-01-22,chocolate milk,Emaar Square Mall,0.0
2023-01-22,chocolate milk,Forum Istanbul,0.0
2023-01-22,chocolate milk,Istinye Park,0.0
2023-01-22,chocolate milk,Kanyon,4.0
2023-01-22,chocolate milk,Mall of Istanbul,0.0
2023-01-22,chocolate milk,Metrocity,0.0
2023-01-22,chocolate milk,Metropol AVM,1.0
2023-01-22,chocolate milk,Viaport Outlet,2.0
2023-01-22,chocolate milk,Zorlu Center,0.0
2023-01-23,Butter,Cevahir AVM,0.0
2023-01-23,Butter,Emaar Square Mall,0.0
2023-01-23,Butter,Forum Istanbul,0.0
2023-01-23,Butter,Istinye Park,0.0
2023-01-23,Butter,Kanyon,0.0
2023-01-23,Butter,Mall of Istanbul,0.0
2023-01-23,Butter,Metrocity,9.0
2023-01-23,Butter,Metropol AVM,0.0
2023-01-23,Butter,Viaport Outlet,0.0
2023-01-23,Butter,Zorlu Center,0.0
2023-01-23,Cheese,Cevahir AVM,0.0
2023-01-23,Cheese,Emaar Square Mall,0.0
2023-01-23,Cheese,Forum Istanbul,0.0
2023-01-23,Cheese,Istinye Park,0.0
2023-01-23,Cheese,Kanyon,3.0
2023-01-23,Cheese,Mall of Istanbul,2.0
2023-01-23,Cheese,Metrocity,0.0
2023-01-23,Cheese,Metropol AVM,4.0
2023-01-23,Cheese,Viaport Outlet,0.0
2023-01-23,Cheese,Zorlu Center,0.0
2023-01-23,Condensed milk,Cevahir AVM,0.0
2023-01-23,Condensed milk,Emaar Square Mall,4.0
2023-01-23,Condensed milk,Forum Istanbul,0.0
2023-01-23,Condensed milk,Istinye Park,0.0
2023-01-23,Condensed milk,Kanyon,2.0
2023-01-23,Condensed milk,Mall of Istanbul,11.0
2023-01-23,Condensed milk,Metrocity,4.0
2023-01-23,Condensed milk,Metropol AVM,0.0
2023-01-23,Condensed milk,Viaport Outlet,0.0
2023-01-23,Condensed milk,Zorlu Center,0.0
2023-01-23,Cream,Cevahir AVM,2.0
2023-01-23,Cream,Emaar Square Mall,0.0
2023-01-23,Cream,Forum Istanbul,0.0
2023-01-23,Cream,Istinye Park,3.0
2023-01-23,Cream,Kanyon,8.0
2023-01-23,Cream,Mall of Istanbul,3.0
2023-01-23,Cream,Metrocity,0.0
2023-01-23,Cream,Metropol AVM,0.0
2023-01-23,Cream,Viaport Outlet,0.0
2023-01-23,Cream,Zorlu Center,0.0
2023-01-23,Cultured milk,Cevahir AVM,0.0
2023-01-23,Cultured milk,Emaar Square Mall,0.0
2023-01-23,Cultured milk,Forum Istanbul,0.0
2023-01-23,Cultured milk,Istinye Park,0.0
2023-01-23,Cultured milk,Kanyon,0.0
2023-01-23,Cultured milk,Mall of Istanbul,6.0
2023-01-23,Cultured milk,Metrocity,0.0
2023-01-23,Cultured milk,Metropol AVM,0.0
2023-01-23,Cultured milk,Viaport Outlet,0.0
2023-01-23,Cultured milk,Zorlu Center,0.0
2023-01-23,Evaporated milk,Cevahir AVM,0.0
2023-01-23,Evaporated milk,Emaar Square Mall,6.0
2023-01-23,Evaporated milk,Forum Istanbul,3.0
2023-01-23,Evaporated milk,Istinye Park,0.0
2023-01-23,Evaporated milk,Kanyon,0.0
2023-01-23,Evaporated milk,Mall of Istanbul,2.0
2023-01-23,Evaporated milk,Metrocity,1.0
2023-01-23,Evaporated milk,Metropol AVM,4.0
2023-01-23,Evaporated milk,Viaport Outlet,0.0
2023-01-23,Evaporated milk,Zorlu Center,4.0
2023-01-23,Flavored sterilized milk,Cevahir AVM,9.0
2023-01-23,Flavored sterilized milk,Emaar Square Mall,0.0
2023-01-23,Flavored sterilized milk,Forum Istanbul,5.0
2023-01-23,Flavored sterilized milk,Istinye Park,0.0
2023-01-23,Flavored sterilized milk,Kanyon,0.0
2023-01-23,Flavored sterilized milk,Mall of Istanbul,0.0
2023-01-23,Flavored sterilized milk,Metrocity,0.0
2023-01-23,Flavored sterilized milk,Metropol AVM,0.0
2023-01-23,Flavored sterilized milk,Viaport Outlet,0.0
2023-01-23,Flavored sterilized milk,Zorlu Center,0.0
2023-01-23,Modified milk,Cevahir AVM,0.0
2023-01-23,Modified milk,Emaar Square Mall,0.0
2023-01-23,Modified milk,Forum Istanbul,0.0
2023-01-23,Modified milk,Istinye Park,2.0
2023-01-23,Modified milk,Kanyon,5.0
2023-01-23,Modified milk,Mall of Istanbul,6.0
2023-01-23,Modified milk,Metrocity,2.0
2023-01-23,Modified milk,Metropol AVM,5.0
2023-01-23,Modified milk,Viaport Outlet,0.0
2023-01-23,Modified milk,Zorlu Center,0.0
2023-01-23,Pasteurized milk 2.5% mg,Cevahir AVM,0.0
2023-01-23,Pasteurized milk 2.5% mg,Emaar Square Mall,0.0
2023-01-23,Pasteurized milk 2.5% mg,Forum Istanbul,0.0
2023-01-23,Pasteurized milk 2.5% mg,Istinye Park,0.0
2023-01-23,Pasteurized milk 2.5% mg,Kanyon,0.0
2023-01-23,Pasteurized milk 2.5% mg,Mall of Istanbul,0.0
2023-01-23,Pasteurized milk 2.5% mg,Metrocity,3.0
2023-01-23,Pasteurized milk 2.5% mg,Metropol AVM,3.0
2023-01-23,Pasteurized milk 2.5% mg,Viaport Outlet,0.0
2023-01-23,Pasteurized milk 2.5% mg,Zorlu Center,8.0
2023-01-23,Pasteurized milk 3.0% mg,Cevahir AVM,0.0
2023-01-23,Pasteurized milk 3.0% mg,Emaar Square Mall,2.0
2023-01-23,Pasteurized milk 3.0% mg,Forum Istanbul,0.0
2023-01-23,Pasteurized milk 3.0% mg,Istinye Park,0.0
2023-01-23,Pasteurized milk 3.0% mg,Kanyon,0.0
2023-01-23,Pasteurized milk 3.0% mg,Mall of Istanbul,0.0
2023-01-23,Pasteurized milk 3.0% mg,Metrocity,2.0
2023-01-23,Pasteurized milk 3.0% mg,Metropol AVM,4.0
2023-01-23,Pasteurized milk 3.0% mg,Viaport Outlet,0.0
2023-01-23,Pasteurized milk 3.0% mg,Zorlu Center,0.0
2023-01-23,Powdered milk 12% mg,Cevahir AVM,8.0
2023-01-23,Powdered milk 12% mg,Emaar Square Mall,0.0
2023-01-23,Powdered milk 12% mg,Forum Istanbul,0.0
2023-01-23,Powdered milk 12% mg,Istinye Park,5.0
2023-01-23,Powdered milk 12% mg,Kanyon,3.0
2023-01-23,Powdered milk 12% mg,Mall of Istanbul,3.0
2023-01-23,Powdered milk 12% mg,Metrocity,0.0
2023-01-23,Powdered milk 12% mg,Metropol AVM,1.0
2023-01-23,Powdered milk 12% mg,Viaport Outlet,0.0
2023-01-23,Powdered milk 12% mg,Zorlu Center,4.0
2023-01-23,Powdered milk 18% mg,Cevahir AVM,0.0
2023-01-23,Powdered milk 18% mg,Emaar Square Mall,0.0
2023-01-23,Powdered milk 18% mg,Forum Istanbul,0.0
2023-01-23,Powdered milk 18% mg,Istinye Park,0.0
2023-01-23,Powdered milk 18% mg,Kanyon,7.0
2023-01-23,Powdered milk 18% mg,Mall of Istanbul,8.0
2023-01-23,Powdered milk 18% mg,Metrocity,3.0
2023-01-23,Powdered milk 18% mg,Metropol AVM,0.0
2023-01-23,Powdered milk 18% mg,Viaport Outlet,3.0
2023-01-23,Powdered milk 18% mg,Zorlu Center,0.0
2023-01-23,Powdered milk 20% mg,Cevahir AVM,4.0
2023-01-23,Powdered milk 20% mg,Emaar Square Mall,0.0
2023-01-23,Powdered milk 20% mg,Forum Istanbul,0.0
2023-01-23,Powdered milk 20% mg,Istinye Park,1.0
2023-01-23,Powdered milk 20% mg,Kanyon,6.0
2023-01-23,Powdered milk 20% mg,Mall of Istanbul,16.0
2023-01-23,Powdered milk 20% mg,Metrocity,3.0
2023-01-23,Powdered milk 20% mg,Metropol AVM,6.0
2023-01-23,Powdered milk 20% mg,Viaport Outlet,0.0
2023-01-23,Powdered milk 20% mg,Zorlu Center,0.0
2023-01-23,Powdered milk 26% mg,Cevahir AVM,0.0
2023-01-23,Powdered milk 26% mg,Emaar Square Mall,1.0
2023-01-23,Powdered milk 26% mg,Forum Istanbul,0.0
2023-01-23,Powdered milk 26% mg,Istinye Park,0.0
2023-01-23,Powdered milk 26% mg,Kanyon,0.0
2023-01-23,Powdered milk 26% mg,Mall of Istanbul,1.0
2023-01-23,Powdered milk 26% mg,Metrocity,0.0
2023-01-23,Powdered milk 26% mg,Metropol AVM,0.0
2023-01-23,Powdered milk 26% mg,Viaport Outlet,0.0
2023-01-23,Powdered milk 26% mg,Zorlu Center,0.0
2023-01-23,Powdered milk 28% mg,Cevahir AVM,0.0
2023-01-23,Powdered milk 28% mg,Emaar Square Mall,0.0
2023-01-23,Powdered milk 28% mg,Forum Istanbul,0.0
2023-01-23,Powdered milk 28% mg,Istinye Park,0.0
2023-01-23,Powdered milk 28% mg,Kanyon,0.0
2023-01-23,Powdered milk 28% mg,Mall of Istanbul,7.0
2023-01-23,Powdered milk 28% mg,Metrocity,2.0
2023-01-23,Powdered milk 28% mg,Metropol AVM,0.0
2023-01-23,Powdered milk 28% mg,Viaport Outlet,0.0
2023-01-23,Powdered milk 28% mg,Zorlu Center,0.0
2023-01-23,Powdered whey,Cevahir AVM,2.0
2023-01-23,Powdered whey,Emaar Square Mall,0.0
2023-01-23,Powdered whey,Forum Istanbul,2.0
2023-01-23,Powdered whey,Istinye Park,0.0
2023-01-23,Powdered whey,Kanyon,0.0
2023-01-23,Powdered whey,Mall of Istanbul,6.0
2023-01-23,Powdered whey,Metrocity,0.0
2023-01-23,Powdered whey,Metropol AVM,5.0
2023-01-23,Powdered whey,Viaport Outlet,0.0
2023-01-23,Powdered whey,Zorlu Center,0.0
2023-01-23,Skimmed pasteurized milk,Cevahir AVM,0.0
2023-01-23,Skimmed pasteurized milk,Emaar Square Mall,0.0
2023-01-23,Skimmed pasteurized milk,Forum Istanbul,0.0
2023-01-23,Skimmed pasteurized milk,Istinye Park,2.0
2023-01-23,Skimmed pasteurized milk,Kanyon,0.0
2023-01-23,Skimmed pasteurized milk,Mall of Istanbul,0.0
2023-01-23,Skimmed pasteurized milk,Metrocity,0.0
2023-01-23,Skimmed pasteurized milk,Metropol AVM,0.0
2023-01-23,Skimmed pasteurized milk,Viaport Outlet,0.0
2023-01-23,Skimmed pasteurized milk,Zorlu Center,1.0
2023-01-23,Skimmed powdered milk,Cevahir AVM,0.0
2023-01-23,Skimmed powdered milk,Emaar Square Mall,0.0
2023-01-23,Skimmed powdered milk,Forum Istanbul,0.0
2023-01-23,Skimmed powdered milk,Istinye Park,0.0
2023-01-23,Skimmed powdered milk,Kanyon,9.0
2023-01-23,Skimmed powdered milk,Mall of Istanbul,7.0
2023-01-23,Skimmed powdered milk,Metrocity,0.0
2023-01-23,Skimmed powdered milk,Metropol AVM,0.0
2023-01-23,Skimmed powdered milk,Viaport Outlet,0.0
2023-01-23,Skimmed powdered milk,Zorlu Center,3.0
2023-01-23,Small cheese,Cevahir AVM,0.0
2023-01-23,Small cheese,Emaar Square Mall,6.0
2023-01-23,Small cheese,Forum Istanbul,0.0
2023-01-23,Small cheese,Istinye Park,0.0
2023-01-23,Small cheese,Kanyon,0.0
2023-01-23,Small cheese,Mall of Istanbul,0.0
2023-01-23,Small cheese,Metrocity,0.0
2023-01-23,Small cheese,Metropol AVM,0.0
2023-01-23,Small cheese,Viaport Outlet,0.0
2023-01-23,Small cheese,Zorlu Center,0.0
2023-01-23,Sterilized semi-skimmed milk,Cevahir AVM,0.0
2023-01-23,Sterilized semi-skimmed milk,Emaar Square Mall,0.0
2023-01-23,Sterilized semi-skimmed milk,Forum Istanbul,0.0
2023-01-23,Sterilized semi-skimmed milk,Istinye Park,0.0
2023-01-23,Sterilized semi-skimmed milk,Kanyon,8.0
2023-01-23,Sterilized semi-skimmed milk,Mall of Istanbul,0.0
2023-01-23,Sterilized semi-skimmed milk,Metrocity,0.0
2023-01-23,Sterilized semi-skimmed milk,Metropol AVM,0.0
2023-01-23,Sterilized semi-skimmed milk,Viaport Outlet,5.0
2023-01-23,Sterilized semi-skimmed milk,Zorlu Center,0.0
2023-01-23,Sterilized skimmed milk,Cevahir AVM,0.0
2023-01-23,Sterilized skimmed milk,Emaar Square Mall,4.0
2023-01-23,Sterilized skimmed milk,Forum Istanbul,0.0
2023-01-23,Sterilized skimmed milk,Istinye Park,4.0
2023-01-23,Sterilized skimmed milk,Kanyon,3.0
2023-01-23,Sterilized skimmed milk,Mall of Istanbul,5.0
2023-01-23,Sterilized skimmed milk,Metrocity,3.0
2023-01-23,Sterilized skimmed milk,Metropol AVM,0.0
2023-01-23,Sterilized skimmed milk,Viaport Outlet,0.0
2023-01-23,Sterilized skimmed milk,Zorlu Center,0.0
2023-01-23,Sterilized whole milk,Cevahir AVM,0.0
2023-01-23,Sterilized whole milk,Emaar Square Mall,0.0
2023-01-23,Sterilized whole milk,Forum Istanbul,4.0
2023-01-23,Sterilized whole milk,Istinye Park,3.0
2023-01-23,Sterilized whole milk,Kanyon,2.0
2023-01-23,Sterilized whole milk,Mall of Istanbul,10.0
2023-01-23,Sterilized whole milk,Metrocity,0.0
2023-01-23,Sterilized whole milk,Metropol AVM,0.0
2023-01-23,Sterilized whole milk,Viaport Outlet,1.0
2023-01-23,Sterilized whole milk,Zorlu Center,10.0
2023-01-23,Sweetened condensed milk,Cevahir AVM,0.0
2023-01-23,Sweetened condensed milk,Emaar Square Mall,0.0
2023-01-23,Sweetened condensed milk,Forum Istanbul,0.0
2023-01-23,Sweetened condensed milk,Istinye Park,0.0
2023-01-23,Sweetened condensed milk,Kanyon,1.0
2023-01-23,Sweetened condensed milk,Mall of Istanbul,0.0
2023-01-23,Sweetened condensed milk,Metrocity,0.0
2023-01-23,Sweetened condensed milk,Metropol AVM,11.0
2023-01-23,Sweetened condensed milk,Viaport Outlet,0.0
2023-01-23,Sweetened condensed milk,Zorlu Center,0.0
2023-01-23,Total powdered milk,Cevahir AVM,4.0
2023-01-23,Total powdered milk,Emaar Square Mall,0.0
2023-01-23,Total powdered milk,Forum Istanbul,0.0
2023-01-23,Total powdered milk,Istinye Park,0.0
2023-01-23,Total powdered milk,Kanyon,2.0
2023-01-23,Total powdered milk,Mall of Istanbul,3.0
2023-01-23,Total powdered milk,Metrocity,3.0
2023-01-23,Total powdered milk,Metropol AVM,0.0
2023-01-23,Total powdered milk,Viaport Outlet,0.0
2023-01-23,Total powdered milk,Zorlu Center,0.0
2023-01-23,Yogurt,Cevahir AVM,0.0
2023-01-23,Yogurt,Emaar Square Mall,1.0
2023-01-23,Yogurt,Forum Istanbul,0.0
2023-01-23,Yogurt,Istinye Park,0.0
2023-01-23,Yogurt,Kanyon,0.0
2023-01-23,Yogurt,Mall of Istanbul,1.0
2023-01-23,Yogurt,Metrocity,0.0
2023-01-23,Yogurt,Metropol AVM,1.0
2023-01-23,Yogurt,Viaport Outlet,4.0
2023-01-23,Yogurt,Zorlu Center,0.0
2023-01-23,chocolate milk,Cevahir AVM,0.0
2023-01-23,chocolate milk,Emaar Square Mall,0.0
2023-01-23,chocolate milk,Forum Istanbul,0.0
2023-01-23,chocolate milk,Istinye Park,0.0
2023-01-23,chocolate milk,Kanyon,3.0
2023-01-23,chocolate milk,Mall of Istanbul,8.0
2023-01-23,chocolate milk,Metrocity,3.0
2023-01-23,chocolate milk,Metropol AVM,5.0
2023-01-23,chocolate milk,Viaport Outlet,2.0
2023-01-23,chocolate milk,Zorlu Center,0.0
2023-01-24,Butter,Cevahir AVM,0.0
2023-01-24,Butter,Emaar Square Mall,0.0
2023-01-24,Butter,Forum Istanbul,0.0
2023-01-24,Butter,Istinye Park,4.0
2023-01-24,Butter,Kanyon,5.0
2023-01-24,Butter,Mall of Istanbul,8.0
2023-01-24,Butter,Metrocity,0.0
2023-01-24,Butter,Metropol AVM,0.0
2023-01-24,Butter,Viaport Outlet,0.0
2023-01-24,Butter,Zorlu Center,0.0
2023-01-24,Cheese,Cevahir AVM,0.0
2023-01-24,Cheese,Emaar Square Mall,0.0
2023-01-24,Cheese,Forum Istanbul,0.0
2023-01-24,Cheese,Istinye Park,0.0
2023-01-24,Cheese,Kanyon,2.0
2023-01-24,Cheese,Mall of Istanbul,0.0
2023-01-24,Cheese,Metrocity,1.0
2023-01-24,Cheese,Metropol AVM,0.0
2023-01-24,Cheese,Viaport Outlet,0.0
2023-01-24,Cheese,Zorlu Center,0.0
2023-01-24,Condensed milk,Cevahir AVM,0.0
2023-01-24,Condensed milk,Emaar Square Mall,0.0
2023-01-24,Condensed milk,Forum Istanbul,0.0
2023-01-24,Condensed milk,Istinye Park,3.0
2023-01-24,Condensed milk,Kanyon,9.0
2023-01-24,Condensed milk,Mall of Istanbul,4.0
2023-01-24,Condensed milk,Metrocity,0.0
2023-01-24,Condensed milk,Metropol AVM,2.0
2023-01-24,Condensed milk,Viaport Outlet,0.0
2023-01-24,Condensed milk,Zorlu Center,0.0
2023-01-24,Cream,Cevahir AVM,0.0
2023-01-24,Cream,Emaar Square Mall,0.0
2023-01-24,Cream,Forum Istanbul,0.0
2023-01-24,Cream,Istinye Park,0.0
2023-01-24,Cream,Kanyon,7.0
2023-01-24,Cream,Mall of Istanbul,5.0
2023-01-24,Cream,Metrocity,0.0
2023-01-24,Cream,Metropol AVM,0.0
2023-01-24,Cream,Viaport Outlet,0.0
2023-01-24,Cream,Zorlu Center,2.0
2023-01-24,Cultured milk,Cevahir AVM,0.0
2023-01-24,Cultured milk,Emaar Square Mall,0.0
2023-01-24,Cultured milk,Forum Istanbul,0.0
2023-01-24,Cultured milk,Istinye Park,2.0
2023-01-24,Cultured milk,Kanyon,0.0
2023-01-24,Cultured milk,Mall of Istanbul,1.0
2023-01-24,Cultured milk,Metrocity,0.0
2023-01-24,Cultured milk,Metropol AVM,0.0
2023-01-24,Cultured milk,Viaport Outlet,0.0
2023-01-24,Cultured milk,Zorlu Center,0.0
2023-01-24,Evaporated milk,Cevahir AVM,0.0
2023-01-24,Evaporated milk,Emaar Square Mall,0.0
2023-01-24,Evaporated milk,Forum Istanbul,0.0
2023-01-24,Evaporated milk,Istinye Park,0.0
2023-01-24,Evaporated milk,Kanyon,1.0
2023-01-24,Evaporated milk,Mall of Istanbul,3.0
2023-01-24,Evaporated milk,Metrocity,0.0
2023-01-24,Evaporated milk,Metropol AVM,0.0
2023-01-24,Evaporated milk,Viaport Outlet,0.0
2023-01-24,Evaporated milk,Zorlu Center,0.0
2023-01-24,Flavored sterilized milk,Cevahir AVM,0.0
2023-01-24,Flavored sterilized milk,Emaar Square Mall,0.0
2023-01-24,Flavored sterilized milk,Forum Istanbul,0.0
2023-01-24,Flavored sterilized milk,Istinye Park,0.0
2023-01-24,Flavored sterilized milk,Kanyon,10.0
2023-01-24,Flavored sterilized milk,Mall of Istanbul,0.0
2023-01-24,Flavored sterilized milk,Metrocity,0.0
2023-01-24,Flavored sterilized milk,Metropol AVM,2.0
2023-01-24,Flavored sterilized milk,Viaport Outlet,0.0
2023-01-24,Flavored sterilized milk,Zorlu Center,5.0
2023-01-24,Modified milk,Cevahir AVM,0.0
2023-01-24,Modified milk,Emaar Square Mall,0.0
2023-01-24,Modified milk,Forum Istanbul,5.0
2023-01-24,Modified milk,Istinye Park,0.0
2023-01-24,Modified milk,Kanyon,4.0
2023-01-24,Modified milk,Mall of Istanbul,0.0
2023-01-24,Modified milk,Metrocity,5.0
2023-01-24,Modified milk,Metropol AVM,0.0
2023-01-24,Modified milk,Viaport Outlet,0.0
2023-01-24,Modified milk,Zorlu Center,4.0
2023-01-24,Pasteurized milk 2.5% mg,Cevahir AVM,0.0
2023-01-24,Pasteurized milk 2.5% mg,Emaar Square Mall,2.0
2023-01-24,Pasteurized milk 2.5% mg,Forum Istanbul,0.0
2023-01-24,Pasteurized milk 2.5% mg,Istinye Park,0.0
2023-01-24,Pasteurized milk 2.5% mg,Kanyon,1.0
2023-01-24,Pasteurized milk 2.5% mg,Mall of Istanbul,6.0
2023-01-24,Pasteurized milk 2.5% mg,Metrocity,4.0
2023-01-24,Pasteurized milk 2.5% mg,Metropol AVM,5.0
2023-01-24,Pasteurized milk 2.5% mg,Viaport Outlet,0.0
2023-01-24,Pasteurized milk 2.5% mg,Zorlu Center,0.0
2023-01-24,Pasteurized milk 3.0% mg,Cevahir AVM,0.0
2023-01-24,Pasteurized milk 3.0% mg,Emaar Square Mall,0.0
2023-01-24,Pasteurized milk 3.0% mg,Forum Istanbul,0.0
2023-01-24,Pasteurized milk 3.0% mg,Istinye Park,0.0
2023-01-24,Pasteurized milk 3.0% mg,Kanyon,0.0
2023-01-24,Pasteurized milk 3.0% mg,Mall of Istanbul,0.0
2023-01-24,Pasteurized milk 3.0% mg,Metrocity,0.0
2023-01-24,Pasteurized milk 3.0% mg,Metropol AVM,0.0
2023-01-24,Pasteurized milk 3.0% mg,Viaport Outlet,0.0
2023-01-24,Pasteurized milk 3.0% mg,Zorlu Center,0.0
2023-01-24,Powdered milk 12% mg,Cevahir AVM,0.0
2023-01-24,Powdered milk 12% mg,Emaar Square Mall,0.0
2023-01-24,Powdered milk 12% mg,Forum Istanbul,0.0
2023-01-24,Powdered milk 12% mg,Istinye Park,2.0
2023-01-24,Powdered milk 12% mg,Kanyon,0.0
2023-01-24,Powdered milk 12% mg,Mall of Istanbul,3.0
2023-01-24,Powdered milk 12% mg,Metrocity,0.0
2023-01-24,Powdered milk 12% mg,Metropol AVM,0.0
2023-01-24,Powdered milk 12% mg,Viaport Outlet,3.0
2023-01-24,Powdered milk 12% mg,Zorlu Center,0.0
2023-01-24,Powdered milk 18% mg,Cevahir AVM,0.0
2023-01-24,Powdered milk 18% mg,Emaar Square Mall,0.0
2023-01-24,Powdered milk 18% mg,Forum Istanbul,0.0
2023-01-24,Powdered milk 18% mg,Istinye Park,3.0
2023-01-24,Powdered milk 18% mg,Kanyon,0.0
2023-01-24,Powdered milk 18% mg,Mall of Istanbul,4.0
2023-01-24,Powdered milk 18% mg,Metrocity,0.0
2023-01-24,Powdered milk 18% mg,Metropol AVM,1.0
2023-01-24,Powdered milk 18% mg,Viaport Outlet,0.0
2023-01-24,Powdered milk 18% mg,Zorlu Center,0.0
2023-01-24,Powdered milk 20% mg,Cevahir AVM,0.0
2023-01-24,Powdered milk 20% mg,Emaar Square Mall,0.0
2023-01-24,Powdered milk 20% mg,Forum Istanbul,4.0
2023-01-24,Powdered milk 20% mg,Istinye Park,0.0
2023-01-24,Powdered milk 20% mg,Kanyon,0.0
2023-01-24,Powdered milk 20% mg,Mall of Istanbul,0.0
2023-01-24,Powdered milk 20% mg,Metrocity,4.0
2023-01-24,Powdered milk 20% mg,Metropol AVM,0.0
2023-01-24,Powdered milk 20% mg,Viaport Outlet,0.0
2023-01-24,Powdered milk 20% mg,Zorlu Center,0.0
2023-01-24,Powdered milk 26% mg,Cevahir AVM,0.0
2023-01-24,Powdered milk 26% mg,Emaar Square Mall,0.0
2023-01-24,Powdered milk 26% mg,Forum Istanbul,0.0
2023-01-24,Powdered milk 26% mg,Istinye Park,0.0
2023-01-24,Powdered milk 26% mg,Kanyon,0.0
2023-01-24,Powdered milk 26% mg,Mall of Istanbul,10.0
2023-01-24,Powdered milk 26% mg,Metrocity,0.0
2023-01-24,Powdered milk 26% mg,Metropol AVM,0.0
2023-01-24,Powdered milk 26% mg,Viaport Outlet,0.0
2023-01-24,Powdered milk 26% mg,Zorlu Center,7.0
2023-01-24,Powdered milk 28% mg,Cevahir AVM,0.0
2023-01-24,Powdered milk 28% mg,Emaar Square Mall,0.0
2023-01-24,Powdered milk 28% mg,Forum Istanbul,0.0
2023-01-24,Powdered milk 28% mg,Istinye Park,4.0
2023-01-24,Powdered milk 28% mg,Kanyon,0.0
2023-01-24,Powdered milk 28% mg,Mall of Istanbul,13.0
2023-01-24,Powdered milk 28% mg,Metrocity,5.0
2023-01-24,Powdered milk 28% mg,Metropol AVM,0.0
2023-01-24,Powdered milk 28% mg,Viaport Outlet,0.0
2023-01-24,Powdered milk 28% mg,Zorlu Center,1.0
2023-01-24,Powdered whey,Cevahir AVM,0.0
2023-01-24,Powdered whey,Emaar Square Mall,0.0
2023-01-24,Powdered whey,Forum Istanbul,0.0
2023-01-24,Powdered whey,Istinye Park,0.0
2023-01-24,Powdered whey,Kanyon,7.0
2023-01-24,Powdered whey,Mall of Istanbul,5.0
2023-01-24,Powdered whey,Metrocity,0.0
2023-01-24,Powdered whey,Metropol AVM,0.0
2023-01-24,Powdered whey,Viaport Outlet,0.0
2023-01-24,Powdered whey,Zorlu Center,3.0
2023-01-24,Skimmed pasteurized milk,Cevahir AVM,5.0
2023-01-24,Skimmed pasteurized milk,Emaar Square Mall,0.0
2023-01-24,Skimmed pasteurized milk,Forum Istanbul,0.0
2023-01-24,Skimmed pasteurized milk,Istinye Park,0.0
2023-01-24,Skimmed pasteurized milk,Kanyon,0.0
2023-01-24,Skimmed pasteurized milk,Mall of Istanbul,4.0
2023-01-24,Skimmed pasteurized milk,Metrocity,0.0
2023-01-24,Skimmed pasteurized milk,Metropol AVM,0.0
2023-01-24,Skimmed pasteurized milk,Viaport Outlet,1.0
2023-01-24,Skimmed pasteurized milk,Zorlu Center,0.0
2023-01-24,Skimmed powdered milk,Cevahir AVM,0.0
2023-01-24,Skimmed powdered milk,Emaar Square Mall,0.0
2023-01-24,Skimmed powdered milk,Forum Istanbul,0.0
2023-01-24,Skimmed powdered milk,Istinye Park,4.0
2023-01-24,Skimmed powdered milk,Kanyon,4.0
2023-01-24,Skimmed powdered milk,Mall of Istanbul,6.0
2023-01-24,Skimmed powdered milk,Metrocity,0.0
2023-01-24,Skimmed powdered milk,Metropol AVM,5.0
2023-01-24,Skimmed powdered milk,Viaport Outlet,0.0
2023-01-24,Skimmed powdered milk,Zorlu Center,0.0
2023-01-24,Small cheese,Cevahir AVM,0.0
2023-01-24,Small cheese,Emaar Square Mall,0.0
2023-01-24,Small cheese,Forum Istanbul,0.0
2023-01-24,Small cheese,Istinye Park,3.0
2023-01-24,Small cheese,Kanyon,1.0
2023-01-24,Small cheese,Mall of Istanbul,4.0
2023-01-24,Small cheese,Metrocity,0.0
2023-01-24,Small cheese,Metropol AVM,0.0
2023-01-24,Small cheese,Viaport Outlet,0.0
2023-01-24,Small cheese,Zorlu Center,0.0
2023-01-24,Sterilized semi-skimmed milk,Cevahir AVM,2.0
2023-01-24,Sterilized semi-skimmed milk,Emaar Square Mall,0.0
2023-01-24,Sterilized semi-skimmed milk,Forum Istanbul,0.0
2023-01-24,Sterilized semi-skimmed milk,Istinye Park,0.0
2023-01-24,Sterilized semi-skimmed milk,Kanyon,1.0
2023-01-24,Sterilized semi-skimmed milk,Mall of Istanbul,5.0
2023-01-24,Sterilized semi-skimmed milk,Metrocity,0.0
2023-01-24,Sterilized semi-skimmed milk,Metropol AVM,0.0
2023-01-24,Sterilized semi-skimmed milk,Viaport Outlet,0.0
2023-01-24,Sterilized semi-skimmed milk,Zorlu Center,0.0
2023-01-24,Sterilized skimmed milk,Cevahir AVM,0.0
2023-01-24,Sterilized skimmed milk,Emaar Square Mall,0.0
2023-01-24,Sterilized skimmed milk,Forum Istanbul,0.0
2023-01-24,Sterilized skimmed milk,Istinye Park,4.0
2023-01-24,Sterilized skimmed milk,Kanyon,4.0
2023-01-24,Sterilized skimmed milk,Mall of Istanbul,4.0
2023-01-24,Sterilized skimmed milk,Metrocity,14.0
2023-01-24,Sterilized skimmed milk,Metropol AVM,0.0
2023-01-24,Sterilized skimmed milk,Viaport Outlet,0.0
2023-01-24,Sterilized skimmed milk,Zorlu Center,0.0
2023-01-24,Sterilized whole milk,Cevahir AVM,0.0
2023-01-24,Sterilized whole milk,Emaar Square Mall,5.0
2023-01-24,Sterilized whole milk,Forum Istanbul,0.0
2023-01-24,Sterilized whole milk,Istinye Park,4.0
2023-01-24,Sterilized whole milk,Kanyon,1.0
2023-01-24,Sterilized whole milk,Mall of Istanbul,3.0
2023-01-24,Sterilized whole milk,Metrocity,0.0
2023-01-24,Sterilized whole milk,Metropol AVM,5.0
2023-01-24,Sterilized whole milk,Viaport Outlet,0.0
2023-01-24,Sterilized whole milk,Zorlu Center,2.0
2023-01-24,Sweetened condensed milk,Cevahir AVM,0.0
2023-01-24,Sweetened condensed milk,Emaar Square Mall,0.0
2023-01-24,Sweetened condensed milk,Forum Istanbul,0.0
2023-01-24,Sweetened condensed milk,Istinye Park,0.0
2023-01-24,Sweetened condensed milk,Kanyon,3.0
2023-01-24,Sweetened condensed milk,Mall of Istanbul,13.0
2023-01-24,Sweetened condensed milk,Metrocity,0.0
2023-01-24,Sweetened condensed milk,Metropol AVM,4.0
2023-01-24,Sweetened condensed milk,Viaport Outlet,0.0
2023-01-24,Sweetened condensed milk,Zorlu Center,0.0
2023-01-24,Total powdered milk,Cevahir AVM,0.0
2023-01-24,Total powdered milk,Emaar Square Mall,0.0
2023-01-24,Total powdered milk,Forum Istanbul,0.0
2023-01-24,Total powdered milk,Istinye Park,3.0
2023-01-24,Total powdered milk,Kanyon,1.0
2023-01-24,Total powdered milk,Mall of Istanbul,3.0
2023-01-24,Total powdered milk,Metrocity,7.0
2023-01-24,Total powdered milk,Metropol AVM,0.0
2023-01-24,Total powdered milk,Viaport Outlet,1.0
2023-01-24,Total powdered milk,Zorlu Center,0.0
2023-01-24,Yogurt,Cevahir AVM,0.0
2023-01-24,Yogurt,Emaar Square Mall,0.0
2023-01-24,Yogurt,Forum Istanbul,0.0
2023-01-24,Yogurt,Istinye Park,0.0
2023-01-24,Yogurt,Kanyon,0.0
2023-01-24,Yogurt,Mall of Istanbul,11.0
2023-01-24,Yogurt,Metrocity,0.0
2023-01-24,Yogurt,Metropol AVM,0.0
2023-01-24,Yogurt,Viaport Outlet,0.0
2023-01-24,Yogurt,Zorlu Center,0.0
2023-01-24,chocolate milk,Cevahir AVM,0.0
2023-01-24,chocolate milk,Emaar Square Mall,3.0
2023-01-24,chocolate milk,Forum Istanbul,0.0
2023-01-24,chocolate milk,Istinye Park,7.0
2023-01-24,chocolate milk,Kanyon,3.0
2023-01-24,chocolate milk,Mall of Istanbul,0.0
2023-01-24,chocolate milk,Metrocity,1.0
2023-01-24,chocolate milk,Metropol AVM,3.0
2023-01-24,chocolate milk,Viaport Outlet,0.0
2023-01-24,chocolate milk,Zorlu Center,0.0
2023-01-25,Butter,Cevahir AVM,0.0
2023-01-25,Butter,Emaar Square Mall,0.0
2023-01-25,Butter,Forum Istanbul,5.0
2023-01-25,Butter,Istinye Park,3.0
2023-01-25,Butter,Kanyon,0.0
2023-01-25,Butter,Mall of Istanbul,2.0
2023-01-25,Butter,Metrocity,2.0
2023-01-25,Butter,Metropol AVM,0.0
2023-01-25,Butter,Viaport Outlet,0.0
2023-01-25,Butter,Zorlu Center,0.0
2023-01-25,Cheese,Cevahir AVM,0.0
2023-01-25,Cheese,Emaar Square Mall,0.0
2023-01-25,Cheese,Forum Istanbul,0.0
2023-01-25,Cheese,Istinye Park,0.0
2023-01-25,Cheese,Kanyon,9.0
2023-01-25,Cheese,Mall of Istanbul,2.0
2023-01-25,Cheese,Metrocity,4.0
2023-01-25,Cheese,Metropol AVM,0.0
2023-01-25,Cheese,Viaport Outlet,3.0
2023-01-25,Cheese,Zorlu Center,0.0
2023-01-25,Condensed milk,Cevahir AVM,0.0
2023-01-25,Condensed milk,Emaar Square Mall,0.0
2023-01-25,Condensed milk,Forum Istanbul,0.0
2023-01-25,Condensed milk,Istinye Park,0.0
2023-01-25,Condensed milk,Kanyon,0.0
2023-01-25,Condensed milk,Mall of Istanbul,0.0
2023-01-25,Condensed milk,Metrocity,2.0
2023-01-25,Condensed milk,Metropol AVM,0.0
2023-01-25,Condensed milk,Viaport Outlet,0.0
2023-01-25,Condensed milk,Zorlu Center,0.0
2023-01-25,Cream,Cevahir AVM,0.0
2023-01-25,Cream,Emaar Square Mall,0.0
2023-01-25,Cream,Forum Istanbul,0.0
2023-01-25,Cream,Istinye Park,0.0
2023-01-25,Cream,Kanyon,7.0
2023-01-25,Cream,Mall of Istanbul,0.0
2023-01-25,Cream,Metrocity,6.0
2023-01-25,Cream,Metropol AVM,0.0
2023-01-25,Cream,Viaport Outlet,0.0
2023-01-25,Cream,Zorlu Center,0.0
2023-01-25,Cultured milk,Cevahir AVM,0.0
2023-01-25,Cultured milk,Emaar Square Mall,3.0
2023-01-25,Cultured milk,Forum Istanbul,0.0
2023-01-25,Cultured milk,Istinye Park,3.0
2023-01-25,Cultured milk,Kanyon,0.0
2023-01-25,Cultured milk,Mall of Istanbul,4.0
2023-01-25,Cultured milk,Metrocity,0.0
2023-01-25,Cultured milk,Metropol AVM,1.0
2023-01-25,Cultured milk,Viaport Outlet,0.0
2023-01-25,Cultured milk,Zorlu Center,0.0
2023-01-25,Evaporated milk,Cevahir AVM,0.0
2023-01-25,Evaporated milk,Emaar Square Mall,0.0
2023-01-25,Evaporated milk,Forum Istanbul,0.0
2023-01-25,Evaporated milk,Istinye Park,0.0
2023-01-25,Evaporated milk,Kanyon,8.0
2023-01-25,Evaporated milk,Mall of Istanbul,8.0
2023-01-25,Evaporated milk,Metrocity,2.0
2023-01-25,Evaporated milk,Metropol AVM,0.0
2023-01-25,Evaporated milk,Viaport Outlet,3.0
2023-01-25,Evaporated milk,Zorlu Center,0.0
2023-01-25,Flavored sterilized milk,Cevahir AVM,1.0
2023-01-25,Flavored sterilized milk,Emaar Square Mall,0.0
2023-01-25,Flavored sterilized milk,Forum Istanbul,0.0
2023-01-25,Flavored sterilized milk,Istinye Park,1.0
2023-01-25,Flavored sterilized milk,Kanyon,6.0
2023-01-25,Flavored sterilized milk,Mall of Istanbul,1.0
2023-01-25,Flavored sterilized milk,Metrocity,0.0
2023-01-25,Flavored sterilized milk,Metropol AVM,4.0
2023-01-25,Flavored sterilized milk,Viaport Outlet,4.0
2023-01-25,Flavored sterilized milk,Zorlu Center,0.0
2023-01-25,Modified milk,Cevahir AVM,0.0
2023-01-25,Modified milk,Emaar Square Mall,2.0
2023-01-25,Modified milk,Forum Istanbul,4.0
2023-01-25,Modified milk,Istinye Park,0.0
2023-01-25,Modified milk,Kanyon,7.0
2023-01-25,Modified milk,Mall of Istanbul,5.0
2023-01-25,Modified milk,Metrocity,0.0
2023-01-25,Modified milk,Metropol AVM,1.0
2023-01-25,Modified milk,Viaport Outlet,0.0
2023-01-25,Modified milk,Zorlu Center,0.0
2023-01-25,Pasteurized milk 2.5% mg,Cevahir AVM,0.0
2023-01-25,Pasteurized milk 2.5% mg,Emaar Square Mall,0.0
2023-01-25,Pasteurized milk 2.5% mg,Forum Istanbul,0.0
2023-01-25,Pasteurized milk 2.5% mg,Istinye Park,3.0
2023-01-25,Pasteurized milk 2.5% mg,Kanyon,0.0
2023-01-25,Pasteurized milk 2.5% mg,Mall of Istanbul,5.0
2023-01-25,Pasteurized milk 2.5% mg,Metrocity,0.0
2023-01-25,Pasteurized milk 2.5% mg,Metropol AVM,0.0
2023-01-25,Pasteurized milk 2.5% mg,Viaport Outlet,4.0
2023-01-25,Pasteurized milk 2.5% mg,Zorlu Center,0.0
2023-01-25,Pasteurized milk 3.0% mg,Cevahir AVM,0.0
2023-01-25,Pasteurized milk 3.0% mg,Emaar Square Mall,0.0
2023-01-25,Pasteurized milk 3.0% mg,Forum Istanbul,0.0
2023-01-25,Pasteurized milk 3.0% mg,Istinye Park,0.0
2023-01-25,Pasteurized milk 3.0% mg,Kanyon,0.0
2023-01-25,Pasteurized milk 3.0% mg,Mall of Istanbul,5.0
2023-01-25,Pasteurized milk 3.0% mg,Metrocity,5.0
2023-01-25,Pasteurized milk 3.0% mg,Metropol AVM,0.0
2023-01-25,Pasteurized milk 3.0% mg,Viaport Outlet,2.0
2023-01-25,Pasteurized milk 3.0% mg,Zorlu Center,4.0
2023-01-25,Powdered milk 12% mg,Cevahir AVM,0.0
2023-01-25,Powdered milk 12% mg,Emaar Square Mall,0.0
2023-01-25,Powdered milk 12% mg,Forum Istanbul,0.0
2023-01-25,Powdered milk 12% mg,Istinye Park,0.0
2023-01-25,Powdered milk 12% mg,Kanyon,5.0
2023-01-25,Powdered milk 12% mg,Mall of Istanbul,2.0
2023-01-25,Powdered milk 12% mg,Metrocity,0.0
2023-01-25,Powdered milk 12% mg,Metropol AVM,0.0
2023-01-25,Powdered milk 12% mg,Viaport Outlet,0.0
2023-01-25,Powdered milk 12% mg,Zorlu Center,0.0
2023-01-25,Powdered milk 18% mg,Cevahir AVM,5.0
2023-01-25,Powdered milk 18% mg,Emaar Square Mall,0.0
2023-01-25,Powdered milk 18% mg,Forum Istanbul,0.0
2023-01-25,Powdered milk 18% mg,Istinye Park,0.0
2023-01-25,Powdered milk 18% mg,Kanyon,0.0
2023-01-25,Powdered milk 18% mg,Mall of Istanbul,2.0
2023-01-25,Powdered milk 18% mg,Metrocity,2.0
2023-01-25,Powdered milk 18% mg,Metropol AVM,3.0
2023-01-25,Powdered milk 18% mg,Viaport Outlet,0.0
2023-01-25,Powdered milk 18% mg,Zorlu Center,2.0
2023-01-25,Powdered milk 20% mg,Cevahir AVM,1.0
2023-01-25,Powdered milk 20% mg,Emaar Square Mall,0.0
2023-01-25,Powdered milk 20% mg,Forum Istanbul,0.0
2023-01-25,Powdered milk 20% mg,Istinye Park,0.0
2023-01-25,Powdered milk 20% mg,Kanyon,0.0
2023-01-25,Powdered milk 20% mg,Mall of Istanbul,5.0
2023-01-25,Powdered milk 20% mg,Metrocity,4.0
2023-01-25,Powdered milk 20% mg,Metropol AVM,5.0
2023-01-25,Powdered milk 20% mg,Viaport Outlet,3.0
2023-01-25,Powdered milk 20% mg,Zorlu Center,0.0
2023-01-25,Powdered milk 26% mg,Cevahir AVM,0.0
2023-01-25,Powdered milk 26% mg,Emaar Square Mall,0.0
2023-01-25,Powdered milk 26% mg,Forum Istanbul,0.0
2023-01-25,Powdered milk 26% mg,Istinye Park,8.0
2023-01-25,Powdered milk 26% mg,Kanyon,3.0
2023-01-25,Powdered milk 26% mg,Mall of Istanbul,0.0
2023-01-25,Powdered milk 26% mg,Metrocity,0.0
2023-01-25,Powdered milk 26% mg,Metropol AVM,0.0
2023-01-25,Powdered milk 26% mg,Viaport Outlet,5.0
2023-01-25,Powdered milk 26% mg,Zorlu Center,2.0
2023-01-25,Powdered milk 28% mg,Cevahir AVM,0.0
2023-01-25,Powdered milk 28% mg,Emaar Square Mall,2.0
2023-01-25,Powdered milk 28% mg,Forum Istanbul,5.0
2023-01-25,Powdered milk 28% mg,Istinye Park,0.0
2023-01-25,Powdered milk 28% mg,Kanyon,0.0
2023-01-25,Powdered milk 28% mg,Mall of Istanbul,1.0
2023-01-25,Powdered milk 28% mg,Metrocity,0.0
2023-01-25,Powdered milk 28% mg,Metropol AVM,2.0
2023-01-25,Powdered milk 28% mg,Viaport Outlet,0.0
2023-01-25,Powdered milk 28% mg,Zorlu Center,0.0
2023-01-25,Powdered whey,Cevahir AVM,3.0
2023-01-25,Powdered whey,Emaar Square Mall,4.0
2023-01-25,Powdered whey,Forum Istanbul,0.0
2023-01-25,Powdered whey,Istinye Park,0.0
2023-01-25,Powdered whey,Kanyon,3.0
2023-01-25,Powdered whey,Mall of Istanbul,0.0
2023-01-25,Powdered whey,Metrocity,10.0
2023-01-25,Powdered whey,Metropol AVM,4.0
2023-01-25,Powdered whey,Viaport Outlet,8.0
2023-01-25,Powdered whey,Zorlu Center,1.0
2023-01-25,Skimmed pasteurized milk,Cevahir AVM,0.0
2023-01-25,Skimmed pasteurized milk,Emaar Square Mall,0.0
2023-01-25,Skimmed pasteurized milk,Forum Istanbul,0.0
2023-01-25,Skimmed pasteurized milk,Istinye Park,0.0
2023-01-25,Skimmed pasteurized milk,Kanyon,2.0
2023-01-25,Skimmed pasteurized milk,Mall of Istanbul,0.0
2023-01-25,Skimmed pasteurized milk,Metrocity,0.0
2023-01-25,Skimmed pasteurized milk,Metropol AVM,2.0
2023-01-25,Skimmed pasteurized milk,Viaport Outlet,0.0
2023-01-25,Skimmed pasteurized milk,Zorlu Center,0.0
2023-01-25,Skimmed powdered milk,Cevahir AVM,5.0
2023-01-25,Skimmed powdered milk,Emaar Square Mall,1.0
2023-01-25,Skimmed powdered milk,Forum Istanbul,0.0
2023-01-25,Skimmed powdered milk,Istinye Park,0.0
2023-01-25,Skimmed powdered milk,Kanyon,2.0
2023-01-25,Skimmed powdered milk,Mall of Istanbul,4.0
2023-01-25,Skimmed powdered milk,Metrocity,3.0
2023-01-25,Skimmed powdered milk,Metropol AVM,0.0
2023-01-25,Skimmed powdered milk,Viaport Outlet,0.0
2023-01-25,Skimmed powdered milk,Zorlu Center,0.0
2023-01-25,Small cheese,Cevahir AVM,0.0
2023-01-25,Small cheese,Emaar Square Mall,0.0
2023-01-25,Small cheese,Forum Istanbul,0.0
2023-01-25,Small cheese,Istinye Park,0.0
2023-01-25,Small cheese,Kanyon,8.0
2023-01-25,Small cheese,Mall of Istanbul,9.0
2023-01-25,Small cheese,Metrocity,0.0
2023-01-25,Small cheese,Metropol AVM,5.0
2023-01-25,Small cheese,Viaport Outlet,4.0
2023-01-25,Small cheese,Zorlu Center,4.0
2023-01-25,Sterilized semi-skimmed milk,Cevahir AVM,0.0
2023-01-25,Sterilized semi-skimmed milk,Emaar Square Mall,0.0
2023-01-25,Sterilized semi-skimmed milk,Forum Istanbul,0.0
2023-01-25,Sterilized semi-skimmed milk,Istinye Park,1.0
2023-01-25,Sterilized semi-skimmed milk,Kanyon,0.0
2023-01-25,Sterilized semi-skimmed milk,Mall of Istanbul,2.0
2023-01-25,Sterilized semi-skimmed milk,Metrocity,0.0
2023-01-25,Sterilized semi-skimmed milk,Metropol AVM,2.0
2023-01-25,Sterilized semi-skimmed milk,Viaport Outlet,0.0
2023-01-25,Sterilized semi-skimmed milk,Zorlu Center,0.0
2023-01-25,Sterilized skimmed milk,Cevahir AVM,0.0
2023-01-25,Sterilized skimmed milk,Emaar Square Mall,0.0
2023-01-25,Sterilized skimmed milk,Forum Istanbul,0.0
2023-01-25,Sterilized skimmed milk,Istinye Park,1.0
2023-01-25,Sterilized skimmed milk,Kanyon,0.0
2023-01-25,Sterilized skimmed milk,Mall of Istanbul,7.0
2023-01-25,Sterilized skimmed milk,Metrocity,0.0
2023-01-25,Sterilized skimmed milk,Metropol AVM,0.0
2023-01-25,Sterilized skimmed milk,Viaport Outlet,0.0
2023-01-25,Sterilized skimmed milk,Zorlu Center,2.0
2023-01-25,Sterilized whole milk,Cevahir AVM,0.0
2023-01-25,Sterilized whole milk,Emaar Square Mall,0.0
2023-01-25,Sterilized whole milk,Forum Istanbul,0.0
2023-01-25,Sterilized whole milk,Istinye Park,0.0
2023-01-25,Sterilized whole milk,Kanyon,0.0
2023-01-25,Sterilized whole milk,Mall of Istanbul,3.0
2023-01-25,Sterilized whole milk,Metrocity,7.0
2023-01-25,Sterilized whole milk,Metropol AVM,0.0
2023-01-25,Sterilized whole milk,Viaport Outlet,5.0
2023-01-25,Sterilized whole milk,Zorlu Center,0.0
2023-01-25,Sweetened condensed milk,Cevahir AVM,4.0
2023-01-25,Sweetened condensed milk,Emaar Square Mall,3.0
2023-01-25,Sweetened condensed milk,Forum Istanbul,2.0
2023-01-25,Sweetened condensed milk,Istinye Park,0.0
2023-01-25,Sweetened condensed milk,Kanyon,9.0
2023-01-25,Sweetened condensed milk,Mall of Istanbul,0.0
2023-01-25,Sweetened condensed milk,Metrocity,3.0
2023-01-25,Sweetened condensed milk,Metropol AVM,4.0
2023-01-25,Sweetened condensed milk,Viaport Outlet,0.0
2023-01-25,Sweetened condensed milk,Zorlu Center,0.0
2023-01-25,Total powdered milk,Cevahir AVM,0.0
2023-01-25,Total powdered milk,Emaar Square Mall,0.0
2023-01-25,Total powdered milk,Forum Istanbul,0.0
2023-01-25,Total powdered milk,Istinye Park,0.0
2023-01-25,Total powdered milk,Kanyon,1.0
2023-01-25,Total powdered milk,Mall of Istanbul,0.0
2023-01-25,Total powdered milk,Metrocity,0.0
2023-01-25,Total powdered milk,Metropol AVM,0.0
2023-01-25,Total powdered milk,Viaport Outlet,0.0
2023-01-25,Total powdered milk,Zorlu Center,0.0
2023-01-25,Yogurt,Cevahir AVM,2.0
2023-01-25,Yogurt,Emaar Square Mall,1.0
2023-01-25,Yogurt,Forum Istanbul,3.0
2023-01-25,Yogurt,Istinye Park,0.0
2023-01-25,Yogurt,Kanyon,0.0
2023-01-25,Yogurt,Mall of Istanbul,0.0
2023-01-25,Yogurt,Metrocity,5.0
2023-01-25,Yogurt,Metropol AVM,8.0
2023-01-25,Yogurt,Viaport Outlet,0.0
2023-01-25,Yogurt,Zorlu Center,0.0
2023-01-25,chocolate milk,Cevahir AVM,0.0
2023-01-25,chocolate milk,Emaar Square Mall,0.0
2023-01-25,chocolate milk,Forum Istanbul,0.0
2023-01-25,chocolate milk,Istinye Park,0.0
2023-01-25,chocolate milk,Kanyon,4.0
2023-01-25,chocolate milk,Mall of Istanbul,3.0
2023-01-25,chocolate milk,Metrocity,7.0
2023-01-25,chocolate milk,Metropol AVM,0.0
2023-01-25,chocolate milk,Viaport Outlet,0.0
2023-01-25,chocolate milk,Zorlu Center,0.0
2023-01-26,Butter,Cevahir AVM,0.0
2023-01-26,Butter,Emaar Square Mall,0.0
2023-01-26,Butter,Forum Istanbul,0.0
2023-01-26,Butter,Istinye Park,6.0
2023-01-26,Butter,Kanyon,10.0
2023-01-26,Butter,Mall of Istanbul,1.0
2023-01-26,Butter,Metrocity,0.0
2023-01-26,Butter,Metropol AVM,0.0
2023-01-26,Butter,Viaport Outlet,0.0
2023-01-26,Butter,Zorlu Center,0.0
2023-01-26,Cheese,Cevahir AVM,7.0
2023-01-26,Cheese,Emaar Square Mall,0.0
2023-01-26,Cheese,Forum Istanbul,0.0
2023-01-26,Cheese,Istinye Park,0.0
2023-01-26,Cheese,Kanyon,3.0
2023-01-26,Cheese,Mall of Istanbul,4.0
2023-01-26,Cheese,Metrocity,3.0
2023-01-26,Cheese,Metropol AVM,0.0
2023-01-26,Cheese,Viaport Outlet,0.0
2023-01-26,Cheese,Zorlu Center,0.0
2023-01-26,Condensed milk,Cevahir AVM,0.0
2023-01-26,Condensed milk,Emaar Square Mall,0.0
2023-01-26,Condensed milk,Forum Istanbul,5.0
2023-01-26,Condensed milk,Istinye Park,0.0
2023-01-26,Condensed milk,Kanyon,7.0
2023-01-26,Condensed milk,Mall of Istanbul,0.0
2023-01-26,Condensed milk,Metrocity,0.0
2023-01-26,Condensed milk,Metropol AVM,0.0
2023-01-26,Condensed milk,Viaport Outlet,0.0
2023-01-26,Condensed milk,Zorlu Center,0.0
2023-01-26,Cream,Cevahir AVM,0.0
2023-01-26,Cream,Emaar Square Mall,0.0
2023-01-26,Cream,Forum Istanbul,0.0
2023-01-26,Cream,Istinye Park,1.0
2023-01-26,Cream,Kanyon,9.0
2023-01-26,Cream,Mall of Istanbul,3.0
2023-01-26,Cream,Metrocity,0.0
2023-01-26,Cream,Metropol AVM,0.0
2023-01-26,Cream,Viaport Outlet,0.0
2023-01-26,Cream,Zorlu Center,0.0
2023-01-26,Cultured milk,Cevahir AVM,0.0
2023-01-26,Cultured milk,Emaar Square Mall,0.0
2023-01-26,Cultured milk,Forum Istanbul,3.0
2023-01-26,Cultured milk,Istinye Park,5.0
2023-01-26,Cultured milk,Kanyon,3.0
2023-01-26,Cultured milk,Mall of Istanbul,0.0
2023-01-26,Cultured milk,Metrocity,8.0
2023-01-26,Cultured milk,Metropol AVM,0.0
2023-01-26,Cultured milk,Viaport Outlet,0.0
2023-01-26,Cultured milk,Zorlu Center,0.0
2023-01-26,Evaporated milk,Cevahir AVM,4.0
2023-01-26,Evaporated milk,Emaar Square Mall,0.0
2023-01-26,Evaporated milk,Forum Istanbul,0.0
2023-01-26,Evaporated milk,Istinye Park,0.0
2023-01-26,Evaporated milk,Kanyon,3.0
2023-01-26,Evaporated milk,Mall of Istanbul,4.0
2023-01-26,Evaporated milk,Metrocity,5.0
2023-01-26,Evaporated milk,Metropol AVM,1.0
2023-01-26,Evaporated milk,Viaport Outlet,2.0
2023-01-26,Evaporated milk,Zorlu Center,0.0
2023-01-26,Flavored sterilized milk,Cevahir AVM,0.0
2023-01-26,Flavored sterilized milk,Emaar Square Mall,5.0
2023-01-26,Flavored sterilized milk,Forum Istanbul,0.0
2023-01-26,Flavored sterilized milk,Istinye Park,1.0
2023-01-26,Flavored sterilized milk,Kanyon,4.0
2023-01-26,Flavored sterilized milk,Mall of Istanbul,0.0
2023-01-26,Flavored sterilized milk,Metrocity,2.0
2023-01-26,Flavored sterilized milk,Metropol AVM,0.0
2023-01-26,Flavored sterilized milk,Viaport Outlet,0.0
2023-01-26,Flavored sterilized milk,Zorlu Center,1.0
2023-01-26,Modified milk,Cevahir AVM,0.0
2023-01-26,Modified milk,Emaar Square Mall,0.0
2023-01-26,Modified milk,Forum Istanbul,0.0
2023-01-26,Modified milk,Istinye Park,0.0
2023-01-26,Modified milk,Kanyon,0.0
2023-01-26,Modified milk,Mall of Istanbul,3.0
2023-01-26,Modified milk,Metrocity,4.0
2023-01-26,Modified milk,Metropol AVM,7.0
2023-01-26,Modified milk,Viaport Outlet,2.0
2023-01-26,Modified milk,Zorlu Center,0.0
2023-01-26,Pasteurized milk 2.5% mg,Cevahir AVM,0.0
2023-01-26,Pasteurized milk 2.5% mg,Emaar Square Mall,0.0
2023-01-26,Pasteurized milk 2.5% mg,Forum Istanbul,0.0
2023-01-26,Pasteurized milk 2.5% mg,Istinye Park,0.0
2023-01-26,Pasteurized milk 2.5% mg,Kanyon,5.0
2023-01-26,Pasteurized milk 2.5% mg,Mall of Istanbul,6.0
2023-01-26,Pasteurized milk 2.5% mg,Metrocity,0.0
2023-01-26,Pasteurized milk 2.5% mg,Metropol AVM,0.0
2023-01-26,Pasteurized milk 2.5% mg,Viaport Outlet,0.0
2023-01-26,Pasteurized milk 2.5% mg,Zorlu Center,1.0
2023-01-26,Pasteurized milk 3.0% mg,Cevahir AVM,4.0
2023-01-26,Pasteurized milk 3.0% mg,Emaar Square Mall,0.0
2023-01-26,Pasteurized milk 3.0% mg,Forum Istanbul,0.0
2023-01-26,Pasteurized milk 3.0% mg,Istinye Park,4.0
2023-01-26,Pasteurized milk 3.0% mg,Kanyon,1.0
2023-01-26,Pasteurized milk 3.0% mg,Mall of Istanbul,1.0
2023-01-26,Pasteurized milk 3.0% mg,Metrocity,0.0
2023-01-26,Pasteurized milk 3.0% mg,Metropol AVM,0.0
2023-01-26,Pasteurized milk 3.0% mg,Viaport Outlet,0.0
2023-01-26,Pasteurized milk 3.0% mg,Zorlu Center,4.0
2023-01-26,Powdered milk 12% mg,Cevahir AVM,0.0
2023-01-26,Powdered milk 12% mg,Emaar Square Mall,3.0
2023-01-26,Powdered milk 12% mg,Forum Istanbul,1.0
2023-01-26,Powdered milk 12% mg,Istinye Park,5.0
2023-01-26,Powdered milk 12% mg,Kanyon,0.0
2023-01-26,Powdered milk 12% mg,Mall of Istanbul,0.0
2023-01-26,Powdered milk 12% mg,Metrocity,1.0
2023-01-26,Powdered milk 12% mg,Metropol AVM,0.0
2023-01-26,Powdered milk 12% mg,Viaport Outlet,0.0
2023-01-26,Powdered milk 12% mg,Zorlu Center,0.0
2023-01-26,Powdered milk 18% mg,Cevahir AVM,0.0
2023-01-26,Powdered milk 18% mg,Emaar Square Mall,0.0
2023-01-26,Powdered milk 18% mg,Forum Istanbul,0.0
2023-01-26,Powdered milk 18% mg,Istinye Park,0.0
2023-01-26,Powdered milk 18% mg,Kanyon,2.0
2023-01-26,Powdered milk 18% mg,Mall of Istanbul,5.0
2023-01-26,Powdered milk 18% mg,Metrocity,0.0
2023-01-26,Powdered milk 18% mg,Metropol AVM,1.0
2023-01-26,Powdered milk 18% mg,Viaport Outlet,0.0
2023-01-26,Powdered milk 18% mg,Zorlu Center,0.0
2023-01-26,Powdered milk 20% mg,Cevahir AVM,0.0
2023-01-26,Powdered milk 20% mg,Emaar Square Mall,0.0
2023-01-26,Powdered milk 20% mg,Forum Istanbul,0.0
2023-01-26,Powdered milk 20% mg,Istinye Park,0.0
2023-01-26,Powdered milk 20% mg,Kanyon,2.0
2023-01-26,Powdered milk 20% mg,Mall of Istanbul,3.0
2023-01-26,Powdered milk 20% mg,Metrocity,4.0
2023-01-26,Powdered milk 20% mg,Metropol AVM,0.0
2023-01-26,Powdered milk 20% mg,Viaport Outlet,5.0
2023-01-26,Powdered milk 20% mg,Zorlu Center,0.0
2023-01-26,Powdered milk 26% mg,Cevahir AVM,0.0
2023-01-26,Powdered milk 26% mg,Emaar Square Mall,0.0
2023-01-26,Powdered milk 26% mg,Forum Istanbul,0.0
2023-01-26,Powdered milk 26% mg,Istinye Park,3.0
2023-01-26,Powdered milk 26% mg,Kanyon,8.0
2023-01-26,Powdered milk 26% mg,Mall of Istanbul,2.0
2023-01-26,Powdered milk 26% mg,Metrocity,0.0
2023-01-26,Powdered milk 26% mg,Metropol AVM,0.0
2023-01-26,Powdered milk 26% mg,Viaport Outlet,0.0
2023-01-26,Powdered milk 26% mg,Zorlu Center,3.0
2023-01-26,Powdered milk 28% mg,Cevahir AVM,1.0
2023-01-26,Powdered milk 28% mg,Emaar Square Mall,0.0
2023-01-26,Powdered milk 28% mg,Forum Istanbul,0.0
2023-01-26,Powdered milk 28% mg,Istinye Park,2.0
2023-01-26,Powdered milk 28% mg,Kanyon,5.0
2023-01-26,Powdered milk 28% mg,Mall of Istanbul,5.0
2023-01-26,Powdered milk 28% mg,Metrocity,5.0
2023-01-26,Powdered milk 28% mg,Metropol AVM,0.0
2023-01-26,Powdered milk 28% mg,Viaport Outlet,0.0
2023-01-26,Powdered milk 28% mg,Zorlu Center,0.0
2023-01-26,Powdered whey,Cevahir AVM,0.0
2023-01-26,Powdered whey,Emaar Square Mall,0.0
2023-01-26,Powdered whey,Forum Istanbul,0.0
2023-01-26,Powdered whey,Istinye Park,0.0
2023-01-26,Powdered whey,Kanyon,1.0
2023-01-26,Powdered whey,Mall of Istanbul,4.0
2023-01-26,Powdered whey,Metrocity,0.0
2023-01-26,Powdered whey,Metropol AVM,1.0
2023-01-26,Powdered whey,Viaport Outlet,6.0
2023-01-26,Powdered whey,Zorlu Center,4.0
2023-01-26,Skimmed pasteurized milk,Cevahir AVM,0.0
2023-01-26,Skimmed pasteurized milk,Emaar Square Mall,2.0
2023-01-26,Skimmed pasteurized milk,Forum Istanbul,0.0
2023-01-26,Skimmed pasteurized milk,Istinye Park,0.0
2023-01-26,Skimmed pasteurized milk,Kanyon,3.0
2023-01-26,Skimmed pasteurized milk,Mall of Istanbul,3.0
2023-01-26,Skimmed pasteurized milk,Metrocity,3.0
2023-01-26,Skimmed pasteurized milk,Metropol AVM,0.0
2023-01-26,Skimmed pasteurized milk,Viaport Outlet,0.0
2023-01-26,Skimmed pasteurized milk,Zorlu Center,0.0
2023-01-26,Skimmed powdered milk,Cevahir AVM,1.0
2023-01-26,Skimmed powdered milk,Emaar Square Mall,1.0
2023-01-26,Skimmed powdered milk,Forum Istanbul,0.0
2023-01-26,Skimmed powdered milk,Istinye Park,0.0
2023-01-26,Skimmed powdered milk,Kanyon,15.0
2023-01-26,Skimmed powdered milk,Mall of Istanbul,9.0
2023-01-26,Skimmed powdered milk,Metrocity,0.0
2023-01-26,Skimmed powdered milk,Metropol AVM,3.0
2023-01-26,Skimmed powdered milk,Viaport Outlet,0.0
2023-01-26,Skimmed powdered milk,Zorlu Center,5.0
2023-01-26,Small cheese,Cevahir AVM,0.0
2023-01-26,Small cheese,Emaar Square Mall,0.0
2023-01-26,Small cheese,Forum Istanbul,0.0
2023-01-26,Small cheese,Istinye Park,0.0
2023-01-26,Small cheese,Kanyon,1.0
2023-01-26,Small cheese,Mall of Istanbul,0.0
2023-01-26,Small cheese,Metrocity,2.0
2023-01-26,Small cheese,Metropol AVM,0.0
2023-01-26,Small cheese,Viaport Outlet,0.0
2023-01-26,Small cheese,Zorlu Center,0.0
2023-01-26,Sterilized semi-skimmed milk,Cevahir AVM,0.0
2023-01-26,Sterilized semi-skimmed milk,Emaar Square Mall,0.0
2023-01-26,Sterilized semi-skimmed milk,Forum Istanbul,5.0
2023-01-26,Sterilized semi-skimmed milk,Istinye Park,3.0
2023-01-26,Sterilized semi-skimmed milk,Kanyon,5.0
2023-01-26,Sterilized semi-skimmed milk,Mall of Istanbul,8.0
2023-01-26,Sterilized semi-skimmed milk,Metrocity,0.0
2023-01-26,Sterilized semi-skimmed milk,Metropol AVM,0.0
2023-01-26,Sterilized semi-skimmed milk,Viaport Outlet,0.0
2023-01-26,Sterilized semi-skimmed milk,Zorlu Center,0.0
2023-01-26,Sterilized skimmed milk,Cevahir AVM,0.0
2023-01-26,Sterilized skimmed milk,Emaar Square Mall,0.0
2023-01-26,Sterilized skimmed milk,Forum Istanbul,0.0
2023-01-26,Sterilized skimmed milk,Istinye Park,1.0
2023-01-26,Sterilized skimmed milk,Kanyon,2.0
2023-01-26,Sterilized skimmed milk,Mall of Istanbul,0.0
2023-01-26,Sterilized skimmed milk,Metrocity,0.0
2023-01-26,Sterilized skimmed milk,Metropol AVM,0.0
2023-01-26,Sterilized skimmed milk,Viaport Outlet,0.0
2023-01-26,Sterilized skimmed milk,Zorlu Center,0.0
2023-01-26,Sterilized whole milk,Cevahir AVM,4.0
2023-01-26,Sterilized whole milk,Emaar Square Mall,3.0
2023-01-26,Sterilized whole milk,Forum Istanbul,0.0
2023-01-26,Sterilized whole milk,Istinye Park,0.0
2023-01-26,Sterilized whole milk,Kanyon,3.0
2023-01-26,Sterilized whole milk,Mall of Istanbul,4.0
2023-01-26,Sterilized whole milk,Metrocity,0.0
2023-01-26,Sterilized whole milk,Metropol AVM,0.0
2023-01-26,Sterilized whole milk,Viaport Outlet,0.0
2023-01-26,Sterilized whole milk,Zorlu Center,0.0
2023-01-26,Sweetened condensed milk,Cevahir AVM,0.0
2023-01-26,Sweetened condensed milk,Emaar Square Mall,0.0
2023-01-26,Sweetened condensed milk,Forum Istanbul,0.0
2023-01-26,Sweetened condensed milk,Istinye Park,10.0
2023-01-26,Sweetened condensed milk,Kanyon,0.0
2023-01-26,Sweetened condensed milk,Mall of Istanbul,0.0
2023-01-26,Sweetened condensed milk,Metrocity,4.0
2023-01-26,Sweetened condensed milk,Metropol AVM,5.0
2023-01-26,Sweetened condensed milk,Viaport Outlet,0.0
2023-01-26,Sweetened condensed milk,Zorlu Center,0.0
2023-01-26,Total powdered milk,Cevahir AVM,0.0
2023-01-26,Total powdered milk,Emaar Square Mall,0.0
2023-01-26,Total powdered milk,Forum Istanbul,0.0
2023-01-26,Total powdered milk,Istinye Park,0.0
2023-01-26,Total powdered milk,Kanyon,2.0
2023-01-26,Total powdered milk,Mall of Istanbul,1.0
2023-01-26,Total powdered milk,Metrocity,0.0
2023-01-26,Total powdered milk,Metropol AVM,5.0
2023-01-26,Total powdered milk,Viaport Outlet,0.0
2023-01-26,Total powdered milk,Zorlu Center,2.0
2023-01-26,Yogurt,Cevahir AVM,0.0
2023-01-26,Yogurt,Emaar Square Mall,0.0
2023-01-26,Yogurt,Forum Istanbul,0.0
2023-01-26,Yogurt,Istinye Park,0.0
2023-01-26,Yogurt,Kanyon,7.0
2023-01-26,Yogurt,Mall of Istanbul,4.0
2023-01-26,Yogurt,Metrocity,0.0
2023-01-26,Yogurt,Metropol AVM,3.0
2023-01-26,Yogurt,Viaport Outlet,0.0
2023-01-26,Yogurt,Zorlu Center,0.0
2023-01-26,chocolate milk,Cevahir AVM,0.0
2023-01-26,chocolate milk,Emaar Square Mall,0.0
2023-01-26,chocolate milk,Forum Istanbul,0.0
2023-01-26,chocolate milk,Istinye Park,1.0
2023-01-26,chocolate milk,Kanyon,5.0
2023-01-26,chocolate milk,Mall of Istanbul,0.0
2023-01-26,chocolate milk,Metrocity,4.0
2023-01-26,chocolate milk,Metropol AVM,0.0
2023-01-26,chocolate milk,Viaport Outlet,0.0
2023-01-26,chocolate milk,Zorlu Center,0.0
2023-01-27,Butter,Cevahir AVM,0.0
2023-01-27,Butter,Emaar Square Mall,0.0
2023-01-27,Butter,Forum Istanbul,0.0
2023-01-27,Butter,Istinye Park,4.0
2023-01-27,Butter,Kanyon,3.0
2023-01-27,Butter,Mall of Istanbul,4.0
2023-01-27,Butter,Metrocity,0.0
2023-01-27,Butter,Metropol AVM,3.0
2023-01-27,Butter,Viaport Outlet,0.0
2023-01-27,Butter,Zorlu Center,0.0
2023-01-27,Cheese,Cevahir AVM,0.0
2023-01-27,Cheese,Emaar Square Mall,0.0
2023-01-27,Cheese,Forum Istanbul,2.0
2023-01-27,Cheese,Istinye Park,5.0
2023-01-27,Cheese,Kanyon,7.0
2023-01-27,Cheese,Mall of Istanbul,3.0
2023-01-27,Cheese,Metrocity,0.0
2023-01-27,Cheese,Metropol AVM,0.0
2023-01-27,Cheese,Viaport Outlet,2.0
2023-01-27,Cheese,Zorlu Center,0.0
2023-01-27,Condensed milk,Cevahir AVM,0.0
2023-01-27,Condensed milk,Emaar Square Mall,0.0
2023-01-27,Condensed milk,Forum Istanbul,0.0
2023-01-27,Condensed milk,Istinye Park,0.0
2023-01-27,Condensed milk,Kanyon,1.0
2023-01-27,Condensed milk,Mall of Istanbul,1.0
2023-01-27,Condensed milk,Metrocity,0.0
2023-01-27,Condensed milk,Metropol AVM,0.0
2023-01-27,Condensed milk,Viaport Outlet,0.0
2023-01-27,Condensed milk,Zorlu Center,0.0
2023-01-27,Cream,Cevahir AVM,0.0
2023-01-27,Cream,Emaar Square Mall,0.0
2023-01-27,Cream,Forum Istanbul,0.0
2023-01-27,Cream,Istinye Park,7.0
2023-01-27,Cream,Kanyon,0.0
2023-01-27,Cream,Mall of Istanbul,8.0
2023-01-27,Cream,Metrocity,5.0
2023-01-27,Cream,Metropol AVM,5.0
2023-01-27,Cream,Viaport Outlet,0.0
2023-01-27,Cream,Zorlu Center,0.0
2023-01-27,Cultured milk,Cevahir AVM,0.0
2023-01-27,Cultured milk,Emaar Square Mall,0.0
2023-01-27,Cultured milk,Forum Istanbul,0.0
2023-01-27,Cultured milk,Istinye Park,0.0
2023-01-27,Cultured milk,Kanyon,0.0
2023-01-27,Cultured milk,Mall of Istanbul,1.0
2023-01-27,Cultured milk,Metrocity,3.0
2023-01-27,Cultured milk,Metropol AVM,2.0
2023-01-27,Cultured milk,Viaport Outlet,0.0
2023-01-27,Cultured milk,Zorlu Center,0.0
2023-01-27,Evaporated milk,Cevahir AVM,0.0
2023-01-27,Evaporated milk,Emaar Square Mall,0.0
2023-01-27,Evaporated milk,Forum Istanbul,3.0
2023-01-27,Evaporated milk,Istinye Park,8.0
2023-01-27,Evaporated milk,Kanyon,4.0
2023-01-27,Evaporated milk,Mall of Istanbul,12.0
2023-01-27,Evaporated milk,Metrocity,4.0
2023-01-27,Evaporated milk,Metropol AVM,2.0
2023-01-27,Evaporated milk,Viaport Outlet,0.0
2023-01-27,Evaporated milk,Zorlu Center,5.0
2023-01-27,Flavored sterilized milk,Cevahir AVM,0.0
2023-01-27,Flavored sterilized milk,Emaar Square Mall,1.0
2023-01-27,Flavored sterilized milk,Forum Istanbul,0.0
2023-01-27,Flavored sterilized milk,Istinye Park,5.0
2023-01-27,Flavored sterilized milk,Kanyon,2.0
2023-01-27,Flavored sterilized milk,Mall of Istanbul,0.0
2023-01-27,Flavored sterilized milk,Metrocity,0.0
2023-01-27,Flavored sterilized milk,Metropol AVM,0.0
2023-01-27,Flavored sterilized milk,Viaport Outlet,2.0
2023-01-27,Flavored sterilized milk,Zorlu Center,0.0
2023-01-27,Modified milk,Cevahir AVM,0.0
2023-01-27,Modified milk,Emaar Square Mall,2.0
2023-01-27,Modified milk,Forum Istanbul,5.0
2023-01-27,Modified milk,Istinye Park,0.0
2023-01-27,Modified milk,Kanyon,1.0
2023-01-27,Modified milk,Mall of Istanbul,3.0
2023-01-27,Modified milk,Metrocity,5.0
2023-01-27,Modified milk,Metropol AVM,0.0
2023-01-27,Modified milk,Viaport Outlet,0.0
2023-01-27,Modified milk,Zorlu Center,0.0
2023-01-27,Pasteurized milk 2.5% mg,Cevahir AVM,0.0
2023-01-27,Pasteurized milk 2.5% mg,Emaar Square Mall,0.0
2023-01-27,Pasteurized milk 2.5% mg,Forum Istanbul,0.0
2023-01-27,Pasteurized milk 2.5% mg,Istinye Park,3.0
2023-01-27,Pasteurized milk 2.5% mg,Kanyon,0.0
2023-01-27,Pasteurized milk 2.5% mg,Mall of Istanbul,5.0
2023-01-27,Pasteurized milk 2.5% mg,Metrocity,1.0
2023-01-27,Pasteurized milk 2.5% mg,Metropol AVM,5.0
2023-01-27,Pasteurized milk 2.5% mg,Viaport Outlet,5.0
2023-01-27,Pasteurized milk 2.5% mg,Zorlu Center,0.0
2023-01-27,Pasteurized milk 3.0% mg,Cevahir AVM,0.0
2023-01-27,Pasteurized milk 3.0% mg,Emaar Square Mall,0.0
2023-01-27,Pasteurized milk 3.0% mg,Forum Istanbul,0.0
2023-01-27,Pasteurized milk 3.0% mg,Istinye Park,0.0
2023-01-27,Pasteurized milk 3.0% mg,Kanyon,4.0
2023-01-27,Pasteurized milk 3.0% mg,Mall of Istanbul,14.0
2023-01-27,Pasteurized milk 3.0% mg,Metrocity,3.0
2023-01-27,Pasteurized milk 3.0% mg,Metropol AVM,0.0
2023-01-27,Pasteurized milk 3.0% mg,Viaport Outlet,0.0
2023-01-27,Pasteurized milk 3.0% mg,Zorlu Center,3.0
2023-01-27,Powdered milk 12% mg,Cevahir AVM,3.0
2023-01-27,Powdered milk 12% mg,Emaar Square Mall,0.0
2023-01-27,Powdered milk 12% mg,Forum Istanbul,0.0
2023-01-27,Powdered milk 12% mg,Istinye Park,0.0
2023-01-27,Powdered milk 12% mg,Kanyon,1.0
2023-01-27,Powdered milk 12% mg,Mall of Istanbul,0.0
2023-01-27,Powdered milk 12% mg,Metrocity,0.0
2023-01-27,Powdered milk 12% mg,Metropol AVM,0.0
2023-01-27,Powdered milk 12% mg,Viaport Outlet,0.0
2023-01-27,Powdered milk 12% mg,Zorlu Center,0.0
2023-01-27,Powdered milk 18% mg,Cevahir AVM,0.0
2023-01-27,Powdered milk 18% mg,Emaar Square Mall,0.0
2023-01-27,Powdered milk 18% mg,Forum Istanbul,0.0
2023-01-27,Powdered milk 18% mg,Istinye Park,0.0
2023-01-27,Powdered milk 18% mg,Kanyon,0.0
2023-01-27,Powdered milk 18% mg,Mall of Istanbul,1.0
2023-01-27,Powdered milk 18% mg,Metrocity,0.0
2023-01-27,Powdered milk 18% mg,Metropol AVM,6.0
2023-01-27,Powdered milk 18% mg,Viaport Outlet,5.0
2023-01-27,Powdered milk 18% mg,Zorlu Center,3.0
2023-01-27,Powdered milk 20% mg,Cevahir AVM,0.0
2023-01-27,Powdered milk 20% mg,Emaar Square Mall,2.0
2023-01-27,Powdered milk 20% mg,Forum Istanbul,0.0
2023-01-27,Powdered milk 20% mg,Istinye Park,0.0
2023-01-27,Powdered milk 20% mg,Kanyon,8.0
2023-01-27,Powdered milk 20% mg,Mall of Istanbul,5.0
2023-01-27,Powdered milk 20% mg,Metrocity,6.0
2023-01-27,Powdered milk 20% mg,Metropol AVM,4.0
2023-01-27,Powdered milk 20% mg,Viaport Outlet,0.0
2023-01-27,Powdered milk 20% mg,Zorlu Center,0.0
2023-01-27,Powdered milk 26% mg,Cevahir AVM,0.0
2023-01-27,Powdered milk 26% mg,Emaar Square Mall,2.0
2023-01-27,Powdered milk 26% mg,Forum Istanbul,0.0
2023-01-27,Powdered milk 26% mg,Istinye Park,0.0
2023-01-27,Powdered milk 26% mg,Kanyon,0.0
2023-01-27,Powdered milk 26% mg,Mall of Istanbul,2.0
2023-01-27,Powdered milk 26% mg,Metrocity,0.0
2023-01-27,Powdered milk 26% mg,Metropol AVM,0.0
2023-01-27,Powdered milk 26% mg,Viaport Outlet,0.0
2023-01-27,Powdered milk 26% mg,Zorlu Center,0.0
2023-01-27,Powdered milk 28% mg,Cevahir AVM,0.0
2023-01-27,Powdered milk 28% mg,Emaar Square Mall,0.0
2023-01-27,Powdered milk 28% mg,Forum Istanbul,0.0
2023-01-27,Powdered milk 28% mg,Istinye Park,0.0
2023-01-27,Powdered milk 28% mg,Kanyon,1.0
2023-01-27,Powdered milk 28% mg,Mall of Istanbul,0.0
2023-01-27,Powdered milk 28% mg,Metrocity,5.0
2023-01-27,Powdered milk 28% mg,Metropol AVM,0.0
2023-01-27,Powdered milk 28% mg,Viaport Outlet,0.0
2023-01-27,Powdered milk 28% mg,Zorlu Center,0.0
2023-01-27,Powdered whey,Cevahir AVM,0.0
2023-01-27,Powdered whey,Emaar Square Mall,0.0
2023-01-27,Powdered whey,Forum Istanbul,0.0
2023-01-27,Powdered whey,Istinye Park,0.0
2023-01-27,Powdered whey,Kanyon,0.0
2023-01-27,Powdered whey,Mall of Istanbul,3.0
2023-01-27,Powdered whey,Metrocity,0.0
2023-01-27,Powdered whey,Metropol AVM,0.0
2023-01-27,Powdered whey,Viaport Outlet,0.0
2023-01-27,Powdered whey,Zorlu Center,0.0
2023-01-27,Skimmed pasteurized milk,Cevahir AVM,3.0
2023-01-27,Skimmed pasteurized milk,Emaar Square Mall,0.0
2023-01-27,Skimmed pasteurized milk,Forum Istanbul,0.0
2023-01-27,Skimmed pasteurized milk,Istinye Park,0.0
2023-01-27,Skimmed pasteurized milk,Kanyon,2.0
2023-01-27,Skimmed pasteurized milk,Mall of Istanbul,0.0
2023-01-27,Skimmed pasteurized milk,Metrocity,4.0
2023-01-27,Skimmed pasteurized milk,Metropol AVM,0.0
2023-01-27,Skimmed pasteurized milk,Viaport Outlet,0.0
2023-01-27,Skimmed pasteurized milk,Zorlu Center,2.0
2023-01-27,Skimmed powdered milk,Cevahir AVM,0.0
2023-01-27,Skimmed powdered milk,Emaar Square Mall,0.0
2023-01-27,Skimmed powdered milk,Forum Istanbul,0.0
2023-01-27,Skimmed powdered milk,Istinye Park,2.0
2023-01-27,Skimmed powdered milk,Kanyon,1.0
2023-01-27,Skimmed powdered milk,Mall of Istanbul,2.0
2023-01-27,Skimmed powdered milk,Metrocity,0.0
2023-01-27,Skimmed powdered milk,Metropol AVM,0.0
2023-01-27,Skimmed powdered milk,Viaport Outlet,0.0
2023-01-27,Skimmed powdered milk,Zorlu Center,2.0
2023-01-27,Small cheese,Cevahir AVM,0.0
2023-01-27,Small cheese,Emaar Square Mall,1.0
2023-01-27,Small cheese,Forum Istanbul,0.0
2023-01-27,Small cheese,Istinye Park,0.0
2023-01-27,Small cheese,Kanyon,1.0
2023-01-27,Small cheese,Mall of Istanbul,3.0
2023-01-27,Small cheese,Metrocity,0.0
2023-01-27,Small cheese,Metropol AVM,4.0
2023-01-27,Small cheese,Viaport Outlet,0.0
2023-01-27,Small cheese,Zorlu Center,0.0
2023-01-27,Sterilized semi-skimmed milk,Cevahir AVM,0.0
2023-01-27,Sterilized semi-skimmed milk,Emaar Square Mall,0.0
2023-01-27,Sterilized semi-skimmed milk,Forum Istanbul,0.0
2023-01-27,Sterilized semi-skimmed milk,Istinye Park,0.0
2023-01-27,Sterilized semi-skimmed milk,Kanyon,10.0
2023-01-27,Sterilized semi-skimmed milk,Mall of Istanbul,0.0
2023-01-27,Sterilized semi-skimmed milk,Metrocity,5.0
2023-01-27,Sterilized semi-skimmed milk,Metropol AVM,4.0
2023-01-27,Sterilized semi-skimmed milk,Viaport Outlet,0.0
2023-01-27,Sterilized semi-skimmed milk,Zorlu Center,0.0
2023-01-27,Sterilized skimmed milk,Cevahir AVM,5.0
2023-01-27,Sterilized skimmed milk,Emaar Square Mall,0.0
2023-01-27,Sterilized skimmed milk,Forum Istanbul,2.0
2023-01-27,Sterilized skimmed milk,Istinye Park,0.0
2023-01-27,Sterilized skimmed milk,Kanyon,1.0
2023-01-27,Sterilized skimmed milk,Mall of Istanbul,0.0
2023-01-27,Sterilized skimmed milk,Metrocity,6.0
2023-01-27,Sterilized skimmed milk,Metropol AVM,0.0
2023-01-27,Sterilized skimmed milk,Viaport Outlet,0.0
2023-01-27,Sterilized skimmed milk,Zorlu Center,0.0
2023-01-27,Sterilized whole milk,Cevahir AVM,0.0
2023-01-27,Sterilized whole milk,Emaar Square Mall,0.0
2023-01-27,Sterilized whole milk,Forum Istanbul,0.0
2023-01-27,Sterilized whole milk,Istinye Park,0.0
2023-01-27,Sterilized whole milk,Kanyon,7.0
2023-01-27,Sterilized whole milk,Mall of Istanbul,7.0
2023-01-27,Sterilized whole milk,Metrocity,0.0
2023-01-27,Sterilized whole milk,Metropol AVM,4.0
2023-01-27,Sterilized whole milk,Viaport Outlet,0.0
2023-01-27,Sterilized whole milk,Zorlu Center,0.0
2023-01-27,Sweetened condensed milk,Cevahir AVM,0.0
2023-01-27,Sweetened condensed milk,Emaar Square Mall,0.0
2023-01-27,Sweetened condensed milk,Forum Istanbul,0.0
2023-01-27,Sweetened condensed milk,Istinye Park,0.0
2023-01-27,Sweetened condensed milk,Kanyon,11.0
2023-01-27,Sweetened condensed milk,Mall of Istanbul,3.0
2023-01-27,Sweetened condensed milk,Metrocity,0.0
2023-01-27,Sweetened condensed milk,Metropol AVM,5.0
2023-01-27,Sweetened condensed milk,Viaport Outlet,0.0
2023-01-27,Sweetened condensed milk,Zorlu Center,1.0
2023-01-27,Total powdered milk,Cevahir AVM,4.0
2023-01-27,Total powdered milk,Emaar Square Mall,0.0
2023-01-27,Total powdered milk,Forum Istanbul,0.0
2023-01-27,Total powdered milk,Istinye Park,8.0
2023-01-27,Total powdered milk,Kanyon,0.0
2023-01-27,Total powdered milk,Mall of Istanbul,5.0
2023-01-27,Total powdered milk,Metrocity,0.0
2023-01-27,Total powdered milk,Metropol AVM,1.0
2023-01-27,Total powdered milk,Viaport Outlet,0.0
2023-01-27,Total powdered milk,Zorlu Center,0.0
2023-01-27,Yogurt,Cevahir AVM,0.0
2023-01-27,Yogurt,Emaar Square Mall,0.0
2023-01-27,Yogurt,Forum Istanbul,5.0
2023-01-27,Yogurt,Istinye Park,4.0
2023-01-27,Yogurt,Kanyon,5.0
2023-01-27,Yogurt,Mall of Istanbul,11.0
2023-01-27,Yogurt,Metrocity,4.0
2023-01-27,Yogurt,Metropol AVM,0.0
2023-01-27,Yogurt,Viaport Outlet,0.0
2023-01-27,Yogurt,Zorlu Center,0.0
2023-01-27,chocolate milk,Cevahir AVM,4.0
2023-01-27,chocolate milk,Emaar Square Mall,0.0
2023-01-27,chocolate milk,Forum Istanbul,0.0
2023-01-27,chocolate milk,Istinye Park,5.0
2023-01-27,chocolate milk,Kanyon,5.0
2023-01-27,chocolate milk,Mall of Istanbul,0.0
2023-01-27,chocolate milk,Metrocity,3.0
2023-01-27,chocolate milk,Metropol AVM,0.0
2023-01-27,chocolate milk,Viaport Outlet,0.0
2023-01-27,chocolate milk,Zorlu Center,0.0
2023-01-28,Butter,Cevahir AVM,0.0
2023-01-28,Butter,Emaar Square Mall,0.0
2023-01-28,Butter,Forum Istanbul,0.0
2023-01-28,Butter,Istinye Park,0.0
2023-01-28,Butter,Kanyon,2.0
2023-01-28,Butter,Mall of Istanbul,13.0
2023-01-28,Butter,Metrocity,3.0
2023-01-28,Butter,Metropol AVM,0.0
2023-01-28,Butter,Viaport Outlet,0.0
2023-01-28,Butter,Zorlu Center,0.0
2023-01-28,Cheese,Cevahir AVM,0.0
2023-01-28,Cheese,Emaar Square Mall,0.0
2023-01-28,Cheese,Forum Istanbul,3.0
2023-01-28,Cheese,Istinye Park,3.0
2023-01-28,Cheese,Kanyon,0.0
2023-01-28,Cheese,Mall of Istanbul,0.0
2023-01-28,Cheese,Metrocity,7.0
2023-01-28,Cheese,Metropol AVM,9.0
2023-01-28,Cheese,Viaport Outlet,0.0
2023-01-28,Cheese,Zorlu Center,0.0
2023-01-28,Condensed milk,Cevahir AVM,0.0
2023-01-28,Condensed milk,Emaar Square Mall,0.0
2023-01-28,Condensed milk,Forum Istanbul,0.0
2023-01-28,Condensed milk,Istinye Park,5.0
2023-01-28,Condensed milk,Kanyon,6.0
2023-01-28,Condensed milk,Mall of Istanbul,1.0
2023-01-28,Condensed milk,Metrocity,7.0
2023-01-28,Condensed milk,Metropol AVM,0.0
2023-01-28,Condensed milk,Viaport Outlet,0.0
2023-01-28,Condensed milk,Zorlu Center,0.0
2023-01-28,Cream,Cevahir AVM,0.0
2023-01-28,Cream,Emaar Square Mall,0.0
2023-01-28,Cream,Forum Istanbul,0.0
2023-01-28,Cream,Istinye Park,6.0
2023-01-28,Cream,Kanyon,0.0
2023-01-28,Cream,Mall of Istanbul,3.0
2023-01-28,Cream,Metrocity,0.0
2023-01-28,Cream,Metropol AVM,0.0
2023-01-28,Cream,Viaport Outlet,0.0
2023-01-28,Cream,Zorlu Center,0.0
2023-01-28,Cultured milk,Cevahir AVM,0.0
2023-01-28,Cultured milk,Emaar Square Mall,0.0
2023-01-28,Cultured milk,Forum Istanbul,0.0
2023-01-28,Cultured milk,Istinye Park,4.0
2023-01-28,Cultured milk,Kanyon,0.0
2023-01-28,Cultured milk,Mall of Istanbul,0.0
2023-01-28,Cultured milk,Metrocity,0.0
2023-01-28,Cultured milk,Metropol AVM,3.0
2023-01-28,Cultured milk,Viaport Outlet,0.0
2023-01-28,Cultured milk,Zorlu Center,0.0
2023-01-28,Evaporated milk,Cevahir AVM,1.0
2023-01-28,Evaporated milk,Emaar Square Mall,0.0
2023-01-28,Evaporated milk,Forum Istanbul,0.0
2023-01-28,Evaporated milk,Istinye Park,0.0
2023-01-28,Evaporated milk,Kanyon,0.0
2023-01-28,Evaporated milk,Mall of Istanbul,0.0
2023-01-28,Evaporated milk,Metrocity,3.0
2023-01-28,Evaporated milk,Metropol AVM,0.0
2023-01-28,Evaporated milk,Viaport Outlet,0.0
2023-01-28,Evaporated milk,Zorlu Center,5.0
2023-01-28,Flavored sterilized milk,Cevahir AVM,3.0
2023-01-28,Flavored sterilized milk,Emaar Square Mall,2.0
2023-01-28,Flavored sterilized milk,Forum Istanbul,0.0
2023-01-28,Flavored sterilized milk,Istinye Park,5.0
2023-01-28,Flavored sterilized milk,Kanyon,3.0
2023-01-28,Flavored sterilized milk,Mall of Istanbul,1.0
2023-01-28,Flavored sterilized milk,Metrocity,2.0
2023-01-28,Flavored sterilized milk,Metropol AVM,0.0
2023-01-28,Flavored sterilized milk,Viaport Outlet,0.0
2023-01-28,Flavored sterilized milk,Zorlu Center,0.0
2023-01-28,Modified milk,Cevahir AVM,4.0
2023-01-28,Modified milk,Emaar Square Mall,0.0
2023-01-28,Modified milk,Forum Istanbul,0.0
2023-01-28,Modified milk,Istinye Park,0.0
2023-01-28,Modified milk,Kanyon,0.0
2023-01-28,Modified milk,Mall of Istanbul,7.0
2023-01-28,Modified milk,Metrocity,0.0
2023-01-28,Modified milk,Metropol AVM,0.0
2023-01-28,Modified milk,Viaport Outlet,0.0
2023-01-28,Modified milk,Zorlu Center,4.0
2023-01-28,Pasteurized milk 2.5% mg,Cevahir AVM,3.0
2023-01-28,Pasteurized milk 2.5% mg,Emaar Square Mall,7.0
2023-01-28,Pasteurized milk 2.5% mg,Forum Istanbul,2.0
2023-01-28,Pasteurized milk 2.5% mg,Istinye Park,0.0
2023-01-28,Pasteurized milk 2.5% mg,Kanyon,0.0
2023-01-28,Pasteurized milk 2.5% mg,Mall of Istanbul,0.0
2023-01-28,Pasteurized milk 2.5% mg,Metrocity,5.0
2023-01-28,Pasteurized milk 2.5% mg,Metropol AVM,0.0
2023-01-28,Pasteurized milk 2.5% mg,Viaport Outlet,0.0
2023-01-28,Pasteurized milk 2.5% mg,Zorlu Center,0.0
2023-01-28,Pasteurized milk 3.0% mg,Cevahir AVM,0.0
2023-01-28,Pasteurized milk 3.0% mg,Emaar Square Mall,0.0
2023-01-28,Pasteurized milk 3.0% mg,Forum Istanbul,3.0
2023-01-28,Pasteurized milk 3.0% mg,Istinye Park,0.0
2023-01-28,Pasteurized milk 3.0% mg,Kanyon,8.0
2023-01-28,Pasteurized milk 3.0% mg,Mall of Istanbul,0.0
2023-01-28,Pasteurized milk 3.0% mg,Metrocity,5.0
2023-01-28,Pasteurized milk 3.0% mg,Metropol AVM,0.0
2023-01-28,Pasteurized milk 3.0% mg,Viaport Outlet,0.0
2023-01-28,Pasteurized milk 3.0% mg,Zorlu Center,0.0
2023-01-28,Powdered milk 12% mg,Cevahir AVM,5.0
2023-01-28,Powdered milk 12% mg,Emaar Square Mall,0.0
2023-01-28,Powdered milk 12% mg,Forum Istanbul,2.0
2023-01-28,Powdered milk 12% mg,Istinye Park,0.0
2023-01-28,Powdered milk 12% mg,Kanyon,5.0
2023-01-28,Powdered milk 12% mg,Mall of Istanbul,4.0
2023-01-28,Powdered milk 12% mg,Metrocity,0.0
2023-01-28,Powdered milk 12% mg,Metropol AVM,0.0
2023-01-28,Powdered milk 12% mg,Viaport Outlet,0.0
2023-01-28,Powdered milk 12% mg,Zorlu Center,0.0
2023-01-28,Powdered milk 18% mg,Cevahir AVM,0.0
2023-01-28,Powdered milk 18% mg,Emaar Square Mall,0.0
2023-01-28,Powdered milk 18% mg,Forum Istanbul,5.0
2023-01-28,Powdered milk 18% mg,Istinye Park,3.0
2023-01-28,Powdered milk 18% mg,Kanyon,4.0
2023-01-28,Powdered milk 18% mg,Mall of Istanbul,7.0
2023-01-28,Powdered milk 18% mg,Metrocity,3.0
2023-01-28,Powdered milk 18% mg,Metropol AVM,0.0
2023-01-28,Powdered milk 18% mg,Viaport Outlet,0.0
2023-01-28,Powdered milk 18% mg,Zorlu Center,0.0
2023-01-28,Powdered milk 20% mg,Cevahir AVM,0.0
2023-01-28,Powdered milk 20% mg,Emaar Square Mall,0.0
2023-01-28,Powdered milk 20% mg,Forum Istanbul,3.0
2023-01-28,Powdered milk 20% mg,Istinye Park,0.0
2023-01-28,Powdered milk 20% mg,Kanyon,1.0
2023-01-28,Powdered milk 20% mg,Mall of Istanbul,0.0
2023-01-28,Powdered milk 20% mg,Metrocity,0.0
2023-01-28,Powdered milk 20% mg,Metropol AVM,5.0
2023-01-28,Powdered milk 20% mg,Viaport Outlet,0.0
2023-01-28,Powdered milk 20% mg,Zorlu Center,0.0
2023-01-28,Powdered milk 26% mg,Cevahir AVM,0.0
2023-01-28,Powdered milk 26% mg,Emaar Square Mall,0.0
2023-01-28,Powdered milk 26% mg,Forum Istanbul,0.0
2023-01-28,Powdered milk 26% mg,Istinye Park,2.0
2023-01-28,Powdered milk 26% mg,Kanyon,5.0
2023-01-28,Powdered milk 26% mg,Mall of Istanbul,4.0
2023-01-28,Powdered milk 26% mg,Metrocity,5.0
2023-01-28,Powdered milk 26% mg,Metropol AVM,0.0
2023-01-28,Powdered milk 26% mg,Viaport Outlet,0.0
2023-01-28,Powdered milk 26% mg,Zorlu Center,3.0
2023-01-28,Powdered milk 28% mg,Cevahir AVM,0.0
2023-01-28,Powdered milk 28% mg,Emaar Square Mall,0.0
2023-01-28,Powdered milk 28% mg,Forum Istanbul,0.0
2023-01-28,Powdered milk 28% mg,Istinye Park,7.0
2023-01-28,Powdered milk 28% mg,Kanyon,7.0
2023-01-28,Powdered milk 28% mg,Mall of Istanbul,1.0
2023-01-28,Powdered milk 28% mg,Metrocity,0.0
2023-01-28,Powdered milk 28% mg,Metropol AVM,0.0
2023-01-28,Powdered milk 28% mg,Viaport Outlet,0.0
2023-01-28,Powdered milk 28% mg,Zorlu Center,2.0
2023-01-28,Powdered whey,Cevahir AVM,0.0
2023-01-28,Powdered whey,Emaar Square Mall,0.0
2023-01-28,Powdered whey,Forum Istanbul,0.0
2023-01-28,Powdered whey,Istinye Park,0.0
2023-01-28,Powdered whey,Kanyon,4.0
2023-01-28,Powdered whey,Mall of Istanbul,0.0
2023-01-28,Powdered whey,Metrocity,0.0
2023-01-28,Powdered whey,Metropol AVM,6.0
2023-01-28,Powdered whey,Viaport Outlet,0.0
2023-01-28,Powdered whey,Zorlu Center,0.0
2023-01-28,Skimmed pasteurized milk,Cevahir AVM,0.0
2023-01-28,Skimmed pasteurized milk,Emaar Square Mall,3.0
2023-01-28,Skimmed pasteurized milk,Forum Istanbul,0.0
2023-01-28,Skimmed pasteurized milk,Istinye Park,0.0
2023-01-28,Skimmed pasteurized milk,Kanyon,5.0
2023-01-28,Skimmed pasteurized milk,Mall of Istanbul,4.0
2023-01-28,Skimmed pasteurized milk,Metrocity,0.0
2023-01-28,Skimmed pasteurized milk,Metropol AVM,0.0
2023-01-28,Skimmed pasteurized milk,Viaport Outlet,0.0
2023-01-28,Skimmed pasteurized milk,Zorlu Center,0.0
2023-01-28,Skimmed powdered milk,Cevahir AVM,0.0
2023-01-28,Skimmed powdered milk,Emaar Square Mall,1.0
2023-01-28,Skimmed powdered milk,Forum Istanbul,4.0
2023-01-28,Skimmed powdered milk,Istinye Park,0.0
2023-01-28,Skimmed powdered milk,Kanyon,5.0
2023-01-28,Skimmed powdered milk,Mall of Istanbul,5.0
2023-01-28,Skimmed powdered milk,Metrocity,0.0
2023-01-28,Skimmed powdered milk,Metropol AVM,1.0
2023-01-28,Skimmed powdered milk,Viaport Outlet,0.0
2023-01-28,Skimmed powdered milk,Zorlu Center,0.0
2023-01-28,Small cheese,Cevahir AVM,0.0
2023-01-28,Small cheese,Emaar Square Mall,0.0
2023-01-28,Small cheese,Forum Istanbul,0.0
2023-01-28,Small cheese,Istinye Park,0.0
2023-01-28,Small cheese,Kanyon,5.0
2023-01-28,Small cheese,Mall of Istanbul,0.0
2023-01-28,Small cheese,Metrocity,0.0
2023-01-28,Small cheese,Metropol AVM,0.0
2023-01-28,Small cheese,Viaport Outlet,0.0
2023-01-28,Small cheese,Zorlu Center,0.0
2023-01-28,Sterilized semi-skimmed milk,Cevahir AVM,0.0
2023-01-28,Sterilized semi-skimmed milk,Emaar Square Mall,0.0
2023-01-28,Sterilized semi-skimmed milk,Forum Istanbul,0.0
2023-01-28,Sterilized semi-skimmed milk,Istinye Park,3.0
2023-01-28,Sterilized semi-skimmed milk,Kanyon,8.0
2023-01-28,Sterilized semi-skimmed milk,Mall of Istanbul,5.0
2023-01-28,Sterilized semi-skimmed milk,Metrocity,0.0
2023-01-28,Sterilized semi-skimmed milk,Metropol AVM,6.0
2023-01-28,Sterilized semi-skimmed milk,Viaport Outlet,2.0
2023-01-28,Sterilized semi-skimmed milk,Zorlu Center,0.0
2023-01-28,Sterilized skimmed milk,Cevahir AVM,0.0
2023-01-28,Sterilized skimmed milk,Emaar Square Mall,0.0
2023-01-28,Sterilized skimmed milk,Forum Istanbul,0.0
2023-01-28,Sterilized skimmed milk,Istinye Park,1.0
2023-01-28,Sterilized skimmed milk,Kanyon,9.0
2023-01-28,Sterilized skimmed milk,Mall of Istanbul,0.0
2023-01-28,Sterilized skimmed milk,Metrocity,3.0
2023-01-28,Sterilized skimmed milk,Metropol AVM,0.0
2023-01-28,Sterilized skimmed milk,Viaport Outlet,0.0
2023-01-28,Sterilized skimmed milk,Zorlu Center,0.0
2023-01-28,Sterilized whole milk,Cevahir AVM,0.0
2023-01-28,Sterilized whole milk,Emaar Square Mall,0.0
2023-01-28,Sterilized whole milk,Forum Istanbul,0.0
2023-01-28,Sterilized whole milk,Istinye Park,5.0
2023-01-28,Sterilized whole milk,Kanyon,4.0
2023-01-28,Sterilized whole milk,Mall of Istanbul,1.0
2023-01-28,Sterilized whole milk,Metrocity,0.0
2023-01-28,Sterilized whole milk,Metropol AVM,5.0
2023-01-28,Sterilized whole milk,Viaport Outlet,3.0
2023-01-28,Sterilized whole milk,Zorlu Center,0.0
2023-01-28,Sweetened condensed milk,Cevahir AVM,3.0
2023-01-28,Sweetened condensed milk,Emaar Square Mall,0.0
2023-01-28,Sweetened condensed milk,Forum Istanbul,0.0
2023-01-28,Sweetened condensed milk,Istinye Park,0.0
2023-01-28,Sweetened condensed milk,Kanyon,2.0
2023-01-28,Sweetened condensed milk,Mall of Istanbul,0.0
2023-01-28,Sweetened condensed milk,Metrocity,3.0
2023-01-28,Sweetened condensed milk,Metropol AVM,0.0
2023-01-28,Sweetened condensed milk,Viaport Outlet,0.0
2023-01-28,Sweetened condensed milk,Zorlu Center,0.0
2023-01-28,Total powdered milk,Cevahir AVM,0.0
2023-01-28,Total powdered milk,Emaar Square Mall,0.0
2023-01-28,Total powdered milk,Forum Istanbul,0.0
2023-01-28,Total powdered milk,Istinye Park,0.0
2023-01-28,Total powdered milk,Kanyon,0.0
2023-01-28,Total powdered milk,Mall of Istanbul,4.0
2023-01-28,Total powdered milk,Metrocity,4.0
2023-01-28,Total powdered milk,Metropol AVM,0.0
2023-01-28,Total powdered milk,Viaport Outlet,0.0
2023-01-28,Total powdered milk,Zorlu Center,4.0
2023-01-28,Yogurt,Cevahir AVM,0.0
2023-01-28,Yogurt,Emaar Square Mall,0.0
2023-01-28,Yogurt,Forum Istanbul,0.0
2023-01-28,Yogurt,Istinye Park,3.0
2023-01-28,Yogurt,Kanyon,1.0
2023-01-28,Yogurt,Mall of Istanbul,0.0
2023-01-28,Yogurt,Metrocity,0.0
2023-01-28,Yogurt,Metropol AVM,3.0
2023-01-28,Yogurt,Viaport Outlet,0.0
2023-01-28,Yogurt,Zorlu Center,0.0
2023-01-28,chocolate milk,Cevahir AVM,0.0
2023-01-28,chocolate milk,Emaar Square Mall,0.0
2023-01-28,chocolate milk,Forum Istanbul,1.0
2023-01-28,chocolate milk,Istinye Park,2.0
2023-01-28,chocolate milk,Kanyon,3.0
2023-01-28,chocolate milk,Mall of Istanbul,0.0
2023-01-28,chocolate milk,Metrocity,0.0
2023-01-28,chocolate milk,Metropol AVM,0.0
2023-01-28,chocolate milk,Viaport Outlet,0.0
2023-01-28,chocolate milk,Zorlu Center,0.0
2023-01-29,Butter,Cevahir AVM,0.0
2023-01-29,Butter,Emaar Square Mall,4.0
2023-01-29,Butter,Forum Istanbul,0.0
2023-01-29,Butter,Istinye Park,2.0
2023-01-29,Butter,Kanyon,4.0
2023-01-29,Butter,Mall of Istanbul,0.0
2023-01-29,Butter,Metrocity,9.0
2023-01-29,Butter,Metropol AVM,0.0
2023-01-29,Butter,Viaport Outlet,2.0
2023-01-29,Butter,Zorlu Center,4.0
2023-01-29,Cheese,Cevahir AVM,1.0
2023-01-29,Cheese,Emaar Square Mall,5.0
2023-01-29,Cheese,Forum Istanbul,0.0
2023-01-29,Cheese,Istinye Park,5.0
2023-01-29,Cheese,Kanyon,8.0
2023-01-29,Cheese,Mall of Istanbul,0.0
2023-01-29,Cheese,Metrocity,0.0
2023-01-29,Cheese,Metropol AVM,1.0
2023-01-29,Cheese,Viaport Outlet,0.0
2023-01-29,Cheese,Zorlu Center,0.0
2023-01-29,Condensed milk,Cevahir AVM,0.0
2023-01-29,Condensed milk,Emaar Square Mall,0.0
2023-01-29,Condensed milk,Forum Istanbul,3.0
2023-01-29,Condensed milk,Istinye Park,0.0
2023-01-29,Condensed milk,Kanyon,5.0
2023-01-29,Condensed milk,Mall of Istanbul,0.0
2023-01-29,Condensed milk,Metrocity,2.0
2023-01-29,Condensed milk,Metropol AVM,0.0
2023-01-29,Condensed milk,Viaport Outlet,0.0
2023-01-29,Condensed milk,Zorlu Center,0.0
2023-01-29,Cream,Cevahir AVM,0.0
2023-01-29,Cream,Emaar Square Mall,0.0
2023-01-29,Cream,Forum Istanbul,2.0
2023-01-29,Cream,Istinye Park,0.0
2023-01-29,Cream,Kanyon,3.0
2023-01-29,Cream,Mall of Istanbul,5.0
2023-01-29,Cream,Metrocity,1.0
2023-01-29,Cream,Metropol AVM,0.0
2023-01-29,Cream,Viaport Outlet,0.0
2023-01-29,Cream,Zorlu Center,0.0
2023-01-29,Cultured milk,Cevahir AVM,0.0
2023-01-29,Cultured milk,Emaar Square Mall,0.0
2023-01-29,Cultured milk,Forum Istanbul,0.0
2023-01-29,Cultured milk,Istinye Park,2.0
2023-01-29,Cultured milk,Kanyon,0.0
2023-01-29,Cultured milk,Mall of Istanbul,0.0
2023-01-29,Cultured milk,Metrocity,4.0
2023-01-29,Cultured milk,Metropol AVM,0.0
2023-01-29,Cultured milk,Viaport Outlet,1.0
2023-01-29,Cultured milk,Zorlu Center,0.0
2023-01-29,Evaporated milk,Cevahir AVM,0.0
2023-01-29,Evaporated milk,Emaar Square Mall,0.0
2023-01-29,Evaporated milk,Forum Istanbul,4.0
2023-01-29,Evaporated milk,Istinye Park,0.0
2023-01-29,Evaporated milk,Kanyon,3.0
2023-01-29,Evaporated milk,Mall of Istanbul,4.0
2023-01-29,Evaporated milk,Metrocity,9.0
2023-01-29,Evaporated milk,Metropol AVM,2.0
2023-01-29,Evaporated milk,Viaport Outlet,0.0
2023-01-29,Evaporated milk,Zorlu Center,0.0
2023-01-29,Flavored sterilized milk,Cevahir AVM,0.0
2023-01-29,Flavored sterilized milk,Emaar Square Mall,5.0
2023-01-29,Flavored sterilized milk,Forum Istanbul,0.0
2023-01-29,Flavored sterilized milk,Istinye Park,0.0
2023-01-29,Flavored sterilized milk,Kanyon,0.0
2023-01-29,Flavored sterilized milk,Mall of Istanbul,1.0
2023-01-29,Flavored sterilized milk,Metrocity,0.0
2023-01-29,Flavored sterilized milk,Metropol AVM,0.0
2023-01-29,Flavored sterilized milk,Viaport Outlet,3.0
2023-01-29,Flavored sterilized milk,Zorlu Center,0.0
2023-01-29,Modified milk,Cevahir AVM,0.0
2023-01-29,Modified milk,Emaar Square Mall,0.0
2023-01-29,Modified milk,Forum Istanbul,0.0
2023-01-29,Modified milk,Istinye Park,0.0
2023-01-29,Modified milk,Kanyon,1.0
2023-01-29,Modified milk,Mall of Istanbul,4.0
2023-01-29,Modified milk,Metrocity,0.0
2023-01-29,Modified milk,Metropol AVM,0.0
2023-01-29,Modified milk,Viaport Outlet,0.0
2023-01-29,Modified milk,Zorlu Center,5.0
2023-01-29,Pasteurized milk 2.5% mg,Cevahir AVM,0.0
2023-01-29,Pasteurized milk 2.5% mg,Emaar Square Mall,1.0
2023-01-29,Pasteurized milk 2.5% mg,Forum Istanbul,4.0
2023-01-29,Pasteurized milk 2.5% mg,Istinye Park,0.0
2023-01-29,Pasteurized milk 2.5% mg,Kanyon,4.0
2023-01-29,Pasteurized milk 2.5% mg,Mall of Istanbul,9.0
2023-01-29,Pasteurized milk 2.5% mg,Metrocity,0.0
2023-01-29,Pasteurized milk 2.5% mg,Metropol AVM,4.0
2023-01-29,Pasteurized milk 2.5% mg,Viaport Outlet,2.0
2023-01-29,Pasteurized milk 2.5% mg,Zorlu Center,0.0
2023-01-29,Pasteurized milk 3.0% mg,Cevahir AVM,9.0
2023-01-29,Pasteurized milk 3.0% mg,Emaar Square Mall,0.0
2023-01-29,Pasteurized milk 3.0% mg,Forum Istanbul,0.0
2023-01-29,Pasteurized milk 3.0% mg,Istinye Park,0.0
2023-01-29,Pasteurized milk 3.0% mg,Kanyon,7.0
2023-01-29,Pasteurized milk 3.0% mg,Mall of Istanbul,7.0
2023-01-29,Pasteurized milk 3.0% mg,Metrocity,5.0
2023-01-29,Pasteurized milk 3.0% mg,Metropol AVM,0.0
2023-01-29,Pasteurized milk 3.0% mg,Viaport Outlet,0.0
2023-01-29,Pasteurized milk 3.0% mg,Zorlu Center,0.0
2023-01-29,Powdered milk 12% mg,Cevahir AVM,0.0
2023-01-29,Powdered milk 12% mg,Emaar Square Mall,0.0
2023-01-29,Powdered milk 12% mg,Forum Istanbul,0.0
2023-01-29,Powdered milk 12% mg,Istinye Park,0.0
2023-01-29,Powdered milk 12% mg,Kanyon,6.0
2023-01-29,Powdered milk 12% mg,Mall of Istanbul,0.0
2023-01-29,Powdered milk 12% mg,Metrocity,0.0
2023-01-29,Powdered milk 12% mg,Metropol AVM,0.0
2023-01-29,Powdered milk 12% mg,Viaport Outlet,0.0
2023-01-29,Powdered milk 12% mg,Zorlu Center,0.0
2023-01-29,Powdered milk 18% mg,Cevahir AVM,0.0
2023-01-29,Powdered milk 18% mg,Emaar Square Mall,0.0
2023-01-29,Powdered milk 18% mg,Forum Istanbul,0.0
2023-01-29,Powdered milk 18% mg,Istinye Park,0.0
2023-01-29,Powdered milk 18% mg,Kanyon,0.0
2023-01-29,Powdered milk 18% mg,Mall of Istanbul,0.0
2023-01-29,Powdered milk 18% mg,Metrocity,0.0
2023-01-29,Powdered milk 18% mg,Metropol AVM,0.0
2023-01-29,Powdered milk 18% mg,Viaport Outlet,0.0
2023-01-29,Powdered milk 18% mg,Zorlu Center,0.0
2023-01-29,Powdered milk 20% mg,Cevahir AVM,0.0
2023-01-29,Powdered milk 20% mg,Emaar Square Mall,0.0
2023-01-29,Powdered milk 20% mg,Forum Istanbul,2.0
2023-01-29,Powdered milk 20% mg,Istinye Park,4.0
2023-01-29,Powdered milk 20% mg,Kanyon,5.0
2023-01-29,Powdered milk 20% mg,Mall of Istanbul,0.0
2023-01-29,Powdered milk 20% mg,Metrocity,2.0
2023-01-29,Powdered milk 20% mg,Metropol AVM,0.0
2023-01-29,Powdered milk 20% mg,Viaport Outlet,0.0
2023-01-29,Powdered milk 20% mg,Zorlu Center,0.0
2023-01-29,Powdered milk 26% mg,Cevahir AVM,0.0
2023-01-29,Powdered milk 26% mg,Emaar Square Mall,0.0
2023-01-29,Powdered milk 26% mg,Forum Istanbul,0.0
2023-01-29,Powdered milk 26% mg,Istinye Park,0.0
2023-01-29,Powdered milk 26% mg,Kanyon,12.0
2023-01-29,Powdered milk 26% mg,Mall of Istanbul,6.0
2023-01-29,Powdered milk 26% mg,Metrocity,4.0
2023-01-29,Powdered milk 26% mg,Metropol AVM,7.0
2023-01-29,Powdered milk 26% mg,Viaport Outlet,3.0
2023-01-29,Powdered milk 26% mg,Zorlu Center,0.0
2023-01-29,Powdered milk 28% mg,Cevahir AVM,1.0
2023-01-29,Powdered milk 28% mg,Emaar Square Mall,0.0
2023-01-29,Powdered milk 28% mg,Forum Istanbul,0.0
2023-01-29,Powdered milk 28% mg,Istinye Park,0.0
2023-01-29,Powdered milk 28% mg,Kanyon,0.0
2023-01-29,Powdered milk 28% mg,Mall of Istanbul,4.0
2023-01-29,Powdered milk 28% mg,Metrocity,0.0
2023-01-29,Powdered milk 28% mg,Metropol AVM,0.0
2023-01-29,Powdered milk 28% mg,Viaport Outlet,0.0
2023-01-29,Powdered milk 28% mg,Zorlu Center,0.0
2023-01-29,Powdered whey,Cevahir AVM,1.0
2023-01-29,Powdered whey,Emaar Square Mall,0.0
2023-01-29,Powdered whey,Forum Istanbul,0.0
2023-01-29,Powdered whey,Istinye Park,2.0
2023-01-29,Powdered whey,Kanyon,4.0
2023-01-29,Powdered whey,Mall of Istanbul,0.0
2023-01-29,Powdered whey,Metrocity,0.0
2023-01-29,Powdered whey,Metropol AVM,0.0
2023-01-29,Powdered whey,Viaport Outlet,1.0
2023-01-29,Powdered whey,Zorlu Center,0.0
2023-01-29,Skimmed pasteurized milk,Cevahir AVM,0.0
2023-01-29,Skimmed pasteurized milk,Emaar Square Mall,0.0
2023-01-29,Skimmed pasteurized milk,Forum Istanbul,0.0
2023-01-29,Skimmed pasteurized milk,Istinye Park,3.0
2023-01-29,Skimmed pasteurized milk,Kanyon,1.0
2023-01-29,Skimmed pasteurized milk,Mall of Istanbul,0.0
2023-01-29,Skimmed pasteurized milk,Metrocity,0.0
2023-01-29,Skimmed pasteurized milk,Metropol AVM,0.0
2023-01-29,Skimmed pasteurized milk,Viaport Outlet,0.0
2023-01-29,Skimmed pasteurized milk,Zorlu Center,0.0
2023-01-29,Skimmed powdered milk,Cevahir AVM,0.0
2023-01-29,Skimmed powdered milk,Emaar Square Mall,0.0
2023-01-29,Skimmed powdered milk,Forum Istanbul,0.0
2023-01-29,Skimmed powdered milk,Istinye Park,0.0
2023-01-29,Skimmed powdered milk,Kanyon,0.0
2023-01-29,Skimmed powdered milk,Mall of Istanbul,0.0
2023-01-29,Skimmed powdered milk,Metrocity,1.0
2023-01-29,Skimmed powdered milk,Metropol AVM,0.0
2023-01-29,Skimmed powdered milk,Viaport Outlet,0.0
2023-01-29,Skimmed powdered milk,Zorlu Center,0.0
2023-01-29,Small cheese,Cevahir AVM,0.0
2023-01-29,Small cheese,Emaar Square Mall,0.0
2023-01-29,Small cheese,Forum Istanbul,0.0
2023-01-29,Small cheese,Istinye Park,2.0
2023-01-29,Small cheese,Kanyon,6.0
2023-01-29,Small cheese,Mall of Istanbul,4.0
2023-01-29,Small cheese,Metrocity,3.0
2023-01-29,Small cheese,Metropol AVM,0.0
2023-01-29,Small cheese,Viaport Outlet,0.0
2023-01-29,Small cheese,Zorlu Center,0.0
2023-01-29,Sterilized semi-skimmed milk,Cevahir AVM,0.0
2023-01-29,Sterilized semi-skimmed milk,Emaar Square Mall,3.0
2023-01-29,Sterilized semi-skimmed milk,Forum Istanbul,0.0
2023-01-29,Sterilized semi-skimmed milk,Istinye Park,0.0
2023-01-29,Sterilized semi-skimmed milk,Kanyon,10.0
2023-01-29,Sterilized semi-skimmed milk,Mall of Istanbul,0.0
2023-01-29,Sterilized semi-skimmed milk,Metrocity,5.0
2023-01-29,Sterilized semi-skimmed milk,Metropol AVM,4.0
2023-01-29,Sterilized semi-skimmed milk,Viaport Outlet,3.0
2023-01-29,Sterilized semi-skimmed milk,Zorlu Center,4.0
2023-01-29,Sterilized skimmed milk,Cevahir AVM,0.0
2023-01-29,Sterilized skimmed milk,Emaar Square Mall,0.0
2023-01-29,Sterilized skimmed milk,Forum Istanbul,0.0
2023-01-29,Sterilized skimmed milk,Istinye Park,0.0
2023-01-29,Sterilized skimmed milk,Kanyon,5.0
2023-01-29,Sterilized skimmed milk,Mall of Istanbul,0.0
2023-01-29,Sterilized skimmed milk,Metrocity,0.0
2023-01-29,Sterilized skimmed milk,Metropol AVM,5.0
2023-01-29,Sterilized skimmed milk,Viaport Outlet,0.0
2023-01-29,Sterilized skimmed milk,Zorlu Center,4.0
2023-01-29,Sterilized whole milk,Cevahir AVM,0.0
2023-01-29,Sterilized whole milk,Emaar Square Mall,0.0
2023-01-29,Sterilized whole milk,Forum Istanbul,1.0
2023-01-29,Sterilized whole milk,Istinye Park,0.0
2023-01-29,Sterilized whole milk,Kanyon,11.0
2023-01-29,Sterilized whole milk,Mall of Istanbul,0.0
2023-01-29,Sterilized whole milk,Metrocity,7.0
2023-01-29,Sterilized whole milk,Metropol AVM,0.0
2023-01-29,Sterilized whole milk,Viaport Outlet,0.0
2023-01-29,Sterilized whole milk,Zorlu Center,0.0
2023-01-29,Sweetened condensed milk,Cevahir AVM,0.0
2023-01-29,Sweetened condensed milk,Emaar Square Mall,0.0
2023-01-29,Sweetened condensed milk,Forum Istanbul,0.0
2023-01-29,Sweetened condensed milk,Istinye Park,0.0
2023-01-29,Sweetened condensed milk,Kanyon,0.0
2023-01-29,Sweetened condensed milk,Mall of Istanbul,2.0
2023-01-29,Sweetened condensed milk,Metrocity,12.0
2023-01-29,Sweetened condensed milk,Metropol AVM,0.0
2023-01-29,Sweetened condensed milk,Viaport Outlet,0.0
2023-01-29,Sweetened condensed milk,Zorlu Center,2.0
2023-01-29,Total powdered milk,Cevahir AVM,0.0
2023-01-29,Total powdered milk,Emaar Square Mall,3.0
2023-01-29,Total powdered milk,Forum Istanbul,0.0
2023-01-29,Total powdered milk,Istinye Park,2.0
2023-01-29,Total powdered milk,Kanyon,4.0
2023-01-29,Total powdered milk,Mall of Istanbul,0.0
2023-01-29,Total powdered milk,Metrocity,1.0
2023-01-29,Total powdered milk,Metropol AVM,0.0
2023-01-29,Total powdered milk,Viaport Outlet,0.0
2023-01-29,Total powdered milk,Zorlu Center,2.0
2023-01-29,Yogurt,Cevahir AVM,0.0
2023-01-29,Yogurt,Emaar Square Mall,0.0
2023-01-29,Yogurt,Forum Istanbul,0.0
2023-01-29,Yogurt,Istinye Park,0.0
2023-01-29,Yogurt,Kanyon,3.0
2023-01-29,Yogurt,Mall of Istanbul,0.0
2023-01-29,Yogurt,Metrocity,10.0
2023-01-29,Yogurt,Metropol AVM,4.0
2023-01-29,Yogurt,Viaport Outlet,1.0
2023-01-29,Yogurt,Zorlu Center,4.0
2023-01-29,chocolate milk,Cevahir AVM,0.0
2023-01-29,chocolate milk,Emaar Square Mall,0.0
2023-01-29,chocolate milk,Forum Istanbul,0.0
2023-01-29,chocolate milk,Istinye Park,0.0
2023-01-29,chocolate milk,Kanyon,8.0
2023-01-29,chocolate milk,Mall of Istanbul,0.0
2023-01-29,chocolate milk,Metrocity,7.0
2023-01-29,chocolate milk,Metropol AVM,1.0
2023-01-29,chocolate milk,Viaport Outlet,0.0
2023-01-29,chocolate milk,Zorlu Center,0.0
2023-01-30,Butter,Cevahir AVM,0.0
2023-01-30,Butter,Emaar Square Mall,0.0
2023-01-30,Butter,Forum Istanbul,0.0
2023-01-30,Butter,Istinye Park,0.0
2023-01-30,Butter,Kanyon,0.0
2023-01-30,Butter,Mall of Istanbul,0.0
2023-01-30,Butter,Metrocity,6.0
2023-01-30,Butter,Metropol AVM,6.0
2023-01-30,Butter,Viaport Outlet,0.0
2023-01-30,Butter,Zorlu Center,0.0
2023-01-30,Cheese,Cevahir AVM,0.0
2023-01-30,Cheese,Emaar Square Mall,0.0
2023-01-30,Cheese,Forum Istanbul,0.0
2023-01-30,Cheese,Istinye Park,0.0
2023-01-30,Cheese,Kanyon,3.0
2023-01-30,Cheese,Mall of Istanbul,0.0
2023-01-30,Cheese,Metrocity,11.0
2023-01-30,Cheese,Metropol AVM,3.0
2023-01-30,Cheese,Viaport Outlet,0.0
2023-01-30,Cheese,Zorlu Center,0.0
2023-01-30,Condensed milk,Cevahir AVM,0.0
2023-01-30,Condensed milk,Emaar Square Mall,5.0
2023-01-30,Condensed milk,Forum Istanbul,0.0
2023-01-30,Condensed milk,Istinye Park,0.0
2023-01-30,Condensed milk,Kanyon,0.0
2023-01-30,Condensed milk,Mall of Istanbul,4.0
2023-01-30,Condensed milk,Metrocity,0.0
2023-01-30,Condensed milk,Metropol AVM,0.0
2023-01-30,Condensed milk,Viaport Outlet,0.0
2023-01-30,Condensed milk,Zorlu Center,2.0
2023-01-30,Cream,Cevahir AVM,0.0
2023-01-30,Cream,Emaar Square Mall,0.0
2023-01-30,Cream,Forum Istanbul,0.0
2023-01-30,Cream,Istinye Park,0.0
2023-01-30,Cream,Kanyon,12.0
2023-01-30,Cream,Mall of Istanbul,0.0
2023-01-30,Cream,Metrocity,0.0
2023-01-30,Cream,Metropol AVM,0.0
2023-01-30,Cream,Viaport Outlet,0.0
2023-01-30,Cream,Zorlu Center,0.0
2023-01-30,Cultured milk,Cevahir AVM,0.0
2023-01-30,Cultured milk,Emaar Square Mall,0.0
2023-01-30,Cultured milk,Forum Istanbul,0.0
2023-01-30,Cultured milk,Istinye Park,5.0
2023-01-30,Cultured milk,Kanyon,0.0
2023-01-30,Cultured milk,Mall of Istanbul,0.0
2023-01-30,Cultured milk,Metrocity,0.0
2023-01-30,Cultured milk,Metropol AVM,0.0
2023-01-30,Cultured milk,Viaport Outlet,0.0
2023-01-30,Cultured milk,Zorlu Center,0.0
2023-01-30,Evaporated milk,Cevahir AVM,0.0
2023-01-30,Evaporated milk,Emaar Square Mall,0.0
2023-01-30,Evaporated milk,Forum Istanbul,0.0
2023-01-30,Evaporated milk,Istinye Park,2.0
2023-01-30,Evaporated milk,Kanyon,5.0
2023-01-30,Evaporated milk,Mall of Istanbul,0.0
2023-01-30,Evaporated milk,Metrocity,10.0
2023-01-30,Evaporated milk,Metropol AVM,5.0
2023-01-30,Evaporated milk,Viaport Outlet,0.0
2023-01-30,Evaporated milk,Zorlu Center,0.0
2023-01-30,Flavored sterilized milk,Cevahir AVM,0.0
2023-01-30,Flavored sterilized milk,Emaar Square Mall,4.0
2023-01-30,Flavored sterilized milk,Forum Istanbul,0.0
2023-01-30,Flavored sterilized milk,Istinye Park,1.0
2023-01-30,Flavored sterilized milk,Kanyon,0.0
2023-01-30,Flavored sterilized milk,Mall of Istanbul,0.0
2023-01-30,Flavored sterilized milk,Metrocity,3.0
2023-01-30,Flavored sterilized milk,Metropol AVM,4.0
2023-01-30,Flavored sterilized milk,Viaport Outlet,0.0
2023-01-30,Flavored sterilized milk,Zorlu Center,0.0
2023-01-30,Modified milk,Cevahir AVM,0.0
2023-01-30,Modified milk,Emaar Square Mall,3.0
2023-01-30,Modified milk,Forum Istanbul,0.0
2023-01-30,Modified milk,Istinye Park,2.0
2023-01-30,Modified milk,Kanyon,4.0
2023-01-30,Modified milk,Mall of Istanbul,9.0
2023-01-30,Modified milk,Metrocity,0.0
2023-01-30,Modified milk,Metropol AVM,3.0
2023-01-30,Modified milk,Viaport Outlet,0.0
2023-01-30,Modified milk,Zorlu Center,1.0
2023-01-30,Pasteurized milk 2.5% mg,Cevahir AVM,0.0
2023-01-30,Pasteurized milk 2.5% mg,Emaar Square Mall,0.0
2023-01-30,Pasteurized milk 2.5% mg,Forum Istanbul,0.0
2023-01-30,Pasteurized milk 2.5% mg,Istinye Park,0.0
2023-01-30,Pasteurized milk 2.5% mg,Kanyon,1.0
2023-01-30,Pasteurized milk 2.5% mg,Mall of Istanbul,0.0
2023-01-30,Pasteurized milk 2.5% mg,Metrocity,7.0
2023-01-30,Pasteurized milk 2.5% mg,Metropol AVM,0.0
2023-01-30,Pasteurized milk 2.5% mg,Viaport Outlet,2.0
2023-01-30,Pasteurized milk 2.5% mg,Zorlu Center,5.0
2023-01-30,Pasteurized milk 3.0% mg,Cevahir AVM,0.0
2023-01-30,Pasteurized milk 3.0% mg,Emaar Square Mall,5.0
2023-01-30,Pasteurized milk 3.0% mg,Forum Istanbul,0.0
2023-01-30,Pasteurized milk 3.0% mg,Istinye Park,0.0
2023-01-30,Pasteurized milk 3.0% mg,Kanyon,11.0
2023-01-30,Pasteurized milk 3.0% mg,Mall of Istanbul,1.0
2023-01-30,Pasteurized milk 3.0% mg,Metrocity,0.0
2023-01-30,Pasteurized milk 3.0% mg,Metropol AVM,7.0
2023-01-30,Pasteurized milk 3.0% mg,Viaport Outlet,0.0
2023-01-30,Pasteurized milk 3.0% mg,Zorlu Center,0.0
2023-01-30,Powdered milk 12% mg,Cevahir AVM,0.0
2023-01-30,Powdered milk 12% mg,Emaar Square Mall,0.0
2023-01-30,Powdered milk 12% mg,Forum Istanbul,0.0
2023-01-30,Powdered milk 12% mg,Istinye Park,2.0
2023-01-30,Powdered milk 12% mg,Kanyon,2.0
2023-01-30,Powdered milk 12% mg,Mall of Istanbul,12.0
2023-01-30,Powdered milk 12% mg,Metrocity,1.0
2023-01-30,Powdered milk 12% mg,Metropol AVM,0.0
2023-01-30,Powdered milk 12% mg,Viaport Outlet,0.0
2023-01-30,Powdered milk 12% mg,Zorlu Center,4.0
2023-01-30,Powdered milk 18% mg,Cevahir AVM,0.0
2023-01-30,Powdered milk 18% mg,Emaar Square Mall,0.0
2023-01-30,Powdered milk 18% mg,Forum Istanbul,0.0
2023-01-30,Powdered milk 18% mg,Istinye Park,5.0
2023-01-30,Powdered milk 18% mg,Kanyon,1.0
2023-01-30,Powdered milk 18% mg,Mall of Istanbul,4.0
2023-01-30,Powdered milk 18% mg,Metrocity,3.0
2023-01-30,Powdered milk 18% mg,Metropol AVM,6.0
2023-01-30,Powdered milk 18% mg,Viaport Outlet,5.0
2023-01-30,Powdered milk 18% mg,Zorlu Center,2.0
2023-01-30,Powdered milk 20% mg,Cevahir AVM,0.0
2023-01-30,Powdered milk 20% mg,Emaar Square Mall,0.0
2023-01-30,Powdered milk 20% mg,Forum Istanbul,0.0
2023-01-30,Powdered milk 20% mg,Istinye Park,0.0
2023-01-30,Powdered milk 20% mg,Kanyon,4.0
2023-01-30,Powdered milk 20% mg,Mall of Istanbul,3.0
2023-01-30,Powdered milk 20% mg,Metrocity,0.0
2023-01-30,Powdered milk 20% mg,Metropol AVM,0.0
2023-01-30,Powdered milk 20% mg,Viaport Outlet,0.0
2023-01-30,Powdered milk 20% mg,Zorlu Center,0.0
2023-01-30,Powdered milk 26% mg,Cevahir AVM,0.0
2023-01-30,Powdered milk 26% mg,Emaar Square Mall,0.0
2023-01-30,Powdered milk 26% mg,Forum Istanbul,0.0
2023-01-30,Powdered milk 26% mg,Istinye Park,0.0
2023-01-30,Powdered milk 26% mg,Kanyon,7.0
2023-01-30,Powdered milk 26% mg,Mall of Istanbul,3.0
2023-01-30,Powdered milk 26% mg,Metrocity,0.0
2023-01-30,Powdered milk 26% mg,Metropol AVM,1.0
2023-01-30,Powdered milk 26% mg,Viaport Outlet,4.0
2023-01-30,Powdered milk 26% mg,Zorlu Center,0.0
2023-01-30,Powdered milk 28% mg,Cevahir AVM,0.0
2023-01-30,Powdered milk 28% mg,Emaar Square Mall,0.0
2023-01-30,Powdered milk 28% mg,Forum Istanbul,0.0
2023-01-30,Powdered milk 28% mg,Istinye Park,0.0
2023-01-30,Powdered milk 28% mg,Kanyon,0.0
2023-01-30,Powdered milk 28% mg,Mall of Istanbul,5.0
2023-01-30,Powdered milk 28% mg,Metrocity,6.0
2023-01-30,Powdered milk 28% mg,Metropol AVM,0.0
2023-01-30,Powdered milk 28% mg,Viaport Outlet,0.0
2023-01-30,Powdered milk 28% mg,Zorlu Center,1.0
2023-01-30,Powdered whey,Cevahir AVM,0.0
2023-01-30,Powdered whey,Emaar Square Mall,0.0
2023-01-30,Powdered whey,Forum Istanbul,2.0
2023-01-30,Powdered whey,Istinye Park,0.0
2023-01-30,Powdered whey,Kanyon,0.0
2023-01-30,Powdered whey,Mall of Istanbul,0.0
2023-01-30,Powdered whey,Metrocity,2.0
2023-01-30,Powdered whey,Metropol AVM,3.0
2023-01-30,Powdered whey,Viaport Outlet,0.0
2023-01-30,Powdered whey,Zorlu Center,3.0
2023-01-30,Skimmed pasteurized milk,Cevahir AVM,0.0
2023-01-30,Skimmed pasteurized milk,Emaar Square Mall,0.0
2023-01-30,Skimmed pasteurized milk,Forum Istanbul,0.0
2023-01-30,Skimmed pasteurized milk,Istinye Park,1.0
2023-01-30,Skimmed pasteurized milk,Kanyon,0.0
2023-01-30,Skimmed pasteurized milk,Mall of Istanbul,6.0
2023-01-30,Skimmed pasteurized milk,Metrocity,0.0
2023-01-30,Skimmed pasteurized milk,Metropol AVM,0.0
2023-01-30,Skimmed pasteurized milk,Viaport Outlet,3.0
2023-01-30,Skimmed pasteurized milk,Zorlu Center,0.0
2023-01-30,Skimmed powdered milk,Cevahir AVM,0.0
2023-01-30,Skimmed powdered milk,Emaar Square Mall,3.0
2023-01-30,Skimmed powdered milk,Forum Istanbul,0.0
2023-01-30,Skimmed powdered milk,Istinye Park,4.0
2023-01-30,Skimmed powdered milk,Kanyon,0.0
2023-01-30,Skimmed powdered milk,Mall of Istanbul,4.0
2023-01-30,Skimmed powdered milk,Metrocity,4.0
2023-01-30,Skimmed powdered milk,Metropol AVM,0.0
2023-01-30,Skimmed powdered milk,Viaport Outlet,0.0
2023-01-30,Skimmed powdered milk,Zorlu Center,0.0
2023-01-30,Small cheese,Cevahir AVM,0.0
2023-01-30,Small cheese,Emaar Square Mall,0.0
2023-01-30,Small cheese,Forum Istanbul,0.0
2023-01-30,Small cheese,Istinye Park,1.0
2023-01-30,Small cheese,Kanyon,4.0
2023-01-30,Small cheese,Mall of Istanbul,4.0
2023-01-30,Small cheese,Metrocity,0.0
2023-01-30,Small cheese,Metropol AVM,9.0
2023-01-30,Small cheese,Viaport Outlet,0.0
2023-01-30,Small cheese,Zorlu Center,0.0
2023-01-30,Sterilized semi-skimmed milk,Cevahir AVM,0.0
2023-01-30,Sterilized semi-skimmed milk,Emaar Square Mall,0.0
2023-01-30,Sterilized semi-skimmed milk,Forum Istanbul,0.0
2023-01-30,Sterilized semi-skimmed milk,Istinye Park,0.0
2023-01-30,Sterilized semi-skimmed milk,Kanyon,0.0
2023-01-30,Sterilized semi-skimmed milk,Mall of Istanbul,5.0
2023-01-30,Sterilized semi-skimmed milk,Metrocity,0.0
2023-01-30,Sterilized semi-skimmed milk,Metropol AVM,0.0
2023-01-30,Sterilized semi-skimmed milk,Viaport Outlet,0.0
2023-01-30,Sterilized semi-skimmed milk,Zorlu Center,0.0
2023-01-30,Sterilized skimmed milk,Cevahir AVM,0.0
2023-01-30,Sterilized skimmed milk,Emaar Square Mall,1.0
2023-01-30,Sterilized skimmed milk,Forum Istanbul,0.0
2023-01-30,Sterilized skimmed milk,Istinye Park,14.0
2023-01-30,Sterilized skimmed milk,Kanyon,2.0
2023-01-30,Sterilized skimmed milk,Mall of Istanbul,4.0
2023-01-30,Sterilized skimmed milk,Metrocity,0.0
2023-01-30,Sterilized skimmed milk,Metropol AVM,4.0
2023-01-30,Sterilized skimmed milk,Viaport Outlet,0.0
2023-01-30,Sterilized skimmed milk,Zorlu Center,1.0
2023-01-30,Sterilized whole milk,Cevahir AVM,10.0
2023-01-30,Sterilized whole milk,Emaar Square Mall,0.0
2023-01-30,Sterilized whole milk,Forum Istanbul,0.0
2023-01-30,Sterilized whole milk,Istinye Park,0.0
2023-01-30,Sterilized whole milk,Kanyon,0.0
2023-01-30,Sterilized whole milk,Mall of Istanbul,2.0
2023-01-30,Sterilized whole milk,Metrocity,5.0
2023-01-30,Sterilized whole milk,Metropol AVM,0.0
2023-01-30,Sterilized whole milk,Viaport Outlet,0.0
2023-01-30,Sterilized whole milk,Zorlu Center,4.0
2023-01-30,Sweetened condensed milk,Cevahir AVM,3.0
2023-01-30,Sweetened condensed milk,Emaar Square Mall,0.0
2023-01-30,Sweetened condensed milk,Forum Istanbul,4.0
2023-01-30,Sweetened condensed milk,Istinye Park,0.0
2023-01-30,Sweetened condensed milk,Kanyon,0.0
2023-01-30,Sweetened condensed milk,Mall of Istanbul,1.0
2023-01-30,Sweetened condensed milk,Metrocity,4.0
2023-01-30,Sweetened condensed milk,Metropol AVM,0.0
2023-01-30,Sweetened condensed milk,Viaport Outlet,0.0
2023-01-30,Sweetened condensed milk,Zorlu Center,0.0
2023-01-30,Total powdered milk,Cevahir AVM,5.0
2023-01-30,Total powdered milk,Emaar Square Mall,0.0
2023-01-30,Total powdered milk,Forum Istanbul,0.0
2023-01-30,Total powdered milk,Istinye Park,5.0
2023-01-30,Total powdered milk,Kanyon,1.0
2023-01-30,Total powdered milk,Mall of Istanbul,0.0
2023-01-30,Total powdered milk,Metrocity,0.0
2023-01-30,Total powdered milk,Metropol AVM,0.0
2023-01-30,Total powdered milk,Viaport Outlet,1.0
2023-01-30,Total powdered milk,Zorlu Center,8.0
2023-01-30,Yogurt,Cevahir AVM,0.0
2023-01-30,Yogurt,Emaar Square Mall,0.0
2023-01-30,Yogurt,Forum Istanbul,0.0
2023-01-30,Yogurt,Istinye Park,0.0
2023-01-30,Yogurt,Kanyon,1.0
2023-01-30,Yogurt,Mall of Istanbul,0.0
2023-01-30,Yogurt,Metrocity,0.0
2023-01-30,Yogurt,Metropol AVM,4.0
2023-01-30,Yogurt,Viaport Outlet,0.0
2023-01-30,Yogurt,Zorlu Center,1.0
2023-01-30,chocolate milk,Cevahir AVM,0.0
2023-01-30,chocolate milk,Emaar Square Mall,0.0
2023-01-30,chocolate milk,Forum Istanbul,0.0
2023-01-30,chocolate milk,Istinye Park,1.0
2023-01-30,chocolate milk,Kanyon,1.0
2023-01-30,chocolate milk,Mall of Istanbul,6.0
2023-01-30,chocolate milk,Metrocity,0.0
2023-01-30,chocolate milk,Metropol AVM,7.0
2023-01-30,chocolate milk,Viaport Outlet,0.0
2023-01-30,chocolate milk,Zorlu Center,0.0
2023-01-31,Butter,Cevahir AVM,5.0
2023-01-31,Butter,Emaar Square Mall,0.0
2023-01-31,Butter,Forum Istanbul,0.0
2023-01-31,Butter,Istinye Park,0.0
2023-01-31,Butter,Kanyon,5.0
2023-01-31,Butter,Mall of Istanbul,1.0
2023-01-31,Butter,Metrocity,4.0
2023-01-31,Butter,Metropol AVM,3.0
2023-01-31,Butter,Viaport Outlet,0.0
2023-01-31,Butter,Zorlu Center,0.0
2023-01-31,Cheese,Cevahir AVM,0.0
2023-01-31,Cheese,Emaar Square Mall,2.0
2023-01-31,Cheese,Forum Istanbul,0.0
2023-01-31,Cheese,Istinye Park,0.0
2023-01-31,Cheese,Kanyon,0.0
2023-01-31,Cheese,Mall of Istanbul,8.0
2023-01-31,Cheese,Metrocity,6.0
2023-01-31,Cheese,Metropol AVM,0.0
2023-01-31,Cheese,Viaport Outlet,0.0
2023-01-31,Cheese,Zorlu Center,0.0
2023-01-31,Condensed milk,Cevahir AVM,0.0
2023-01-31,Condensed milk,Emaar Square Mall,0.0
2023-01-31,Condensed milk,Forum Istanbul,5.0
2023-01-31,Condensed milk,Istinye Park,5.0
2023-01-31,Condensed milk,Kanyon,2.0
2023-01-31,Condensed milk,Mall of Istanbul,1.0
2023-01-31,Condensed milk,Metrocity,0.0
2023-01-31,Condensed milk,Metropol AVM,0.0
2023-01-31,Condensed milk,Viaport Outlet,0.0
2023-01-31,Condensed milk,Zorlu Center,0.0
2023-01-31,Cream,Cevahir AVM,4.0
2023-01-31,Cream,Emaar Square Mall,4.0
2023-01-31,Cream,Forum Istanbul,0.0
2023-01-31,Cream,Istinye Park,0.0
2023-01-31,Cream,Kanyon,3.0
2023-01-31,Cream,Mall of Istanbul,0.0
2023-01-31,Cream,Metrocity,0.0
2023-01-31,Cream,Metropol AVM,4.0
2023-01-31,Cream,Viaport Outlet,0.0
2023-01-31,Cream,Zorlu Center,0.0
2023-01-31,Cultured milk,Cevahir AVM,0.0
2023-01-31,Cultured milk,Emaar Square Mall,0.0
2023-01-31,Cultured milk,Forum Istanbul,0.0
2023-01-31,Cultured milk,Istinye Park,0.0
2023-01-31,Cultured milk,Kanyon,4.0
2023-01-31,Cultured milk,Mall of Istanbul,10.0
2023-01-31,Cultured milk,Metrocity,0.0
2023-01-31,Cultured milk,Metropol AVM,14.0
2023-01-31,Cultured milk,Viaport Outlet,0.0
2023-01-31,Cultured milk,Zorlu Center,0.0
2023-01-31,Evaporated milk,Cevahir AVM,0.0
2023-01-31,Evaporated milk,Emaar Square Mall,0.0
2023-01-31,Evaporated milk,Forum Istanbul,0.0
2023-01-31,Evaporated milk,Istinye Park,2.0
2023-01-31,Evaporated milk,Kanyon,5.0
2023-01-31,Evaporated milk,Mall of Istanbul,4.0
2023-01-31,Evaporated milk,Metrocity,5.0
2023-01-31,Evaporated milk,Metropol AVM,4.0
2023-01-31,Evaporated milk,Viaport Outlet,0.0
2023-01-31,Evaporated milk,Zorlu Center,0.0
2023-01-31,Flavored sterilized milk,Cevahir AVM,0.0
2023-01-31,Flavored sterilized milk,Emaar Square Mall,2.0
2023-01-31,Flavored sterilized milk,Forum Istanbul,3.0
2023-01-31,Flavored sterilized milk,Istinye Park,2.0
2023-01-31,Flavored sterilized milk,Kanyon,5.0
2023-01-31,Flavored sterilized milk,Mall of Istanbul,7.0
2023-01-31,Flavored sterilized milk,Metrocity,0.0
2023-01-31,Flavored sterilized milk,Metropol AVM,0.0
2023-01-31,Flavored sterilized milk,Viaport Outlet,0.0
2023-01-31,Flavored sterilized milk,Zorlu Center,0.0
2023-01-31,Modified milk,Cevahir AVM,0.0
2023-01-31,Modified milk,Emaar Square Mall,0.0
2023-01-31,Modified milk,Forum Istanbul,0.0
2023-01-31,Modified milk,Istinye Park,0.0
2023-01-31,Modified milk,Kanyon,2.0
2023-01-31,Modified milk,Mall of Istanbul,7.0
2023-01-31,Modified milk,Metrocity,0.0
2023-01-31,Modified milk,Metropol AVM,0.0
2023-01-31,Modified milk,Viaport Outlet,0.0
2023-01-31,Modified milk,Zorlu Center,0.0
2023-01-31,Pasteurized milk 2.5% mg,Cevahir AVM,0.0
2023-01-31,Pasteurized milk 2.5% mg,Emaar Square Mall,0.0
2023-01-31,Pasteurized milk 2.5% mg,Forum Istanbul,0.0
2023-01-31,Pasteurized milk 2.5% mg,Istinye Park,0.0
2023-01-31,Pasteurized milk 2.5% mg,Kanyon,4.0
2023-01-31,Pasteurized milk 2.5% mg,Mall of Istanbul,8.0
2023-01-31,Pasteurized milk 2.5% mg,Metrocity,0.0
2023-01-31,Pasteurized milk 2.5% mg,Metropol AVM,5.0
2023-01-31,Pasteurized milk 2.5% mg,Viaport Outlet,0.0
2023-01-31,Pasteurized milk 2.5% mg,Zorlu Center,0.0
2023-01-31,Pasteurized milk 3.0% mg,Cevahir AVM,0.0
2023-01-31,Pasteurized milk 3.0% mg,Emaar Square Mall,0.0
2023-01-31,Pasteurized milk 3.0% mg,Forum Istanbul,7.0
2023-01-31,Pasteurized milk 3.0% mg,Istinye Park,2.0
2023-01-31,Pasteurized milk 3.0% mg,Kanyon,0.0
2023-01-31,Pasteurized milk 3.0% mg,Mall of Istanbul,4.0
2023-01-31,Pasteurized milk 3.0% mg,Metrocity,0.0
2023-01-31,Pasteurized milk 3.0% mg,Metropol AVM,8.0
2023-01-31,Pasteurized milk 3.0% mg,Viaport Outlet,0.0
2023-01-31,Pasteurized milk 3.0% mg,Zorlu Center,0.0
2023-01-31,Powdered milk 12% mg,Cevahir AVM,0.0
2023-01-31,Powdered milk 12% mg,Emaar Square Mall,0.0
2023-01-31,Powdered milk 12% mg,Forum Istanbul,2.0
2023-01-31,Powdered milk 12% mg,Istinye Park,0.0
2023-01-31,Powdered milk 12% mg,Kanyon,10.0
2023-01-31,Powdered milk 12% mg,Mall of Istanbul,5.0
2023-01-31,Powdered milk 12% mg,Metrocity,3.0
2023-01-31,Powdered milk 12% mg,Metropol AVM,0.0
2023-01-31,Powdered milk 12% mg,Viaport Outlet,0.0
2023-01-31,Powdered milk 12% mg,Zorlu Center,0.0
2023-01-31,Powdered milk 18% mg,Cevahir AVM,0.0
2023-01-31,Powdered milk 18% mg,Emaar Square Mall,0.0
2023-01-31,Powdered milk 18% mg,Forum Istanbul,0.0
2023-01-31,Powdered milk 18% mg,Istinye Park,0.0
2023-01-31,Powdered milk 18% mg,Kanyon,7.0
2023-01-31,Powdered milk 18% mg,Mall of Istanbul,0.0
2023-01-31,Powdered milk 18% mg,Metrocity,4.0
2023-01-31,Powdered milk 18% mg,Metropol AVM,0.0
2023-01-31,Powdered milk 18% mg,Viaport Outlet,0.0
2023-01-31,Powdered milk 18% mg,Zorlu Center,0.0
2023-01-31,Powdered milk 20% mg,Cevahir AVM,4.0
2023-01-31,Powdered milk 20% mg,Emaar Square Mall,0.0
2023-01-31,Powdered milk 20% mg,Forum Istanbul,0.0
2023-01-31,Powdered milk 20% mg,Istinye Park,0.0
2023-01-31,Powdered milk 20% mg,Kanyon,10.0
2023-01-31,Powdered milk 20% mg,Mall of Istanbul,6.0
2023-01-31,Powdered milk 20% mg,Metrocity,3.0
2023-01-31,Powdered milk 20% mg,Metropol AVM,0.0
2023-01-31,Powdered milk 20% mg,Viaport Outlet,0.0
2023-01-31,Powdered milk 20% mg,Zorlu Center,0.0
2023-01-31,Powdered milk 26% mg,Cevahir AVM,0.0
2023-01-31,Powdered milk 26% mg,Emaar Square Mall,0.0
2023-01-31,Powdered milk 26% mg,Forum Istanbul,0.0
2023-01-31,Powdered milk 26% mg,Istinye Park,5.0
2023-01-31,Powdered milk 26% mg,Kanyon,0.0
2023-01-31,Powdered milk 26% mg,Mall of Istanbul,1.0
2023-01-31,Powdered milk 26% mg,Metrocity,4.0
2023-01-31,Powdered milk 26% mg,Metropol AVM,4.0
2023-01-31,Powdered milk 26% mg,Viaport Outlet,0.0
2023-01-31,Powdered milk 26% mg,Zorlu Center,0.0
2023-01-31,Powdered milk 28% mg,Cevahir AVM,0.0
2023-01-31,Powdered milk 28% mg,Emaar Square Mall,0.0
2023-01-31,Powdered milk 28% mg,Forum Istanbul,0.0
2023-01-31,Powdered milk 28% mg,Istinye Park,7.0
2023-01-31,Powdered milk 28% mg,Kanyon,2.0
2023-01-31,Powdered milk 28% mg,Mall of Istanbul,0.0
2023-01-31,Powdered milk 28% mg,Metrocity,4.0
2023-01-31,Powdered milk 28% mg,Metropol AVM,3.0
2023-01-31,Powdered milk 28% mg,Viaport Outlet,1.0
2023-01-31,Powdered milk 28% mg,Zorlu Center,0.0
2023-01-31,Powdered whey,Cevahir AVM,0.0
2023-01-31,Powdered whey,Emaar Square Mall,0.0
2023-01-31,Powdered whey,Forum Istanbul,0.0
2023-01-31,Powdered whey,Istinye Park,0.0
2023-01-31,Powdered whey,Kanyon,0.0
2023-01-31,Powdered whey,Mall of Istanbul,0.0
2023-01-31,Powdered whey,Metrocity,0.0
2023-01-31,Powdered whey,Metropol AVM,0.0
2023-01-31,Powdered whey,Viaport Outlet,5.0
2023-01-31,Powdered whey,Zorlu Center,0.0
2023-01-31,Skimmed pasteurized milk,Cevahir AVM,0.0
2023-01-31,Skimmed pasteurized milk,Emaar Square Mall,0.0
2023-01-31,Skimmed pasteurized milk,Forum Istanbul,0.0
2023-01-31,Skimmed pasteurized milk,Istinye Park,0.0
2023-01-31,Skimmed pasteurized milk,Kanyon,0.0
2023-01-31,Skimmed pasteurized milk,Mall of Istanbul,4.0
2023-01-31,Skimmed pasteurized milk,Metrocity,4.0
2023-01-31,Skimmed pasteurized milk,Metropol AVM,1.0
2023-01-31,Skimmed pasteurized milk,Viaport Outlet,0.0
2023-01-31,Skimmed pasteurized milk,Zorlu Center,0.0
2023-01-31,Skimmed powdered milk,Cevahir AVM,0.0
2023-01-31,Skimmed powdered milk,Emaar Square Mall,0.0
2023-01-31,Skimmed powdered milk,Forum Istanbul,0.0
2023-01-31,Skimmed powdered milk,Istinye Park,0.0
2023-01-31,Skimmed powdered milk,Kanyon,7.0
2023-01-31,Skimmed powdered milk,Mall of Istanbul,0.0
2023-01-31,Skimmed powdered milk,Metrocity,0.0
2023-01-31,Skimmed powdered milk,Metropol AVM,0.0
2023-01-31,Skimmed powdered milk,Viaport Outlet,0.0
2023-01-31,Skimmed powdered milk,Zorlu Center,5.0
2023-01-31,Small cheese,Cevahir AVM,0.0
2023-01-31,Small cheese,Emaar Square Mall,0.0
2023-01-31,Small cheese,Forum Istanbul,0.0
2023-01-31,Small cheese,Istinye Park,4.0
2023-01-31,Small cheese,Kanyon,4.0
2023-01-31,Small cheese,Mall of Istanbul,0.0
2023-01-31,Small cheese,Metrocity,0.0
2023-01-31,Small cheese,Metropol AVM,2.0
2023-01-31,Small cheese,Viaport Outlet,0.0
2023-01-31,Small cheese,Zorlu Center,0.0
2023-01-31,Sterilized semi-skimmed milk,Cevahir AVM,0.0
2023-01-31,Sterilized semi-skimmed milk,Emaar Square Mall,0.0
2023-01-31,Sterilized semi-skimmed milk,Forum Istanbul,3.0
2023-01-31,Sterilized semi-skimmed milk,Istinye Park,2.0
2023-01-31,Sterilized semi-skimmed milk,Kanyon,9.0
2023-01-31,Sterilized semi-skimmed milk,Mall of Istanbul,0.0
2023-01-31,Sterilized semi-skimmed milk,Metrocity,0.0
2023-01-31,Sterilized semi-skimmed milk,Metropol AVM,0.0
2023-01-31,Sterilized semi-skimmed milk,Viaport Outlet,0.0
2023-01-31,Sterilized semi-skimmed milk,Zorlu Center,0.0
2023-01-31,Sterilized skimmed milk,Cevahir AVM,0.0
2023-01-31,Sterilized skimmed milk,Emaar Square Mall,0.0
2023-01-31,Sterilized skimmed milk,Forum Istanbul,0.0
2023-01-31,Sterilized skimmed milk,Istinye Park,0.0
2023-01-31,Sterilized skimmed milk,Kanyon,0.0
2023-01-31,Sterilized skimmed milk,Mall of Istanbul,0.0
2023-01-31,Sterilized skimmed milk,Metrocity,0.0
2023-01-31,Sterilized skimmed milk,Metropol AVM,0.0
2023-01-31,Sterilized skimmed milk,Viaport Outlet,0.0
2023-01-31,Sterilized skimmed milk,Zorlu Center,0.0
2023-01-31,Sterilized whole milk,Cevahir AVM,0.0
2023-01-31,Sterilized whole milk,Emaar Square Mall,0.0
2023-01-31,Sterilized whole milk,Forum Istanbul,0.0
2023-01-31,Sterilized whole milk,Istinye Park,0.0
2023-01-31,Sterilized whole milk,Kanyon,3.0
2023-01-31,Sterilized whole milk,Mall of Istanbul,0.0
2023-01-31,Sterilized whole milk,Metrocity,1.0
2023-01-31,Sterilized whole milk,Metropol AVM,0.0
2023-01-31,Sterilized whole milk,Viaport Outlet,0.0
2023-01-31,Sterilized whole milk,Zorlu Center,0.0
2023-01-31,Sweetened condensed milk,Cevahir AVM,0.0
2023-01-31,Sweetened condensed milk,Emaar Square Mall,1.0
2023-01-31,Sweetened condensed milk,Forum Istanbul,1.0
2023-01-31,Sweetened condensed milk,Istinye Park,0.0
2023-01-31,Sweetened condensed milk,Kanyon,0.0
2023-01-31,Sweetened condensed milk,Mall of Istanbul,11.0
2023-01-31,Sweetened condensed milk,Metrocity,5.0
2023-01-31,Sweetened condensed milk,Metropol AVM,0.0
2023-01-31,Sweetened condensed milk,Viaport Outlet,0.0
2023-01-31,Sweetened condensed milk,Zorlu Center,2.0
2023-01-31,Total powdered milk,Cevahir AVM,0.0
2023-01-31,Total powdered milk,Emaar Square Mall,0.0
2023-01-31,Total powdered milk,Forum Istanbul,5.0
2023-01-31,Total powdered milk,Istinye Park,2.0
2023-01-31,Total powdered milk,Kanyon,0.0
2023-01-31,Total powdered milk,Mall of Istanbul,3.0
2023-01-31,Total powdered milk,Metrocity,6.0
2023-01-31,Total powdered milk,Metropol AVM,5.0
2023-01-31,Total powdered milk,Viaport Outlet,0.0
2023-01-31,Total powdered milk,Zorlu Center,2.0
2023-01-31,Yogurt,Cevahir AVM,0.0
2023-01-31,Yogurt,Emaar Square Mall,0.0
2023-01-31,Yogurt,Forum Istanbul,0.0
2023-01-31,Yogurt,Istinye Park,0.0
2023-01-31,Yogurt,Kanyon,1.0
2023-01-31,Yogurt,Mall of Istanbul,1.0
2023-01-31,Yogurt,Metrocity,3.0
2023-01-31,Yogurt,Metropol AVM,8.0
2023-01-31,Yogurt,Viaport Outlet,0.0
2023-01-31,Yogurt,Zorlu Center,0.0
2023-01-31,chocolate milk,Cevahir AVM,0.0
2023-01-31,chocolate milk,Emaar Square Mall,0.0
2023-01-31,chocolate milk,Forum Istanbul,0.0
2023-01-31,chocolate milk,Istinye Park,0.0
2023-01-31,chocolate milk,Kanyon,0.0
2023-01-31,chocolate milk,Mall of Istanbul,4.0
2023-01-31,chocolate milk,Metrocity,0.0
2023-01-31,chocolate milk,Metropol AVM,0.0
2023-01-31,chocolate milk,Viaport Outlet,0.0
2023-01-31,chocolate milk,Zorlu Center,0.0
2023-02-01,Butter,Cevahir AVM,0.0
2023-02-01,Butter,Emaar Square Mall,0.0
2023-02-01,Butter,Forum Istanbul,0.0
2023-02-01,Butter,Istinye Park,0.0
2023-02-01,Butter,Kanyon,4.0
2023-02-01,Butter,Mall of Istanbul,4.0
2023-02-01,Butter,Metrocity,0.0
2023-02-01,Butter,Metropol AVM,0.0
2023-02-01,Butter,Viaport Outlet,0.0
2023-02-01,Butter,Zorlu Center,3.0
2023-02-01,Cheese,Cevahir AVM,0.0
2023-02-01,Cheese,Emaar Square Mall,0.0
2023-02-01,Cheese,Forum Istanbul,5.0
2023-02-01,Cheese,Istinye Park,0.0
2023-02-01,Cheese,Kanyon,13.0
2023-02-01,Cheese,Mall of Istanbul,2.0
2023-02-01,Cheese,Metrocity,0.0
2023-02-01,Cheese,Metropol AVM,0.0
2023-02-01,Cheese,Viaport Outlet,3.0
2023-02-01,Cheese,Zorlu Center,0.0
2023-02-01,Condensed milk,Cevahir AVM,0.0
2023-02-01,Condensed milk,Emaar Square Mall,1.0
2023-02-01,Condensed milk,Forum Istanbul,0.0
2023-02-01,Condensed milk,Istinye Park,0.0
2023-02-01,Condensed milk,Kanyon,5.0
2023-02-01,Condensed milk,Mall of Istanbul,1.0
2023-02-01,Condensed milk,Metrocity,0.0
2023-02-01,Condensed milk,Metropol AVM,0.0
2023-02-01,Condensed milk,Viaport Outlet,0.0
2023-02-01,Condensed milk,Zorlu Center,0.0
2023-02-01,Cream,Cevahir AVM,0.0
2023-02-01,Cream,Emaar Square Mall,2.0
2023-02-01,Cream,Forum Istanbul,0.0
2023-02-01,Cream,Istinye Park,0.0
2023-02-01,Cream,Kanyon,4.0
2023-02-01,Cream,Mall of Istanbul,4.0
2023-02-01,Cream,Metrocity,4.0
2023-02-01,Cream,Metropol AVM,4.0
2023-02-01,Cream,Viaport Outlet,0.0
2023-02-01,Cream,Zorlu Center,0.0
2023-02-01,Cultured milk,Cevahir AVM,0.0
2023-02-01,Cultured milk,Emaar Square Mall,3.0
2023-02-01,Cultured milk,Forum Istanbul,0.0
2023-02-01,Cultured milk,Istinye Park,1.0
2023-02-01,Cultured milk,Kanyon,2.0
2023-02-01,Cultured milk,Mall of Istanbul,9.0
2023-02-01,Cultured milk,Metrocity,0.0
2023-02-01,Cultured milk,Metropol AVM,0.0
2023-02-01,Cultured milk,Viaport Outlet,0.0
2023-02-01,Cultured milk,Zorlu Center,0.0
2023-02-01,Evaporated milk,Cevahir AVM,0.0
2023-02-01,Evaporated milk,Emaar Square Mall,0.0
2023-02-01,Evaporated milk,Forum Istanbul,0.0
2023-02-01,Evaporated milk,Istinye Park,0.0
2023-02-01,Evaporated milk,Kanyon,0.0
2023-02-01,Evaporated milk,Mall of Istanbul,5.0
2023-02-01,Evaporated milk,Metrocity,5.0
2023-02-01,Evaporated milk,Metropol AVM,0.0
2023-02-01,Evaporated milk,Viaport Outlet,2.0
2023-02-01,Evaporated milk,Zorlu Center,0.0
2023-02-01,Flavored sterilized milk,Cevahir AVM,0.0
2023-02-01,Flavored sterilized milk,Emaar Square Mall,2.0
2023-02-01,Flavored sterilized milk,Forum Istanbul,0.0
2023-02-01,Flavored sterilized milk,Istinye Park,2.0
2023-02-01,Flavored sterilized milk,Kanyon,10.0
2023-02-01,Flavored sterilized milk,Mall of Istanbul,3.0
2023-02-01,Flavored sterilized milk,Metrocity,0.0
2023-02-01,Flavored sterilized milk,Metropol AVM,0.0
2023-02-01,Flavored sterilized milk,Viaport Outlet,0.0
2023-02-01,Flavored sterilized milk,Zorlu Center,3.0
2023-02-01,Modified milk,Cevahir AVM,1.0
2023-02-01,Modified milk,Emaar Square Mall,0.0
2023-02-01,Modified milk,Forum Istanbul,0.0
2023-02-01,Modified milk,Istinye Park,0.0
2023-02-01,Modified milk,Kanyon,2.0
2023-02-01,Modified milk,Mall of Istanbul,1.0
2023-02-01,Modified milk,Metrocity,0.0
2023-02-01,Modified milk,Metropol AVM,0.0
2023-02-01,Modified milk,Viaport Outlet,0.0
2023-02-01,Modified milk,Zorlu Center,5.0
2023-02-01,Pasteurized milk 2.5% mg,Cevahir AVM,0.0
2023-02-01,Pasteurized milk 2.5% mg,Emaar Square Mall,4.0
2023-02-01,Pasteurized milk 2.5% mg,Forum Istanbul,0.0
2023-02-01,Pasteurized milk 2.5% mg,Istinye Park,0.0
2023-02-01,Pasteurized milk 2.5% mg,Kanyon,2.0
2023-02-01,Pasteurized milk 2.5% mg,Mall of Istanbul,1.0
2023-02-01,Pasteurized milk 2.5% mg,Metrocity,5.0
2023-02-01,Pasteurized milk 2.5% mg,Metropol AVM,0.0
2023-02-01,Pasteurized milk 2.5% mg,Viaport Outlet,0.0
2023-02-01,Pasteurized milk 2.5% mg,Zorlu Center,0.0
2023-02-01,Pasteurized milk 3.0% mg,Cevahir AVM,0.0
2023-02-01,Pasteurized milk 3.0% mg,Emaar Square Mall,0.0
2023-02-01,Pasteurized milk 3.0% mg,Forum Istanbul,1.0
2023-02-01,Pasteurized milk 3.0% mg,Istinye Park,0.0
2023-02-01,Pasteurized milk 3.0% mg,Kanyon,8.0
2023-02-01,Pasteurized milk 3.0% mg,Mall of Istanbul,0.0
2023-02-01,Pasteurized milk 3.0% mg,Metrocity,0.0
2023-02-01,Pasteurized milk 3.0% mg,Metropol AVM,3.0
2023-02-01,Pasteurized milk 3.0% mg,Viaport Outlet,0.0
2023-02-01,Pasteurized milk 3.0% mg,Zorlu Center,5.0
2023-02-01,Powdered milk 12% mg,Cevahir AVM,0.0
2023-02-01,Powdered milk 12% mg,Emaar Square Mall,0.0
2023-02-01,Powdered milk 12% mg,Forum Istanbul,0.0
2023-02-01,Powdered milk 12% mg,Istinye Park,6.0
2023-02-01,Powdered milk 12% mg,Kanyon,0.0
2023-02-01,Powdered milk 12% mg,Mall of Istanbul,0.0
2023-02-01,Powdered milk 12% mg,Metrocity,1.0
2023-02-01,Powdered milk 12% mg,Metropol AVM,0.0
2023-02-01,Powdered milk 12% mg,Viaport Outlet,0.0
2023-02-01,Powdered milk 12% mg,Zorlu Center,9.0
2023-02-01,Powdered milk 18% mg,Cevahir AVM,1.0
2023-02-01,Powdered milk 18% mg,Emaar Square Mall,0.0
2023-02-01,Powdered milk 18% mg,Forum Istanbul,0.0
2023-02-01,Powdered milk 18% mg,Istinye Park,0.0
2023-02-01,Powdered milk 18% mg,Kanyon,3.0
2023-02-01,Powdered milk 18% mg,Mall of Istanbul,0.0
2023-02-01,Powdered milk 18% mg,Metrocity,5.0
2023-02-01,Powdered milk 18% mg,Metropol AVM,1.0
2023-02-01,Powdered milk 18% mg,Viaport Outlet,0.0
2023-02-01,Powdered milk 18% mg,Zorlu Center,3.0
2023-02-01,Powdered milk 20% mg,Cevahir AVM,0.0
2023-02-01,Powdered milk 20% mg,Emaar Square Mall,4.0
2023-02-01,Powdered milk 20% mg,Forum Istanbul,0.0
2023-02-01,Powdered milk 20% mg,Istinye Park,0.0
2023-02-01,Powdered milk 20% mg,Kanyon,0.0
2023-02-01,Powdered milk 20% mg,Mall of Istanbul,5.0
2023-02-01,Powdered milk 20% mg,Metrocity,0.0
2023-02-01,Powdered milk 20% mg,Metropol AVM,0.0
2023-02-01,Powdered milk 20% mg,Viaport Outlet,0.0
2023-02-01,Powdered milk 20% mg,Zorlu Center,0.0
2023-02-01,Powdered milk 26% mg,Cevahir AVM,0.0
2023-02-01,Powdered milk 26% mg,Emaar Square Mall,0.0
2023-02-01,Powdered milk 26% mg,Forum Istanbul,4.0
2023-02-01,Powdered milk 26% mg,Istinye Park,0.0
2023-02-01,Powdered milk 26% mg,Kanyon,0.0
2023-02-01,Powdered milk 26% mg,Mall of Istanbul,0.0
2023-02-01,Powdered milk 26% mg,Metrocity,0.0
2023-02-01,Powdered milk 26% mg,Metropol AVM,0.0
2023-02-01,Powdered milk 26% mg,Viaport Outlet,0.0
2023-02-01,Powdered milk 26% mg,Zorlu Center,0.0
2023-02-01,Powdered milk 28% mg,Cevahir AVM,0.0
2023-02-01,Powdered milk 28% mg,Emaar Square Mall,4.0
2023-02-01,Powdered milk 28% mg,Forum Istanbul,0.0
2023-02-01,Powdered milk 28% mg,Istinye Park,5.0
2023-02-01,Powdered milk 28% mg,Kanyon,9.0
2023-02-01,Powdered milk 28% mg,Mall of Istanbul,3.0
2023-02-01,Powdered milk 28% mg,Metrocity,0.0
2023-02-01,Powdered milk 28% mg,Metropol AVM,2.0
2023-02-01,Powdered milk 28% mg,Viaport Outlet,0.0
2023-02-01,Powdered milk 28% mg,Zorlu Center,0.0
2023-02-01,Powdered whey,Cevahir AVM,0.0
2023-02-01,Powdered whey,Emaar Square Mall,0.0
2023-02-01,Powdered whey,Forum Istanbul,0.0
2023-02-01,Powdered whey,Istinye Park,0.0
2023-02-01,Powdered whey,Kanyon,7.0
2023-02-01,Powdered whey,Mall of Istanbul,0.0
2023-02-01,Powdered whey,Metrocity,8.0
2023-02-01,Powdered whey,Metropol AVM,4.0
2023-02-01,Powdered whey,Viaport Outlet,0.0
2023-02-01,Powdered whey,Zorlu Center,3.0
2023-02-01,Skimmed pasteurized milk,Cevahir AVM,0.0
2023-02-01,Skimmed pasteurized milk,Emaar Square Mall,0.0
2023-02-01,Skimmed pasteurized milk,Forum Istanbul,0.0
2023-02-01,Skimmed pasteurized milk,Istinye Park,0.0
2023-02-01,Skimmed pasteurized milk,Kanyon,6.0
2023-02-01,Skimmed pasteurized milk,Mall of Istanbul,0.0
2023-02-01,Skimmed pasteurized milk,Metrocity,4.0
2023-02-01,Skimmed pasteurized milk,Metropol AVM,0.0
2023-02-01,Skimmed pasteurized milk,Viaport Outlet,0.0
2023-02-01,Skimmed pasteurized milk,Zorlu Center,0.0
2023-02-01,Skimmed powdered milk,Cevahir AVM,1.0
2023-02-01,Skimmed powdered milk,Emaar Square Mall,0.0
2023-02-01,Skimmed powdered milk,Forum Istanbul,0.0
2023-02-01,Skimmed powdered milk,Istinye Park,0.0
2023-02-01,Skimmed powdered milk,Kanyon,7.0
2023-02-01,Skimmed powdered milk,Mall of Istanbul,3.0
2023-02-01,Skimmed powdered milk,Metrocity,0.0
2023-02-01,Skimmed powdered milk,Metropol AVM,0.0
2023-02-01,Skimmed powdered milk,Viaport Outlet,5.0
2023-02-01,Skimmed powdered milk,Zorlu Center,0.0
2023-02-01,Small cheese,Cevahir AVM,0.0
2023-02-01,Small cheese,Emaar Square Mall,0.0
2023-02-01,Small cheese,Forum Istanbul,0.0
2023-02-01,Small cheese,Istinye Park,4.0
2023-02-01,Small cheese,Kanyon,3.0
2023-02-01,Small cheese,Mall of Istanbul,1.0
2023-02-01,Small cheese,Metrocity,3.0
2023-02-01,Small cheese,Metropol AVM,3.0
2023-02-01,Small cheese,Viaport Outlet,0.0
2023-02-01,Small cheese,Zorlu Center,0.0
2023-02-01,Sterilized semi-skimmed milk,Cevahir AVM,0.0
2023-02-01,Sterilized semi-skimmed milk,Emaar Square Mall,4.0
2023-02-01,Sterilized semi-skimmed milk,Forum Istanbul,0.0
2023-02-01,Sterilized semi-skimmed milk,Istinye Park,0.0
2023-02-01,Sterilized semi-skimmed milk,Kanyon,9.0
2023-02-01,Sterilized semi-skimmed milk,Mall of Istanbul,12.0
2023-02-01,Sterilized semi-skimmed milk,Metrocity,0.0
2023-02-01,Sterilized semi-skimmed milk,Metropol AVM,5.0
2023-02-01,Sterilized semi-skimmed milk,Viaport Outlet,0.0
2023-02-01,Sterilized semi-skimmed milk,Zorlu Center,0.0
2023-02-01,Sterilized skimmed milk,Cevahir AVM,0.0
2023-02-01,Sterilized skimmed milk,Emaar Square Mall,0.0
2023-02-01,Sterilized skimmed milk,Forum Istanbul,0.0
2023-02-01,Sterilized skimmed milk,Istinye Park,0.0
2023-02-01,Sterilized skimmed milk,Kanyon,0.0
2023-02-01,Sterilized skimmed milk,Mall of Istanbul,0.0
2023-02-01,Sterilized skimmed milk,Metrocity,5.0
2023-02-01,Sterilized skimmed milk,Metropol AVM,0.0
2023-02-01,Sterilized skimmed milk,Viaport Outlet,0.0
2023-02-01,Sterilized skimmed milk,Zorlu Center,0.0
2023-02-01,Sterilized whole milk,Cevahir AVM,2.0
2023-02-01,Sterilized whole milk,Emaar Square Mall,0.0
2023-02-01,Sterilized whole milk,Forum Istanbul,0.0
2023-02-01,Sterilized whole milk,Istinye Park,6.0
2023-02-01,Sterilized whole milk,Kanyon,3.0
2023-02-01,Sterilized whole milk,Mall of Istanbul,0.0
2023-02-01,Sterilized whole milk,Metrocity,13.0
2023-02-01,Sterilized whole milk,Metropol AVM,0.0
2023-02-01,Sterilized whole milk,Viaport Outlet,4.0
2023-02-01,Sterilized whole milk,Zorlu Center,0.0
2023-02-01,Sweetened condensed milk,Cevahir AVM,0.0
2023-02-01,Sweetened condensed milk,Emaar Square Mall,1.0
2023-02-01,Sweetened condensed milk,Forum Istanbul,1.0
2023-02-01,Sweetened condensed milk,Istinye Park,0.0
2023-02-01,Sweetened condensed milk,Kanyon,7.0
2023-02-01,Sweetened condensed milk,Mall of Istanbul,4.0
2023-02-01,Sweetened condensed milk,Metrocity,5.0
2023-02-01,Sweetened condensed milk,Metropol AVM,0.0
2023-02-01,Sweetened condensed milk,Viaport Outlet,0.0
2023-02-01,Sweetened condensed milk,Zorlu Center,0.0
2023-02-01,Total powdered milk,Cevahir AVM,0.0
2023-02-01,Total powdered milk,Emaar Square Mall,0.0
2023-02-01,Total powdered milk,Forum Istanbul,0.0
2023-02-01,Total powdered milk,Istinye Park,1.0
2023-02-01,Total powdered milk,Kanyon,0.0
2023-02-01,Total powdered milk,Mall of Istanbul,6.0
2023-02-01,Total powdered milk,Metrocity,4.0
2023-02-01,Total powdered milk,Metropol AVM,0.0
2023-02-01,Total powdered milk,Viaport Outlet,0.0
2023-02-01,Total powdered milk,Zorlu Center,0.0
2023-02-01,Yogurt,Cevahir AVM,0.0
2023-02-01,Yogurt,Emaar Square Mall,0.0
2023-02-01,Yogurt,Forum Istanbul,0.0
2023-02-01,Yogurt,Istinye Park,0.0
2023-02-01,Yogurt,Kanyon,5.0
2023-02-01,Yogurt,Mall of Istanbul,5.0
2023-02-01,Yogurt,Metrocity,0.0
2023-02-01,Yogurt,Metropol AVM,0.0
2023-02-01,Yogurt,Viaport Outlet,4.0
2023-02-01,Yogurt,Zorlu Center,0.0
2023-02-01,chocolate milk,Cevahir AVM,0.0
2023-02-01,chocolate milk,Emaar Square Mall,1.0
2023-02-01,chocolate milk,Forum Istanbul,3.0
2023-02-01,chocolate milk,Istinye Park,0.0
2023-02-01,chocolate milk,Kanyon,0.0
2023-02-01,chocolate milk,Mall of Istanbul,5.0
2023-02-01,chocolate milk,Metrocity,0.0
2023-02-01,chocolate milk,Metropol AVM,2.0
2023-02-01,chocolate milk,Viaport Outlet,0.0
2023-02-01,chocolate milk,Zorlu Center,0.0
2023-02-02,Butter,Cevahir AVM,0.0
2023-02-02,Butter,Emaar Square Mall,0.0
2023-02-02,Butter,Forum Istanbul,0.0
2023-02-02,Butter,Istinye Park,0.0
2023-02-02,Butter,Kanyon,0.0
2023-02-02,Butter,Mall of Istanbul,11.0
2023-02-02,Butter,Metrocity,0.0
2023-02-02,Butter,Metropol AVM,6.0
2023-02-02,Butter,Viaport Outlet,0.0
2023-02-02,Butter,Zorlu Center,0.0
2023-02-02,Cheese,Cevahir AVM,0.0
2023-02-02,Cheese,Emaar Square Mall,0.0
2023-02-02,Cheese,Forum Istanbul,0.0
2023-02-02,Cheese,Istinye Park,0.0
2023-02-02,Cheese,Kanyon,3.0
2023-02-02,Cheese,Mall of Istanbul,3.0
2023-02-02,Cheese,Metrocity,3.0
2023-02-02,Cheese,Metropol AVM,0.0
2023-02-02,Cheese,Viaport Outlet,1.0
2023-02-02,Cheese,Zorlu Center,0.0
2023-02-02,Condensed milk,Cevahir AVM,0.0
2023-02-02,Condensed milk,Emaar Square Mall,0.0
2023-02-02,Condensed milk,Forum Istanbul,0.0
2023-02-02,Condensed milk,Istinye Park,0.0
2023-02-02,Condensed milk,Kanyon,5.0
2023-02-02,Condensed milk,Mall of Istanbul,0.0
2023-02-02,Condensed milk,Metrocity,9.0
2023-02-02,Condensed milk,Metropol AVM,3.0
2023-02-02,Condensed milk,Viaport Outlet,2.0
2023-02-02,Condensed milk,Zorlu Center,0.0
2023-02-02,Cream,Cevahir AVM,0.0
2023-02-02,Cream,Emaar Square Mall,3.0
2023-02-02,Cream,Forum Istanbul,0.0
2023-02-02,Cream,Istinye Park,3.0
2023-02-02,Cream,Kanyon,4.0
2023-02-02,Cream,Mall of Istanbul,7.0
2023-02-02,Cream,Metrocity,4.0
2023-02-02,Cream,Metropol AVM,4.0
2023-02-02,Cream,Viaport Outlet,0.0
2023-02-02,Cream,Zorlu Center,0.0
2023-02-02,Cultured milk,Cevahir AVM,0.0
2023-02-02,Cultured milk,Emaar Square Mall,0.0
2023-02-02,Cultured milk,Forum Istanbul,0.0
2023-02-02,Cultured milk,Istinye Park,4.0
2023-02-02,Cultured milk,Kanyon,1.0
2023-02-02,Cultured milk,Mall of Istanbul,8.0
2023-02-02,Cultured milk,Metrocity,6.0
2023-02-02,Cultured milk,Metropol AVM,1.0
2023-02-02,Cultured milk,Viaport Outlet,0.0
2023-02-02,Cultured milk,Zorlu Center,0.0
2023-02-02,Evaporated milk,Cevahir AVM,0.0
2023-02-02,Evaporated milk,Emaar Square Mall,0.0
2023-02-02,Evaporated milk,Forum Istanbul,4.0
2023-02-02,Evaporated milk,Istinye Park,0.0
2023-02-02,Evaporated milk,Kanyon,3.0
2023-02-02,Evaporated milk,Mall of Istanbul,2.0
2023-02-02,Evaporated milk,Metrocity,0.0
2023-02-02,Evaporated milk,Metropol AVM,0.0
2023-02-02,Evaporated milk,Viaport Outlet,0.0
2023-02-02,Evaporated milk,Zorlu Center,0.0
2023-02-02,Flavored sterilized milk,Cevahir AVM,4.0
2023-02-02,Flavored sterilized milk,Emaar Square Mall,2.0
2023-02-02,Flavored sterilized milk,Forum Istanbul,8.0
2023-02-02,Flavored sterilized milk,Istinye Park,0.0
2023-02-02,Flavored sterilized milk,Kanyon,0.0
2023-02-02,Flavored sterilized milk,Mall of Istanbul,8.0
2023-02-02,Flavored sterilized milk,Metrocity,0.0
2023-02-02,Flavored sterilized milk,Metropol AVM,4.0
2023-02-02,Flavored sterilized milk,Viaport Outlet,0.0
2023-02-02,Flavored sterilized milk,Zorlu Center,2.0
2023-02-02,Modified milk,Cevahir AVM,0.0
2023-02-02,Modified milk,Emaar Square Mall,0.0
2023-02-02,Modified milk,Forum Istanbul,0.0
2023-02-02,Modified milk,Istinye Park,0.0
2023-02-02,Modified milk,Kanyon,3.0
2023-02-02,Modified milk,Mall of Istanbul,4.0
2023-02-02,Modified milk,Metrocity,0.0
2023-02-02,Modified milk,Metropol AVM,1.0
2023-02-02,Modified milk,Viaport Outlet,0.0
2023-02-02,Modified milk,Zorlu Center,1.0
2023-02-02,Pasteurized milk 2.5% mg,Cevahir AVM,0.0
2023-02-02,Pasteurized milk 2.5% mg,Emaar Square Mall,1.0
2023-02-02,Pasteurized milk 2.5% mg,Forum Istanbul,0.0
2023-02-02,Pasteurized milk 2.5% mg,Istinye Park,4.0
2023-02-02,Pasteurized milk 2.5% mg,Kanyon,0.0
2023-02-02,Pasteurized milk 2.5% mg,Mall of Istanbul,5.0
2023-02-02,Pasteurized milk 2.5% mg,Metrocity,3.0
2023-02-02,Pasteurized milk 2.5% mg,Metropol AVM,0.0
2023-02-02,Pasteurized milk 2.5% mg,Viaport Outlet,0.0
2023-02-02,Pasteurized milk 2.5% mg,Zorlu Center,3.0
2023-02-02,Pasteurized milk 3.0% mg,Cevahir AVM,0.0
2023-02-02,Pasteurized milk 3.0% mg,Emaar Square Mall,0.0
2023-02-02,Pasteurized milk 3.0% mg,Forum Istanbul,0.0
2023-02-02,Pasteurized milk 3.0% mg,Istinye Park,0.0
2023-02-02,Pasteurized milk 3.0% mg,Kanyon,0.0
2023-02-02,Pasteurized milk 3.0% mg,Mall of Istanbul,5.0
2023-02-02,Pasteurized milk 3.0% mg,Metrocity,6.0
2023-02-02,Pasteurized milk 3.0% mg,Metropol AVM,0.0
2023-02-02,Pasteurized milk 3.0% mg,Viaport Outlet,3.0
2023-02-02,Pasteurized milk 3.0% mg,Zorlu Center,5.0
2023-02-02,Powdered milk 12% mg,Cevahir AVM,0.0
2023-02-02,Powdered milk 12% mg,Emaar Square Mall,0.0
2023-02-02,Powdered milk 12% mg,Forum Istanbul,0.0
2023-02-02,Powdered milk 12% mg,Istinye Park,1.0
2023-02-02,Powdered milk 12% mg,Kanyon,0.0
2023-02-02,Powdered milk 12% mg,Mall of Istanbul,0.0
2023-02-02,Powdered milk 12% mg,Metrocity,1.0
2023-02-02,Powdered milk 12% mg,Metropol AVM,0.0
2023-02-02,Powdered milk 12% mg,Viaport Outlet,0.0
2023-02-02,Powdered milk 12% mg,Zorlu Center,0.0
2023-02-02,Powdered milk 18% mg,Cevahir AVM,0.0
2023-02-02,Powdered milk 18% mg,Emaar Square Mall,0.0
2023-02-02,Powdered milk 18% mg,Forum Istanbul,1.0
2023-02-02,Powdered milk 18% mg,Istinye Park,0.0
2023-02-02,Powdered milk 18% mg,Kanyon,3.0
2023-02-02,Powdered milk 18% mg,Mall of Istanbul,6.0
2023-02-02,Powdered milk 18% mg,Metrocity,2.0
2023-02-02,Powdered milk 18% mg,Metropol AVM,0.0
2023-02-02,Powdered milk 18% mg,Viaport Outlet,4.0
2023-02-02,Powdered milk 18% mg,Zorlu Center,0.0
2023-02-02,Powdered milk 20% mg,Cevahir AVM,0.0
2023-02-02,Powdered milk 20% mg,Emaar Square Mall,0.0
2023-02-02,Powdered milk 20% mg,Forum Istanbul,0.0
2023-02-02,Powdered milk 20% mg,Istinye Park,0.0
2023-02-02,Powdered milk 20% mg,Kanyon,9.0
2023-02-02,Powdered milk 20% mg,Mall of Istanbul,9.0
2023-02-02,Powdered milk 20% mg,Metrocity,4.0
2023-02-02,Powdered milk 20% mg,Metropol AVM,0.0
2023-02-02,Powdered milk 20% mg,Viaport Outlet,0.0
2023-02-02,Powdered milk 20% mg,Zorlu Center,0.0
2023-02-02,Powdered milk 26% mg,Cevahir AVM,2.0
2023-02-02,Powdered milk 26% mg,Emaar Square Mall,0.0
2023-02-02,Powdered milk 26% mg,Forum Istanbul,4.0
2023-02-02,Powdered milk 26% mg,Istinye Park,0.0
2023-02-02,Powdered milk 26% mg,Kanyon,5.0
2023-02-02,Powdered milk 26% mg,Mall of Istanbul,3.0
2023-02-02,Powdered milk 26% mg,Metrocity,0.0
2023-02-02,Powdered milk 26% mg,Metropol AVM,5.0
2023-02-02,Powdered milk 26% mg,Viaport Outlet,0.0
2023-02-02,Powdered milk 26% mg,Zorlu Center,0.0
2023-02-02,Powdered milk 28% mg,Cevahir AVM,0.0
2023-02-02,Powdered milk 28% mg,Emaar Square Mall,0.0
2023-02-02,Powdered milk 28% mg,Forum Istanbul,0.0
2023-02-02,Powdered milk 28% mg,Istinye Park,1.0
2023-02-02,Powdered milk 28% mg,Kanyon,0.0
2023-02-02,Powdered milk 28% mg,Mall of Istanbul,4.0
2023-02-02,Powdered milk 28% mg,Metrocity,3.0
2023-02-02,Powdered milk 28% mg,Metropol AVM,0.0
2023-02-02,Powdered milk 28% mg,Viaport Outlet,0.0
2023-02-02,Powdered milk 28% mg,Zorlu Center,0.0
2023-02-02,Powdered whey,Cevahir AVM,0.0
2023-02-02,Powdered whey,Emaar Square Mall,5.0
2023-02-02,Powdered whey,Forum Istanbul,0.0
2023-02-02,Powdered whey,Istinye Park,4.0
2023-02-02,Powdered whey,Kanyon,3.0
2023-02-02,Powdered whey,Mall of Istanbul,6.0
2023-02-02,Powdered whey,Metrocity,4.0
2023-02-02,Powdered whey,Metropol AVM,0.0
2023-02-02,Powdered whey,Viaport Outlet,0.0
2023-02-02,Powdered whey,Zorlu Center,0.0
2023-02-02,Skimmed pasteurized milk,Cevahir AVM,0.0
2023-02-02,Skimmed pasteurized milk,Emaar Square Mall,0.0
2023-02-02,Skimmed pasteurized milk,Forum Istanbul,5.0
2023-02-02,Skimmed pasteurized milk,Istinye Park,0.0
2023-02-02,Skimmed pasteurized milk,Kanyon,2.0
2023-02-02,Skimmed pasteurized milk,Mall of Istanbul,11.0
2023-02-02,Skimmed pasteurized milk,Metrocity,0.0
2023-02-02,Skimmed pasteurized milk,Metropol AVM,0.0
2023-02-02,Skimmed pasteurized milk,Viaport Outlet,1.0
2023-02-02,Skimmed pasteurized milk,Zorlu Center,0.0
2023-02-02,Skimmed powdered milk,Cevahir AVM,0.0
2023-02-02,Skimmed powdered milk,Emaar Square Mall,5.0
2023-02-02,Skimmed powdered milk,Forum Istanbul,0.0
2023-02-02,Skimmed powdered milk,Istinye Park,2.0
2023-02-02,Skimmed powdered milk,Kanyon,2.0
2023-02-02,Skimmed powdered milk,Mall of Istanbul,3.0
2023-02-02,Skimmed powdered milk,Metrocity,0.0
2023-02-02,Skimmed powdered milk,Metropol AVM,1.0
2023-02-02,Skimmed powdered milk,Viaport Outlet,0.0
2023-02-02,Skimmed powdered milk,Zorlu Center,0.0
2023-02-02,Small cheese,Cevahir AVM,0.0
2023-02-02,Small cheese,Emaar Square Mall,0.0
2023-02-02,Small cheese,Forum Istanbul,2.0
2023-02-02,Small cheese,Istinye Park,4.0
2023-02-02,Small cheese,Kanyon,0.0
2023-02-02,Small cheese,Mall of Istanbul,0.0
2023-02-02,Small cheese,Metrocity,0.0
2023-02-02,Small cheese,Metropol AVM,0.0
2023-02-02,Small cheese,Viaport Outlet,0.0
2023-02-02,Small cheese,Zorlu Center,2.0
2023-02-02,Sterilized semi-skimmed milk,Cevahir AVM,0.0
2023-02-02,Sterilized semi-skimmed milk,Emaar Square Mall,0.0
2023-02-02,Sterilized semi-skimmed milk,Forum Istanbul,0.0
2023-02-02,Sterilized semi-skimmed milk,Istinye Park,7.0
2023-02-02,Sterilized semi-skimmed milk,Kanyon,12.0
2023-02-02,Sterilized semi-skimmed milk,Mall of Istanbul,5.0
2023-02-02,Sterilized semi-skimmed milk,Metrocity,5.0
2023-02-02,Sterilized semi-skimmed milk,Metropol AVM,0.0
2023-02-02,Sterilized semi-skimmed milk,Viaport Outlet,0.0
2023-02-02,Sterilized semi-skimmed milk,Zorlu Center,0.0
2023-02-02,Sterilized skimmed milk,Cevahir AVM,0.0
2023-02-02,Sterilized skimmed milk,Emaar Square Mall,0.0
2023-02-02,Sterilized skimmed milk,Forum Istanbul,0.0
2023-02-02,Sterilized skimmed milk,Istinye Park,0.0
2023-02-02,Sterilized skimmed milk,Kanyon,0.0
2023-02-02,Sterilized skimmed milk,Mall of Istanbul,0.0
2023-02-02,Sterilized skimmed milk,Metrocity,0.0
2023-02-02,Sterilized skimmed milk,Metropol AVM,0.0
2023-02-02,Sterilized skimmed milk,Viaport Outlet,0.0
2023-02-02,Sterilized skimmed milk,Zorlu Center,4.0
2023-02-02,Sterilized whole milk,Cevahir AVM,0.0
2023-02-02,Sterilized whole milk,Emaar Square Mall,0.0
2023-02-02,Sterilized whole milk,Forum Istanbul,0.0
2023-02-02,Sterilized whole milk,Istinye Park,0.0
2023-02-02,Sterilized whole milk,Kanyon,0.0
2023-02-02,Sterilized whole milk,Mall of Istanbul,5.0
2023-02-02,Sterilized whole milk,Metrocity,8.0
2023-02-02,Sterilized whole milk,Metropol AVM,0.0
2023-02-02,Sterilized whole milk,Viaport Outlet,0.0
2023-02-02,Sterilized whole milk,Zorlu Center,0.0
2023-02-02,Sweetened condensed milk,Cevahir AVM,3.0
2023-02-02,Sweetened condensed milk,Emaar Square Mall,0.0
2023-02-02,Sweetened condensed milk,Forum Istanbul,0.0
2023-02-02,Sweetened condensed milk,Istinye Park,2.0
2023-02-02,Sweetened condensed milk,Kanyon,9.0
2023-02-02,Sweetened condensed milk,Mall of Istanbul,0.0
2023-02-02,Sweetened condensed milk,Metrocity,13.0
2023-02-02,Sweetened condensed milk,Metropol AVM,0.0
2023-02-02,Sweetened condensed milk,Viaport Outlet,0.0
2023-02-02,Sweetened condensed milk,Zorlu Center,0.0
2023-02-02,Total powdered milk,Cevahir AVM,0.0
2023-02-02,Total powdered milk,Emaar Square Mall,0.0
2023-02-02,Total powdered milk,Forum Istanbul,5.0
2023-02-02,Total powdered milk,Istinye Park,7.0
2023-02-02,Total powdered milk,Kanyon,3.0
2023-02-02,Total powdered milk,Mall of Istanbul,0.0
2023-02-02,Total powdered milk,Metrocity,0.0
2023-02-02,Total powdered milk,Metropol AVM,0.0
2023-02-02,Total powdered milk,Viaport Outlet,0.0
2023-02-02,Total powdered milk,Zorlu Center,5.0
2023-02-02,Yogurt,Cevahir AVM,0.0
2023-02-02,Yogurt,Emaar Square Mall,0.0
2023-02-02,Yogurt,Forum Istanbul,0.0
2023-02-02,Yogurt,Istinye Park,0.0
2023-02-02,Yogurt,Kanyon,9.0
2023-02-02,Yogurt,Mall of Istanbul,7.0
2023-02-02,Yogurt,Metrocity,3.0
2023-02-02,Yogurt,Metropol AVM,0.0
2023-02-02,Yogurt,Viaport Outlet,0.0
2023-02-02,Yogurt,Zorlu Center,0.0
2023-02-02,chocolate milk,Cevahir AVM,0.0
2023-02-02,chocolate milk,Emaar Square Mall,0.0
2023-02-02,chocolate milk,Forum Istanbul,0.0
2023-02-02,chocolate milk,Istinye Park,0.0
2023-02-02,chocolate milk,Kanyon,6.0
2023-02-02,chocolate milk,Mall of Istanbul,0.0
2023-02-02,chocolate milk,Metrocity,0.0
2023-02-02,chocolate milk,Metropol AVM,15.0
2023-02-02,chocolate milk,Viaport Outlet,0.0
2023-02-02,chocolate milk,Zorlu Center,3.0
2023-02-03,Butter,Cevahir AVM,5.0
2023-02-03,Butter,Emaar Square Mall,5.0
2023-02-03,Butter,Forum Istanbul,4.0
2023-02-03,Butter,Istinye Park,0.0
2023-02-03,Butter,Kanyon,0.0
2023-02-03,Butter,Mall of Istanbul,7.0
2023-02-03,Butter,Metrocity,0.0
2023-02-03,Butter,Metropol AVM,0.0
2023-02-03,Butter,Viaport Outlet,0.0
2023-02-03,Butter,Zorlu Center,0.0
2023-02-03,Cheese,Cevahir AVM,2.0
2023-02-03,Cheese,Emaar Square Mall,0.0
2023-02-03,Cheese,Forum Istanbul,0.0
2023-02-03,Cheese,Istinye Park,0.0
2023-02-03,Cheese,Kanyon,0.0
2023-02-03,Cheese,Mall of Istanbul,0.0
2023-02-03,Cheese,Metrocity,4.0
2023-02-03,Cheese,Metropol AVM,5.0
2023-02-03,Cheese,Viaport Outlet,5.0
2023-02-03,Cheese,Zorlu Center,0.0
2023-02-03,Condensed milk,Cevahir AVM,0.0
2023-02-03,Condensed milk,Emaar Square Mall,3.0
2023-02-03,Condensed milk,Forum Istanbul,4.0
2023-02-03,Condensed milk,Istinye Park,0.0
2023-02-03,Condensed milk,Kanyon,0.0
2023-02-03,Condensed milk,Mall of Istanbul,0.0
2023-02-03,Condensed milk,Metrocity,2.0
2023-02-03,Condensed milk,Metropol AVM,3.0
2023-02-03,Condensed milk,Viaport Outlet,1.0
2023-02-03,Condensed milk,Zorlu Center,3.0
2023-02-03,Cream,Cevahir AVM,0.0
2023-02-03,Cream,Emaar Square Mall,0.0
2023-02-03,Cream,Forum Istanbul,0.0
2023-02-03,Cream,Istinye Park,0.0
2023-02-03,Cream,Kanyon,0.0
2023-02-03,Cream,Mall of Istanbul,0.0
2023-02-03,Cream,Metrocity,0.0
2023-02-03,Cream,Metropol AVM,0.0
2023-02-03,Cream,Viaport Outlet,0.0
2023-02-03,Cream,Zorlu Center,0.0
2023-02-03,Cultured milk,Cevahir AVM,0.0
2023-02-03,Cultured milk,Emaar Square Mall,0.0
2023-02-03,Cultured milk,Forum Istanbul,0.0
2023-02-03,Cultured milk,Istinye Park,0.0
2023-02-03,Cultured milk,Kanyon,1.0
2023-02-03,Cultured milk,Mall of Istanbul,0.0
2023-02-03,Cultured milk,Metrocity,3.0
2023-02-03,Cultured milk,Metropol AVM,0.0
2023-02-03,Cultured milk,Viaport Outlet,0.0
2023-02-03,Cultured milk,Zorlu Center,0.0
2023-02-03,Evaporated milk,Cevahir AVM,0.0
2023-02-03,Evaporated milk,Emaar Square Mall,0.0
2023-02-03,Evaporated milk,Forum Istanbul,2.0
2023-02-03,Evaporated milk,Istinye Park,0.0
2023-02-03,Evaporated milk,Kanyon,0.0
2023-02-03,Evaporated milk,Mall of Istanbul,12.0
2023-02-03,Evaporated milk,Metrocity,0.0
2023-02-03,Evaporated milk,Metropol AVM,5.0
2023-02-03,Evaporated milk,Viaport Outlet,0.0
2023-02-03,Evaporated milk,Zorlu Center,10.0
2023-02-03,Flavored sterilized milk,Cevahir AVM,0.0
2023-02-03,Flavored sterilized milk,Emaar Square Mall,0.0
2023-02-03,Flavored sterilized milk,Forum Istanbul,0.0
2023-02-03,Flavored sterilized milk,Istinye Park,0.0
2023-02-03,Flavored sterilized milk,Kanyon,0.0
2023-02-03,Flavored sterilized milk,Mall of Istanbul,7.0
2023-02-03,Flavored sterilized milk,Metrocity,4.0
2023-02-03,Flavored sterilized milk,Metropol AVM,0.0
2023-02-03,Flavored sterilized milk,Viaport Outlet,3.0
2023-02-03,Flavored sterilized milk,Zorlu Center,0.0
2023-02-03,Modified milk,Cevahir AVM,0.0
2023-02-03,Modified milk,Emaar Square Mall,0.0
2023-02-03,Modified milk,Forum Istanbul,0.0
2023-02-03,Modified milk,Istinye Park,0.0
2023-02-03,Modified milk,Kanyon,0.0
2023-02-03,Modified milk,Mall of Istanbul,4.0
2023-02-03,Modified milk,Metrocity,9.0
2023-02-03,Modified milk,Metropol AVM,0.0
2023-02-03,Modified milk,Viaport Outlet,0.0
2023-02-03,Modified milk,Zorlu Center,0.0
2023-02-03,Pasteurized milk 2.5% mg,Cevahir AVM,0.0
2023-02-03,Pasteurized milk 2.5% mg,Emaar Square Mall,0.0
2023-02-03,Pasteurized milk 2.5% mg,Forum Istanbul,0.0
2023-02-03,Pasteurized milk 2.5% mg,Istinye Park,0.0
2023-02-03,Pasteurized milk 2.5% mg,Kanyon,13.0
2023-02-03,Pasteurized milk 2.5% mg,Mall of Istanbul,3.0
2023-02-03,Pasteurized milk 2.5% mg,Metrocity,0.0
2023-02-03,Pasteurized milk 2.5% mg,Metropol AVM,3.0
2023-02-03,Pasteurized milk 2.5% mg,Viaport Outlet,4.0
2023-02-03,Pasteurized milk 2.5% mg,Zorlu Center,0.0
2023-02-03,Pasteurized milk 3.0% mg,Cevahir AVM,0.0
2023-02-03,Pasteurized milk 3.0% mg,Emaar Square Mall,0.0
2023-02-03,Pasteurized milk 3.0% mg,Forum Istanbul,0.0
2023-02-03,Pasteurized milk 3.0% mg,Istinye Park,3.0
2023-02-03,Pasteurized milk 3.0% mg,Kanyon,0.0
2023-02-03,Pasteurized milk 3.0% mg,Mall of Istanbul,4.0
2023-02-03,Pasteurized milk 3.0% mg,Metrocity,0.0
2023-02-03,Pasteurized milk 3.0% mg,Metropol AVM,3.0
2023-02-03,Pasteurized milk 3.0% mg,Viaport Outlet,0.0
2023-02-03,Pasteurized milk 3.0% mg,Zorlu Center,0.0
2023-02-03,Powdered milk 12% mg,Cevahir AVM,0.0
2023-02-03,Powdered milk 12% mg,Emaar Square Mall,0.0
2023-02-03,Powdered milk 12% mg,Forum Istanbul,0.0
2023-02-03,Powdered milk 12% mg,Istinye Park,5.0
2023-02-03,Powdered milk 12% mg,Kanyon,4.0
2023-02-03,Powdered milk 12% mg,Mall of Istanbul,0.0
2023-02-03,Powdered milk 12% mg,Metrocity,5.0
2023-02-03,Powdered milk 12% mg,Metropol AVM,0.0
2023-02-03,Powdered milk 12% mg,Viaport Outlet,0.0
2023-02-03,Powdered milk 12% mg,Zorlu Center,3.0
2023-02-03,Powdered milk 18% mg,Cevahir AVM,0.0
2023-02-03,Powdered milk 18% mg,Emaar Square Mall,0.0
2023-02-03,Powdered milk 18% mg,Forum Istanbul,0.0
2023-02-03,Powdered milk 18% mg,Istinye Park,0.0
2023-02-03,Powdered milk 18% mg,Kanyon,9.0
2023-02-03,Powdered milk 18% mg,Mall of Istanbul,2.0
2023-02-03,Powdered milk 18% mg,Metrocity,0.0
2023-02-03,Powdered milk 18% mg,Metropol AVM,0.0
2023-02-03,Powdered milk 18% mg,Viaport Outlet,0.0
2023-02-03,Powdered milk 18% mg,Zorlu Center,4.0
2023-02-03,Powdered milk 20% mg,Cevahir AVM,0.0
2023-02-03,Powdered milk 20% mg,Emaar Square Mall,1.0
2023-02-03,Powdered milk 20% mg,Forum Istanbul,0.0
2023-02-03,Powdered milk 20% mg,Istinye Park,4.0
2023-02-03,Powdered milk 20% mg,Kanyon,3.0
2023-02-03,Powdered milk 20% mg,Mall of Istanbul,0.0
2023-02-03,Powdered milk 20% mg,Metrocity,0.0
2023-02-03,Powdered milk 20% mg,Metropol AVM,6.0
2023-02-03,Powdered milk 20% mg,Viaport Outlet,0.0
2023-02-03,Powdered milk 20% mg,Zorlu Center,0.0
2023-02-03,Powdered milk 26% mg,Cevahir AVM,3.0
2023-02-03,Powdered milk 26% mg,Emaar Square Mall,0.0
2023-02-03,Powdered milk 26% mg,Forum Istanbul,0.0
2023-02-03,Powdered milk 26% mg,Istinye Park,2.0
2023-02-03,Powdered milk 26% mg,Kanyon,0.0
2023-02-03,Powdered milk 26% mg,Mall of Istanbul,5.0
2023-02-03,Powdered milk 26% mg,Metrocity,3.0
2023-02-03,Powdered milk 26% mg,Metropol AVM,0.0
2023-02-03,Powdered milk 26% mg,Viaport Outlet,1.0
2023-02-03,Powdered milk 26% mg,Zorlu Center,0.0
2023-02-03,Powdered milk 28% mg,Cevahir AVM,0.0
2023-02-03,Powdered milk 28% mg,Emaar Square Mall,3.0
2023-02-03,Powdered milk 28% mg,Forum Istanbul,0.0
2023-02-03,Powdered milk 28% mg,Istinye Park,1.0
2023-02-03,Powdered milk 28% mg,Kanyon,0.0
2023-02-03,Powdered milk 28% mg,Mall of Istanbul,5.0
2023-02-03,Powdered milk 28% mg,Metrocity,4.0
2023-02-03,Powdered milk 28% mg,Metropol AVM,0.0
2023-02-03,Powdered milk 28% mg,Viaport Outlet,3.0
2023-02-03,Powdered milk 28% mg,Zorlu Center,0.0
2023-02-03,Powdered whey,Cevahir AVM,0.0
2023-02-03,Powdered whey,Emaar Square Mall,0.0
2023-02-03,Powdered whey,Forum Istanbul,0.0
2023-02-03,Powdered whey,Istinye Park,0.0
2023-02-03,Powdered whey,Kanyon,0.0
2023-02-03,Powdered whey,Mall of Istanbul,5.0
2023-02-03,Powdered whey,Metrocity,4.0
2023-02-03,Powdered whey,Metropol AVM,0.0
2023-02-03,Powdered whey,Viaport Outlet,0.0
2023-02-03,Powdered whey,Zorlu Center,0.0
2023-02-03,Skimmed pasteurized milk,Cevahir AVM,0.0
2023-02-03,Skimmed pasteurized milk,Emaar Square Mall,2.0
2023-02-03,Skimmed pasteurized milk,Forum Istanbul,0.0
2023-02-03,Skimmed pasteurized milk,Istinye Park,4.0
2023-02-03,Skimmed pasteurized milk,Kanyon,5.0
2023-02-03,Skimmed pasteurized milk,Mall of Istanbul,0.0
2023-02-03,Skimmed pasteurized milk,Metrocity,3.0
2023-02-03,Skimmed pasteurized milk,Metropol AVM,0.0
2023-02-03,Skimmed pasteurized milk,Viaport Outlet,0.0
2023-02-03,Skimmed pasteurized milk,Zorlu Center,0.0
2023-02-03,Skimmed powdered milk,Cevahir AVM,0.0
2023-02-03,Skimmed powdered milk,Emaar Square Mall,0.0
2023-02-03,Skimmed powdered milk,Forum Istanbul,0.0
2023-02-03,Skimmed powdered milk,Istinye Park,1.0
2023-02-03,Skimmed powdered milk,Kanyon,5.0
2023-02-03,Skimmed powdered milk,Mall of Istanbul,9.0
2023-02-03,Skimmed powdered milk,Metrocity,0.0
2023-02-03,Skimmed powdered milk,Metropol AVM,0.0
2023-02-03,Skimmed powdered milk,Viaport Outlet,0.0
2023-02-03,Skimmed powdered milk,Zorlu Center,0.0
2023-02-03,Small cheese,Cevahir AVM,0.0
2023-02-03,Small cheese,Emaar Square Mall,0.0
2023-02-03,Small cheese,Forum Istanbul,0.0
2023-02-03,Small cheese,Istinye Park,0.0
2023-02-03,Small cheese,Kanyon,1.0
2023-02-03,Small cheese,Mall of Istanbul,0.0
2023-02-03,Small cheese,Metrocity,0.0
2023-02-03,Small cheese,Metropol AVM,2.0
2023-02-03,Small cheese,Viaport Outlet,0.0
2023-02-03,Small cheese,Zorlu Center,0.0
2023-02-03,Sterilized semi-skimmed milk,Cevahir AVM,0.0
2023-02-03,Sterilized semi-skimmed milk,Emaar Square Mall,0.0
2023-02-03,Sterilized semi-skimmed milk,Forum Istanbul,3.0
2023-02-03,Sterilized semi-skimmed milk,Istinye Park,0.0
2023-02-03,Sterilized semi-skimmed milk,Kanyon,4.0
2023-02-03,Sterilized semi-skimmed milk,Mall of Istanbul,2.0
2023-02-03,Sterilized semi-skimmed milk,Metrocity,4.0
2023-02-03,Sterilized semi-skimmed milk,Metropol AVM,3.0
2023-02-03,Sterilized semi-skimmed milk,Viaport Outlet,2.0
2023-02-03,Sterilized semi-skimmed milk,Zorlu Center,0.0
2023-02-03,Sterilized skimmed milk,Cevahir AVM,0.0
2023-02-03,Sterilized skimmed milk,Emaar Square Mall,0.0
2023-02-03,Sterilized skimmed milk,Forum Istanbul,0.0
2023-02-03,Sterilized skimmed milk,Istinye Park,0.0
2023-02-03,Sterilized skimmed milk,Kanyon,0.0
2023-02-03,Sterilized skimmed milk,Mall of Istanbul,3.0
2023-02-03,Sterilized skimmed milk,Metrocity,0.0
2023-02-03,Sterilized skimmed milk,Metropol AVM,0.0
2023-02-03,Sterilized skimmed milk,Viaport Outlet,0.0
2023-02-03,Sterilized skimmed milk,Zorlu Center,0.0
2023-02-03,Sterilized whole milk,Cevahir AVM,0.0
2023-02-03,Sterilized whole milk,Emaar Square Mall,0.0
2023-02-03,Sterilized whole milk,Forum Istanbul,0.0
2023-02-03,Sterilized whole milk,Istinye Park,1.0
2023-02-03,Sterilized whole milk,Kanyon,4.0
2023-02-03,Sterilized whole milk,Mall of Istanbul,0.0
2023-02-03,Sterilized whole milk,Metrocity,4.0
2023-02-03,Sterilized whole milk,Metropol AVM,0.0
2023-02-03,Sterilized whole milk,Viaport Outlet,0.0
2023-02-03,Sterilized whole milk,Zorlu Center,0.0
2023-02-03,Sweetened condensed milk,Cevahir AVM,0.0
2023-02-03,Sweetened condensed milk,Emaar Square Mall,1.0
2023-02-03,Sweetened condensed milk,Forum Istanbul,0.0
2023-02-03,Sweetened condensed milk,Istinye Park,0.0
2023-02-03,Sweetened condensed milk,Kanyon,3.0
2023-02-03,Sweetened condensed milk,Mall of Istanbul,1.0
2023-02-03,Sweetened condensed milk,Metrocity,0.0
2023-02-03,Sweetened condensed milk,Metropol AVM,3.0
2023-02-03,Sweetened condensed milk,Viaport Outlet,0.0
2023-02-03,Sweetened condensed milk,Zorlu Center,0.0
2023-02-03,Total powdered milk,Cevahir AVM,0.0
2023-02-03,Total powdered milk,Emaar Square Mall,5.0
2023-02-03,Total powdered milk,Forum Istanbul,0.0
2023-02-03,Total powdered milk,Istinye Park,0.0
2023-02-03,Total powdered milk,Kanyon,3.0
2023-02-03,Total powdered milk,Mall of Istanbul,7.0
2023-02-03,Total powdered milk,Metrocity,0.0
2023-02-03,Total powdered milk,Metropol AVM,0.0
2023-02-03,Total powdered milk,Viaport Outlet,0.0
2023-02-03,Total powdered milk,Zorlu Center,6.0
2023-02-03,Yogurt,Cevahir AVM,0.0
2023-02-03,Yogurt,Emaar Square Mall,0.0
2023-02-03,Yogurt,Forum Istanbul,0.0
2023-02-03,Yogurt,Istinye Park,0.0
2023-02-03,Yogurt,Kanyon,0.0
2023-02-03,Yogurt,Mall of Istanbul,4.0
2023-02-03,Yogurt,Metrocity,0.0
2023-02-03,Yogurt,Metropol AVM,0.0
2023-02-03,Yogurt,Viaport Outlet,0.0
2023-02-03,Yogurt,Zorlu Center,0.0
2023-02-03,chocolate milk,Cevahir AVM,0.0
2023-02-03,chocolate milk,Emaar Square Mall,0.0
2023-02-03,chocolate milk,Forum Istanbul,0.0
2023-02-03,chocolate milk,Istinye Park,4.0
2023-02-03,chocolate milk,Kanyon,0.0
2023-02-03,chocolate milk,Mall of Istanbul,4.0
2023-02-03,chocolate milk,Metrocity,1.0
2023-02-03,chocolate milk,Metropol AVM,4.0
2023-02-03,chocolate milk,Viaport Outlet,0.0
2023-02-03,chocolate milk,Zorlu Center,5.0
2023-02-04,Butter,Cevahir AVM,0.0
2023-02-04,Butter,Emaar Square Mall,0.0
2023-02-04,Butter,Forum Istanbul,5.0
2023-02-04,Butter,Istinye Park,0.0
2023-02-04,Butter,Kanyon,4.0
2023-02-04,Butter,Mall of Istanbul,1.0
2023-02-04,Butter,Metrocity,2.0
2023-02-04,Butter,Metropol AVM,5.0
2023-02-04,Butter,Viaport Outlet,0.0
2023-02-04,Butter,Zorlu Center,0.0
2023-02-04,Cheese,Cevahir AVM,0.0
2023-02-04,Cheese,Emaar Square Mall,2.0
2023-02-04,Cheese,Forum Istanbul,0.0
2023-02-04,Cheese,Istinye Park,5.0
2023-02-04,Cheese,Kanyon,2.0
2023-02-04,Cheese,Mall of Istanbul,9.0
2023-02-04,Cheese,Metrocity,0.0
2023-02-04,Cheese,Metropol AVM,2.0
2023-02-04,Cheese,Viaport Outlet,0.0
2023-02-04,Cheese,Zorlu Center,0.0
2023-02-04,Condensed milk,Cevahir AVM,0.0
2023-02-04,Condensed milk,Emaar Square Mall,1.0
2023-02-04,Condensed milk,Forum Istanbul,0.0
2023-02-04,Condensed milk,Istinye Park,0.0
2023-02-04,Condensed milk,Kanyon,1.0
2023-02-04,Condensed milk,Mall of Istanbul,5.0
2023-02-04,Condensed milk,Metrocity,0.0
2023-02-04,Condensed milk,Metropol AVM,0.0
2023-02-04,Condensed milk,Viaport Outlet,0.0
2023-02-04,Condensed milk,Zorlu Center,0.0
2023-02-04,Cream,Cevahir AVM,0.0
2023-02-04,Cream,Emaar Square Mall,0.0
2023-02-04,Cream,Forum Istanbul,0.0
2023-02-04,Cream,Istinye Park,3.0
2023-02-04,Cream,Kanyon,0.0
2023-02-04,Cream,Mall of Istanbul,1.0
2023-02-04,Cream,Metrocity,0.0
2023-02-04,Cream,Metropol AVM,0.0
2023-02-04,Cream,Viaport Outlet,0.0
2023-02-04,Cream,Zorlu Center,2.0
2023-02-04,Cultured milk,Cevahir AVM,0.0
2023-02-04,Cultured milk,Emaar Square Mall,0.0
2023-02-04,Cultured milk,Forum Istanbul,0.0
2023-02-04,Cultured milk,Istinye Park,0.0
2023-02-04,Cultured milk,Kanyon,3.0
2023-02-04,Cultured milk,Mall of Istanbul,0.0
2023-02-04,Cultured milk,Metrocity,0.0
2023-02-04,Cultured milk,Metropol AVM,3.0
2023-02-04,Cultured milk,Viaport Outlet,0.0
2023-02-04,Cultured milk,Zorlu Center,0.0
2023-02-04,Evaporated milk,Cevahir AVM,3.0
2023-02-04,Evaporated milk,Emaar Square Mall,0.0
2023-02-04,Evaporated milk,Forum Istanbul,0.0
2023-02-04,Evaporated milk,Istinye Park,4.0
2023-02-04,Evaporated milk,Kanyon,0.0
2023-02-04,Evaporated milk,Mall of Istanbul,7.0
2023-02-04,Evaporated milk,Metrocity,0.0
2023-02-04,Evaporated milk,Metropol AVM,0.0
2023-02-04,Evaporated milk,Viaport Outlet,0.0
2023-02-04,Evaporated milk,Zorlu Center,0.0
2023-02-04,Flavored sterilized milk,Cevahir AVM,0.0
2023-02-04,Flavored sterilized milk,Emaar Square Mall,0.0
2023-02-04,Flavored sterilized milk,Forum Istanbul,0.0
2023-02-04,Flavored sterilized milk,Istinye Park,5.0
2023-02-04,Flavored sterilized milk,Kanyon,5.0
2023-02-04,Flavored sterilized milk,Mall of Istanbul,5.0
2023-02-04,Flavored sterilized milk,Metrocity,3.0
2023-02-04,Flavored sterilized milk,Metropol AVM,0.0
2023-02-04,Flavored sterilized milk,Viaport Outlet,0.0
2023-02-04,Flavored sterilized milk,Zorlu Center,0.0
2023-02-04,Modified milk,Cevahir AVM,0.0
2023-02-04,Modified milk,Emaar Square Mall,0.0
2023-02-04,Modified milk,Forum Istanbul,0.0
2023-02-04,Modified milk,Istinye Park,2.0
2023-02-04,Modified milk,Kanyon,0.0
2023-02-04,Modified milk,Mall of Istanbul,2.0
2023-02-04,Modified milk,Metrocity,8.0
2023-02-04,Modified milk,Metropol AVM,0.0
2023-02-04,Modified milk,Viaport Outlet,0.0
2023-02-04,Modified milk,Zorlu Center,8.0
2023-02-04,Pasteurized milk 2.5% mg,Cevahir AVM,0.0
2023-02-04,Pasteurized milk 2.5% mg,Emaar Square Mall,0.0
2023-02-04,Pasteurized milk 2.5% mg,Forum Istanbul,0.0
2023-02-04,Pasteurized milk 2.5% mg,Istinye Park,0.0
2023-02-04,Pasteurized milk 2.5% mg,Kanyon,1.0
2023-02-04,Pasteurized milk 2.5% mg,Mall of Istanbul,2.0
2023-02-04,Pasteurized milk 2.5% mg,Metrocity,0.0
2023-02-04,Pasteurized milk 2.5% mg,Metropol AVM,0.0
2023-02-04,Pasteurized milk 2.5% mg,Viaport Outlet,0.0
2023-02-04,Pasteurized milk 2.5% mg,Zorlu Center,0.0
2023-02-04,Pasteurized milk 3.0% mg,Cevahir AVM,0.0
2023-02-04,Pasteurized milk 3.0% mg,Emaar Square Mall,0.0
2023-02-04,Pasteurized milk 3.0% mg,Forum Istanbul,0.0
2023-02-04,Pasteurized milk 3.0% mg,Istinye Park,9.0
2023-02-04,Pasteurized milk 3.0% mg,Kanyon,10.0
2023-02-04,Pasteurized milk 3.0% mg,Mall of Istanbul,0.0
2023-02-04,Pasteurized milk 3.0% mg,Metrocity,1.0
2023-02-04,Pasteurized milk 3.0% mg,Metropol AVM,0.0
2023-02-04,Pasteurized milk 3.0% mg,Viaport Outlet,0.0
2023-02-04,Pasteurized milk 3.0% mg,Zorlu Center,2.0
2023-02-04,Powdered milk 12% mg,Cevahir AVM,2.0
2023-02-04,Powdered milk 12% mg,Emaar Square Mall,0.0
2023-02-04,Powdered milk 12% mg,Forum Istanbul,0.0
2023-02-04,Powdered milk 12% mg,Istinye Park,4.0
2023-02-04,Powdered milk 12% mg,Kanyon,0.0
2023-02-04,Powdered milk 12% mg,Mall of Istanbul,0.0
2023-02-04,Powdered milk 12% mg,Metrocity,0.0
2023-02-04,Powdered milk 12% mg,Metropol AVM,0.0
2023-02-04,Powdered milk 12% mg,Viaport Outlet,4.0
2023-02-04,Powdered milk 12% mg,Zorlu Center,0.0
2023-02-04,Powdered milk 18% mg,Cevahir AVM,0.0
2023-02-04,Powdered milk 18% mg,Emaar Square Mall,2.0
2023-02-04,Powdered milk 18% mg,Forum Istanbul,0.0
2023-02-04,Powdered milk 18% mg,Istinye Park,0.0
2023-02-04,Powdered milk 18% mg,Kanyon,4.0
2023-02-04,Powdered milk 18% mg,Mall of Istanbul,6.0
2023-02-04,Powdered milk 18% mg,Metrocity,7.0
2023-02-04,Powdered milk 18% mg,Metropol AVM,0.0
2023-02-04,Powdered milk 18% mg,Viaport Outlet,5.0
2023-02-04,Powdered milk 18% mg,Zorlu Center,0.0
2023-02-04,Powdered milk 20% mg,Cevahir AVM,0.0
2023-02-04,Powdered milk 20% mg,Emaar Square Mall,0.0
2023-02-04,Powdered milk 20% mg,Forum Istanbul,4.0
2023-02-04,Powdered milk 20% mg,Istinye Park,0.0
2023-02-04,Powdered milk 20% mg,Kanyon,0.0
2023-02-04,Powdered milk 20% mg,Mall of Istanbul,0.0
2023-02-04,Powdered milk 20% mg,Metrocity,0.0
2023-02-04,Powdered milk 20% mg,Metropol AVM,4.0
2023-02-04,Powdered milk 20% mg,Viaport Outlet,0.0
2023-02-04,Powdered milk 20% mg,Zorlu Center,0.0
2023-02-04,Powdered milk 26% mg,Cevahir AVM,0.0
2023-02-04,Powdered milk 26% mg,Emaar Square Mall,0.0
2023-02-04,Powdered milk 26% mg,Forum Istanbul,0.0
2023-02-04,Powdered milk 26% mg,Istinye Park,5.0
2023-02-04,Powdered milk 26% mg,Kanyon,4.0
2023-02-04,Powdered milk 26% mg,Mall of Istanbul,0.0
2023-02-04,Powdered milk 26% mg,Metrocity,5.0
2023-02-04,Powdered milk 26% mg,Metropol AVM,0.0
2023-02-04,Powdered milk 26% mg,Viaport Outlet,0.0
2023-02-04,Powdered milk 26% mg,Zorlu Center,0.0
2023-02-04,Powdered milk 28% mg,Cevahir AVM,0.0
2023-02-04,Powdered milk 28% mg,Emaar Square Mall,0.0
2023-02-04,Powdered milk 28% mg,Forum Istanbul,0.0
2023-02-04,Powdered milk 28% mg,Istinye Park,0.0
2023-02-04,Powdered milk 28% mg,Kanyon,12.0
2023-02-04,Powdered milk 28% mg,Mall of Istanbul,3.0
2023-02-04,Powdered milk 28% mg,Metrocity,0.0
2023-02-04,Powdered milk 28% mg,Metropol AVM,0.0
2023-02-04,Powdered milk 28% mg,Viaport Outlet,0.0
2023-02-04,Powdered milk 28% mg,Zorlu Center,0.0
2023-02-04,Powdered whey,Cevahir AVM,0.0
2023-02-04,Powdered whey,Emaar Square Mall,0.0
2023-02-04,Powdered whey,Forum Istanbul,4.0
2023-02-04,Powdered whey,Istinye Park,4.0
2023-02-04,Powdered whey,Kanyon,5.0
2023-02-04,Powdered whey,Mall of Istanbul,2.0
2023-02-04,Powdered whey,Metrocity,0.0
2023-02-04,Powdered whey,Metropol AVM,0.0
2023-02-04,Powdered whey,Viaport Outlet,0.0
2023-02-04,Powdered whey,Zorlu Center,1.0
2023-02-04,Skimmed pasteurized milk,Cevahir AVM,0.0
2023-02-04,Skimmed pasteurized milk,Emaar Square Mall,0.0
2023-02-04,Skimmed pasteurized milk,Forum Istanbul,0.0
2023-02-04,Skimmed pasteurized milk,Istinye Park,0.0
2023-02-04,Skimmed pasteurized milk,Kanyon,8.0
2023-02-04,Skimmed pasteurized milk,Mall of Istanbul,0.0
2023-02-04,Skimmed pasteurized milk,Metrocity,1.0
2023-02-04,Skimmed pasteurized milk,Metropol AVM,4.0
2023-02-04,Skimmed pasteurized milk,Viaport Outlet,0.0
2023-02-04,Skimmed pasteurized milk,Zorlu Center,0.0
2023-02-04,Skimmed powdered milk,Cevahir AVM,1.0
2023-02-04,Skimmed powdered milk,Emaar Square Mall,0.0
2023-02-04,Skimmed powdered milk,Forum Istanbul,0.0
2023-02-04,Skimmed powdered milk,Istinye Park,0.0
2023-02-04,Skimmed powdered milk,Kanyon,2.0
2023-02-04,Skimmed powdered milk,Mall of Istanbul,3.0
2023-02-04,Skimmed powdered milk,Metrocity,5.0
2023-02-04,Skimmed powdered milk,Metropol AVM,0.0
2023-02-04,Skimmed powdered milk,Viaport Outlet,5.0
2023-02-04,Skimmed powdered milk,Zorlu Center,5.0
2023-02-04,Small cheese,Cevahir AVM,0.0
2023-02-04,Small cheese,Emaar Square Mall,0.0
2023-02-04,Small cheese,Forum Istanbul,5.0
2023-02-04,Small cheese,Istinye Park,0.0
2023-02-04,Small cheese,Kanyon,2.0
2023-02-04,Small cheese,Mall of Istanbul,2.0
2023-02-04,Small cheese,Metrocity,0.0
2023-02-04,Small cheese,Metropol AVM,0.0
2023-02-04,Small cheese,Viaport Outlet,0.0
2023-02-04,Small cheese,Zorlu Center,3.0
2023-02-04,Sterilized semi-skimmed milk,Cevahir AVM,0.0
2023-02-04,Sterilized semi-skimmed milk,Emaar Square Mall,0.0
2023-02-04,Sterilized semi-skimmed milk,Forum Istanbul,0.0
2023-02-04,Sterilized semi-skimmed milk,Istinye Park,0.0
2023-02-04,Sterilized semi-skimmed milk,Kanyon,2.0
2023-02-04,Sterilized semi-skimmed milk,Mall of Istanbul,4.0
2023-02-04,Sterilized semi-skimmed milk,Metrocity,0.0
2023-02-04,Sterilized semi-skimmed milk,Metropol AVM,0.0
2023-02-04,Sterilized semi-skimmed milk,Viaport Outlet,0.0
2023-02-04,Sterilized semi-skimmed milk,Zorlu Center,2.0
2023-02-04,Sterilized skimmed milk,Cevahir AVM,5.0
2023-02-04,Sterilized skimmed milk,Emaar Square Mall,0.0
2023-02-04,Sterilized skimmed milk,Forum Istanbul,0.0
2023-02-04,Sterilized skimmed milk,Istinye Park,3.0
2023-02-04,Sterilized skimmed milk,Kanyon,6.0
2023-02-04,Sterilized skimmed milk,Mall of Istanbul,5.0
2023-02-04,Sterilized skimmed milk,Metrocity,7.0
2023-02-04,Sterilized skimmed milk,Metropol AVM,3.0
2023-02-04,Sterilized skimmed milk,Viaport Outlet,3.0
2023-02-04,Sterilized skimmed milk,Zorlu Center,0.0
2023-02-04,Sterilized whole milk,Cevahir AVM,0.0
2023-02-04,Sterilized whole milk,Emaar Square Mall,5.0
2023-02-04,Sterilized whole milk,Forum Istanbul,0.0
2023-02-04,Sterilized whole milk,Istinye Park,0.0
2023-02-04,Sterilized whole milk,Kanyon,8.0
2023-02-04,Sterilized whole milk,Mall of Istanbul,2.0
2023-02-04,Sterilized whole milk,Metrocity,17.0
2023-02-04,Sterilized whole milk,Metropol AVM,0.0
2023-02-04,Sterilized whole milk,Viaport Outlet,0.0
2023-02-04,Sterilized whole milk,Zorlu Center,0.0
2023-02-04,Sweetened condensed milk,Cevahir AVM,0.0
2023-02-04,Sweetened condensed milk,Emaar Square Mall,0.0
2023-02-04,Sweetened condensed milk,Forum Istanbul,0.0
2023-02-04,Sweetened condensed milk,Istinye Park,3.0
2023-02-04,Sweetened condensed milk,Kanyon,6.0
2023-02-04,Sweetened condensed milk,Mall of Istanbul,0.0
2023-02-04,Sweetened condensed milk,Metrocity,2.0
2023-02-04,Sweetened condensed milk,Metropol AVM,0.0
2023-02-04,Sweetened condensed milk,Viaport Outlet,0.0
2023-02-04,Sweetened condensed milk,Zorlu Center,0.0
2023-02-04,Total powdered milk,Cevahir AVM,0.0
2023-02-04,Total powdered milk,Emaar Square Mall,0.0
2023-02-04,Total powdered milk,Forum Istanbul,4.0
2023-02-04,Total powdered milk,Istinye Park,1.0
2023-02-04,Total powdered milk,Kanyon,2.0
2023-02-04,Total powdered milk,Mall of Istanbul,7.0
2023-02-04,Total powdered milk,Metrocity,0.0
2023-02-04,Total powdered milk,Metropol AVM,0.0
2023-02-04,Total powdered milk,Viaport Outlet,4.0
2023-02-04,Total powdered milk,Zorlu Center,0.0
2023-02-04,Yogurt,Cevahir AVM,0.0
2023-02-04,Yogurt,Emaar Square Mall,0.0
2023-02-04,Yogurt,Forum Istanbul,4.0
2023-02-04,Yogurt,Istinye Park,0.0
2023-02-04,Yogurt,Kanyon,12.0
2023-02-04,Yogurt,Mall of Istanbul,0.0
2023-02-04,Yogurt,Metrocity,5.0
2023-02-04,Yogurt,Metropol AVM,0.0
2023-02-04,Yogurt,Viaport Outlet,3.0
2023-02-04,Yogurt,Zorlu Center,5.0
2023-02-04,chocolate milk,Cevahir AVM,0.0
2023-02-04,chocolate milk,Emaar Square Mall,0.0
2023-02-04,chocolate milk,Forum Istanbul,0.0
2023-02-04,chocolate milk,Istinye Park,4.0
2023-02-04,chocolate milk,Kanyon,4.0
2023-02-04,chocolate milk,Mall of Istanbul,0.0
2023-02-04,chocolate milk,Metrocity,0.0
2023-02-04,chocolate milk,Metropol AVM,0.0
2023-02-04,chocolate milk,Viaport Outlet,0.0
2023-02-04,chocolate milk,Zorlu Center,0.0
2023-02-05,Butter,Cevahir AVM,0.0
2023-02-05,Butter,Emaar Square Mall,0.0
2023-02-05,Butter,Forum Istanbul,0.0
2023-02-05,Butter,Istinye Park,0.0
2023-02-05,Butter,Kanyon,4.0
2023-02-05,Butter,Mall of Istanbul,0.0
2023-02-05,Butter,Metrocity,0.0
2023-02-05,Butter,Metropol AVM,0.0
2023-02-05,Butter,Viaport Outlet,0.0
2023-02-05,Butter,Zorlu Center,0.0
2023-02-05,Cheese,Cevahir AVM,6.0
2023-02-05,Cheese,Emaar Square Mall,0.0
2023-02-05,Cheese,Forum Istanbul,0.0
2023-02-05,Cheese,Istinye Park,0.0
2023-02-05,Cheese,Kanyon,5.0
2023-02-05,Cheese,Mall of Istanbul,5.0
2023-02-05,Cheese,Metrocity,5.0
2023-02-05,Cheese,Metropol AVM,0.0
2023-02-05,Cheese,Viaport Outlet,0.0
2023-02-05,Cheese,Zorlu Center,0.0
2023-02-05,Condensed milk,Cevahir AVM,5.0
2023-02-05,Condensed milk,Emaar Square Mall,0.0
2023-02-05,Condensed milk,Forum Istanbul,0.0
2023-02-05,Condensed milk,Istinye Park,1.0
2023-02-05,Condensed milk,Kanyon,4.0
2023-02-05,Condensed milk,Mall of Istanbul,1.0
2023-02-05,Condensed milk,Metrocity,0.0
2023-02-05,Condensed milk,Metropol AVM,1.0
2023-02-05,Condensed milk,Viaport Outlet,0.0
2023-02-05,Condensed milk,Zorlu Center,0.0
2023-02-05,Cream,Cevahir AVM,0.0
2023-02-05,Cream,Emaar Square Mall,5.0
2023-02-05,Cream,Forum Istanbul,0.0
2023-02-05,Cream,Istinye Park,9.0
2023-02-05,Cream,Kanyon,1.0
2023-02-05,Cream,Mall of Istanbul,2.0
2023-02-05,Cream,Metrocity,0.0
2023-02-05,Cream,Metropol AVM,5.0
2023-02-05,Cream,Viaport Outlet,0.0
2023-02-05,Cream,Zorlu Center,0.0
2023-02-05,Cultured milk,Cevahir AVM,0.0
2023-02-05,Cultured milk,Emaar Square Mall,1.0
2023-02-05,Cultured milk,Forum Istanbul,0.0
2023-02-05,Cultured milk,Istinye Park,5.0
2023-02-05,Cultured milk,Kanyon,0.0
2023-02-05,Cultured milk,Mall of Istanbul,3.0
2023-02-05,Cultured milk,Metrocity,0.0
2023-02-05,Cultured milk,Metropol AVM,0.0
2023-02-05,Cultured milk,Viaport Outlet,0.0
2023-02-05,Cultured milk,Zorlu Center,3.0
2023-02-05,Evaporated milk,Cevahir AVM,0.0
2023-02-05,Evaporated milk,Emaar Square Mall,1.0
2023-02-05,Evaporated milk,Forum Istanbul,3.0
2023-02-05,Evaporated milk,Istinye Park,3.0
2023-02-05,Evaporated milk,Kanyon,5.0
2023-02-05,Evaporated milk,Mall of Istanbul,5.0
2023-02-05,Evaporated milk,Metrocity,4.0
2023-02-05,Evaporated milk,Metropol AVM,0.0
2023-02-05,Evaporated milk,Viaport Outlet,0.0
2023-02-05,Evaporated milk,Zorlu Center,0.0
2023-02-05,Flavored sterilized milk,Cevahir AVM,0.0
2023-02-05,Flavored sterilized milk,Emaar Square Mall,0.0
2023-02-05,Flavored sterilized milk,Forum Istanbul,2.0
2023-02-05,Flavored sterilized milk,Istinye Park,0.0
2023-02-05,Flavored sterilized milk,Kanyon,4.0
2023-02-05,Flavored sterilized milk,Mall of Istanbul,3.0
2023-02-05,Flavored sterilized milk,Metrocity,0.0
2023-02-05,Flavored sterilized milk,Metropol AVM,0.0
2023-02-05,Flavored sterilized milk,Viaport Outlet,0.0
2023-02-05,Flavored sterilized milk,Zorlu Center,0.0
2023-02-05,Modified milk,Cevahir AVM,2.0
2023-02-05,Modified milk,Emaar Square Mall,1.0
2023-02-05,Modified milk,Forum Istanbul,0.0
2023-02-05,Modified milk,Istinye Park,2.0
2023-02-05,Modified milk,Kanyon,13.0
2023-02-05,Modified milk,Mall of Istanbul,0.0
2023-02-05,Modified milk,Metrocity,4.0
2023-02-05,Modified milk,Metropol AVM,0.0
2023-02-05,Modified milk,Viaport Outlet,0.0
2023-02-05,Modified milk,Zorlu Center,0.0
2023-02-05,Pasteurized milk 2.5% mg,Cevahir AVM,0.0
2023-02-05,Pasteurized milk 2.5% mg,Emaar Square Mall,1.0
2023-02-05,Pasteurized milk 2.5% mg,Forum Istanbul,0.0
2023-02-05,Pasteurized milk 2.5% mg,Istinye Park,3.0
2023-02-05,Pasteurized milk 2.5% mg,Kanyon,9.0
2023-02-05,Pasteurized milk 2.5% mg,Mall of Istanbul,6.0
2023-02-05,Pasteurized milk 2.5% mg,Metrocity,0.0
2023-02-05,Pasteurized milk 2.5% mg,Metropol AVM,0.0
2023-02-05,Pasteurized milk 2.5% mg,Viaport Outlet,5.0
2023-02-05,Pasteurized milk 2.5% mg,Zorlu Center,3.0
2023-02-05,Pasteurized milk 3.0% mg,Cevahir AVM,0.0
2023-02-05,Pasteurized milk 3.0% mg,Emaar Square Mall,0.0
2023-02-05,Pasteurized milk 3.0% mg,Forum Istanbul,0.0
2023-02-05,Pasteurized milk 3.0% mg,Istinye Park,0.0
2023-02-05,Pasteurized milk 3.0% mg,Kanyon,0.0
2023-02-05,Pasteurized milk 3.0% mg,Mall of Istanbul,5.0
2023-02-05,Pasteurized milk 3.0% mg,Metrocity,5.0
2023-02-05,Pasteurized milk 3.0% mg,Metropol AVM,0.0
2023-02-05,Pasteurized milk 3.0% mg,Viaport Outlet,0.0
2023-02-05,Pasteurized milk 3.0% mg,Zorlu Center,0.0
2023-02-05,Powdered milk 12% mg,Cevahir AVM,1.0
2023-02-05,Powdered milk 12% mg,Emaar Square Mall,0.0
2023-02-05,Powdered milk 12% mg,Forum Istanbul,0.0
2023-02-05,Powdered milk 12% mg,Istinye Park,0.0
2023-02-05,Powdered milk 12% mg,Kanyon,0.0
2023-02-05,Powdered milk 12% mg,Mall of Istanbul,2.0
2023-02-05,Powdered milk 12% mg,Metrocity,0.0
2023-02-05,Powdered milk 12% mg,Metropol AVM,0.0
2023-02-05,Powdered milk 12% mg,Viaport Outlet,2.0
2023-02-05,Powdered milk 12% mg,Zorlu Center,0.0
2023-02-05,Powdered milk 18% mg,Cevahir AVM,0.0
2023-02-05,Powdered milk 18% mg,Emaar Square Mall,0.0
2023-02-05,Powdered milk 18% mg,Forum Istanbul,0.0
2023-02-05,Powdered milk 18% mg,Istinye Park,0.0
2023-02-05,Powdered milk 18% mg,Kanyon,0.0
2023-02-05,Powdered milk 18% mg,Mall of Istanbul,0.0
2023-02-05,Powdered milk 18% mg,Metrocity,0.0
2023-02-05,Powdered milk 18% mg,Metropol AVM,0.0
2023-02-05,Powdered milk 18% mg,Viaport Outlet,5.0
2023-02-05,Powdered milk 18% mg,Zorlu Center,0.0
2023-02-05,Powdered milk 20% mg,Cevahir AVM,2.0
2023-02-05,Powdered milk 20% mg,Emaar Square Mall,0.0
2023-02-05,Powdered milk 20% mg,Forum Istanbul,0.0
2023-02-05,Powdered milk 20% mg,Istinye Park,3.0
2023-02-05,Powdered milk 20% mg,Kanyon,5.0
2023-02-05,Powdered milk 20% mg,Mall of Istanbul,0.0
2023-02-05,Powdered milk 20% mg,Metrocity,0.0
2023-02-05,Powdered milk 20% mg,Metropol AVM,1.0
2023-02-05,Powdered milk 20% mg,Viaport Outlet,2.0
2023-02-05,Powdered milk 20% mg,Zorlu Center,0.0
2023-02-05,Powdered milk 26% mg,Cevahir AVM,3.0
2023-02-05,Powdered milk 26% mg,Emaar Square Mall,0.0
2023-02-05,Powdered milk 26% mg,Forum Istanbul,0.0
2023-02-05,Powdered milk 26% mg,Istinye Park,0.0
2023-02-05,Powdered milk 26% mg,Kanyon,3.0
2023-02-05,Powdered milk 26% mg,Mall of Istanbul,0.0
2023-02-05,Powdered milk 26% mg,Metrocity,0.0
2023-02-05,Powdered milk 26% mg,Metropol AVM,0.0
2023-02-05,Powdered milk 26% mg,Viaport Outlet,5.0
2023-02-05,Powdered milk 26% mg,Zorlu Center,0.0
2023-02-05,Powdered milk 28% mg,Cevahir AVM,0.0
2023-02-05,Powdered milk 28% mg,Emaar Square Mall,0.0
2023-02-05,Powdered milk 28% mg,Forum Istanbul,0.0
2023-02-05,Powdered milk 28% mg,Istinye Park,0.0
2023-02-05,Powdered milk 28% mg,Kanyon,1.0
2023-02-05,Powdered milk 28% mg,Mall of Istanbul,4.0
2023-02-05,Powdered milk 28% mg,Metrocity,11.0
2023-02-05,Powdered milk 28% mg,Metropol AVM,0.0
2023-02-05,Powdered milk 28% mg,Viaport Outlet,0.0
2023-02-05,Powdered milk 28% mg,Zorlu Center,5.0
2023-02-05,Powdered whey,Cevahir AVM,0.0
2023-02-05,Powdered whey,Emaar Square Mall,0.0
2023-02-05,Powdered whey,Forum Istanbul,0.0
2023-02-05,Powdered whey,Istinye Park,0.0
2023-02-05,Powdered whey,Kanyon,2.0
2023-02-05,Powdered whey,Mall of Istanbul,3.0
2023-02-05,Powdered whey,Metrocity,0.0
2023-02-05,Powdered whey,Metropol AVM,6.0
2023-02-05,Powdered whey,Viaport Outlet,0.0
2023-02-05,Powdered whey,Zorlu Center,0.0
2023-02-05,Skimmed pasteurized milk,Cevahir AVM,0.0
2023-02-05,Skimmed pasteurized milk,Emaar Square Mall,3.0
2023-02-05,Skimmed pasteurized milk,Forum Istanbul,0.0
2023-02-05,Skimmed pasteurized milk,Istinye Park,0.0
2023-02-05,Skimmed pasteurized milk,Kanyon,0.0
2023-02-05,Skimmed pasteurized milk,Mall of Istanbul,0.0
2023-02-05,Skimmed pasteurized milk,Metrocity,3.0
2023-02-05,Skimmed pasteurized milk,Metropol AVM,0.0
2023-02-05,Skimmed pasteurized milk,Viaport Outlet,0.0
2023-02-05,Skimmed pasteurized milk,Zorlu Center,0.0
2023-02-05,Skimmed powdered milk,Cevahir AVM,0.0
2023-02-05,Skimmed powdered milk,Emaar Square Mall,0.0
2023-02-05,Skimmed powdered milk,Forum Istanbul,0.0
2023-02-05,Skimmed powdered milk,Istinye Park,5.0
2023-02-05,Skimmed powdered milk,Kanyon,3.0
2023-02-05,Skimmed powdered milk,Mall of Istanbul,5.0
2023-02-05,Skimmed powdered milk,Metrocity,7.0
2023-02-05,Skimmed powdered milk,Metropol AVM,0.0
2023-02-05,Skimmed powdered milk,Viaport Outlet,0.0
2023-02-05,Skimmed powdered milk,Zorlu Center,0.0
2023-02-05,Small cheese,Cevahir AVM,0.0
2023-02-05,Small cheese,Emaar Square Mall,0.0
2023-02-05,Small cheese,Forum Istanbul,0.0
2023-02-05,Small cheese,Istinye Park,3.0
2023-02-05,Small cheese,Kanyon,1.0
2023-02-05,Small cheese,Mall of Istanbul,0.0
2023-02-05,Small cheese,Metrocity,0.0
2023-02-05,Small cheese,Metropol AVM,0.0
2023-02-05,Small cheese,Viaport Outlet,0.0
2023-02-05,Small cheese,Zorlu Center,0.0
2023-02-05,Sterilized semi-skimmed milk,Cevahir AVM,0.0
2023-02-05,Sterilized semi-skimmed milk,Emaar Square Mall,0.0
2023-02-05,Sterilized semi-skimmed milk,Forum Istanbul,4.0
2023-02-05,Sterilized semi-skimmed milk,Istinye Park,0.0
2023-02-05,Sterilized semi-skimmed milk,Kanyon,0.0
2023-02-05,Sterilized semi-skimmed milk,Mall of Istanbul,0.0
2023-02-05,Sterilized semi-skimmed milk,Metrocity,2.0
2023-02-05,Sterilized semi-skimmed milk,Metropol AVM,1.0
2023-02-05,Sterilized semi-skimmed milk,Viaport Outlet,0.0
2023-02-05,Sterilized semi-skimmed milk,Zorlu Center,3.0
2023-02-05,Sterilized skimmed milk,Cevahir AVM,0.0
2023-02-05,Sterilized skimmed milk,Emaar Square Mall,0.0
2023-02-05,Sterilized skimmed milk,Forum Istanbul,0.0
2023-02-05,Sterilized skimmed milk,Istinye Park,0.0
2023-02-05,Sterilized skimmed milk,Kanyon,0.0
2023-02-05,Sterilized skimmed milk,Mall of Istanbul,0.0
2023-02-05,Sterilized skimmed milk,Metrocity,0.0
2023-02-05,Sterilized skimmed milk,Metropol AVM,0.0
2023-02-05,Sterilized skimmed milk,Viaport Outlet,4.0
2023-02-05,Sterilized skimmed milk,Zorlu Center,4.0
2023-02-05,Sterilized whole milk,Cevahir AVM,3.0
2023-02-05,Sterilized whole milk,Emaar Square Mall,0.0
2023-02-05,Sterilized whole milk,Forum Istanbul,3.0
2023-02-05,Sterilized whole milk,Istinye Park,1.0
2023-02-05,Sterilized whole milk,Kanyon,0.0
2023-02-05,Sterilized whole milk,Mall of Istanbul,3.0
2023-02-05,Sterilized whole milk,Metrocity,2.0
2023-02-05,Sterilized whole milk,Metropol AVM,3.0
2023-02-05,Sterilized whole milk,Viaport Outlet,3.0
2023-02-05,Sterilized whole milk,Zorlu Center,5.0
2023-02-05,Sweetened condensed milk,Cevahir AVM,0.0
2023-02-05,Sweetened condensed milk,Emaar Square Mall,0.0
2023-02-05,Sweetened condensed milk,Forum Istanbul,5.0
2023-02-05,Sweetened condensed milk,Istinye Park,2.0
2023-02-05,Sweetened condensed milk,Kanyon,4.0
2023-02-05,Sweetened condensed milk,Mall of Istanbul,7.0
2023-02-05,Sweetened condensed milk,Metrocity,4.0
2023-02-05,Sweetened condensed milk,Metropol AVM,4.0
2023-02-05,Sweetened condensed milk,Viaport Outlet,0.0
2023-02-05,Sweetened condensed milk,Zorlu Center,5.0
2023-02-05,Total powdered milk,Cevahir AVM,0.0
2023-02-05,Total powdered milk,Emaar Square Mall,0.0
2023-02-05,Total powdered milk,Forum Istanbul,0.0
2023-02-05,Total powdered milk,Istinye Park,8.0
2023-02-05,Total powdered milk,Kanyon,0.0
2023-02-05,Total powdered milk,Mall of Istanbul,1.0
2023-02-05,Total powdered milk,Metrocity,2.0
2023-02-05,Total powdered milk,Metropol AVM,0.0
2023-02-05,Total powdered milk,Viaport Outlet,0.0
2023-02-05,Total powdered milk,Zorlu Center,0.0
2023-02-05,Yogurt,Cevahir AVM,0.0
2023-02-05,Yogurt,Emaar Square Mall,0.0
2023-02-05,Yogurt,Forum Istanbul,0.0
2023-02-05,Yogurt,Istinye Park,0.0
2023-02-05,Yogurt,Kanyon,0.0
2023-02-05,Yogurt,Mall of Istanbul,1.0
2023-02-05,Yogurt,Metrocity,0.0
2023-02-05,Yogurt,Metropol AVM,0.0
2023-02-05,Yogurt,Viaport Outlet,0.0
2023-02-05,Yogurt,Zorlu Center,0.0
2023-02-05,chocolate milk,Cevahir AVM,0.0
2023-02-05,chocolate milk,Emaar Square Mall,0.0
2023-02-05,chocolate milk,Forum Istanbul,0.0
2023-02-05,chocolate milk,Istinye Park,0.0
2023-02-05,chocolate milk,Kanyon,3.0
2023-02-05,chocolate milk,Mall of Istanbul,5.0
2023-02-05,chocolate milk,Metrocity,9.0
2023-02-05,chocolate milk,Metropol AVM,2.0
2023-02-05,chocolate milk,Viaport Outlet,0.0
2023-02-05,chocolate milk,Zorlu Center,3.0
2023-02-06,Butter,Cevahir AVM,2.0
2023-02-06,Butter,Emaar Square Mall,2.0
2023-02-06,Butter,Forum Istanbul,0.0
2023-02-06,Butter,Istinye Park,0.0
2023-02-06,Butter,Kanyon,5.0
2023-02-06,Butter,Mall of Istanbul,0.0
2023-02-06,Butter,Metrocity,5.0
2023-02-06,Butter,Metropol AVM,0.0
2023-02-06,Butter,Viaport Outlet,0.0
2023-02-06,Butter,Zorlu Center,0.0
2023-02-06,Cheese,Cevahir AVM,0.0
2023-02-06,Cheese,Emaar Square Mall,0.0
2023-02-06,Cheese,Forum Istanbul,0.0
2023-02-06,Cheese,Istinye Park,5.0
2023-02-06,Cheese,Kanyon,5.0
2023-02-06,Cheese,Mall of Istanbul,0.0
2023-02-06,Cheese,Metrocity,2.0
2023-02-06,Cheese,Metropol AVM,0.0
2023-02-06,Cheese,Viaport Outlet,0.0
2023-02-06,Cheese,Zorlu Center,0.0
2023-02-06,Condensed milk,Cevahir AVM,3.0
2023-02-06,Condensed milk,Emaar Square Mall,0.0
2023-02-06,Condensed milk,Forum Istanbul,3.0
2023-02-06,Condensed milk,Istinye Park,2.0
2023-02-06,Condensed milk,Kanyon,2.0
2023-02-06,Condensed milk,Mall of Istanbul,8.0
2023-02-06,Condensed milk,Metrocity,3.0
2023-02-06,Condensed milk,Metropol AVM,0.0
2023-02-06,Condensed milk,Viaport Outlet,0.0
2023-02-06,Condensed milk,Zorlu Center,0.0
2023-02-06,Cream,Cevahir AVM,0.0
2023-02-06,Cream,Emaar Square Mall,0.0
2023-02-06,Cream,Forum Istanbul,0.0
2023-02-06,Cream,Istinye Park,9.0
2023-02-06,Cream,Kanyon,3.0
2023-02-06,Cream,Mall of Istanbul,0.0
2023-02-06,Cream,Metrocity,0.0
2023-02-06,Cream,Metropol AVM,0.0
2023-02-06,Cream,Viaport Outlet,0.0
2023-02-06,Cream,Zorlu Center,5.0
2023-02-06,Cultured milk,Cevahir AVM,0.0
2023-02-06,Cultured milk,Emaar Square Mall,4.0
2023-02-06,Cultured milk,Forum Istanbul,0.0
2023-02-06,Cultured milk,Istinye Park,0.0
2023-02-06,Cultured milk,Kanyon,6.0
2023-02-06,Cultured milk,Mall of Istanbul,0.0
2023-02-06,Cultured milk,Metrocity,6.0
2023-02-06,Cultured milk,Metropol AVM,5.0
2023-02-06,Cultured milk,Viaport Outlet,6.0
2023-02-06,Cultured milk,Zorlu Center,0.0
2023-02-06,Evaporated milk,Cevahir AVM,2.0
2023-02-06,Evaporated milk,Emaar Square Mall,0.0
2023-02-06,Evaporated milk,Forum Istanbul,0.0
2023-02-06,Evaporated milk,Istinye Park,0.0
2023-02-06,Evaporated milk,Kanyon,3.0
2023-02-06,Evaporated milk,Mall of Istanbul,4.0
2023-02-06,Evaporated milk,Metrocity,7.0
2023-02-06,Evaporated milk,Metropol AVM,0.0
2023-02-06,Evaporated milk,Viaport Outlet,0.0
2023-02-06,Evaporated milk,Zorlu Center,0.0
2023-02-06,Flavored sterilized milk,Cevahir AVM,0.0
2023-02-06,Flavored sterilized milk,Emaar Square Mall,0.0
2023-02-06,Flavored sterilized milk,Forum Istanbul,0.0
2023-02-06,Flavored sterilized milk,Istinye Park,0.0
2023-02-06,Flavored sterilized milk,Kanyon,0.0
2023-02-06,Flavored sterilized milk,Mall of Istanbul,0.0
2023-02-06,Flavored sterilized milk,Metrocity,1.0
2023-02-06,Flavored sterilized milk,Metropol AVM,0.0
2023-02-06,Flavored sterilized milk,Viaport Outlet,0.0
2023-02-06,Flavored sterilized milk,Zorlu Center,0.0
2023-02-06,Modified milk,Cevahir AVM,0.0
2023-02-06,Modified milk,Emaar Square Mall,0.0
2023-02-06,Modified milk,Forum Istanbul,0.0
2023-02-06,Modified milk,Istinye Park,0.0
2023-02-06,Modified milk,Kanyon,0.0
2023-02-06,Modified milk,Mall of Istanbul,1.0
2023-02-06,Modified milk,Metrocity,4.0
2023-02-06,Modified milk,Metropol AVM,17.0
2023-02-06,Modified milk,Viaport Outlet,0.0
2023-02-06,Modified milk,Zorlu Center,5.0
2023-02-06,Pasteurized milk 2.5% mg,Cevahir AVM,2.0
2023-02-06,Pasteurized milk 2.5% mg,Emaar Square Mall,4.0
2023-02-06,Pasteurized milk 2.5% mg,Forum Istanbul,0.0
2023-02-06,Pasteurized milk 2.5% mg,Istinye Park,5.0
2023-02-06,Pasteurized milk 2.5% mg,Kanyon,3.0
2023-02-06,Pasteurized milk 2.5% mg,Mall of Istanbul,0.0
2023-02-06,Pasteurized milk 2.5% mg,Metrocity,7.0
2023-02-06,Pasteurized milk 2.5% mg,Metropol AVM,0.0
2023-02-06,Pasteurized milk 2.5% mg,Viaport Outlet,0.0
2023-02-06,Pasteurized milk 2.5% mg,Zorlu Center,5.0
2023-02-06,Pasteurized milk 3.0% mg,Cevahir AVM,0.0
2023-02-06,Pasteurized milk 3.0% mg,Emaar Square Mall,0.0
2023-02-06,Pasteurized milk 3.0% mg,Forum Istanbul,2.0
2023-02-06,Pasteurized milk 3.0% mg,Istinye Park,0.0
2023-02-06,Pasteurized milk 3.0% mg,Kanyon,0.0
2023-02-06,Pasteurized milk 3.0% mg,Mall of Istanbul,1.0
2023-02-06,Pasteurized milk 3.0% mg,Metrocity,4.0
2023-02-06,Pasteurized milk 3.0% mg,Metropol AVM,4.0
2023-02-06,Pasteurized milk 3.0% mg,Viaport Outlet,0.0
2023-02-06,Pasteurized milk 3.0% mg,Zorlu Center,0.0
2023-02-06,Powdered milk 12% mg,Cevahir AVM,0.0
2023-02-06,Powdered milk 12% mg,Emaar Square Mall,0.0
2023-02-06,Powdered milk 12% mg,Forum Istanbul,0.0
2023-02-06,Powdered milk 12% mg,Istinye Park,0.0
2023-02-06,Powdered milk 12% mg,Kanyon,5.0
2023-02-06,Powdered milk 12% mg,Mall of Istanbul,4.0
2023-02-06,Powdered milk 12% mg,Metrocity,0.0
2023-02-06,Powdered milk 12% mg,Metropol AVM,1.0
2023-02-06,Powdered milk 12% mg,Viaport Outlet,1.0
2023-02-06,Powdered milk 12% mg,Zorlu Center,0.0
2023-02-06,Powdered milk 18% mg,Cevahir AVM,0.0
2023-02-06,Powdered milk 18% mg,Emaar Square Mall,0.0
2023-02-06,Powdered milk 18% mg,Forum Istanbul,0.0
2023-02-06,Powdered milk 18% mg,Istinye Park,0.0
2023-02-06,Powdered milk 18% mg,Kanyon,6.0
2023-02-06,Powdered milk 18% mg,Mall of Istanbul,9.0
2023-02-06,Powdered milk 18% mg,Metrocity,4.0
2023-02-06,Powdered milk 18% mg,Metropol AVM,0.0
2023-02-06,Powdered milk 18% mg,Viaport Outlet,0.0
2023-02-06,Powdered milk 18% mg,Zorlu Center,0.0
2023-02-06,Powdered milk 20% mg,Cevahir AVM,4.0
2023-02-06,Powdered milk 20% mg,Emaar Square Mall,5.0
2023-02-06,Powdered milk 20% mg,Forum Istanbul,0.0
2023-02-06,Powdered milk 20% mg,Istinye Park,0.0
2023-02-06,Powdered milk 20% mg,Kanyon,2.0
2023-02-06,Powdered milk 20% mg,Mall of Istanbul,0.0
2023-02-06,Powdered milk 20% mg,Metrocity,4.0
2023-02-06,Powdered milk 20% mg,Metropol AVM,2.0
2023-02-06,Powdered milk 20% mg,Viaport Outlet,2.0
2023-02-06,Powdered milk 20% mg,Zorlu Center,0.0
2023-02-06,Powdered milk 26% mg,Cevahir AVM,0.0
2023-02-06,Powdered milk 26% mg,Emaar Square Mall,0.0
2023-02-06,Powdered milk 26% mg,Forum Istanbul,0.0
2023-02-06,Powdered milk 26% mg,Istinye Park,0.0
2023-02-06,Powdered milk 26% mg,Kanyon,9.0
2023-02-06,Powdered milk 26% mg,Mall of Istanbul,0.0
2023-02-06,Powdered milk 26% mg,Metrocity,5.0
2023-02-06,Powdered milk 26% mg,Metropol AVM,2.0
2023-02-06,Powdered milk 26% mg,Viaport Outlet,0.0
2023-02-06,Powdered milk 26% mg,Zorlu Center,0.0
2023-02-06,Powdered milk 28% mg,Cevahir AVM,0.0
2023-02-06,Powdered milk 28% mg,Emaar Square Mall,0.0
2023-02-06,Powdered milk 28% mg,Forum Istanbul,0.0
2023-02-06,Powdered milk 28% mg,Istinye Park,0.0
2023-02-06,Powdered milk 28% mg,Kanyon,9.0
2023-02-06,Powdered milk 28% mg,Mall of Istanbul,4.0
2023-02-06,Powdered milk 28% mg,Metrocity,0.0
2023-02-06,Powdered milk 28% mg,Metropol AVM,0.0
2023-02-06,Powdered milk 28% mg,Viaport Outlet,0.0
2023-02-06,Powdered milk 28% mg,Zorlu Center,0.0
2023-02-06,Powdered whey,Cevahir AVM,0.0
2023-02-06,Powdered whey,Emaar Square Mall,0.0
2023-02-06,Powdered whey,Forum Istanbul,0.0
2023-02-06,Powdered whey,Istinye Park,0.0
2023-02-06,Powdered whey,Kanyon,0.0
2023-02-06,Powdered whey,Mall of Istanbul,0.0
2023-02-06,Powdered whey,Metrocity,5.0
2023-02-06,Powdered whey,Metropol AVM,4.0
2023-02-06,Powdered whey,Viaport Outlet,3.0
2023-02-06,Powdered whey,Zorlu Center,0.0
2023-02-06,Skimmed pasteurized milk,Cevahir AVM,0.0
2023-02-06,Skimmed pasteurized milk,Emaar Square Mall,0.0
2023-02-06,Skimmed pasteurized milk,Forum Istanbul,0.0
2023-02-06,Skimmed pasteurized milk,Istinye Park,0.0
2023-02-06,Skimmed pasteurized milk,Kanyon,0.0
2023-02-06,Skimmed pasteurized milk,Mall of Istanbul,4.0
2023-02-06,Skimmed pasteurized milk,Metrocity,3.0
2023-02-06,Skimmed pasteurized milk,Metropol AVM,0.0
2023-02-06,Skimmed pasteurized milk,Viaport Outlet,0.0
2023-02-06,Skimmed pasteurized milk,Zorlu Center,0.0
2023-02-06,Skimmed powdered milk,Cevahir AVM,0.0
2023-02-06,Skimmed powdered milk,Emaar Square Mall,4.0
2023-02-06,Skimmed powdered milk,Forum Istanbul,0.0
2023-02-06,Skimmed powdered milk,Istinye Park,1.0
2023-02-06,Skimmed powdered milk,Kanyon,2.0
2023-02-06,Skimmed powdered milk,Mall of Istanbul,4.0
2023-02-06,Skimmed powdered milk,Metrocity,0.0
2023-02-06,Skimmed powdered milk,Metropol AVM,1.0
2023-02-06,Skimmed powdered milk,Viaport Outlet,0.0
2023-02-06,Skimmed powdered milk,Zorlu Center,0.0
2023-02-06,Small cheese,Cevahir AVM,0.0
2023-02-06,Small cheese,Emaar Square Mall,0.0
2023-02-06,Small cheese,Forum Istanbul,0.0
2023-02-06,Small cheese,Istinye Park,0.0
2023-02-06,Small cheese,Kanyon,5.0
2023-02-06,Small cheese,Mall of Istanbul,0.0
2023-02-06,Small cheese,Metrocity,0.0
2023-02-06,Small cheese,Metropol AVM,0.0
2023-02-06,Small cheese,Viaport Outlet,0.0
2023-02-06,Small cheese,Zorlu Center,0.0
2023-02-06,Sterilized semi-skimmed milk,Cevahir AVM,0.0
2023-02-06,Sterilized semi-skimmed milk,Emaar Square Mall,0.0
2023-02-06,Sterilized semi-skimmed milk,Forum Istanbul,0.0
2023-02-06,Sterilized semi-skimmed milk,Istinye Park,8.0
2023-02-06,Sterilized semi-skimmed milk,Kanyon,0.0
2023-02-06,Sterilized semi-skimmed milk,Mall of Istanbul,0.0
2023-02-06,Sterilized semi-skimmed milk,Metrocity,0.0
2023-02-06,Sterilized semi-skimmed milk,Metropol AVM,0.0
2023-02-06,Sterilized semi-skimmed milk,Viaport Outlet,0.0
2023-02-06,Sterilized semi-skimmed milk,Zorlu Center,0.0
2023-02-06,Sterilized skimmed milk,Cevahir AVM,0.0
2023-02-06,Sterilized skimmed milk,Emaar Square Mall,0.0
2023-02-06,Sterilized skimmed milk,Forum Istanbul,0.0
2023-02-06,Sterilized skimmed milk,Istinye Park,0.0
2023-02-06,Sterilized skimmed milk,Kanyon,0.0
2023-02-06,Sterilized skimmed milk,Mall of Istanbul,9.0
2023-02-06,Sterilized skimmed milk,Metrocity,0.0
2023-02-06,Sterilized skimmed milk,Metropol AVM,0.0
2023-02-06,Sterilized skimmed milk,Viaport Outlet,0.0
2023-02-06,Sterilized skimmed milk,Zorlu Center,0.0
2023-02-06,Sterilized whole milk,Cevahir AVM,0.0
2023-02-06,Sterilized whole milk,Emaar Square Mall,0.0
2023-02-06,Sterilized whole milk,Forum Istanbul,0.0
2023-02-06,Sterilized whole milk,Istinye Park,0.0
2023-02-06,Sterilized whole milk,Kanyon,1.0
2023-02-06,Sterilized whole milk,Mall of Istanbul,2.0
2023-02-06,Sterilized whole milk,Metrocity,0.0
2023-02-06,Sterilized whole milk,Metropol AVM,3.0
2023-02-06,Sterilized whole milk,Viaport Outlet,0.0
2023-02-06,Sterilized whole milk,Zorlu Center,4.0
2023-02-06,Sweetened condensed milk,Cevahir AVM,0.0
2023-02-06,Sweetened condensed milk,Emaar Square Mall,0.0
2023-02-06,Sweetened condensed milk,Forum Istanbul,0.0
2023-02-06,Sweetened condensed milk,Istinye Park,0.0
2023-02-06,Sweetened condensed milk,Kanyon,5.0
2023-02-06,Sweetened condensed milk,Mall of Istanbul,0.0
2023-02-06,Sweetened condensed milk,Metrocity,5.0
2023-02-06,Sweetened condensed milk,Metropol AVM,10.0
2023-02-06,Sweetened condensed milk,Viaport Outlet,0.0
2023-02-06,Sweetened condensed milk,Zorlu Center,4.0
2023-02-06,Total powdered milk,Cevahir AVM,0.0
2023-02-06,Total powdered milk,Emaar Square Mall,0.0
2023-02-06,Total powdered milk,Forum Istanbul,0.0
2023-02-06,Total powdered milk,Istinye Park,2.0
2023-02-06,Total powdered milk,Kanyon,2.0
2023-02-06,Total powdered milk,Mall of Istanbul,5.0
2023-02-06,Total powdered milk,Metrocity,0.0
2023-02-06,Total powdered milk,Metropol AVM,5.0
2023-02-06,Total powdered milk,Viaport Outlet,0.0
2023-02-06,Total powdered milk,Zorlu Center,0.0
2023-02-06,Yogurt,Cevahir AVM,0.0
2023-02-06,Yogurt,Emaar Square Mall,0.0
2023-02-06,Yogurt,Forum Istanbul,2.0
2023-02-06,Yogurt,Istinye Park,4.0
2023-02-06,Yogurt,Kanyon,2.0
2023-02-06,Yogurt,Mall of Istanbul,4.0
2023-02-06,Yogurt,Metrocity,2.0
2023-02-06,Yogurt,Metropol AVM,0.0
2023-02-06,Yogurt,Viaport Outlet,0.0
2023-02-06,Yogurt,Zorlu Center,0.0
2023-02-06,chocolate milk,Cevahir AVM,0.0
2023-02-06,chocolate milk,Emaar Square Mall,0.0
2023-02-06,chocolate milk,Forum Istanbul,0.0
2023-02-06,chocolate milk,Istinye Park,1.0
2023-02-06,chocolate milk,Kanyon,0.0
2023-02-06,chocolate milk,Mall of Istanbul,12.0
2023-02-06,chocolate milk,Metrocity,0.0
2023-02-06,chocolate milk,Metropol AVM,2.0
2023-02-06,chocolate milk,Viaport Outlet,0.0
2023-02-06,chocolate milk,Zorlu Center,3.0
2023-02-07,Butter,Cevahir AVM,4.0
2023-02-07,Butter,Emaar Square Mall,0.0
2023-02-07,Butter,Forum Istanbul,0.0
2023-02-07,Butter,Istinye Park,2.0
2023-02-07,Butter,Kanyon,0.0
2023-02-07,Butter,Mall of Istanbul,0.0
2023-02-07,Butter,Metrocity,5.0
2023-02-07,Butter,Metropol AVM,1.0
2023-02-07,Butter,Viaport Outlet,0.0
2023-02-07,Butter,Zorlu Center,0.0
2023-02-07,Cheese,Cevahir AVM,4.0
2023-02-07,Cheese,Emaar Square Mall,0.0
2023-02-07,Cheese,Forum Istanbul,5.0
2023-02-07,Cheese,Istinye Park,0.0
2023-02-07,Cheese,Kanyon,3.0
2023-02-07,Cheese,Mall of Istanbul,0.0
2023-02-07,Cheese,Metrocity,0.0
2023-02-07,Cheese,Metropol AVM,0.0
2023-02-07,Cheese,Viaport Outlet,0.0
2023-02-07,Cheese,Zorlu Center,0.0
2023-02-07,Condensed milk,Cevahir AVM,0.0
2023-02-07,Condensed milk,Emaar Square Mall,0.0
2023-02-07,Condensed milk,Forum Istanbul,0.0
2023-02-07,Condensed milk,Istinye Park,0.0
2023-02-07,Condensed milk,Kanyon,10.0
2023-02-07,Condensed milk,Mall of Istanbul,7.0
2023-02-07,Condensed milk,Metrocity,7.0
2023-02-07,Condensed milk,Metropol AVM,0.0
2023-02-07,Condensed milk,Viaport Outlet,7.0
2023-02-07,Condensed milk,Zorlu Center,5.0
2023-02-07,Cream,Cevahir AVM,2.0
2023-02-07,Cream,Emaar Square Mall,0.0
2023-02-07,Cream,Forum Istanbul,0.0
2023-02-07,Cream,Istinye Park,0.0
2023-02-07,Cream,Kanyon,0.0
2023-02-07,Cream,Mall of Istanbul,2.0
2023-02-07,Cream,Metrocity,0.0
2023-02-07,Cream,Metropol AVM,0.0
2023-02-07,Cream,Viaport Outlet,0.0
2023-02-07,Cream,Zorlu Center,0.0
2023-02-07,Cultured milk,Cevahir AVM,0.0
2023-02-07,Cultured milk,Emaar Square Mall,0.0
2023-02-07,Cultured milk,Forum Istanbul,0.0
2023-02-07,Cultured milk,Istinye Park,0.0
2023-02-07,Cultured milk,Kanyon,0.0
2023-02-07,Cultured milk,Mall of Istanbul,13.0
2023-02-07,Cultured milk,Metrocity,0.0
2023-02-07,Cultured milk,Metropol AVM,0.0
2023-02-07,Cultured milk,Viaport Outlet,0.0
2023-02-07,Cultured milk,Zorlu Center,0.0
2023-02-07,Evaporated milk,Cevahir AVM,3.0
2023-02-07,Evaporated milk,Emaar Square Mall,0.0
2023-02-07,Evaporated milk,Forum Istanbul,0.0
2023-02-07,Evaporated milk,Istinye Park,0.0
2023-02-07,Evaporated milk,Kanyon,4.0
2023-02-07,Evaporated milk,Mall of Istanbul,0.0
2023-02-07,Evaporated milk,Metrocity,5.0
2023-02-07,Evaporated milk,Metropol AVM,0.0
2023-02-07,Evaporated milk,Viaport Outlet,0.0
2023-02-07,Evaporated milk,Zorlu Center,5.0
2023-02-07,Flavored sterilized milk,Cevahir AVM,0.0
2023-02-07,Flavored sterilized milk,Emaar Square Mall,0.0
2023-02-07,Flavored sterilized milk,Forum Istanbul,0.0
2023-02-07,Flavored sterilized milk,Istinye Park,0.0
2023-02-07,Flavored sterilized milk,Kanyon,5.0
2023-02-07,Flavored sterilized milk,Mall of Istanbul,2.0
2023-02-07,Flavored sterilized milk,Metrocity,0.0
2023-02-07,Flavored sterilized milk,Metropol AVM,0.0
2023-02-07,Flavored sterilized milk,Viaport Outlet,0.0
2023-02-07,Flavored sterilized milk,Zorlu Center,0.0
2023-02-07,Modified milk,Cevahir AVM,0.0
2023-02-07,Modified milk,Emaar Square Mall,2.0
2023-02-07,Modified milk,Forum Istanbul,0.0
2023-02-07,Modified milk,Istinye Park,0.0
2023-02-07,Modified milk,Kanyon,2.0
2023-02-07,Modified milk,Mall of Istanbul,3.0
2023-02-07,Modified milk,Metrocity,0.0
2023-02-07,Modified milk,Metropol AVM,0.0
2023-02-07,Modified milk,Viaport Outlet,0.0
2023-02-07,Modified milk,Zorlu Center,0.0
2023-02-07,Pasteurized milk 2.5% mg,Cevahir AVM,0.0
2023-02-07,Pasteurized milk 2.5% mg,Emaar Square Mall,0.0
2023-02-07,Pasteurized milk 2.5% mg,Forum Istanbul,5.0
2023-02-07,Pasteurized milk 2.5% mg,Istinye Park,0.0
2023-02-07,Pasteurized milk 2.5% mg,Kanyon,1.0
2023-02-07,Pasteurized milk 2.5% mg,Mall of Istanbul,3.0
2023-02-07,Pasteurized milk 2.5% mg,Metrocity,5.0
2023-02-07,Pasteurized milk 2.5% mg,Metropol AVM,0.0
2023-02-07,Pasteurized milk 2.5% mg,Viaport Outlet,0.0
2023-02-07,Pasteurized milk 2.5% mg,Zorlu Center,0.0
2023-02-07,Pasteurized milk 3.0% mg,Cevahir AVM,0.0
2023-02-07,Pasteurized milk 3.0% mg,Emaar Square Mall,0.0
2023-02-07,Pasteurized milk 3.0% mg,Forum Istanbul,0.0
2023-02-07,Pasteurized milk 3.0% mg,Istinye Park,5.0
2023-02-07,Pasteurized milk 3.0% mg,Kanyon,0.0
2023-02-07,Pasteurized milk 3.0% mg,Mall of Istanbul,4.0
2023-02-07,Pasteurized milk 3.0% mg,Metrocity,4.0
2023-02-07,Pasteurized milk 3.0% mg,Metropol AVM,0.0
2023-02-07,Pasteurized milk 3.0% mg,Viaport Outlet,1.0
2023-02-07,Pasteurized milk 3.0% mg,Zorlu Center,0.0
2023-02-07,Powdered milk 12% mg,Cevahir AVM,0.0
2023-02-07,Powdered milk 12% mg,Emaar Square Mall,0.0
2023-02-07,Powdered milk 12% mg,Forum Istanbul,0.0
2023-02-07,Powdered milk 12% mg,Istinye Park,0.0
2023-02-07,Powdered milk 12% mg,Kanyon,5.0
2023-02-07,Powdered milk 12% mg,Mall of Istanbul,0.0
2023-02-07,Powdered milk 12% mg,Metrocity,0.0
2023-02-07,Powdered milk 12% mg,Metropol AVM,5.0
2023-02-07,Powdered milk 12% mg,Viaport Outlet,0.0
2023-02-07,Powdered milk 12% mg,Zorlu Center,5.0
2023-02-07,Powdered milk 18% mg,Cevahir AVM,12.0
2023-02-07,Powdered milk 18% mg,Emaar Square Mall,0.0
2023-02-07,Powdered milk 18% mg,Forum Istanbul,7.0
2023-02-07,Powdered milk 18% mg,Istinye Park,0.0
2023-02-07,Powdered milk 18% mg,Kanyon,3.0
2023-02-07,Powdered milk 18% mg,Mall of Istanbul,2.0
2023-02-07,Powdered milk 18% mg,Metrocity,10.0
2023-02-07,Powdered milk 18% mg,Metropol AVM,0.0
2023-02-07,Powdered milk 18% mg,Viaport Outlet,0.0
2023-02-07,Powdered milk 18% mg,Zorlu Center,0.0
2023-02-07,Powdered milk 20% mg,Cevahir AVM,0.0
2023-02-07,Powdered milk 20% mg,Emaar Square Mall,0.0
2023-02-07,Powdered milk 20% mg,Forum Istanbul,3.0
2023-02-07,Powdered milk 20% mg,Istinye Park,0.0
2023-02-07,Powdered milk 20% mg,Kanyon,5.0
2023-02-07,Powdered milk 20% mg,Mall of Istanbul,8.0
2023-02-07,Powdered milk 20% mg,Metrocity,0.0
2023-02-07,Powdered milk 20% mg,Metropol AVM,0.0
2023-02-07,Powdered milk 20% mg,Viaport Outlet,0.0
2023-02-07,Powdered milk 20% mg,Zorlu Center,0.0
2023-02-07,Powdered milk 26% mg,Cevahir AVM,0.0
2023-02-07,Powdered milk 26% mg,Emaar Square Mall,0.0
2023-02-07,Powdered milk 26% mg,Forum Istanbul,0.0
2023-02-07,Powdered milk 26% mg,Istinye Park,4.0
2023-02-07,Powdered milk 26% mg,Kanyon,1.0
2023-02-07,Powdered milk 26% mg,Mall of Istanbul,1.0
2023-02-07,Powdered milk 26% mg,Metrocity,5.0
2023-02-07,Powdered milk 26% mg,Metropol AVM,4.0
2023-02-07,Powdered milk 26% mg,Viaport Outlet,0.0
2023-02-07,Powdered milk 26% mg,Zorlu Center,0.0
2023-02-07,Powdered milk 28% mg,Cevahir AVM,0.0
2023-02-07,Powdered milk 28% mg,Emaar Square Mall,0.0
2023-02-07,Powdered milk 28% mg,Forum Istanbul,0.0
2023-02-07,Powdered milk 28% mg,Istinye Park,0.0
2023-02-07,Powdered milk 28% mg,Kanyon,4.0
2023-02-07,Powdered milk 28% mg,Mall of Istanbul,6.0
2023-02-07,Powdered milk 28% mg,Metrocity,1.0
2023-02-07,Powdered milk 28% mg,Metropol AVM,0.0
2023-02-07,Powdered milk 28% mg,Viaport Outlet,0.0
2023-02-07,Powdered milk 28% mg,Zorlu Center,0.0
2023-02-07,Powdered whey,Cevahir AVM,0.0
2023-02-07,Powdered whey,Emaar Square Mall,0.0
2023-02-07,Powdered whey,Forum Istanbul,0.0
2023-02-07,Powdered whey,Istinye Park,0.0
2023-02-07,Powdered whey,Kanyon,6.0
2023-02-07,Powdered whey,Mall of Istanbul,5.0
2023-02-07,Powdered whey,Metrocity,0.0
2023-02-07,Powdered whey,Metropol AVM,5.0
2023-02-07,Powdered whey,Viaport Outlet,0.0
2023-02-07,Powdered whey,Zorlu Center,0.0
2023-02-07,Skimmed pasteurized milk,Cevahir AVM,0.0
2023-02-07,Skimmed pasteurized milk,Emaar Square Mall,0.0
2023-02-07,Skimmed pasteurized milk,Forum Istanbul,0.0
2023-02-07,Skimmed pasteurized milk,Istinye Park,2.0
2023-02-07,Skimmed pasteurized milk,Kanyon,0.0
2023-02-07,Skimmed pasteurized milk,Mall of Istanbul,2.0
2023-02-07,Skimmed pasteurized milk,Metrocity,0.0
2023-02-07,Skimmed pasteurized milk,Metropol AVM,0.0
2023-02-07,Skimmed pasteurized milk,Viaport Outlet,0.0
2023-02-07,Skimmed pasteurized milk,Zorlu Center,0.0
2023-02-07,Skimmed powdered milk,Cevahir AVM,0.0
2023-02-07,Skimmed powdered milk,Emaar Square Mall,1.0
2023-02-07,Skimmed powdered milk,Forum Istanbul,0.0
2023-02-07,Skimmed powdered milk,Istinye Park,0.0
2023-02-07,Skimmed powdered milk,Kanyon,0.0
2023-02-07,Skimmed powdered milk,Mall of Istanbul,2.0
2023-02-07,Skimmed powdered milk,Metrocity,5.0
2023-02-07,Skimmed powdered milk,Metropol AVM,1.0
2023-02-07,Skimmed powdered milk,Viaport Outlet,0.0
2023-02-07,Skimmed powdered milk,Zorlu Center,0.0
2023-02-07,Small cheese,Cevahir AVM,0.0
2023-02-07,Small cheese,Emaar Square Mall,3.0
2023-02-07,Small cheese,Forum Istanbul,0.0
2023-02-07,Small cheese,Istinye Park,1.0
2023-02-07,Small cheese,Kanyon,1.0
2023-02-07,Small cheese,Mall of Istanbul,2.0
2023-02-07,Small cheese,Metrocity,0.0
2023-02-07,Small cheese,Metropol AVM,0.0
2023-02-07,Small cheese,Viaport Outlet,0.0
2023-02-07,Small cheese,Zorlu Center,0.0
2023-02-07,Sterilized semi-skimmed milk,Cevahir AVM,3.0
2023-02-07,Sterilized semi-skimmed milk,Emaar Square Mall,0.0
2023-02-07,Sterilized semi-skimmed milk,Forum Istanbul,3.0
2023-02-07,Sterilized semi-skimmed milk,Istinye Park,0.0
2023-02-07,Sterilized semi-skimmed milk,Kanyon,3.0
2023-02-07,Sterilized semi-skimmed milk,Mall of Istanbul,1.0
2023-02-07,Sterilized semi-skimmed milk,Metrocity,0.0
2023-02-07,Sterilized semi-skimmed milk,Metropol AVM,0.0
2023-02-07,Sterilized semi-skimmed milk,Viaport Outlet,4.0
2023-02-07,Sterilized semi-skimmed milk,Zorlu Center,2.0
2023-02-07,Sterilized skimmed milk,Cevahir AVM,0.0
2023-02-07,Sterilized skimmed milk,Emaar Square Mall,0.0
2023-02-07,Sterilized skimmed milk,Forum Istanbul,0.0
2023-02-07,Sterilized skimmed milk,Istinye Park,0.0
2023-02-07,Sterilized skimmed milk,Kanyon,1.0
2023-02-07,Sterilized skimmed milk,Mall of Istanbul,2.0
2023-02-07,Sterilized skimmed milk,Metrocity,6.0
2023-02-07,Sterilized skimmed milk,Metropol AVM,8.0
2023-02-07,Sterilized skimmed milk,Viaport Outlet,0.0
2023-02-07,Sterilized skimmed milk,Zorlu Center,4.0
2023-02-07,Sterilized whole milk,Cevahir AVM,0.0
2023-02-07,Sterilized whole milk,Emaar Square Mall,0.0
2023-02-07,Sterilized whole milk,Forum Istanbul,0.0
2023-02-07,Sterilized whole milk,Istinye Park,1.0
2023-02-07,Sterilized whole milk,Kanyon,2.0
2023-02-07,Sterilized whole milk,Mall of Istanbul,7.0
2023-02-07,Sterilized whole milk,Metrocity,0.0
2023-02-07,Sterilized whole milk,Metropol AVM,2.0
2023-02-07,Sterilized whole milk,Viaport Outlet,0.0
2023-02-07,Sterilized whole milk,Zorlu Center,0.0
2023-02-07,Sweetened condensed milk,Cevahir AVM,0.0
2023-02-07,Sweetened condensed milk,Emaar Square Mall,4.0
2023-02-07,Sweetened condensed milk,Forum Istanbul,0.0
2023-02-07,Sweetened condensed milk,Istinye Park,3.0
2023-02-07,Sweetened condensed milk,Kanyon,1.0
2023-02-07,Sweetened condensed milk,Mall of Istanbul,7.0
2023-02-07,Sweetened condensed milk,Metrocity,0.0
2023-02-07,Sweetened condensed milk,Metropol AVM,8.0
2023-02-07,Sweetened condensed milk,Viaport Outlet,0.0
2023-02-07,Sweetened condensed milk,Zorlu Center,0.0
2023-02-07,Total powdered milk,Cevahir AVM,0.0
2023-02-07,Total powdered milk,Emaar Square Mall,0.0
2023-02-07,Total powdered milk,Forum Istanbul,3.0
2023-02-07,Total powdered milk,Istinye Park,0.0
2023-02-07,Total powdered milk,Kanyon,0.0
2023-02-07,Total powdered milk,Mall of Istanbul,1.0
2023-02-07,Total powdered milk,Metrocity,4.0
2023-02-07,Total powdered milk,Metropol AVM,2.0
2023-02-07,Total powdered milk,Viaport Outlet,5.0
2023-02-07,Total powdered milk,Zorlu Center,0.0
2023-02-07,Yogurt,Cevahir AVM,0.0
2023-02-07,Yogurt,Emaar Square Mall,0.0
2023-02-07,Yogurt,Forum Istanbul,0.0
2023-02-07,Yogurt,Istinye Park,5.0
2023-02-07,Yogurt,Kanyon,0.0
2023-02-07,Yogurt,Mall of Istanbul,2.0
2023-02-07,Yogurt,Metrocity,4.0
2023-02-07,Yogurt,Metropol AVM,0.0
2023-02-07,Yogurt,Viaport Outlet,0.0
2023-02-07,Yogurt,Zorlu Center,0.0
2023-02-07,chocolate milk,Cevahir AVM,0.0
2023-02-07,chocolate milk,Emaar Square Mall,0.0
2023-02-07,chocolate milk,Forum Istanbul,0.0
2023-02-07,chocolate milk,Istinye Park,0.0
2023-02-07,chocolate milk,Kanyon,0.0
2023-02-07,chocolate milk,Mall of Istanbul,3.0
2023-02-07,chocolate milk,Metrocity,0.0
2023-02-07,chocolate milk,Metropol AVM,0.0
2023-02-07,chocolate milk,Viaport Outlet,0.0
2023-02-07,chocolate milk,Zorlu Center,0.0
2023-02-08,Butter,Cevahir AVM,0.0
2023-02-08,Butter,Emaar Square Mall,0.0
2023-02-08,Butter,Forum Istanbul,0.0
2023-02-08,Butter,Istinye Park,7.0
2023-02-08,Butter,Kanyon,0.0
2023-02-08,Butter,Mall of Istanbul,11.0
2023-02-08,Butter,Metrocity,0.0
2023-02-08,Butter,Metropol AVM,0.0
2023-02-08,Butter,Viaport Outlet,0.0
2023-02-08,Butter,Zorlu Center,0.0
2023-02-08,Cheese,Cevahir AVM,0.0
2023-02-08,Cheese,Emaar Square Mall,0.0
2023-02-08,Cheese,Forum Istanbul,0.0
2023-02-08,Cheese,Istinye Park,4.0
2023-02-08,Cheese,Kanyon,1.0
2023-02-08,Cheese,Mall of Istanbul,0.0
2023-02-08,Cheese,Metrocity,9.0
2023-02-08,Cheese,Metropol AVM,0.0
2023-02-08,Cheese,Viaport Outlet,1.0
2023-02-08,Cheese,Zorlu Center,0.0
2023-02-08,Condensed milk,Cevahir AVM,0.0
2023-02-08,Condensed milk,Emaar Square Mall,5.0
2023-02-08,Condensed milk,Forum Istanbul,2.0
2023-02-08,Condensed milk,Istinye Park,0.0
2023-02-08,Condensed milk,Kanyon,0.0
2023-02-08,Condensed milk,Mall of Istanbul,10.0
2023-02-08,Condensed milk,Metrocity,5.0
2023-02-08,Condensed milk,Metropol AVM,0.0
2023-02-08,Condensed milk,Viaport Outlet,0.0
2023-02-08,Condensed milk,Zorlu Center,0.0
2023-02-08,Cream,Cevahir AVM,2.0
2023-02-08,Cream,Emaar Square Mall,0.0
2023-02-08,Cream,Forum Istanbul,0.0
2023-02-08,Cream,Istinye Park,1.0
2023-02-08,Cream,Kanyon,0.0
2023-02-08,Cream,Mall of Istanbul,0.0
2023-02-08,Cream,Metrocity,1.0
2023-02-08,Cream,Metropol AVM,0.0
2023-02-08,Cream,Viaport Outlet,0.0
2023-02-08,Cream,Zorlu Center,5.0
2023-02-08,Cultured milk,Cevahir AVM,0.0
2023-02-08,Cultured milk,Emaar Square Mall,0.0
2023-02-08,Cultured milk,Forum Istanbul,0.0
2023-02-08,Cultured milk,Istinye Park,6.0
2023-02-08,Cultured milk,Kanyon,0.0
2023-02-08,Cultured milk,Mall of Istanbul,0.0
2023-02-08,Cultured milk,Metrocity,0.0
2023-02-08,Cultured milk,Metropol AVM,0.0
2023-02-08,Cultured milk,Viaport Outlet,0.0
2023-02-08,Cultured milk,Zorlu Center,1.0
2023-02-08,Evaporated milk,Cevahir AVM,4.0
2023-02-08,Evaporated milk,Emaar Square Mall,3.0
2023-02-08,Evaporated milk,Forum Istanbul,0.0
2023-02-08,Evaporated milk,Istinye Park,0.0
2023-02-08,Evaporated milk,Kanyon,7.0
2023-02-08,Evaporated milk,Mall of Istanbul,12.0
2023-02-08,Evaporated milk,Metrocity,10.0
2023-02-08,Evaporated milk,Metropol AVM,2.0
2023-02-08,Evaporated milk,Viaport Outlet,0.0
2023-02-08,Evaporated milk,Zorlu Center,0.0
2023-02-08,Flavored sterilized milk,Cevahir AVM,4.0
2023-02-08,Flavored sterilized milk,Emaar Square Mall,0.0
2023-02-08,Flavored sterilized milk,Forum Istanbul,2.0
2023-02-08,Flavored sterilized milk,Istinye Park,0.0
2023-02-08,Flavored sterilized milk,Kanyon,5.0
2023-02-08,Flavored sterilized milk,Mall of Istanbul,0.0
2023-02-08,Flavored sterilized milk,Metrocity,0.0
2023-02-08,Flavored sterilized milk,Metropol AVM,0.0
2023-02-08,Flavored sterilized milk,Viaport Outlet,0.0
2023-02-08,Flavored sterilized milk,Zorlu Center,0.0
2023-02-08,Modified milk,Cevahir AVM,3.0
2023-02-08,Modified milk,Emaar Square Mall,0.0
2023-02-08,Modified milk,Forum Istanbul,0.0
2023-02-08,Modified milk,Istinye Park,0.0
2023-02-08,Modified milk,Kanyon,0.0
2023-02-08,Modified milk,Mall of Istanbul,0.0
2023-02-08,Modified milk,Metrocity,0.0
2023-02-08,Modified milk,Metropol AVM,7.0
2023-02-08,Modified milk,Viaport Outlet,0.0
2023-02-08,Modified milk,Zorlu Center,0.0
2023-02-08,Pasteurized milk 2.5% mg,Cevahir AVM,0.0
2023-02-08,Pasteurized milk 2.5% mg,Emaar Square Mall,0.0
2023-02-08,Pasteurized milk 2.5% mg,Forum Istanbul,0.0
2023-02-08,Pasteurized milk 2.5% mg,Istinye Park,0.0
2023-02-08,Pasteurized milk 2.5% mg,Kanyon,0.0
2023-02-08,Pasteurized milk 2.5% mg,Mall of Istanbul,9.0
2023-02-08,Pasteurized milk 2.5% mg,Metrocity,0.0
2023-02-08,Pasteurized milk 2.5% mg,Metropol AVM,0.0
2023-02-08,Pasteurized milk 2.5% mg,Viaport Outlet,0.0
2023-02-08,Pasteurized milk 2.5% mg,Zorlu Center,0.0
2023-02-08,Pasteurized milk 3.0% mg,Cevahir AVM,0.0
2023-02-08,Pasteurized milk 3.0% mg,Emaar Square Mall,0.0
2023-02-08,Pasteurized milk 3.0% mg,Forum Istanbul,0.0
2023-02-08,Pasteurized milk 3.0% mg,Istinye Park,3.0
2023-02-08,Pasteurized milk 3.0% mg,Kanyon,4.0
2023-02-08,Pasteurized milk 3.0% mg,Mall of Istanbul,0.0
2023-02-08,Pasteurized milk 3.0% mg,Metrocity,6.0
2023-02-08,Pasteurized milk 3.0% mg,Metropol AVM,0.0
2023-02-08,Pasteurized milk 3.0% mg,Viaport Outlet,0.0
2023-02-08,Pasteurized milk 3.0% mg,Zorlu Center,7.0
2023-02-08,Powdered milk 12% mg,Cevahir AVM,0.0
2023-02-08,Powdered milk 12% mg,Emaar Square Mall,0.0
2023-02-08,Powdered milk 12% mg,Forum Istanbul,0.0
2023-02-08,Powdered milk 12% mg,Istinye Park,3.0
2023-02-08,Powdered milk 12% mg,Kanyon,6.0
2023-02-08,Powdered milk 12% mg,Mall of Istanbul,8.0
2023-02-08,Powdered milk 12% mg,Metrocity,0.0
2023-02-08,Powdered milk 12% mg,Metropol AVM,0.0
2023-02-08,Powdered milk 12% mg,Viaport Outlet,0.0
2023-02-08,Powdered milk 12% mg,Zorlu Center,0.0
2023-02-08,Powdered milk 18% mg,Cevahir AVM,0.0
2023-02-08,Powdered milk 18% mg,Emaar Square Mall,0.0
2023-02-08,Powdered milk 18% mg,Forum Istanbul,2.0
2023-02-08,Powdered milk 18% mg,Istinye Park,0.0
2023-02-08,Powdered milk 18% mg,Kanyon,9.0
2023-02-08,Powdered milk 18% mg,Mall of Istanbul,4.0
2023-02-08,Powdered milk 18% mg,Metrocity,0.0
2023-02-08,Powdered milk 18% mg,Metropol AVM,0.0
2023-02-08,Powdered milk 18% mg,Viaport Outlet,0.0
2023-02-08,Powdered milk 18% mg,Zorlu Center,6.0
2023-02-08,Powdered milk 20% mg,Cevahir AVM,0.0
2023-02-08,Powdered milk 20% mg,Emaar Square Mall,0.0
2023-02-08,Powdered milk 20% mg,Forum Istanbul,0.0
2023-02-08,Powdered milk 20% mg,Istinye Park,0.0
2023-02-08,Powdered milk 20% mg,Kanyon,13.0
2023-02-08,Powdered milk 20% mg,Mall of Istanbul,5.0
2023-02-08,Powdered milk 20% mg,Metrocity,0.0
2023-02-08,Powdered milk 20% mg,Metropol AVM,0.0
2023-02-08,Powdered milk 20% mg,Viaport Outlet,0.0
2023-02-08,Powdered milk 20% mg,Zorlu Center,0.0
2023-02-08,Powdered milk 26% mg,Cevahir AVM,0.0
2023-02-08,Powdered milk 26% mg,Emaar Square Mall,0.0
2023-02-08,Powdered milk 26% mg,Forum Istanbul,0.0
2023-02-08,Powdered milk 26% mg,Istinye Park,1.0
2023-02-08,Powdered milk 26% mg,Kanyon,0.0
2023-02-08,Powdered milk 26% mg,Mall of Istanbul,0.0
2023-02-08,Powdered milk 26% mg,Metrocity,0.0
2023-02-08,Powdered milk 26% mg,Metropol AVM,0.0
2023-02-08,Powdered milk 26% mg,Viaport Outlet,0.0
2023-02-08,Powdered milk 26% mg,Zorlu Center,0.0
2023-02-08,Powdered milk 28% mg,Cevahir AVM,0.0
2023-02-08,Powdered milk 28% mg,Emaar Square Mall,0.0
2023-02-08,Powdered milk 28% mg,Forum Istanbul,2.0
2023-02-08,Powdered milk 28% mg,Istinye Park,0.0
2023-02-08,Powdered milk 28% mg,Kanyon,0.0
2023-02-08,Powdered milk 28% mg,Mall of Istanbul,4.0
2023-02-08,Powdered milk 28% mg,Metrocity,0.0
2023-02-08,Powdered milk 28% mg,Metropol AVM,1.0
2023-02-08,Powdered milk 28% mg,Viaport Outlet,5.0
2023-02-08,Powdered milk 28% mg,Zorlu Center,0.0
2023-02-08,Powdered whey,Cevahir AVM,0.0
2023-02-08,Powdered whey,Emaar Square Mall,0.0
2023-02-08,Powdered whey,Forum Istanbul,0.0
2023-02-08,Powdered whey,Istinye Park,5.0
2023-02-08,Powdered whey,Kanyon,0.0
2023-02-08,Powdered whey,Mall of Istanbul,8.0
2023-02-08,Powdered whey,Metrocity,5.0
2023-02-08,Powdered whey,Metropol AVM,0.0
2023-02-08,Powdered whey,Viaport Outlet,5.0
2023-02-08,Powdered whey,Zorlu Center,0.0
2023-02-08,Skimmed pasteurized milk,Cevahir AVM,0.0
2023-02-08,Skimmed pasteurized milk,Emaar Square Mall,2.0
2023-02-08,Skimmed pasteurized milk,Forum Istanbul,0.0
2023-02-08,Skimmed pasteurized milk,Istinye Park,0.0
2023-02-08,Skimmed pasteurized milk,Kanyon,0.0
2023-02-08,Skimmed pasteurized milk,Mall of Istanbul,0.0
2023-02-08,Skimmed pasteurized milk,Metrocity,6.0
2023-02-08,Skimmed pasteurized milk,Metropol AVM,5.0
2023-02-08,Skimmed pasteurized milk,Viaport Outlet,0.0
2023-02-08,Skimmed pasteurized milk,Zorlu Center,3.0
2023-02-08,Skimmed powdered milk,Cevahir AVM,3.0
2023-02-08,Skimmed powdered milk,Emaar Square Mall,0.0
2023-02-08,Skimmed powdered milk,Forum Istanbul,2.0
2023-02-08,Skimmed powdered milk,Istinye Park,0.0
2023-02-08,Skimmed powdered milk,Kanyon,10.0
2023-02-08,Skimmed powdered milk,Mall of Istanbul,0.0
2023-02-08,Skimmed powdered milk,Metrocity,5.0
2023-02-08,Skimmed powdered milk,Metropol AVM,0.0
2023-02-08,Skimmed powdered milk,Viaport Outlet,0.0
2023-02-08,Skimmed powdered milk,Zorlu Center,0.0
2023-02-08,Small cheese,Cevahir AVM,0.0
2023-02-08,Small cheese,Emaar Square Mall,0.0
2023-02-08,Small cheese,Forum Istanbul,0.0
2023-02-08,Small cheese,Istinye Park,0.0
2023-02-08,Small cheese,Kanyon,1.0
2023-02-08,Small cheese,Mall of Istanbul,5.0
2023-02-08,Small cheese,Metrocity,8.0
2023-02-08,Small cheese,Metropol AVM,0.0
2023-02-08,Small cheese,Viaport Outlet,0.0
2023-02-08,Small cheese,Zorlu Center,0.0
2023-02-08,Sterilized semi-skimmed milk,Cevahir AVM,0.0
2023-02-08,Sterilized semi-skimmed milk,Emaar Square Mall,0.0
2023-02-08,Sterilized semi-skimmed milk,Forum Istanbul,0.0
2023-02-08,Sterilized semi-skimmed milk,Istinye Park,4.0
2023-02-08,Sterilized semi-skimmed milk,Kanyon,3.0
2023-02-08,Sterilized semi-skimmed milk,Mall of Istanbul,0.0
2023-02-08,Sterilized semi-skimmed milk,Metrocity,0.0
2023-02-08,Sterilized semi-skimmed milk,Metropol AVM,5.0
2023-02-08,Sterilized semi-skimmed milk,Viaport Outlet,0.0
2023-02-08,Sterilized semi-skimmed milk,Zorlu Center,0.0
2023-02-08,Sterilized skimmed milk,Cevahir AVM,0.0
2023-02-08,Sterilized skimmed milk,Emaar Square Mall,0.0
2023-02-08,Sterilized skimmed milk,Forum Istanbul,3.0
2023-02-08,Sterilized skimmed milk,Istinye Park,3.0
2023-02-08,Sterilized skimmed milk,Kanyon,0.0
2023-02-08,Sterilized skimmed milk,Mall of Istanbul,1.0
2023-02-08,Sterilized skimmed milk,Metrocity,0.0
2023-02-08,Sterilized skimmed milk,Metropol AVM,0.0
2023-02-08,Sterilized skimmed milk,Viaport Outlet,0.0
2023-02-08,Sterilized skimmed milk,Zorlu Center,0.0
2023-02-08,Sterilized whole milk,Cevahir AVM,0.0
2023-02-08,Sterilized whole milk,Emaar Square Mall,0.0
2023-02-08,Sterilized whole milk,Forum Istanbul,0.0
2023-02-08,Sterilized whole milk,Istinye Park,1.0
2023-02-08,Sterilized whole milk,Kanyon,6.0
2023-02-08,Sterilized whole milk,Mall of Istanbul,6.0
2023-02-08,Sterilized whole milk,Metrocity,3.0
2023-02-08,Sterilized whole milk,Metropol AVM,0.0
2023-02-08,Sterilized whole milk,Viaport Outlet,0.0
2023-02-08,Sterilized whole milk,Zorlu Center,0.0
2023-02-08,Sweetened condensed milk,Cevahir AVM,1.0
2023-02-08,Sweetened condensed milk,Emaar Square Mall,0.0
2023-02-08,Sweetened condensed milk,Forum Istanbul,0.0
2023-02-08,Sweetened condensed milk,Istinye Park,0.0
2023-02-08,Sweetened condensed milk,Kanyon,8.0
2023-02-08,Sweetened condensed milk,Mall of Istanbul,4.0
2023-02-08,Sweetened condensed milk,Metrocity,1.0
2023-02-08,Sweetened condensed milk,Metropol AVM,0.0
2023-02-08,Sweetened condensed milk,Viaport Outlet,1.0
2023-02-08,Sweetened condensed milk,Zorlu Center,0.0
2023-02-08,Total powdered milk,Cevahir AVM,0.0
2023-02-08,Total powdered milk,Emaar Square Mall,0.0
2023-02-08,Total powdered milk,Forum Istanbul,0.0
2023-02-08,Total powdered milk,Istinye Park,4.0
2023-02-08,Total powdered milk,Kanyon,5.0
2023-02-08,Total powdered milk,Mall of Istanbul,9.0
2023-02-08,Total powdered milk,Metrocity,0.0
2023-02-08,Total powdered milk,Metropol AVM,0.0
2023-02-08,Total powdered milk,Viaport Outlet,5.0
2023-02-08,Total powdered milk,Zorlu Center,0.0
2023-02-08,Yogurt,Cevahir AVM,5.0
2023-02-08,Yogurt,Emaar Square Mall,2.0
2023-02-08,Yogurt,Forum Istanbul,0.0
2023-02-08,Yogurt,Istinye Park,0.0
2023-02-08,Yogurt,Kanyon,0.0
2023-02-08,Yogurt,Mall of Istanbul,6.0
2023-02-08,Yogurt,Metrocity,0.0
2023-02-08,Yogurt,Metropol AVM,0.0
2023-02-08,Yogurt,Viaport Outlet,0.0
2023-02-08,Yogurt,Zorlu Center,0.0
2023-02-08,chocolate milk,Cevahir AVM,0.0
2023-02-08,chocolate milk,Emaar Square Mall,0.0
2023-02-08,chocolate milk,Forum Istanbul,0.0
2023-02-08,chocolate milk,Istinye Park,3.0
2023-02-08,chocolate milk,Kanyon,0.0
2023-02-08,chocolate milk,Mall of Istanbul,12.0
2023-02-08,chocolate milk,Metrocity,2.0
2023-02-08,chocolate milk,Metropol AVM,1.0
2023-02-08,chocolate milk,Viaport Outlet,10.0
2023-02-08,chocolate milk,Zorlu Center,0.0
2023-02-09,Butter,Cevahir AVM,0.0
2023-02-09,Butter,Emaar Square Mall,0.0
2023-02-09,Butter,Forum Istanbul,0.0
2023-02-09,Butter,Istinye Park,5.0
2023-02-09,Butter,Kanyon,0.0
2023-02-09,Butter,Mall of Istanbul,10.0
2023-02-09,Butter,Metrocity,5.0
2023-02-09,Butter,Metropol AVM,3.0
2023-02-09,Butter,Viaport Outlet,0.0
2023-02-09,Butter,Zorlu Center,0.0
2023-02-09,Cheese,Cevahir AVM,0.0
2023-02-09,Cheese,Emaar Square Mall,0.0
2023-02-09,Cheese,Forum Istanbul,0.0
2023-02-09,Cheese,Istinye Park,2.0
2023-02-09,Cheese,Kanyon,6.0
2023-02-09,Cheese,Mall of Istanbul,2.0
2023-02-09,Cheese,Metrocity,4.0
2023-02-09,Cheese,Metropol AVM,0.0
2023-02-09,Cheese,Viaport Outlet,0.0
2023-02-09,Cheese,Zorlu Center,0.0
2023-02-09,Condensed milk,Cevahir AVM,0.0
2023-02-09,Condensed milk,Emaar Square Mall,2.0
2023-02-09,Condensed milk,Forum Istanbul,0.0
2023-02-09,Condensed milk,Istinye Park,1.0
2023-02-09,Condensed milk,Kanyon,0.0
2023-02-09,Condensed milk,Mall of Istanbul,0.0
2023-02-09,Condensed milk,Metrocity,1.0
2023-02-09,Condensed milk,Metropol AVM,4.0
2023-02-09,Condensed milk,Viaport Outlet,0.0
2023-02-09,Condensed milk,Zorlu Center,0.0
2023-02-09,Cream,Cevahir AVM,7.0
2023-02-09,Cream,Emaar Square Mall,4.0
2023-02-09,Cream,Forum Istanbul,0.0
2023-02-09,Cream,Istinye Park,0.0
2023-02-09,Cream,Kanyon,2.0
2023-02-09,Cream,Mall of Istanbul,3.0
2023-02-09,Cream,Metrocity,0.0
2023-02-09,Cream,Metropol AVM,0.0
2023-02-09,Cream,Viaport Outlet,0.0
2023-02-09,Cream,Zorlu Center,4.0
2023-02-09,Cultured milk,Cevahir AVM,0.0
2023-02-09,Cultured milk,Emaar Square Mall,3.0
2023-02-09,Cultured milk,Forum Istanbul,1.0
2023-02-09,Cultured milk,Istinye Park,0.0
2023-02-09,Cultured milk,Kanyon,0.0
2023-02-09,Cultured milk,Mall of Istanbul,5.0
2023-02-09,Cultured milk,Metrocity,0.0
2023-02-09,Cultured milk,Metropol AVM,0.0
2023-02-09,Cultured milk,Viaport Outlet,0.0
2023-02-09,Cultured milk,Zorlu Center,0.0
2023-02-09,Evaporated milk,Cevahir AVM,3.0
2023-02-09,Evaporated milk,Emaar Square Mall,1.0
2023-02-09,Evaporated milk,Forum Istanbul,0.0
2023-02-09,Evaporated milk,Istinye Park,0.0
2023-02-09,Evaporated milk,Kanyon,0.0
2023-02-09,Evaporated milk,Mall of Istanbul,0.0
2023-02-09,Evaporated milk,Metrocity,0.0
2023-02-09,Evaporated milk,Metropol AVM,0.0
2023-02-09,Evaporated milk,Viaport Outlet,0.0
2023-02-09,Evaporated milk,Zorlu Center,0.0
2023-02-09,Flavored sterilized milk,Cevahir AVM,0.0
2023-02-09,Flavored sterilized milk,Emaar Square Mall,5.0
2023-02-09,Flavored sterilized milk,Forum Istanbul,0.0
2023-02-09,Flavored sterilized milk,Istinye Park,0.0
2023-02-09,Flavored sterilized milk,Kanyon,5.0
2023-02-09,Flavored sterilized milk,Mall of Istanbul,7.0
2023-02-09,Flavored sterilized milk,Metrocity,0.0
2023-02-09,Flavored sterilized milk,Metropol AVM,0.0
2023-02-09,Flavored sterilized milk,Viaport Outlet,2.0
2023-02-09,Flavored sterilized milk,Zorlu Center,0.0
2023-02-09,Modified milk,Cevahir AVM,0.0
2023-02-09,Modified milk,Emaar Square Mall,0.0
2023-02-09,Modified milk,Forum Istanbul,0.0
2023-02-09,Modified milk,Istinye Park,0.0
2023-02-09,Modified milk,Kanyon,8.0
2023-02-09,Modified milk,Mall of Istanbul,13.0
2023-02-09,Modified milk,Metrocity,2.0
2023-02-09,Modified milk,Metropol AVM,5.0
2023-02-09,Modified milk,Viaport Outlet,0.0
2023-02-09,Modified milk,Zorlu Center,0.0
2023-02-09,Pasteurized milk 2.5% mg,Cevahir AVM,0.0
2023-02-09,Pasteurized milk 2.5% mg,Emaar Square Mall,0.0
2023-02-09,Pasteurized milk 2.5% mg,Forum Istanbul,1.0
2023-02-09,Pasteurized milk 2.5% mg,Istinye Park,2.0
2023-02-09,Pasteurized milk 2.5% mg,Kanyon,11.0
2023-02-09,Pasteurized milk 2.5% mg,Mall of Istanbul,4.0
2023-02-09,Pasteurized milk 2.5% mg,Metrocity,0.0
2023-02-09,Pasteurized milk 2.5% mg,Metropol AVM,0.0
2023-02-09,Pasteurized milk 2.5% mg,Viaport Outlet,0.0
2023-02-09,Pasteurized milk 2.5% mg,Zorlu Center,0.0
2023-02-09,Pasteurized milk 3.0% mg,Cevahir AVM,0.0
2023-02-09,Pasteurized milk 3.0% mg,Emaar Square Mall,0.0
2023-02-09,Pasteurized milk 3.0% mg,Forum Istanbul,0.0
2023-02-09,Pasteurized milk 3.0% mg,Istinye Park,0.0
2023-02-09,Pasteurized milk 3.0% mg,Kanyon,0.0
2023-02-09,Pasteurized milk 3.0% mg,Mall of Istanbul,0.0
2023-02-09,Pasteurized milk 3.0% mg,Metrocity,1.0
2023-02-09,Pasteurized milk 3.0% mg,Metropol AVM,0.0
2023-02-09,Pasteurized milk 3.0% mg,Viaport Outlet,0.0
2023-02-09,Pasteurized milk 3.0% mg,Zorlu Center,0.0
2023-02-09,Powdered milk 12% mg,Cevahir AVM,0.0
2023-02-09,Powdered milk 12% mg,Emaar Square Mall,0.0
2023-02-09,Powdered milk 12% mg,Forum Istanbul,0.0
2023-02-09,Powdered milk 12% mg,Istinye Park,4.0
2023-02-09,Powdered milk 12% mg,Kanyon,0.0
2023-02-09,Powdered milk 12% mg,Mall of Istanbul,3.0
2023-02-09,Powdered milk 12% mg,Metrocity,0.0
2023-02-09,Powdered milk 12% mg,Metropol AVM,0.0
2023-02-09,Powdered milk 12% mg,Viaport Outlet,0.0
2023-02-09,Powdered milk 12% mg,Zorlu Center,3.0
2023-02-09,Powdered milk 18% mg,Cevahir AVM,0.0
2023-02-09,Powdered milk 18% mg,Emaar Square Mall,4.0
2023-02-09,Powdered milk 18% mg,Forum Istanbul,0.0
2023-02-09,Powdered milk 18% mg,Istinye Park,0.0
2023-02-09,Powdered milk 18% mg,Kanyon,0.0
2023-02-09,Powdered milk 18% mg,Mall of Istanbul,2.0
2023-02-09,Powdered milk 18% mg,Metrocity,3.0
2023-02-09,Powdered milk 18% mg,Metropol AVM,4.0
2023-02-09,Powdered milk 18% mg,Viaport Outlet,0.0
2023-02-09,Powdered milk 18% mg,Zorlu Center,0.0
2023-02-09,Powdered milk 20% mg,Cevahir AVM,0.0
2023-02-09,Powdered milk 20% mg,Emaar Square Mall,0.0
2023-02-09,Powdered milk 20% mg,Forum Istanbul,1.0
2023-02-09,Powdered milk 20% mg,Istinye Park,9.0
2023-02-09,Powdered milk 20% mg,Kanyon,6.0
2023-02-09,Powdered milk 20% mg,Mall of Istanbul,12.0
2023-02-09,Powdered milk 20% mg,Metrocity,1.0
2023-02-09,Powdered milk 20% mg,Metropol AVM,1.0
2023-02-09,Powdered milk 20% mg,Viaport Outlet,0.0
2023-02-09,Powdered milk 20% mg,Zorlu Center,4.0
2023-02-09,Powdered milk 26% mg,Cevahir AVM,0.0
2023-02-09,Powdered milk 26% mg,Emaar Square Mall,3.0
2023-02-09,Powdered milk 26% mg,Forum Istanbul,0.0
2023-02-09,Powdered milk 26% mg,Istinye Park,3.0
2023-02-09,Powdered milk 26% mg,Kanyon,1.0
2023-02-09,Powdered milk 26% mg,Mall of Istanbul,8.0
2023-02-09,Powdered milk 26% mg,Metrocity,7.0
2023-02-09,Powdered milk 26% mg,Metropol AVM,0.0
2023-02-09,Powdered milk 26% mg,Viaport Outlet,0.0
2023-02-09,Powdered milk 26% mg,Zorlu Center,0.0
2023-02-09,Powdered milk 28% mg,Cevahir AVM,0.0
2023-02-09,Powdered milk 28% mg,Emaar Square Mall,2.0
2023-02-09,Powdered milk 28% mg,Forum Istanbul,0.0
2023-02-09,Powdered milk 28% mg,Istinye Park,0.0
2023-02-09,Powdered milk 28% mg,Kanyon,2.0
2023-02-09,Powdered milk 28% mg,Mall of Istanbul,0.0
2023-02-09,Powdered milk 28% mg,Metrocity,0.0
2023-02-09,Powdered milk 28% mg,Metropol AVM,0.0
2023-02-09,Powdered milk 28% mg,Viaport Outlet,4.0
2023-02-09,Powdered milk 28% mg,Zorlu Center,0.0
2023-02-09,Powdered whey,Cevahir AVM,0.0
2023-02-09,Powdered whey,Emaar Square Mall,0.0
2023-02-09,Powdered whey,Forum Istanbul,0.0
2023-02-09,Powdered whey,Istinye Park,6.0
2023-02-09,Powdered whey,Kanyon,2.0
2023-02-09,Powdered whey,Mall of Istanbul,0.0
2023-02-09,Powdered whey,Metrocity,0.0
2023-02-09,Powdered whey,Metropol AVM,2.0
2023-02-09,Powdered whey,Viaport Outlet,0.0
2023-02-09,Powdered whey,Zorlu Center,6.0
2023-02-09,Skimmed pasteurized milk,Cevahir AVM,0.0
2023-02-09,Skimmed pasteurized milk,Emaar Square Mall,1.0
2023-02-09,Skimmed pasteurized milk,Forum Istanbul,0.0
2023-02-09,Skimmed pasteurized milk,Istinye Park,0.0
2023-02-09,Skimmed pasteurized milk,Kanyon,5.0
2023-02-09,Skimmed pasteurized milk,Mall of Istanbul,5.0
2023-02-09,Skimmed pasteurized milk,Metrocity,3.0
2023-02-09,Skimmed pasteurized milk,Metropol AVM,4.0
2023-02-09,Skimmed pasteurized milk,Viaport Outlet,0.0
2023-02-09,Skimmed pasteurized milk,Zorlu Center,0.0
2023-02-09,Skimmed powdered milk,Cevahir AVM,0.0
2023-02-09,Skimmed powdered milk,Emaar Square Mall,0.0
2023-02-09,Skimmed powdered milk,Forum Istanbul,0.0
2023-02-09,Skimmed powdered milk,Istinye Park,0.0
2023-02-09,Skimmed powdered milk,Kanyon,2.0
2023-02-09,Skimmed powdered milk,Mall of Istanbul,14.0
2023-02-09,Skimmed powdered milk,Metrocity,0.0
2023-02-09,Skimmed powdered milk,Metropol AVM,0.0
2023-02-09,Skimmed powdered milk,Viaport Outlet,4.0
2023-02-09,Skimmed powdered milk,Zorlu Center,0.0
2023-02-09,Small cheese,Cevahir AVM,0.0
2023-02-09,Small cheese,Emaar Square Mall,0.0
2023-02-09,Small cheese,Forum Istanbul,4.0
2023-02-09,Small cheese,Istinye Park,3.0
2023-02-09,Small cheese,Kanyon,2.0
2023-02-09,Small cheese,Mall of Istanbul,1.0
2023-02-09,Small cheese,Metrocity,5.0
2023-02-09,Small cheese,Metropol AVM,0.0
2023-02-09,Small cheese,Viaport Outlet,0.0
2023-02-09,Small cheese,Zorlu Center,0.0
2023-02-09,Sterilized semi-skimmed milk,Cevahir AVM,2.0
2023-02-09,Sterilized semi-skimmed milk,Emaar Square Mall,0.0
2023-02-09,Sterilized semi-skimmed milk,Forum Istanbul,0.0
2023-02-09,Sterilized semi-skimmed milk,Istinye Park,0.0
2023-02-09,Sterilized semi-skimmed milk,Kanyon,0.0
2023-02-09,Sterilized semi-skimmed milk,Mall of Istanbul,4.0
2023-02-09,Sterilized semi-skimmed milk,Metrocity,3.0
2023-02-09,Sterilized semi-skimmed milk,Metropol AVM,5.0
2023-02-09,Sterilized semi-skimmed milk,Viaport Outlet,0.0
2023-02-09,Sterilized semi-skimmed milk,Zorlu Center,0.0
2023-02-09,Sterilized skimmed milk,Cevahir AVM,0.0
2023-02-09,Sterilized skimmed milk,Emaar Square Mall,0.0
2023-02-09,Sterilized skimmed milk,Forum Istanbul,0.0
2023-02-09,Sterilized skimmed milk,Istinye Park,4.0
2023-02-09,Sterilized skimmed milk,Kanyon,1.0
2023-02-09,Sterilized skimmed milk,Mall of Istanbul,6.0
2023-02-09,Sterilized skimmed milk,Metrocity,0.0
2023-02-09,Sterilized skimmed milk,Metropol AVM,0.0
2023-02-09,Sterilized skimmed milk,Viaport Outlet,0.0
2023-02-09,Sterilized skimmed milk,Zorlu Center,0.0
2023-02-09,Sterilized whole milk,Cevahir AVM,2.0
2023-02-09,Sterilized whole milk,Emaar Square Mall,0.0
2023-02-09,Sterilized whole milk,Forum Istanbul,0.0
2023-02-09,Sterilized whole milk,Istinye Park,0.0
2023-02-09,Sterilized whole milk,Kanyon,4.0
2023-02-09,Sterilized whole milk,Mall of Istanbul,5.0
2023-02-09,Sterilized whole milk,Metrocity,0.0
2023-02-09,Sterilized whole milk,Metropol AVM,0.0
2023-02-09,Sterilized whole milk,Viaport Outlet,0.0
2023-02-09,Sterilized whole milk,Zorlu Center,0.0
2023-02-09,Sweetened condensed milk,Cevahir AVM,1.0
2023-02-09,Sweetened condensed milk,Emaar Square Mall,2.0
2023-02-09,Sweetened condensed milk,Forum Istanbul,1.0
2023-02-09,Sweetened condensed milk,Istinye Park,0.0
2023-02-09,Sweetened condensed milk,Kanyon,2.0
2023-02-09,Sweetened condensed milk,Mall of Istanbul,3.0
2023-02-09,Sweetened condensed milk,Metrocity,7.0
2023-02-09,Sweetened condensed milk,Metropol AVM,0.0
2023-02-09,Sweetened condensed milk,Viaport Outlet,0.0
2023-02-09,Sweetened condensed milk,Zorlu Center,0.0
2023-02-09,Total powdered milk,Cevahir AVM,1.0
2023-02-09,Total powdered milk,Emaar Square Mall,2.0
2023-02-09,Total powdered milk,Forum Istanbul,0.0
2023-02-09,Total powdered milk,Istinye Park,0.0
2023-02-09,Total powdered milk,Kanyon,14.0
2023-02-09,Total powdered milk,Mall of Istanbul,8.0
2023-02-09,Total powdered milk,Metrocity,0.0
2023-02-09,Total powdered milk,Metropol AVM,0.0
2023-02-09,Total powdered milk,Viaport Outlet,0.0
2023-02-09,Total powdered milk,Zorlu Center,0.0
2023-02-09,Yogurt,Cevahir AVM,4.0
2023-02-09,Yogurt,Emaar Square Mall,0.0
2023-02-09,Yogurt,Forum Istanbul,0.0
2023-02-09,Yogurt,Istinye Park,0.0
2023-02-09,Yogurt,Kanyon,1.0
2023-02-09,Yogurt,Mall of Istanbul,0.0
2023-02-09,Yogurt,Metrocity,0.0
2023-02-09,Yogurt,Metropol AVM,5.0
2023-02-09,Yogurt,Viaport Outlet,0.0
2023-02-09,Yogurt,Zorlu Center,0.0
2023-02-09,chocolate milk,Cevahir AVM,0.0
2023-02-09,chocolate milk,Emaar Square Mall,0.0
2023-02-09,chocolate milk,Forum Istanbul,0.0
2023-02-09,chocolate milk,Istinye Park,8.0
2023-02-09,chocolate milk,Kanyon,2.0
2023-02-09,chocolate milk,Mall of Istanbul,1.0
2023-02-09,chocolate milk,Metrocity,0.0
2023-02-09,chocolate milk,Metropol AVM,0.0
2023-02-09,chocolate milk,Viaport Outlet,0.0
2023-02-09,chocolate milk,Zorlu Center,2.0
2023-02-10,Butter,Cevahir AVM,0.0
2023-02-10,Butter,Emaar Square Mall,0.0
2023-02-10,Butter,Forum Istanbul,5.0
2023-02-10,Butter,Istinye Park,0.0
2023-02-10,Butter,Kanyon,3.0
2023-02-10,Butter,Mall of Istanbul,0.0
2023-02-10,Butter,Metrocity,2.0
2023-02-10,Butter,Metropol AVM,0.0
2023-02-10,Butter,Viaport Outlet,0.0
2023-02-10,Butter,Zorlu Center,0.0
2023-02-10,Cheese,Cevahir AVM,0.0
2023-02-10,Cheese,Emaar Square Mall,0.0
2023-02-10,Cheese,Forum Istanbul,0.0
2023-02-10,Cheese,Istinye Park,4.0
2023-02-10,Cheese,Kanyon,0.0
2023-02-10,Cheese,Mall of Istanbul,5.0
2023-02-10,Cheese,Metrocity,0.0
2023-02-10,Cheese,Metropol AVM,0.0
2023-02-10,Cheese,Viaport Outlet,5.0
2023-02-10,Cheese,Zorlu Center,0.0
2023-02-10,Condensed milk,Cevahir AVM,0.0
2023-02-10,Condensed milk,Emaar Square Mall,0.0
2023-02-10,Condensed milk,Forum Istanbul,0.0
2023-02-10,Condensed milk,Istinye Park,6.0
2023-02-10,Condensed milk,Kanyon,0.0
2023-02-10,Condensed milk,Mall of Istanbul,4.0
2023-02-10,Condensed milk,Metrocity,0.0
2023-02-10,Condensed milk,Metropol AVM,0.0
2023-02-10,Condensed milk,Viaport Outlet,5.0
2023-02-10,Condensed milk,Zorlu Center,0.0
2023-02-10,Cream,Cevahir AVM,0.0
2023-02-10,Cream,Emaar Square Mall,3.0
2023-02-10,Cream,Forum Istanbul,0.0
2023-02-10,Cream,Istinye Park,4.0
2023-02-10,Cream,Kanyon,5.0
2023-02-10,Cream,Mall of Istanbul,7.0
2023-02-10,Cream,Metrocity,6.0
2023-02-10,Cream,Metropol AVM,1.0
2023-02-10,Cream,Viaport Outlet,0.0
2023-02-10,Cream,Zorlu Center,0.0
2023-02-10,Cultured milk,Cevahir AVM,0.0
2023-02-10,Cultured milk,Emaar Square Mall,3.0
2023-02-10,Cultured milk,Forum Istanbul,0.0
2023-02-10,Cultured milk,Istinye Park,0.0
2023-02-10,Cultured milk,Kanyon,1.0
2023-02-10,Cultured milk,Mall of Istanbul,2.0
2023-02-10,Cultured milk,Metrocity,4.0
2023-02-10,Cultured milk,Metropol AVM,5.0
2023-02-10,Cultured milk,Viaport Outlet,1.0
2023-02-10,Cultured milk,Zorlu Center,0.0
2023-02-10,Evaporated milk,Cevahir AVM,0.0
2023-02-10,Evaporated milk,Emaar Square Mall,4.0
2023-02-10,Evaporated milk,Forum Istanbul,0.0
2023-02-10,Evaporated milk,Istinye Park,0.0
2023-02-10,Evaporated milk,Kanyon,4.0
2023-02-10,Evaporated milk,Mall of Istanbul,2.0
2023-02-10,Evaporated milk,Metrocity,0.0
2023-02-10,Evaporated milk,Metropol AVM,5.0
2023-02-10,Evaporated milk,Viaport Outlet,0.0
2023-02-10,Evaporated milk,Zorlu Center,0.0
2023-02-10,Flavored sterilized milk,Cevahir AVM,5.0
2023-02-10,Flavored sterilized milk,Emaar Square Mall,0.0
2023-02-10,Flavored sterilized milk,Forum Istanbul,0.0
2023-02-10,Flavored sterilized milk,Istinye Park,0.0
2023-02-10,Flavored sterilized milk,Kanyon,0.0
2023-02-10,Flavored sterilized milk,Mall of Istanbul,0.0
2023-02-10,Flavored sterilized milk,Metrocity,1.0
2023-02-10,Flavored sterilized milk,Metropol AVM,0.0
2023-02-10,Flavored sterilized milk,Viaport Outlet,0.0
2023-02-10,Flavored sterilized milk,Zorlu Center,0.0
2023-02-10,Modified milk,Cevahir AVM,0.0
2023-02-10,Modified milk,Emaar Square Mall,0.0
2023-02-10,Modified milk,Forum Istanbul,0.0
2023-02-10,Modified milk,Istinye Park,0.0
2023-02-10,Modified milk,Kanyon,0.0
2023-02-10,Modified milk,Mall of Istanbul,10.0
2023-02-10,Modified milk,Metrocity,0.0
2023-02-10,Modified milk,Metropol AVM,0.0
2023-02-10,Modified milk,Viaport Outlet,0.0
2023-02-10,Modified milk,Zorlu Center,0.0
2023-02-10,Pasteurized milk 2.5% mg,Cevahir AVM,0.0
2023-02-10,Pasteurized milk 2.5% mg,Emaar Square Mall,0.0
2023-02-10,Pasteurized milk 2.5% mg,Forum Istanbul,0.0
2023-02-10,Pasteurized milk 2.5% mg,Istinye Park,0.0
2023-02-10,Pasteurized milk 2.5% mg,Kanyon,0.0
2023-02-10,Pasteurized milk 2.5% mg,Mall of Istanbul,0.0
2023-02-10,Pasteurized milk 2.5% mg,Metrocity,0.0
2023-02-10,Pasteurized milk 2.5% mg,Metropol AVM,3.0
2023-02-10,Pasteurized milk 2.5% mg,Viaport Outlet,0.0
2023-02-10,Pasteurized milk 2.5% mg,Zorlu Center,0.0
2023-02-10,Pasteurized milk 3.0% mg,Cevahir AVM,0.0
2023-02-10,Pasteurized milk 3.0% mg,Emaar Square Mall,0.0
2023-02-10,Pasteurized milk 3.0% mg,Forum Istanbul,0.0
2023-02-10,Pasteurized milk 3.0% mg,Istinye Park,0.0
2023-02-10,Pasteurized milk 3.0% mg,Kanyon,2.0
2023-02-10,Pasteurized milk 3.0% mg,Mall of Istanbul,5.0
2023-02-10,Pasteurized milk 3.0% mg,Metrocity,4.0
2023-02-10,Pasteurized milk 3.0% mg,Metropol AVM,0.0
2023-02-10,Pasteurized milk 3.0% mg,Viaport Outlet,0.0
2023-02-10,Pasteurized milk 3.0% mg,Zorlu Center,0.0
2023-02-10,Powdered milk 12% mg,Cevahir AVM,0.0
2023-02-10,Powdered milk 12% mg,Emaar Square Mall,0.0
2023-02-10,Powdered milk 12% mg,Forum Istanbul,0.0
2023-02-10,Powdered milk 12% mg,Istinye Park,0.0
2023-02-10,Powdered milk 12% mg,Kanyon,0.0
2023-02-10,Powdered milk 12% mg,Mall of Istanbul,0.0
2023-02-10,Powdered milk 12% mg,Metrocity,6.0
2023-02-10,Powdered milk 12% mg,Metropol AVM,0.0
2023-02-10,Powdered milk 12% mg,Viaport Outlet,0.0
2023-02-10,Powdered milk 12% mg,Zorlu Center,0.0
2023-02-10,Powdered milk 18% mg,Cevahir AVM,0.0
2023-02-10,Powdered milk 18% mg,Emaar Square Mall,0.0
2023-02-10,Powdered milk 18% mg,Forum Istanbul,0.0
2023-02-10,Powdered milk 18% mg,Istinye Park,0.0
2023-02-10,Powdered milk 18% mg,Kanyon,3.0
2023-02-10,Powdered milk 18% mg,Mall of Istanbul,12.0
2023-02-10,Powdered milk 18% mg,Metrocity,0.0
2023-02-10,Powdered milk 18% mg,Metropol AVM,0.0
2023-02-10,Powdered milk 18% mg,Viaport Outlet,0.0
2023-02-10,Powdered milk 18% mg,Zorlu Center,1.0
2023-02-10,Powdered milk 20% mg,Cevahir AVM,0.0
2023-02-10,Powdered milk 20% mg,Emaar Square Mall,0.0
2023-02-10,Powdered milk 20% mg,Forum Istanbul,0.0
2023-02-10,Powdered milk 20% mg,Istinye Park,1.0
2023-02-10,Powdered milk 20% mg,Kanyon,5.0
2023-02-10,Powdered milk 20% mg,Mall of Istanbul,1.0
2023-02-10,Powdered milk 20% mg,Metrocity,2.0
2023-02-10,Powdered milk 20% mg,Metropol AVM,0.0
2023-02-10,Powdered milk 20% mg,Viaport Outlet,0.0
2023-02-10,Powdered milk 20% mg,Zorlu Center,3.0
2023-02-10,Powdered milk 26% mg,Cevahir AVM,0.0
2023-02-10,Powdered milk 26% mg,Emaar Square Mall,0.0
2023-02-10,Powdered milk 26% mg,Forum Istanbul,0.0
2023-02-10,Powdered milk 26% mg,Istinye Park,0.0
2023-02-10,Powdered milk 26% mg,Kanyon,0.0
2023-02-10,Powdered milk 26% mg,Mall of Istanbul,5.0
2023-02-10,Powdered milk 26% mg,Metrocity,12.0
2023-02-10,Powdered milk 26% mg,Metropol AVM,3.0
2023-02-10,Powdered milk 26% mg,Viaport Outlet,0.0
2023-02-10,Powdered milk 26% mg,Zorlu Center,0.0
2023-02-10,Powdered milk 28% mg,Cevahir AVM,2.0
2023-02-10,Powdered milk 28% mg,Emaar Square Mall,0.0
2023-02-10,Powdered milk 28% mg,Forum Istanbul,3.0
2023-02-10,Powdered milk 28% mg,Istinye Park,0.0
2023-02-10,Powdered milk 28% mg,Kanyon,8.0
2023-02-10,Powdered milk 28% mg,Mall of Istanbul,0.0
2023-02-10,Powdered milk 28% mg,Metrocity,0.0
2023-02-10,Powdered milk 28% mg,Metropol AVM,5.0
2023-02-10,Powdered milk 28% mg,Viaport Outlet,1.0
2023-02-10,Powdered milk 28% mg,Zorlu Center,0.0
2023-02-10,Powdered whey,Cevahir AVM,6.0
2023-02-10,Powdered whey,Emaar Square Mall,5.0
2023-02-10,Powdered whey,Forum Istanbul,5.0
2023-02-10,Powdered whey,Istinye Park,0.0
2023-02-10,Powdered whey,Kanyon,1.0
2023-02-10,Powdered whey,Mall of Istanbul,0.0
2023-02-10,Powdered whey,Metrocity,0.0
2023-02-10,Powdered whey,Metropol AVM,0.0
2023-02-10,Powdered whey,Viaport Outlet,0.0
2023-02-10,Powdered whey,Zorlu Center,10.0
2023-02-10,Skimmed pasteurized milk,Cevahir AVM,1.0
2023-02-10,Skimmed pasteurized milk,Emaar Square Mall,0.0
2023-02-10,Skimmed pasteurized milk,Forum Istanbul,0.0
2023-02-10,Skimmed pasteurized milk,Istinye Park,0.0
2023-02-10,Skimmed pasteurized milk,Kanyon,11.0
2023-02-10,Skimmed pasteurized milk,Mall of Istanbul,9.0
2023-02-10,Skimmed pasteurized milk,Metrocity,3.0
2023-02-10,Skimmed pasteurized milk,Metropol AVM,0.0
2023-02-10,Skimmed pasteurized milk,Viaport Outlet,0.0
2023-02-10,Skimmed pasteurized milk,Zorlu Center,0.0
2023-02-10,Skimmed powdered milk,Cevahir AVM,3.0
2023-02-10,Skimmed powdered milk,Emaar Square Mall,3.0
2023-02-10,Skimmed powdered milk,Forum Istanbul,0.0
2023-02-10,Skimmed powdered milk,Istinye Park,5.0
2023-02-10,Skimmed powdered milk,Kanyon,5.0
2023-02-10,Skimmed powdered milk,Mall of Istanbul,0.0
2023-02-10,Skimmed powdered milk,Metrocity,3.0
2023-02-10,Skimmed powdered milk,Metropol AVM,0.0
2023-02-10,Skimmed powdered milk,Viaport Outlet,0.0
2023-02-10,Skimmed powdered milk,Zorlu Center,0.0
2023-02-10,Small cheese,Cevahir AVM,0.0
2023-02-10,Small cheese,Emaar Square Mall,0.0
2023-02-10,Small cheese,Forum Istanbul,0.0
2023-02-10,Small cheese,Istinye Park,0.0
2023-02-10,Small cheese,Kanyon,3.0
2023-02-10,Small cheese,Mall of Istanbul,3.0
2023-02-10,Small cheese,Metrocity,0.0
2023-02-10,Small cheese,Metropol AVM,0.0
2023-02-10,Small cheese,Viaport Outlet,0.0
2023-02-10,Small cheese,Zorlu Center,0.0
2023-02-10,Sterilized semi-skimmed milk,Cevahir AVM,0.0
2023-02-10,Sterilized semi-skimmed milk,Emaar Square Mall,0.0
2023-02-10,Sterilized semi-skimmed milk,Forum Istanbul,0.0
2023-02-10,Sterilized semi-skimmed milk,Istinye Park,0.0
2023-02-10,Sterilized semi-skimmed milk,Kanyon,4.0
2023-02-10,Sterilized semi-skimmed milk,Mall of Istanbul,1.0
2023-02-10,Sterilized semi-skimmed milk,Metrocity,0.0
2023-02-10,Sterilized semi-skimmed milk,Metropol AVM,0.0
2023-02-10,Sterilized semi-skimmed milk,Viaport Outlet,5.0
2023-02-10,Sterilized semi-skimmed milk,Zorlu Center,1.0
2023-02-10,Sterilized skimmed milk,Cevahir AVM,0.0
2023-02-10,Sterilized skimmed milk,Emaar Square Mall,0.0
2023-02-10,Sterilized skimmed milk,Forum Istanbul,2.0
2023-02-10,Sterilized skimmed milk,Istinye Park,0.0
2023-02-10,Sterilized skimmed milk,Kanyon,4.0
2023-02-10,Sterilized skimmed milk,Mall of Istanbul,0.0
2023-02-10,Sterilized skimmed milk,Metrocity,6.0
2023-02-10,Sterilized skimmed milk,Metropol AVM,0.0
2023-02-10,Sterilized skimmed milk,Viaport Outlet,0.0
2023-02-10,Sterilized skimmed milk,Zorlu Center,2.0
2023-02-10,Sterilized whole milk,Cevahir AVM,0.0
2023-02-10,Sterilized whole milk,Emaar Square Mall,0.0
2023-02-10,Sterilized whole milk,Forum Istanbul,1.0
2023-02-10,Sterilized whole milk,Istinye Park,0.0
2023-02-10,Sterilized whole milk,Kanyon,10.0
2023-02-10,Sterilized whole milk,Mall of Istanbul,0.0
2023-02-10,Sterilized whole milk,Metrocity,9.0
2023-02-10,Sterilized whole milk,Metropol AVM,0.0
2023-02-10,Sterilized whole milk,Viaport Outlet,0.0
2023-02-10,Sterilized whole milk,Zorlu Center,0.0
2023-02-10,Sweetened condensed milk,Cevahir AVM,0.0
2023-02-10,Sweetened condensed milk,Emaar Square Mall,0.0
2023-02-10,Sweetened condensed milk,Forum Istanbul,0.0
2023-02-10,Sweetened condensed milk,Istinye Park,4.0
2023-02-10,Sweetened condensed milk,Kanyon,0.0
2023-02-10,Sweetened condensed milk,Mall of Istanbul,3.0
2023-02-10,Sweetened condensed milk,Metrocity,4.0
2023-02-10,Sweetened condensed milk,Metropol AVM,4.0
2023-02-10,Sweetened condensed milk,Viaport Outlet,0.0
2023-02-10,Sweetened condensed milk,Zorlu Center,9.0
2023-02-10,Total powdered milk,Cevahir AVM,0.0
2023-02-10,Total powdered milk,Emaar Square Mall,3.0
2023-02-10,Total powdered milk,Forum Istanbul,0.0
2023-02-10,Total powdered milk,Istinye Park,0.0
2023-02-10,Total powdered milk,Kanyon,0.0
2023-02-10,Total powdered milk,Mall of Istanbul,5.0
2023-02-10,Total powdered milk,Metrocity,3.0
2023-02-10,Total powdered milk,Metropol AVM,0.0
2023-02-10,Total powdered milk,Viaport Outlet,0.0
2023-02-10,Total powdered milk,Zorlu Center,0.0
2023-02-10,Yogurt,Cevahir AVM,0.0
2023-02-10,Yogurt,Emaar Square Mall,0.0
2023-02-10,Yogurt,Forum Istanbul,0.0
2023-02-10,Yogurt,Istinye Park,1.0
2023-02-10,Yogurt,Kanyon,1.0
2023-02-10,Yogurt,Mall of Istanbul,0.0
2023-02-10,Yogurt,Metrocity,1.0
2023-02-10,Yogurt,Metropol AVM,0.0
2023-02-10,Yogurt,Viaport Outlet,0.0
2023-02-10,Yogurt,Zorlu Center,0.0
2023-02-10,chocolate milk,Cevahir AVM,0.0
2023-02-10,chocolate milk,Emaar Square Mall,0.0
2023-02-10,chocolate milk,Forum Istanbul,0.0
2023-02-10,chocolate milk,Istinye Park,0.0
2023-02-10,chocolate milk,Kanyon,7.0
2023-02-10,chocolate milk,Mall of Istanbul,0.0
2023-02-10,chocolate milk,Metrocity,4.0
2023-02-10,chocolate milk,Metropol AVM,0.0
2023-02-10,chocolate milk,Viaport Outlet,0.0
2023-02-10,chocolate milk,Zorlu Center,0.0
2023-02-11,Butter,Cevahir AVM,0.0
2023-02-11,Butter,Emaar Square Mall,0.0
2023-02-11,Butter,Forum Istanbul,0.0
2023-02-11,Butter,Istinye Park,0.0
2023-02-11,Butter,Kanyon,6.0
2023-02-11,Butter,Mall of Istanbul,0.0
2023-02-11,Butter,Metrocity,2.0
2023-02-11,Butter,Metropol AVM,0.0
2023-02-11,Butter,Viaport Outlet,0.0
2023-02-11,Butter,Zorlu Center,0.0
2023-02-11,Cheese,Cevahir AVM,4.0
2023-02-11,Cheese,Emaar Square Mall,0.0
2023-02-11,Cheese,Forum Istanbul,0.0
2023-02-11,Cheese,Istinye Park,0.0
2023-02-11,Cheese,Kanyon,2.0
2023-02-11,Cheese,Mall of Istanbul,9.0
2023-02-11,Cheese,Metrocity,0.0
2023-02-11,Cheese,Metropol AVM,5.0
2023-02-11,Cheese,Viaport Outlet,5.0
2023-02-11,Cheese,Zorlu Center,0.0
2023-02-11,Condensed milk,Cevahir AVM,0.0
2023-02-11,Condensed milk,Emaar Square Mall,0.0
2023-02-11,Condensed milk,Forum Istanbul,1.0
2023-02-11,Condensed milk,Istinye Park,0.0
2023-02-11,Condensed milk,Kanyon,0.0
2023-02-11,Condensed milk,Mall of Istanbul,0.0
2023-02-11,Condensed milk,Metrocity,12.0
2023-02-11,Condensed milk,Metropol AVM,0.0
2023-02-11,Condensed milk,Viaport Outlet,0.0
2023-02-11,Condensed milk,Zorlu Center,0.0
2023-02-11,Cream,Cevahir AVM,0.0
2023-02-11,Cream,Emaar Square Mall,0.0
2023-02-11,Cream,Forum Istanbul,0.0
2023-02-11,Cream,Istinye Park,3.0
2023-02-11,Cream,Kanyon,7.0
2023-02-11,Cream,Mall of Istanbul,2.0
2023-02-11,Cream,Metrocity,10.0
2023-02-11,Cream,Metropol AVM,0.0
2023-02-11,Cream,Viaport Outlet,0.0
2023-02-11,Cream,Zorlu Center,1.0
2023-02-11,Cultured milk,Cevahir AVM,0.0
2023-02-11,Cultured milk,Emaar Square Mall,5.0
2023-02-11,Cultured milk,Forum Istanbul,0.0
2023-02-11,Cultured milk,Istinye Park,0.0
2023-02-11,Cultured milk,Kanyon,6.0
2023-02-11,Cultured milk,Mall of Istanbul,0.0
2023-02-11,Cultured milk,Metrocity,3.0
2023-02-11,Cultured milk,Metropol AVM,1.0
2023-02-11,Cultured milk,Viaport Outlet,0.0
2023-02-11,Cultured milk,Zorlu Center,0.0
2023-02-11,Evaporated milk,Cevahir AVM,0.0
2023-02-11,Evaporated milk,Emaar Square Mall,0.0
2023-02-11,Evaporated milk,Forum Istanbul,4.0
2023-02-11,Evaporated milk,Istinye Park,0.0
2023-02-11,Evaporated milk,Kanyon,5.0
2023-02-11,Evaporated milk,Mall of Istanbul,0.0
2023-02-11,Evaporated milk,Metrocity,0.0
2023-02-11,Evaporated milk,Metropol AVM,5.0
2023-02-11,Evaporated milk,Viaport Outlet,0.0
2023-02-11,Evaporated milk,Zorlu Center,0.0
2023-02-11,Flavored sterilized milk,Cevahir AVM,0.0
2023-02-11,Flavored sterilized milk,Emaar Square Mall,0.0
2023-02-11,Flavored sterilized milk,Forum Istanbul,0.0
2023-02-11,Flavored sterilized milk,Istinye Park,0.0
2023-02-11,Flavored sterilized milk,Kanyon,0.0
2023-02-11,Flavored sterilized milk,Mall of Istanbul,3.0
2023-02-11,Flavored sterilized milk,Metrocity,4.0
2023-02-11,Flavored sterilized milk,Metropol AVM,0.0
2023-02-11,Flavored sterilized milk,Viaport Outlet,0.0
2023-02-11,Flavored sterilized milk,Zorlu Center,0.0
2023-02-11,Modified milk,Cevahir AVM,0.0
2023-02-11,Modified milk,Emaar Square Mall,0.0
2023-02-11,Modified milk,Forum Istanbul,0.0
2023-02-11,Modified milk,Istinye Park,0.0
2023-02-11,Modified milk,Kanyon,12.0
2023-02-11,Modified milk,Mall of Istanbul,0.0
2023-02-11,Modified milk,Metrocity,0.0
2023-02-11,Modified milk,Metropol AVM,0.0
2023-02-11,Modified milk,Viaport Outlet,0.0
2023-02-11,Modified milk,Zorlu Center,0.0
2023-02-11,Pasteurized milk 2.5% mg,Cevahir AVM,0.0
2023-02-11,Pasteurized milk 2.5% mg,Emaar Square Mall,7.0
2023-02-11,Pasteurized milk 2.5% mg,Forum Istanbul,0.0
2023-02-11,Pasteurized milk 2.5% mg,Istinye Park,0.0
2023-02-11,Pasteurized milk 2.5% mg,Kanyon,9.0
2023-02-11,Pasteurized milk 2.5% mg,Mall of Istanbul,4.0
2023-02-11,Pasteurized milk 2.5% mg,Metrocity,0.0
2023-02-11,Pasteurized milk 2.5% mg,Metropol AVM,0.0
2023-02-11,Pasteurized milk 2.5% mg,Viaport Outlet,0.0
2023-02-11,Pasteurized milk 2.5% mg,Zorlu Center,0.0
2023-02-11,Pasteurized milk 3.0% mg,Cevahir AVM,3.0
2023-02-11,Pasteurized milk 3.0% mg,Emaar Square Mall,0.0
2023-02-11,Pasteurized milk 3.0% mg,Forum Istanbul,0.0
2023-02-11,Pasteurized milk 3.0% mg,Istinye Park,2.0
2023-02-11,Pasteurized milk 3.0% mg,Kanyon,8.0
2023-02-11,Pasteurized milk 3.0% mg,Mall of Istanbul,1.0
2023-02-11,Pasteurized milk 3.0% mg,Metrocity,4.0
2023-02-11,Pasteurized milk 3.0% mg,Metropol AVM,0.0
2023-02-11,Pasteurized milk 3.0% mg,Viaport Outlet,0.0
2023-02-11,Pasteurized milk 3.0% mg,Zorlu Center,0.0
2023-02-11,Powdered milk 12% mg,Cevahir AVM,0.0
2023-02-11,Powdered milk 12% mg,Emaar Square Mall,5.0
2023-02-11,Powdered milk 12% mg,Forum Istanbul,3.0
2023-02-11,Powdered milk 12% mg,Istinye Park,0.0
2023-02-11,Powdered milk 12% mg,Kanyon,0.0
2023-02-11,Powdered milk 12% mg,Mall of Istanbul,3.0
2023-02-11,Powdered milk 12% mg,Metrocity,0.0
2023-02-11,Powdered milk 12% mg,Metropol AVM,1.0
2023-02-11,Powdered milk 12% mg,Viaport Outlet,0.0
2023-02-11,Powdered milk 12% mg,Zorlu Center,3.0
2023-02-11,Powdered milk 18% mg,Cevahir AVM,0.0
2023-02-11,Powdered milk 18% mg,Emaar Square Mall,3.0
2023-02-11,Powdered milk 18% mg,Forum Istanbul,0.0
2023-02-11,Powdered milk 18% mg,Istinye Park,0.0
2023-02-11,Powdered milk 18% mg,Kanyon,0.0
2023-02-11,Powdered milk 18% mg,Mall of Istanbul,0.0
2023-02-11,Powdered milk 18% mg,Metrocity,3.0
2023-02-11,Powdered milk 18% mg,Metropol AVM,4.0
2023-02-11,Powdered milk 18% mg,Viaport Outlet,4.0
2023-02-11,Powdered milk 18% mg,Zorlu Center,0.0
2023-02-11,Powdered milk 20% mg,Cevahir AVM,0.0
2023-02-11,Powdered milk 20% mg,Emaar Square Mall,0.0
2023-02-11,Powdered milk 20% mg,Forum Istanbul,0.0
2023-02-11,Powdered milk 20% mg,Istinye Park,0.0
2023-02-11,Powdered milk 20% mg,Kanyon,7.0
2023-02-11,Powdered milk 20% mg,Mall of Istanbul,7.0
2023-02-11,Powdered milk 20% mg,Metrocity,5.0
2023-02-11,Powdered milk 20% mg,Metropol AVM,0.0
2023-02-11,Powdered milk 20% mg,Viaport Outlet,0.0
2023-02-11,Powdered milk 20% mg,Zorlu Center,0.0
2023-02-11,Powdered milk 26% mg,Cevahir AVM,0.0
2023-02-11,Powdered milk 26% mg,Emaar Square Mall,0.0
2023-02-11,Powdered milk 26% mg,Forum Istanbul,0.0
2023-02-11,Powdered milk 26% mg,Istinye Park,0.0
2023-02-11,Powdered milk 26% mg,Kanyon,0.0
2023-02-11,Powdered milk 26% mg,Mall of Istanbul,5.0
2023-02-11,Powdered milk 26% mg,Metrocity,0.0
2023-02-11,Powdered milk 26% mg,Metropol AVM,0.0
2023-02-11,Powdered milk 26% mg,Viaport Outlet,2.0
2023-02-11,Powdered milk 26% mg,Zorlu Center,0.0
2023-02-11,Powdered milk 28% mg,Cevahir AVM,0.0
2023-02-11,Powdered milk 28% mg,Emaar Square Mall,0.0
2023-02-11,Powdered milk 28% mg,Forum Istanbul,0.0
2023-02-11,Powdered milk 28% mg,Istinye Park,3.0
2023-02-11,Powdered milk 28% mg,Kanyon,0.0
2023-02-11,Powdered milk 28% mg,Mall of Istanbul,0.0
2023-02-11,Powdered milk 28% mg,Metrocity,2.0
2023-02-11,Powdered milk 28% mg,Metropol AVM,0.0
2023-02-11,Powdered milk 28% mg,Viaport Outlet,2.0
2023-02-11,Powdered milk 28% mg,Zorlu Center,0.0
2023-02-11,Powdered whey,Cevahir AVM,0.0
2023-02-11,Powdered whey,Emaar Square Mall,0.0
2023-02-11,Powdered whey,Forum Istanbul,0.0
2023-02-11,Powdered whey,Istinye Park,0.0
2023-02-11,Powdered whey,Kanyon,0.0
2023-02-11,Powdered whey,Mall of Istanbul,6.0
2023-02-11,Powdered whey,Metrocity,0.0
2023-02-11,Powdered whey,Metropol AVM,0.0
2023-02-11,Powdered whey,Viaport Outlet,0.0
2023-02-11,Powdered whey,Zorlu Center,0.0
2023-02-11,Skimmed pasteurized milk,Cevahir AVM,0.0
2023-02-11,Skimmed pasteurized milk,Emaar Square Mall,2.0
2023-02-11,Skimmed pasteurized milk,Forum Istanbul,0.0
2023-02-11,Skimmed pasteurized milk,Istinye Park,0.0
2023-02-11,Skimmed pasteurized milk,Kanyon,1.0
2023-02-11,Skimmed pasteurized milk,Mall of Istanbul,1.0
2023-02-11,Skimmed pasteurized milk,Metrocity,6.0
2023-02-11,Skimmed pasteurized milk,Metropol AVM,0.0
2023-02-11,Skimmed pasteurized milk,Viaport Outlet,0.0
2023-02-11,Skimmed pasteurized milk,Zorlu Center,0.0
2023-02-11,Skimmed powdered milk,Cevahir AVM,2.0
2023-02-11,Skimmed powdered milk,Emaar Square Mall,3.0
2023-02-11,Skimmed powdered milk,Forum Istanbul,0.0
2023-02-11,Skimmed powdered milk,Istinye Park,0.0
2023-02-11,Skimmed powdered milk,Kanyon,1.0
2023-02-11,Skimmed powdered milk,Mall of Istanbul,2.0
2023-02-11,Skimmed powdered milk,Metrocity,5.0
2023-02-11,Skimmed powdered milk,Metropol AVM,0.0
2023-02-11,Skimmed powdered milk,Viaport Outlet,0.0
2023-02-11,Skimmed powdered milk,Zorlu Center,0.0
2023-02-11,Small cheese,Cevahir AVM,3.0
2023-02-11,Small cheese,Emaar Square Mall,0.0
2023-02-11,Small cheese,Forum Istanbul,0.0
2023-02-11,Small cheese,Istinye Park,3.0
2023-02-11,Small cheese,Kanyon,0.0
2023-02-11,Small cheese,Mall of Istanbul,3.0
2023-02-11,Small cheese,Metrocity,0.0
2023-02-11,Small cheese,Metropol AVM,3.0
2023-02-11,Small cheese,Viaport Outlet,0.0
2023-02-11,Small cheese,Zorlu Center,0.0
2023-02-11,Sterilized semi-skimmed milk,Cevahir AVM,7.0
2023-02-11,Sterilized semi-skimmed milk,Emaar Square Mall,2.0
2023-02-11,Sterilized semi-skimmed milk,Forum Istanbul,0.0
2023-02-11,Sterilized semi-skimmed milk,Istinye Park,0.0
2023-02-11,Sterilized semi-skimmed milk,Kanyon,0.0
2023-02-11,Sterilized semi-skimmed milk,Mall of Istanbul,0.0
2023-02-11,Sterilized semi-skimmed milk,Metrocity,1.0
2023-02-11,Sterilized semi-skimmed milk,Metropol AVM,0.0
2023-02-11,Sterilized semi-skimmed milk,Viaport Outlet,0.0
2023-02-11,Sterilized semi-skimmed milk,Zorlu Center,0.0
2023-02-11,Sterilized skimmed milk,Cevahir AVM,0.0
2023-02-11,Sterilized skimmed milk,Emaar Square Mall,0.0
2023-02-11,Sterilized skimmed milk,Forum Istanbul,0.0
2023-02-11,Sterilized skimmed milk,Istinye Park,0.0
2023-02-11,Sterilized skimmed milk,Kanyon,5.0
2023-02-11,Sterilized skimmed milk,Mall of Istanbul,4.0
2023-02-11,Sterilized skimmed milk,Metrocity,2.0
2023-02-11,Sterilized skimmed milk,Metropol AVM,1.0
2023-02-11,Sterilized skimmed milk,Viaport Outlet,0.0
2023-02-11,Sterilized skimmed milk,Zorlu Center,0.0
2023-02-11,Sterilized whole milk,Cevahir AVM,0.0
2023-02-11,Sterilized whole milk,Emaar Square Mall,0.0
2023-02-11,Sterilized whole milk,Forum Istanbul,0.0
2023-02-11,Sterilized whole milk,Istinye Park,0.0
2023-02-11,Sterilized whole milk,Kanyon,5.0
2023-02-11,Sterilized whole milk,Mall of Istanbul,0.0
2023-02-11,Sterilized whole milk,Metrocity,0.0
2023-02-11,Sterilized whole milk,Metropol AVM,5.0
2023-02-11,Sterilized whole milk,Viaport Outlet,0.0
2023-02-11,Sterilized whole milk,Zorlu Center,1.0
2023-02-11,Sweetened condensed milk,Cevahir AVM,0.0
2023-02-11,Sweetened condensed milk,Emaar Square Mall,0.0
2023-02-11,Sweetened condensed milk,Forum Istanbul,0.0
2023-02-11,Sweetened condensed milk,Istinye Park,0.0
2023-02-11,Sweetened condensed milk,Kanyon,5.0
2023-02-11,Sweetened condensed milk,Mall of Istanbul,0.0
2023-02-11,Sweetened condensed milk,Metrocity,6.0
2023-02-11,Sweetened condensed milk,Metropol AVM,2.0
2023-02-11,Sweetened condensed milk,Viaport Outlet,0.0
2023-02-11,Sweetened condensed milk,Zorlu Center,0.0
2023-02-11,Total powdered milk,Cevahir AVM,0.0
2023-02-11,Total powdered milk,Emaar Square Mall,0.0
2023-02-11,Total powdered milk,Forum Istanbul,3.0
2023-02-11,Total powdered milk,Istinye Park,5.0
2023-02-11,Total powdered milk,Kanyon,0.0
2023-02-11,Total powdered milk,Mall of Istanbul,4.0
2023-02-11,Total powdered milk,Metrocity,0.0
2023-02-11,Total powdered milk,Metropol AVM,0.0
2023-02-11,Total powdered milk,Viaport Outlet,0.0
2023-02-11,Total powdered milk,Zorlu Center,0.0
2023-02-11,Yogurt,Cevahir AVM,0.0
2023-02-11,Yogurt,Emaar Square Mall,0.0
2023-02-11,Yogurt,Forum Istanbul,5.0
2023-02-11,Yogurt,Istinye Park,0.0
2023-02-11,Yogurt,Kanyon,0.0
2023-02-11,Yogurt,Mall of Istanbul,0.0
2023-02-11,Yogurt,Metrocity,6.0
2023-02-11,Yogurt,Metropol AVM,0.0
2023-02-11,Yogurt,Viaport Outlet,0.0
2023-02-11,Yogurt,Zorlu Center,0.0
2023-02-11,chocolate milk,Cevahir AVM,0.0
2023-02-11,chocolate milk,Emaar Square Mall,0.0
2023-02-11,chocolate milk,Forum Istanbul,0.0
2023-02-11,chocolate milk,Istinye Park,3.0
2023-02-11,chocolate milk,Kanyon,2.0
2023-02-11,chocolate milk,Mall of Istanbul,2.0
2023-02-11,chocolate milk,Metrocity,1.0
2023-02-11,chocolate milk,Metropol AVM,1.0
2023-02-11,chocolate milk,Viaport Outlet,0.0
2023-02-11,chocolate milk,Zorlu Center,4.0
2023-02-12,Butter,Cevahir AVM,0.0
2023-02-12,Butter,Emaar Square Mall,0.0
2023-02-12,Butter,Forum Istanbul,3.0
2023-02-12,Butter,Istinye Park,0.0
2023-02-12,Butter,Kanyon,9.0
2023-02-12,Butter,Mall of Istanbul,0.0
2023-02-12,Butter,Metrocity,8.0
2023-02-12,Butter,Metropol AVM,0.0
2023-02-12,Butter,Viaport Outlet,0.0
2023-02-12,Butter,Zorlu Center,4.0
2023-02-12,Cheese,Cevahir AVM,0.0
2023-02-12,Cheese,Emaar Square Mall,0.0
2023-02-12,Cheese,Forum Istanbul,0.0
2023-02-12,Cheese,Istinye Park,4.0
2023-02-12,Cheese,Kanyon,4.0
2023-02-12,Cheese,Mall of Istanbul,5.0
2023-02-12,Cheese,Metrocity,0.0
2023-02-12,Cheese,Metropol AVM,0.0
2023-02-12,Cheese,Viaport Outlet,4.0
2023-02-12,Cheese,Zorlu Center,0.0
2023-02-12,Condensed milk,Cevahir AVM,0.0
2023-02-12,Condensed milk,Emaar Square Mall,0.0
2023-02-12,Condensed milk,Forum Istanbul,0.0
2023-02-12,Condensed milk,Istinye Park,0.0
2023-02-12,Condensed milk,Kanyon,0.0
2023-02-12,Condensed milk,Mall of Istanbul,5.0
2023-02-12,Condensed milk,Metrocity,0.0
2023-02-12,Condensed milk,Metropol AVM,0.0
2023-02-12,Condensed milk,Viaport Outlet,5.0
2023-02-12,Condensed milk,Zorlu Center,0.0
2023-02-12,Cream,Cevahir AVM,0.0
2023-02-12,Cream,Emaar Square Mall,0.0
2023-02-12,Cream,Forum Istanbul,0.0
2023-02-12,Cream,Istinye Park,0.0
2023-02-12,Cream,Kanyon,2.0
2023-02-12,Cream,Mall of Istanbul,4.0
2023-02-12,Cream,Metrocity,1.0
2023-02-12,Cream,Metropol AVM,4.0
2023-02-12,Cream,Viaport Outlet,0.0
2023-02-12,Cream,Zorlu Center,0.0
2023-02-12,Cultured milk,Cevahir AVM,0.0
2023-02-12,Cultured milk,Emaar Square Mall,0.0
2023-02-12,Cultured milk,Forum Istanbul,0.0
2023-02-12,Cultured milk,Istinye Park,8.0
2023-02-12,Cultured milk,Kanyon,0.0
2023-02-12,Cultured milk,Mall of Istanbul,4.0
2023-02-12,Cultured milk,Metrocity,0.0
2023-02-12,Cultured milk,Metropol AVM,1.0
2023-02-12,Cultured milk,Viaport Outlet,0.0
2023-02-12,Cultured milk,Zorlu Center,2.0
2023-02-12,Evaporated milk,Cevahir AVM,0.0
2023-02-12,Evaporated milk,Emaar Square Mall,1.0
2023-02-12,Evaporated milk,Forum Istanbul,0.0
2023-02-12,Evaporated milk,Istinye Park,0.0
2023-02-12,Evaporated milk,Kanyon,5.0
2023-02-12,Evaporated milk,Mall of Istanbul,0.0
2023-02-12,Evaporated milk,Metrocity,0.0
2023-02-12,Evaporated milk,Metropol AVM,2.0
2023-02-12,Evaporated milk,Viaport Outlet,0.0
2023-02-12,Evaporated milk,Zorlu Center,2.0
2023-02-12,Flavored sterilized milk,Cevahir AVM,0.0
2023-02-12,Flavored sterilized milk,Emaar Square Mall,0.0
2023-02-12,Flavored sterilized milk,Forum Istanbul,0.0
2023-02-12,Flavored sterilized milk,Istinye Park,0.0
2023-02-12,Flavored sterilized milk,Kanyon,0.0
2023-02-12,Flavored sterilized milk,Mall of Istanbul,8.0
2023-02-12,Flavored sterilized milk,Metrocity,0.0
2023-02-12,Flavored sterilized milk,Metropol AVM,0.0
2023-02-12,Flavored sterilized milk,Viaport Outlet,0.0
2023-02-12,Flavored sterilized milk,Zorlu Center,0.0
2023-02-12,Modified milk,Cevahir AVM,4.0
2023-02-12,Modified milk,Emaar Square Mall,0.0
2023-02-12,Modified milk,Forum Istanbul,8.0
2023-02-12,Modified milk,Istinye Park,0.0
2023-02-12,Modified milk,Kanyon,0.0
2023-02-12,Modified milk,Mall of Istanbul,9.0
2023-02-12,Modified milk,Metrocity,4.0
2023-02-12,Modified milk,Metropol AVM,0.0
2023-02-12,Modified milk,Viaport Outlet,0.0
2023-02-12,Modified milk,Zorlu Center,0.0
2023-02-12,Pasteurized milk 2.5% mg,Cevahir AVM,5.0
2023-02-12,Pasteurized milk 2.5% mg,Emaar Square Mall,0.0
2023-02-12,Pasteurized milk 2.5% mg,Forum Istanbul,0.0
2023-02-12,Pasteurized milk 2.5% mg,Istinye Park,0.0
2023-02-12,Pasteurized milk 2.5% mg,Kanyon,0.0
2023-02-12,Pasteurized milk 2.5% mg,Mall of Istanbul,1.0
2023-02-12,Pasteurized milk 2.5% mg,Metrocity,4.0
2023-02-12,Pasteurized milk 2.5% mg,Metropol AVM,0.0
2023-02-12,Pasteurized milk 2.5% mg,Viaport Outlet,4.0
2023-02-12,Pasteurized milk 2.5% mg,Zorlu Center,0.0
2023-02-12,Pasteurized milk 3.0% mg,Cevahir AVM,0.0
2023-02-12,Pasteurized milk 3.0% mg,Emaar Square Mall,0.0
2023-02-12,Pasteurized milk 3.0% mg,Forum Istanbul,0.0
2023-02-12,Pasteurized milk 3.0% mg,Istinye Park,2.0
2023-02-12,Pasteurized milk 3.0% mg,Kanyon,0.0
2023-02-12,Pasteurized milk 3.0% mg,Mall of Istanbul,0.0
2023-02-12,Pasteurized milk 3.0% mg,Metrocity,2.0
2023-02-12,Pasteurized milk 3.0% mg,Metropol AVM,0.0
2023-02-12,Pasteurized milk 3.0% mg,Viaport Outlet,0.0
2023-02-12,Pasteurized milk 3.0% mg,Zorlu Center,3.0
2023-02-12,Powdered milk 12% mg,Cevahir AVM,0.0
2023-02-12,Powdered milk 12% mg,Emaar Square Mall,0.0
2023-02-12,Powdered milk 12% mg,Forum Istanbul,0.0
2023-02-12,Powdered milk 12% mg,Istinye Park,2.0
2023-02-12,Powdered milk 12% mg,Kanyon,2.0
2023-02-12,Powdered milk 12% mg,Mall of Istanbul,2.0
2023-02-12,Powdered milk 12% mg,Metrocity,0.0
2023-02-12,Powdered milk 12% mg,Metropol AVM,0.0
2023-02-12,Powdered milk 12% mg,Viaport Outlet,3.0
2023-02-12,Powdered milk 12% mg,Zorlu Center,6.0
2023-02-12,Powdered milk 18% mg,Cevahir AVM,2.0
2023-02-12,Powdered milk 18% mg,Emaar Square Mall,0.0
2023-02-12,Powdered milk 18% mg,Forum Istanbul,0.0
2023-02-12,Powdered milk 18% mg,Istinye Park,6.0
2023-02-12,Powdered milk 18% mg,Kanyon,5.0
2023-02-12,Powdered milk 18% mg,Mall of Istanbul,4.0
2023-02-12,Powdered milk 18% mg,Metrocity,2.0
2023-02-12,Powdered milk 18% mg,Metropol AVM,8.0
2023-02-12,Powdered milk 18% mg,Viaport Outlet,0.0
2023-02-12,Powdered milk 18% mg,Zorlu Center,0.0
2023-02-12,Powdered milk 20% mg,Cevahir AVM,0.0
2023-02-12,Powdered milk 20% mg,Emaar Square Mall,2.0
2023-02-12,Powdered milk 20% mg,Forum Istanbul,0.0
2023-02-12,Powdered milk 20% mg,Istinye Park,0.0
2023-02-12,Powdered milk 20% mg,Kanyon,11.0
2023-02-12,Powdered milk 20% mg,Mall of Istanbul,2.0
2023-02-12,Powdered milk 20% mg,Metrocity,0.0
2023-02-12,Powdered milk 20% mg,Metropol AVM,0.0
2023-02-12,Powdered milk 20% mg,Viaport Outlet,0.0
2023-02-12,Powdered milk 20% mg,Zorlu Center,3.0
2023-02-12,Powdered milk 26% mg,Cevahir AVM,0.0
2023-02-12,Powdered milk 26% mg,Emaar Square Mall,1.0
2023-02-12,Powdered milk 26% mg,Forum Istanbul,0.0
2023-02-12,Powdered milk 26% mg,Istinye Park,0.0
2023-02-12,Powdered milk 26% mg,Kanyon,0.0
2023-02-12,Powdered milk 26% mg,Mall of Istanbul,1.0
2023-02-12,Powdered milk 26% mg,Metrocity,0.0
2023-02-12,Powdered milk 26% mg,Metropol AVM,0.0
2023-02-12,Powdered milk 26% mg,Viaport Outlet,0.0
2023-02-12,Powdered milk 26% mg,Zorlu Center,4.0
2023-02-12,Powdered milk 28% mg,Cevahir AVM,0.0
2023-02-12,Powdered milk 28% mg,Emaar Square Mall,1.0
2023-02-12,Powdered milk 28% mg,Forum Istanbul,0.0
2023-02-12,Powdered milk 28% mg,Istinye Park,0.0
2023-02-12,Powdered milk 28% mg,Kanyon,2.0
2023-02-12,Powdered milk 28% mg,Mall of Istanbul,0.0
2023-02-12,Powdered milk 28% mg,Metrocity,0.0
2023-02-12,Powdered milk 28% mg,Metropol AVM,0.0
2023-02-12,Powdered milk 28% mg,Viaport Outlet,0.0
2023-02-12,Powdered milk 28% mg,Zorlu Center,4.0
2023-02-12,Powdered whey,Cevahir AVM,0.0
2023-02-12,Powdered whey,Emaar Square Mall,0.0
2023-02-12,Powdered whey,Forum Istanbul,0.0
2023-02-12,Powdered whey,Istinye Park,0.0
2023-02-12,Powdered whey,Kanyon,2.0
2023-02-12,Powdered whey,Mall of Istanbul,2.0
2023-02-12,Powdered whey,Metrocity,1.0
2023-02-12,Powdered whey,Metropol AVM,0.0
2023-02-12,Powdered whey,Viaport Outlet,4.0
2023-02-12,Powdered whey,Zorlu Center,4.0
2023-02-12,Skimmed pasteurized milk,Cevahir AVM,0.0
2023-02-12,Skimmed pasteurized milk,Emaar Square Mall,0.0
2023-02-12,Skimmed pasteurized milk,Forum Istanbul,0.0
2023-02-12,Skimmed pasteurized milk,Istinye Park,0.0
2023-02-12,Skimmed pasteurized milk,Kanyon,0.0
2023-02-12,Skimmed pasteurized milk,Mall of Istanbul,5.0
2023-02-12,Skimmed pasteurized milk,Metrocity,0.0
2023-02-12,Skimmed pasteurized milk,Metropol AVM,10.0
2023-02-12,Skimmed pasteurized milk,Viaport Outlet,0.0
2023-02-12,Skimmed pasteurized milk,Zorlu Center,0.0
2023-02-12,Skimmed powdered milk,Cevahir AVM,0.0
2023-02-12,Skimmed powdered milk,Emaar Square Mall,3.0
2023-02-12,Skimmed powdered milk,Forum Istanbul,0.0
2023-02-12,Skimmed powdered milk,Istinye Park,2.0
2023-02-12,Skimmed powdered milk,Kanyon,0.0
2023-02-12,Skimmed powdered milk,Mall of Istanbul,0.0
2023-02-12,Skimmed powdered milk,Metrocity,1.0
2023-02-12,Skimmed powdered milk,Metropol AVM,2.0
2023-02-12,Skimmed powdered milk,Viaport Outlet,0.0
2023-02-12,Skimmed powdered milk,Zorlu Center,3.0
2023-02-12,Small cheese,Cevahir AVM,0.0
2023-02-12,Small cheese,Emaar Square Mall,6.0
2023-02-12,Small cheese,Forum Istanbul,0.0
2023-02-12,Small cheese,Istinye Park,6.0
2023-02-12,Small cheese,Kanyon,4.0
2023-02-12,Small cheese,Mall of Istanbul,0.0
2023-02-12,Small cheese,Metrocity,0.0
2023-02-12,Small cheese,Metropol AVM,4.0
2023-02-12,Small cheese,Viaport Outlet,0.0
2023-02-12,Small cheese,Zorlu Center,0.0
2023-02-12,Sterilized semi-skimmed milk,Cevahir AVM,0.0
2023-02-12,Sterilized semi-skimmed milk,Emaar Square Mall,2.0
2023-02-12,Sterilized semi-skimmed milk,Forum Istanbul,0.0
2023-02-12,Sterilized semi-skimmed milk,Istinye Park,0.0
2023-02-12,Sterilized semi-skimmed milk,Kanyon,0.0
2023-02-12,Sterilized semi-skimmed milk,Mall of Istanbul,1.0
2023-02-12,Sterilized semi-skimmed milk,Metrocity,0.0
2023-02-12,Sterilized semi-skimmed milk,Metropol AVM,4.0
2023-02-12,Sterilized semi-skimmed milk,Viaport Outlet,0.0
2023-02-12,Sterilized semi-skimmed milk,Zorlu Center,0.0
2023-02-12,Sterilized skimmed milk,Cevahir AVM,0.0
2023-02-12,Sterilized skimmed milk,Emaar Square Mall,1.0
2023-02-12,Sterilized skimmed milk,Forum Istanbul,0.0
2023-02-12,Sterilized skimmed milk,Istinye Park,0.0
2023-02-12,Sterilized skimmed milk,Kanyon,0.0
2023-02-12,Sterilized skimmed milk,Mall of Istanbul,7.0
2023-02-12,Sterilized skimmed milk,Metrocity,2.0
2023-02-12,Sterilized skimmed milk,Metropol AVM,0.0
2023-02-12,Sterilized skimmed milk,Viaport Outlet,0.0
2023-02-12,Sterilized skimmed milk,Zorlu Center,5.0
2023-02-12,Sterilized whole milk,Cevahir AVM,0.0
2023-02-12,Sterilized whole milk,Emaar Square Mall,6.0
2023-02-12,Sterilized whole milk,Forum Istanbul,0.0
2023-02-12,Sterilized whole milk,Istinye Park,0.0
2023-02-12,Sterilized whole milk,Kanyon,4.0
2023-02-12,Sterilized whole milk,Mall of Istanbul,0.0
2023-02-12,Sterilized whole milk,Metrocity,11.0
2023-02-12,Sterilized whole milk,Metropol AVM,0.0
2023-02-12,Sterilized whole milk,Viaport Outlet,0.0
2023-02-12,Sterilized whole milk,Zorlu Center,0.0
2023-02-12,Sweetened condensed milk,Cevahir AVM,0.0
2023-02-12,Sweetened condensed milk,Emaar Square Mall,0.0
2023-02-12,Sweetened condensed milk,Forum Istanbul,0.0
2023-02-12,Sweetened condensed milk,Istinye Park,0.0
2023-02-12,Sweetened condensed milk,Kanyon,8.0
2023-02-12,Sweetened condensed milk,Mall of Istanbul,2.0
2023-02-12,Sweetened condensed milk,Metrocity,0.0
2023-02-12,Sweetened condensed milk,Metropol AVM,0.0
2023-02-12,Sweetened condensed milk,Viaport Outlet,0.0
2023-02-12,Sweetened condensed milk,Zorlu Center,0.0
2023-02-12,Total powdered milk,Cevahir AVM,1.0
2023-02-12,Total powdered milk,Emaar Square Mall,0.0
2023-02-12,Total powdered milk,Forum Istanbul,0.0
2023-02-12,Total powdered milk,Istinye Park,1.0
2023-02-12,Total powdered milk,Kanyon,6.0
2023-02-12,Total powdered milk,Mall of Istanbul,5.0
2023-02-12,Total powdered milk,Metrocity,9.0
2023-02-12,Total powdered milk,Metropol AVM,4.0
2023-02-12,Total powdered milk,Viaport Outlet,5.0
2023-02-12,Total powdered milk,Zorlu Center,0.0
2023-02-12,Yogurt,Cevahir AVM,0.0
2023-02-12,Yogurt,Emaar Square Mall,0.0
2023-02-12,Yogurt,Forum Istanbul,0.0
2023-02-12,Yogurt,Istinye Park,8.0
2023-02-12,Yogurt,Kanyon,3.0
2023-02-12,Yogurt,Mall of Istanbul,1.0
2023-02-12,Yogurt,Metrocity,1.0
2023-02-12,Yogurt,Metropol AVM,5.0
2023-02-12,Yogurt,Viaport Outlet,0.0
2023-02-12,Yogurt,Zorlu Center,0.0
2023-02-12,chocolate milk,Cevahir AVM,0.0
2023-02-12,chocolate milk,Emaar Square Mall,0.0
2023-02-12,chocolate milk,Forum Istanbul,0.0
2023-02-12,chocolate milk,Istinye Park,0.0
2023-02-12,chocolate milk,Kanyon,0.0
2023-02-12,chocolate milk,Mall of Istanbul,0.0
2023-02-12,chocolate milk,Metrocity,5.0
2023-02-12,chocolate milk,Metropol AVM,0.0
2023-02-12,chocolate milk,Viaport Outlet,4.0
2023-02-12,chocolate milk,Zorlu Center,0.0
2023-02-13,Butter,Cevahir AVM,0.0
2023-02-13,Butter,Emaar Square Mall,7.0
2023-02-13,Butter,Forum Istanbul,0.0
2023-02-13,Butter,Istinye Park,0.0
2023-02-13,Butter,Kanyon,0.0
2023-02-13,Butter,Mall of Istanbul,7.0
2023-02-13,Butter,Metrocity,3.0
2023-02-13,Butter,Metropol AVM,0.0
2023-02-13,Butter,Viaport Outlet,0.0
2023-02-13,Butter,Zorlu Center,0.0
2023-02-13,Cheese,Cevahir AVM,0.0
2023-02-13,Cheese,Emaar Square Mall,0.0
2023-02-13,Cheese,Forum Istanbul,0.0
2023-02-13,Cheese,Istinye Park,0.0
2023-02-13,Cheese,Kanyon,3.0
2023-02-13,Cheese,Mall of Istanbul,0.0
2023-02-13,Cheese,Metrocity,3.0
2023-02-13,Cheese,Metropol AVM,0.0
2023-02-13,Cheese,Viaport Outlet,3.0
2023-02-13,Cheese,Zorlu Center,0.0
2023-02-13,Condensed milk,Cevahir AVM,0.0
2023-02-13,Condensed milk,Emaar Square Mall,1.0
2023-02-13,Condensed milk,Forum Istanbul,0.0
2023-02-13,Condensed milk,Istinye Park,0.0
2023-02-13,Condensed milk,Kanyon,0.0
2023-02-13,Condensed milk,Mall of Istanbul,1.0
2023-02-13,Condensed milk,Metrocity,0.0
2023-02-13,Condensed milk,Metropol AVM,0.0
2023-02-13,Condensed milk,Viaport Outlet,5.0
2023-02-13,Condensed milk,Zorlu Center,0.0
2023-02-13,Cream,Cevahir AVM,8.0
2023-02-13,Cream,Emaar Square Mall,0.0
2023-02-13,Cream,Forum Istanbul,5.0
2023-02-13,Cream,Istinye Park,0.0
2023-02-13,Cream,Kanyon,0.0
2023-02-13,Cream,Mall of Istanbul,6.0
2023-02-13,Cream,Metrocity,0.0
2023-02-13,Cream,Metropol AVM,0.0
2023-02-13,Cream,Viaport Outlet,0.0
2023-02-13,Cream,Zorlu Center,0.0
2023-02-13,Cultured milk,Cevahir AVM,0.0
2023-02-13,Cultured milk,Emaar Square Mall,1.0
2023-02-13,Cultured milk,Forum Istanbul,1.0
2023-02-13,Cultured milk,Istinye Park,6.0
2023-02-13,Cultured milk,Kanyon,5.0
2023-02-13,Cultured milk,Mall of Istanbul,0.0
2023-02-13,Cultured milk,Metrocity,1.0
2023-02-13,Cultured milk,Metropol AVM,5.0
2023-02-13,Cultured milk,Viaport Outlet,0.0
2023-02-13,Cultured milk,Zorlu Center,0.0
2023-02-13,Evaporated milk,Cevahir AVM,1.0
2023-02-13,Evaporated milk,Emaar Square Mall,0.0
2023-02-13,Evaporated milk,Forum Istanbul,0.0
2023-02-13,Evaporated milk,Istinye Park,0.0
2023-02-13,Evaporated milk,Kanyon,0.0
2023-02-13,Evaporated milk,Mall of Istanbul,0.0
2023-02-13,Evaporated milk,Metrocity,0.0
2023-02-13,Evaporated milk,Metropol AVM,9.0
2023-02-13,Evaporated milk,Viaport Outlet,0.0
2023-02-13,Evaporated milk,Zorlu Center,0.0
2023-02-13,Flavored sterilized milk,Cevahir AVM,0.0
2023-02-13,Flavored sterilized milk,Emaar Square Mall,0.0
2023-02-13,Flavored sterilized milk,Forum Istanbul,5.0
2023-02-13,Flavored sterilized milk,Istinye Park,1.0
2023-02-13,Flavored sterilized milk,Kanyon,0.0
2023-02-13,Flavored sterilized milk,Mall of Istanbul,3.0
2023-02-13,Flavored sterilized milk,Metrocity,0.0
2023-02-13,Flavored sterilized milk,Metropol AVM,9.0
2023-02-13,Flavored sterilized milk,Viaport Outlet,0.0
2023-02-13,Flavored sterilized milk,Zorlu Center,0.0
2023-02-13,Modified milk,Cevahir AVM,0.0
2023-02-13,Modified milk,Emaar Square Mall,3.0
2023-02-13,Modified milk,Forum Istanbul,0.0
2023-02-13,Modified milk,Istinye Park,7.0
2023-02-13,Modified milk,Kanyon,2.0
2023-02-13,Modified milk,Mall of Istanbul,8.0
2023-02-13,Modified milk,Metrocity,2.0
2023-02-13,Modified milk,Metropol AVM,0.0
2023-02-13,Modified milk,Viaport Outlet,0.0
2023-02-13,Modified milk,Zorlu Center,0.0
2023-02-13,Pasteurized milk 2.5% mg,Cevahir AVM,0.0
2023-02-13,Pasteurized milk 2.5% mg,Emaar Square Mall,0.0
2023-02-13,Pasteurized milk 2.5% mg,Forum Istanbul,0.0
2023-02-13,Pasteurized milk 2.5% mg,Istinye Park,0.0
2023-02-13,Pasteurized milk 2.5% mg,Kanyon,7.0
2023-02-13,Pasteurized milk 2.5% mg,Mall of Istanbul,0.0
2023-02-13,Pasteurized milk 2.5% mg,Metrocity,0.0
2023-02-13,Pasteurized milk 2.5% mg,Metropol AVM,0.0
2023-02-13,Pasteurized milk 2.5% mg,Viaport Outlet,0.0
2023-02-13,Pasteurized milk 2.5% mg,Zorlu Center,0.0
2023-02-13,Pasteurized milk 3.0% mg,Cevahir AVM,0.0
2023-02-13,Pasteurized milk 3.0% mg,Emaar Square Mall,0.0
2023-02-13,Pasteurized milk 3.0% mg,Forum Istanbul,0.0
2023-02-13,Pasteurized milk 3.0% mg,Istinye Park,1.0
2023-02-13,Pasteurized milk 3.0% mg,Kanyon,3.0
2023-02-13,Pasteurized milk 3.0% mg,Mall of Istanbul,3.0
2023-02-13,Pasteurized milk 3.0% mg,Metrocity,0.0
2023-02-13,Pasteurized milk 3.0% mg,Metropol AVM,8.0
2023-02-13,Pasteurized milk 3.0% mg,Viaport Outlet,0.0
2023-02-13,Pasteurized milk 3.0% mg,Zorlu Center,2.0
2023-02-13,Powdered milk 12% mg,Cevahir AVM,2.0
2023-02-13,Powdered milk 12% mg,Emaar Square Mall,0.0
2023-02-13,Powdered milk 12% mg,Forum Istanbul,0.0
2023-02-13,Powdered milk 12% mg,Istinye Park,4.0
2023-02-13,Powdered milk 12% mg,Kanyon,2.0
2023-02-13,Powdered milk 12% mg,Mall of Istanbul,5.0
2023-02-13,Powdered milk 12% mg,Metrocity,4.0
2023-02-13,Powdered milk 12% mg,Metropol AVM,0.0
2023-02-13,Powdered milk 12% mg,Viaport Outlet,0.0
2023-02-13,Powdered milk 12% mg,Zorlu Center,0.0
2023-02-13,Powdered milk 18% mg,Cevahir AVM,0.0
2023-02-13,Powdered milk 18% mg,Emaar Square Mall,0.0
2023-02-13,Powdered milk 18% mg,Forum Istanbul,0.0
2023-02-13,Powdered milk 18% mg,Istinye Park,0.0
2023-02-13,Powdered milk 18% mg,Kanyon,1.0
2023-02-13,Powdered milk 18% mg,Mall of Istanbul,3.0
2023-02-13,Powdered milk 18% mg,Metrocity,0.0
2023-02-13,Powdered milk 18% mg,Metropol AVM,0.0
2023-02-13,Powdered milk 18% mg,Viaport Outlet,0.0
2023-02-13,Powdered milk 18% mg,Zorlu Center,3.0
2023-02-13,Powdered milk 20% mg,Cevahir AVM,0.0
2023-02-13,Powdered milk 20% mg,Emaar Square Mall,0.0
2023-02-13,Powdered milk 20% mg,Forum Istanbul,3.0
2023-02-13,Powdered milk 20% mg,Istinye Park,0.0
2023-02-13,Powdered milk 20% mg,Kanyon,5.0
2023-02-13,Powdered milk 20% mg,Mall of Istanbul,9.0
2023-02-13,Powdered milk 20% mg,Metrocity,4.0
2023-02-13,Powdered milk 20% mg,Metropol AVM,0.0
2023-02-13,Powdered milk 20% mg,Viaport Outlet,0.0
2023-02-13,Powdered milk 20% mg,Zorlu Center,0.0
2023-02-13,Powdered milk 26% mg,Cevahir AVM,1.0
2023-02-13,Powdered milk 26% mg,Emaar Square Mall,0.0
2023-02-13,Powdered milk 26% mg,Forum Istanbul,5.0
2023-02-13,Powdered milk 26% mg,Istinye Park,0.0
2023-02-13,Powdered milk 26% mg,Kanyon,1.0
2023-02-13,Powdered milk 26% mg,Mall of Istanbul,4.0
2023-02-13,Powdered milk 26% mg,Metrocity,3.0
2023-02-13,Powdered milk 26% mg,Metropol AVM,0.0
2023-02-13,Powdered milk 26% mg,Viaport Outlet,0.0
2023-02-13,Powdered milk 26% mg,Zorlu Center,0.0
2023-02-13,Powdered milk 28% mg,Cevahir AVM,0.0
2023-02-13,Powdered milk 28% mg,Emaar Square Mall,0.0
2023-02-13,Powdered milk 28% mg,Forum Istanbul,4.0
2023-02-13,Powdered milk 28% mg,Istinye Park,2.0
2023-02-13,Powdered milk 28% mg,Kanyon,0.0
2023-02-13,Powdered milk 28% mg,Mall of Istanbul,5.0
2023-02-13,Powdered milk 28% mg,Metrocity,4.0
2023-02-13,Powdered milk 28% mg,Metropol AVM,7.0
2023-02-13,Powdered milk 28% mg,Viaport Outlet,0.0
2023-02-13,Powdered milk 28% mg,Zorlu Center,0.0
2023-02-13,Powdered whey,Cevahir AVM,0.0
2023-02-13,Powdered whey,Emaar Square Mall,0.0
2023-02-13,Powdered whey,Forum Istanbul,2.0
2023-02-13,Powdered whey,Istinye Park,0.0
2023-02-13,Powdered whey,Kanyon,8.0
2023-02-13,Powdered whey,Mall of Istanbul,2.0
2023-02-13,Powdered whey,Metrocity,0.0
2023-02-13,Powdered whey,Metropol AVM,0.0
2023-02-13,Powdered whey,Viaport Outlet,0.0
2023-02-13,Powdered whey,Zorlu Center,0.0
2023-02-13,Skimmed pasteurized milk,Cevahir AVM,0.0
2023-02-13,Skimmed pasteurized milk,Emaar Square Mall,3.0
2023-02-13,Skimmed pasteurized milk,Forum Istanbul,0.0
2023-02-13,Skimmed pasteurized milk,Istinye Park,0.0
2023-02-13,Skimmed pasteurized milk,Kanyon,0.0
2023-02-13,Skimmed pasteurized milk,Mall of Istanbul,5.0
2023-02-13,Skimmed pasteurized milk,Metrocity,5.0
2023-02-13,Skimmed pasteurized milk,Metropol AVM,0.0
2023-02-13,Skimmed pasteurized milk,Viaport Outlet,1.0
2023-02-13,Skimmed pasteurized milk,Zorlu Center,5.0
2023-02-13,Skimmed powdered milk,Cevahir AVM,0.0
2023-02-13,Skimmed powdered milk,Emaar Square Mall,5.0
2023-02-13,Skimmed powdered milk,Forum Istanbul,0.0
2023-02-13,Skimmed powdered milk,Istinye Park,0.0
2023-02-13,Skimmed powdered milk,Kanyon,0.0
2023-02-13,Skimmed powdered milk,Mall of Istanbul,0.0
2023-02-13,Skimmed powdered milk,Metrocity,0.0
2023-02-13,Skimmed powdered milk,Metropol AVM,1.0
2023-02-13,Skimmed powdered milk,Viaport Outlet,0.0
2023-02-13,Skimmed powdered milk,Zorlu Center,1.0
2023-02-13,Small cheese,Cevahir AVM,0.0
2023-02-13,Small cheese,Emaar Square Mall,3.0
2023-02-13,Small cheese,Forum Istanbul,0.0
2023-02-13,Small cheese,Istinye Park,0.0
2023-02-13,Small cheese,Kanyon,1.0
2023-02-13,Small cheese,Mall of Istanbul,1.0
2023-02-13,Small cheese,Metrocity,0.0
2023-02-13,Small cheese,Metropol AVM,0.0
2023-02-13,Small cheese,Viaport Outlet,0.0
2023-02-13,Small cheese,Zorlu Center,0.0
2023-02-13,Sterilized semi-skimmed milk,Cevahir AVM,0.0
2023-02-13,Sterilized semi-skimmed milk,Emaar Square Mall,0.0
2023-02-13,Sterilized semi-skimmed milk,Forum Istanbul,0.0
2023-02-13,Sterilized semi-skimmed milk,Istinye Park,6.0
2023-02-13,Sterilized semi-skimmed milk,Kanyon,9.0
2023-02-13,Sterilized semi-skimmed milk,Mall of Istanbul,3.0
2023-02-13,Sterilized semi-skimmed milk,Metrocity,4.0
2023-02-13,Sterilized semi-skimmed milk,Metropol AVM,0.0
2023-02-13,Sterilized semi-skimmed milk,Viaport Outlet,0.0
2023-02-13,Sterilized semi-skimmed milk,Zorlu Center,7.0
2023-02-13,Sterilized skimmed milk,Cevahir AVM,0.0
2023-02-13,Sterilized skimmed milk,Emaar Square Mall,0.0
2023-02-13,Sterilized skimmed milk,Forum Istanbul,0.0
2023-02-13,Sterilized skimmed milk,Istinye Park,0.0
2023-02-13,Sterilized skimmed milk,Kanyon,5.0
2023-02-13,Sterilized skimmed milk,Mall of Istanbul,6.0
2023-02-13,Sterilized skimmed milk,Metrocity,2.0
2023-02-13,Sterilized skimmed milk,Metropol AVM,0.0
2023-02-13,Sterilized skimmed milk,Viaport Outlet,2.0
2023-02-13,Sterilized skimmed milk,Zorlu Center,0.0
2023-02-13,Sterilized whole milk,Cevahir AVM,1.0
2023-02-13,Sterilized whole milk,Emaar Square Mall,3.0
2023-02-13,Sterilized whole milk,Forum Istanbul,5.0
2023-02-13,Sterilized whole milk,Istinye Park,0.0
2023-02-13,Sterilized whole milk,Kanyon,8.0
2023-02-13,Sterilized whole milk,Mall of Istanbul,7.0
2023-02-13,Sterilized whole milk,Metrocity,0.0
2023-02-13,Sterilized whole milk,Metropol AVM,4.0
2023-02-13,Sterilized whole milk,Viaport Outlet,5.0
2023-02-13,Sterilized whole milk,Zorlu Center,0.0
2023-02-13,Sweetened condensed milk,Cevahir AVM,0.0
2023-02-13,Sweetened condensed milk,Emaar Square Mall,0.0
2023-02-13,Sweetened condensed milk,Forum Istanbul,0.0
2023-02-13,Sweetened condensed milk,Istinye Park,0.0
2023-02-13,Sweetened condensed milk,Kanyon,5.0
2023-02-13,Sweetened condensed milk,Mall of Istanbul,12.0
2023-02-13,Sweetened condensed milk,Metrocity,5.0
2023-02-13,Sweetened condensed milk,Metropol AVM,3.0
2023-02-13,Sweetened condensed milk,Viaport Outlet,0.0
2023-02-13,Sweetened condensed milk,Zorlu Center,2.0
2023-02-13,Total powdered milk,Cevahir AVM,5.0
2023-02-13,Total powdered milk,Emaar Square Mall,0.0
2023-02-13,Total powdered milk,Forum Istanbul,0.0
2023-02-13,Total powdered milk,Istinye Park,0.0
2023-02-13,Total powdered milk,Kanyon,6.0
2023-02-13,Total powdered milk,Mall of Istanbul,5.0
2023-02-13,Total powdered milk,Metrocity,0.0
2023-02-13,Total powdered milk,Metropol AVM,9.0
2023-02-13,Total powdered milk,Viaport Outlet,0.0
2023-02-13,Total powdered milk,Zorlu Center,0.0
2023-02-13,Yogurt,Cevahir AVM,0.0
2023-02-13,Yogurt,Emaar Square Mall,0.0
2023-02-13,Yogurt,Forum Istanbul,2.0
2023-02-13,Yogurt,Istinye Park,0.0
2023-02-13,Yogurt,Kanyon,10.0
2023-02-13,Yogurt,Mall of Istanbul,8.0
2023-02-13,Yogurt,Metrocity,1.0
2023-02-13,Yogurt,Metropol AVM,0.0
2023-02-13,Yogurt,Viaport Outlet,0.0
2023-02-13,Yogurt,Zorlu Center,0.0
2023-02-13,chocolate milk,Cevahir AVM,0.0
2023-02-13,chocolate milk,Emaar Square Mall,1.0
2023-02-13,chocolate milk,Forum Istanbul,0.0
2023-02-13,chocolate milk,Istinye Park,3.0
2023-02-13,chocolate milk,Kanyon,0.0
2023-02-13,chocolate milk,Mall of Istanbul,0.0
2023-02-13,chocolate milk,Metrocity,0.0
2023-02-13,chocolate milk,Metropol AVM,9.0
2023-02-13,chocolate milk,Viaport Outlet,0.0
2023-02-13,chocolate milk,Zorlu Center,0.0
2023-02-14,Butter,Cevahir AVM,9.0
2023-02-14,Butter,Emaar Square Mall,5.0
2023-02-14,Butter,Forum Istanbul,0.0
2023-02-14,Butter,Istinye Park,0.0
2023-02-14,Butter,Kanyon,11.0
2023-02-14,Butter,Mall of Istanbul,5.0
2023-02-14,Butter,Metrocity,7.0
2023-02-14,Butter,Metropol AVM,4.0
2023-02-14,Butter,Viaport Outlet,5.0
2023-02-14,Butter,Zorlu Center,2.0
2023-02-14,Cheese,Cevahir AVM,0.0
2023-02-14,Cheese,Emaar Square Mall,0.0
2023-02-14,Cheese,Forum Istanbul,0.0
2023-02-14,Cheese,Istinye Park,0.0
2023-02-14,Cheese,Kanyon,2.0
2023-02-14,Cheese,Mall of Istanbul,4.0
2023-02-14,Cheese,Metrocity,0.0
2023-02-14,Cheese,Metropol AVM,7.0
2023-02-14,Cheese,Viaport Outlet,0.0
2023-02-14,Cheese,Zorlu Center,3.0
2023-02-14,Condensed milk,Cevahir AVM,0.0
2023-02-14,Condensed milk,Emaar Square Mall,5.0
2023-02-14,Condensed milk,Forum Istanbul,0.0
2023-02-14,Condensed milk,Istinye Park,2.0
2023-02-14,Condensed milk,Kanyon,0.0
2023-02-14,Condensed milk,Mall of Istanbul,6.0
2023-02-14,Condensed milk,Metrocity,11.0
2023-02-14,Condensed milk,Metropol AVM,0.0
2023-02-14,Condensed milk,Viaport Outlet,0.0
2023-02-14,Condensed milk,Zorlu Center,0.0
2023-02-14,Cream,Cevahir AVM,2.0
2023-02-14,Cream,Emaar Square Mall,0.0
2023-02-14,Cream,Forum Istanbul,0.0
2023-02-14,Cream,Istinye Park,0.0
2023-02-14,Cream,Kanyon,0.0
2023-02-14,Cream,Mall of Istanbul,11.0
2023-02-14,Cream,Metrocity,0.0
2023-02-14,Cream,Metropol AVM,0.0
2023-02-14,Cream,Viaport Outlet,0.0
2023-02-14,Cream,Zorlu Center,4.0
2023-02-14,Cultured milk,Cevahir AVM,0.0
2023-02-14,Cultured milk,Emaar Square Mall,0.0
2023-02-14,Cultured milk,Forum Istanbul,0.0
2023-02-14,Cultured milk,Istinye Park,0.0
2023-02-14,Cultured milk,Kanyon,6.0
2023-02-14,Cultured milk,Mall of Istanbul,3.0
2023-02-14,Cultured milk,Metrocity,0.0
2023-02-14,Cultured milk,Metropol AVM,3.0
2023-02-14,Cultured milk,Viaport Outlet,0.0
2023-02-14,Cultured milk,Zorlu Center,0.0
2023-02-14,Evaporated milk,Cevahir AVM,0.0
2023-02-14,Evaporated milk,Emaar Square Mall,0.0
2023-02-14,Evaporated milk,Forum Istanbul,0.0
2023-02-14,Evaporated milk,Istinye Park,0.0
2023-02-14,Evaporated milk,Kanyon,0.0
2023-02-14,Evaporated milk,Mall of Istanbul,0.0
2023-02-14,Evaporated milk,Metrocity,1.0
2023-02-14,Evaporated milk,Metropol AVM,0.0
2023-02-14,Evaporated milk,Viaport Outlet,0.0
2023-02-14,Evaporated milk,Zorlu Center,0.0
2023-02-14,Flavored sterilized milk,Cevahir AVM,0.0
2023-02-14,Flavored sterilized milk,Emaar Square Mall,0.0
2023-02-14,Flavored sterilized milk,Forum Istanbul,2.0
2023-02-14,Flavored sterilized milk,Istinye Park,4.0
2023-02-14,Flavored sterilized milk,Kanyon,5.0
2023-02-14,Flavored sterilized milk,Mall of Istanbul,0.0
2023-02-14,Flavored sterilized milk,Metrocity,0.0
2023-02-14,Flavored sterilized milk,Metropol AVM,0.0
2023-02-14,Flavored sterilized milk,Viaport Outlet,0.0
2023-02-14,Flavored sterilized milk,Zorlu Center,0.0
2023-02-14,Modified milk,Cevahir AVM,0.0
2023-02-14,Modified milk,Emaar Square Mall,0.0
2023-02-14,Modified milk,Forum Istanbul,0.0
2023-02-14,Modified milk,Istinye Park,0.0
2023-02-14,Modified milk,Kanyon,2.0
2023-02-14,Modified milk,Mall of Istanbul,0.0
2023-02-14,Modified milk,Metrocity,1.0
2023-02-14,Modified milk,Metropol AVM,0.0
2023-02-14,Modified milk,Viaport Outlet,0.0
2023-02-14,Modified milk,Zorlu Center,1.0
2023-02-14,Pasteurized milk 2.5% mg,Cevahir AVM,0.0
2023-02-14,Pasteurized milk 2.5% mg,Emaar Square Mall,0.0
2023-02-14,Pasteurized milk 2.5% mg,Forum Istanbul,0.0
2023-02-14,Pasteurized milk 2.5% mg,Istinye Park,2.0
2023-02-14,Pasteurized milk 2.5% mg,Kanyon,5.0
2023-02-14,Pasteurized milk 2.5% mg,Mall of Istanbul,4.0
2023-02-14,Pasteurized milk 2.5% mg,Metrocity,0.0
2023-02-14,Pasteurized milk 2.5% mg,Metropol AVM,1.0
2023-02-14,Pasteurized milk 2.5% mg,Viaport Outlet,0.0
2023-02-14,Pasteurized milk 2.5% mg,Zorlu Center,0.0
2023-02-14,Pasteurized milk 3.0% mg,Cevahir AVM,0.0
2023-02-14,Pasteurized milk 3.0% mg,Emaar Square Mall,0.0
2023-02-14,Pasteurized milk 3.0% mg,Forum Istanbul,0.0
2023-02-14,Pasteurized milk 3.0% mg,Istinye Park,0.0
2023-02-14,Pasteurized milk 3.0% mg,Kanyon,4.0
2023-02-14,Pasteurized milk 3.0% mg,Mall of Istanbul,1.0
2023-02-14,Pasteurized milk 3.0% mg,Metrocity,0.0
2023-02-14,Pasteurized milk 3.0% mg,Metropol AVM,0.0
2023-02-14,Pasteurized milk 3.0% mg,Viaport Outlet,0.0
2023-02-14,Pasteurized milk 3.0% mg,Zorlu Center,0.0
2023-02-14,Powdered milk 12% mg,Cevahir AVM,0.0
2023-02-14,Powdered milk 12% mg,Emaar Square Mall,0.0
2023-02-14,Powdered milk 12% mg,Forum Istanbul,0.0
2023-02-14,Powdered milk 12% mg,Istinye Park,0.0
2023-02-14,Powdered milk 12% mg,Kanyon,0.0
2023-02-14,Powdered milk 12% mg,Mall of Istanbul,2.0
2023-02-14,Powdered milk 12% mg,Metrocity,5.0
2023-02-14,Powdered milk 12% mg,Metropol AVM,0.0
2023-02-14,Powdered milk 12% mg,Viaport Outlet,1.0
2023-02-14,Powdered milk 12% mg,Zorlu Center,0.0
2023-02-14,Powdered milk 18% mg,Cevahir AVM,0.0
2023-02-14,Powdered milk 18% mg,Emaar Square Mall,0.0
2023-02-14,Powdered milk 18% mg,Forum Istanbul,0.0
2023-02-14,Powdered milk 18% mg,Istinye Park,0.0
2023-02-14,Powdered milk 18% mg,Kanyon,0.0
2023-02-14,Powdered milk 18% mg,Mall of Istanbul,2.0
2023-02-14,Powdered milk 18% mg,Metrocity,0.0
2023-02-14,Powdered milk 18% mg,Metropol AVM,0.0
2023-02-14,Powdered milk 18% mg,Viaport Outlet,0.0
2023-02-14,Powdered milk 18% mg,Zorlu Center,0.0
2023-02-14,Powdered milk 20% mg,Cevahir AVM,3.0
2023-02-14,Powdered milk 20% mg,Emaar Square Mall,0.0
2023-02-14,Powdered milk 20% mg,Forum Istanbul,0.0
2023-02-14,Powdered milk 20% mg,Istinye Park,0.0
2023-02-14,Powdered milk 20% mg,Kanyon,9.0
2023-02-14,Powdered milk 20% mg,Mall of Istanbul,10.0
2023-02-14,Powdered milk 20% mg,Metrocity,2.0
2023-02-14,Powdered milk 20% mg,Metropol AVM,2.0
2023-02-14,Powdered milk 20% mg,Viaport Outlet,2.0
2023-02-14,Powdered milk 20% mg,Zorlu Center,0.0
2023-02-14,Powdered milk 26% mg,Cevahir AVM,0.0
2023-02-14,Powdered milk 26% mg,Emaar Square Mall,0.0
2023-02-14,Powdered milk 26% mg,Forum Istanbul,4.0
2023-02-14,Powdered milk 26% mg,Istinye Park,0.0
2023-02-14,Powdered milk 26% mg,Kanyon,13.0
2023-02-14,Powdered milk 26% mg,Mall of Istanbul,12.0
2023-02-14,Powdered milk 26% mg,Metrocity,5.0
2023-02-14,Powdered milk 26% mg,Metropol AVM,9.0
2023-02-14,Powdered milk 26% mg,Viaport Outlet,0.0
2023-02-14,Powdered milk 26% mg,Zorlu Center,0.0
2023-02-14,Powdered milk 28% mg,Cevahir AVM,0.0
2023-02-14,Powdered milk 28% mg,Emaar Square Mall,0.0
2023-02-14,Powdered milk 28% mg,Forum Istanbul,0.0
2023-02-14,Powdered milk 28% mg,Istinye Park,0.0
2023-02-14,Powdered milk 28% mg,Kanyon,4.0
2023-02-14,Powdered milk 28% mg,Mall of Istanbul,0.0
2023-02-14,Powdered milk 28% mg,Metrocity,4.0
2023-02-14,Powdered milk 28% mg,Metropol AVM,4.0
2023-02-14,Powdered milk 28% mg,Viaport Outlet,0.0
2023-02-14,Powdered milk 28% mg,Zorlu Center,0.0
2023-02-14,Powdered whey,Cevahir AVM,6.0
2023-02-14,Powdered whey,Emaar Square Mall,9.0
2023-02-14,Powdered whey,Forum Istanbul,5.0
2023-02-14,Powdered whey,Istinye Park,0.0
2023-02-14,Powdered whey,Kanyon,0.0
2023-02-14,Powdered whey,Mall of Istanbul,1.0
2023-02-14,Powdered whey,Metrocity,5.0
2023-02-14,Powdered whey,Metropol AVM,0.0
2023-02-14,Powdered whey,Viaport Outlet,0.0
2023-02-14,Powdered whey,Zorlu Center,0.0
2023-02-14,Skimmed pasteurized milk,Cevahir AVM,0.0
2023-02-14,Skimmed pasteurized milk,Emaar Square Mall,0.0
2023-02-14,Skimmed pasteurized milk,Forum Istanbul,0.0
2023-02-14,Skimmed pasteurized milk,Istinye Park,1.0
2023-02-14,Skimmed pasteurized milk,Kanyon,5.0
2023-02-14,Skimmed pasteurized milk,Mall of Istanbul,2.0
2023-02-14,Skimmed pasteurized milk,Metrocity,0.0
2023-02-14,Skimmed pasteurized milk,Metropol AVM,2.0
2023-02-14,Skimmed pasteurized milk,Viaport Outlet,0.0
2023-02-14,Skimmed pasteurized milk,Zorlu Center,0.0
2023-02-14,Skimmed powdered milk,Cevahir AVM,3.0
2023-02-14,Skimmed powdered milk,Emaar Square Mall,0.0
2023-02-14,Skimmed powdered milk,Forum Istanbul,5.0
2023-02-14,Skimmed powdered milk,Istinye Park,0.0
2023-02-14,Skimmed powdered milk,Kanyon,5.0
2023-02-14,Skimmed powdered milk,Mall of Istanbul,3.0
2023-02-14,Skimmed powdered milk,Metrocity,5.0
2023-02-14,Skimmed powdered milk,Metropol AVM,0.0
2023-02-14,Skimmed powdered milk,Viaport Outlet,0.0
2023-02-14,Skimmed powdered milk,Zorlu Center,0.0
2023-02-14,Small cheese,Cevahir AVM,0.0
2023-02-14,Small cheese,Emaar Square Mall,0.0
2023-02-14,Small cheese,Forum Istanbul,0.0
2023-02-14,Small cheese,Istinye Park,0.0
2023-02-14,Small cheese,Kanyon,0.0
2023-02-14,Small cheese,Mall of Istanbul,0.0
2023-02-14,Small cheese,Metrocity,0.0
2023-02-14,Small cheese,Metropol AVM,3.0
2023-02-14,Small cheese,Viaport Outlet,0.0
2023-02-14,Small cheese,Zorlu Center,5.0
2023-02-14,Sterilized semi-skimmed milk,Cevahir AVM,0.0
2023-02-14,Sterilized semi-skimmed milk,Emaar Square Mall,0.0
2023-02-14,Sterilized semi-skimmed milk,Forum Istanbul,0.0
2023-02-14,Sterilized semi-skimmed milk,Istinye Park,4.0
2023-02-14,Sterilized semi-skimmed milk,Kanyon,0.0
2023-02-14,Sterilized semi-skimmed milk,Mall of Istanbul,5.0
2023-02-14,Sterilized semi-skimmed milk,Metrocity,4.0
2023-02-14,Sterilized semi-skimmed milk,Metropol AVM,3.0
2023-02-14,Sterilized semi-skimmed milk,Viaport Outlet,9.0
2023-02-14,Sterilized semi-skimmed milk,Zorlu Center,0.0
2023-02-14,Sterilized skimmed milk,Cevahir AVM,0.0
2023-02-14,Sterilized skimmed milk,Emaar Square Mall,4.0
2023-02-14,Sterilized skimmed milk,Forum Istanbul,0.0
2023-02-14,Sterilized skimmed milk,Istinye Park,0.0
2023-02-14,Sterilized skimmed milk,Kanyon,6.0
2023-02-14,Sterilized skimmed milk,Mall of Istanbul,5.0
2023-02-14,Sterilized skimmed milk,Metrocity,0.0
2023-02-14,Sterilized skimmed milk,Metropol AVM,0.0
2023-02-14,Sterilized skimmed milk,Viaport Outlet,0.0
2023-02-14,Sterilized skimmed milk,Zorlu Center,0.0
2023-02-14,Sterilized whole milk,Cevahir AVM,0.0
2023-02-14,Sterilized whole milk,Emaar Square Mall,0.0
2023-02-14,Sterilized whole milk,Forum Istanbul,5.0
2023-02-14,Sterilized whole milk,Istinye Park,0.0
2023-02-14,Sterilized whole milk,Kanyon,0.0
2023-02-14,Sterilized whole milk,Mall of Istanbul,0.0
2023-02-14,Sterilized whole milk,Metrocity,0.0
2023-02-14,Sterilized whole milk,Metropol AVM,0.0
2023-02-14,Sterilized whole milk,Viaport Outlet,7.0
2023-02-14,Sterilized whole milk,Zorlu Center,0.0
2023-02-14,Sweetened condensed milk,Cevahir AVM,0.0
2023-02-14,Sweetened condensed milk,Emaar Square Mall,0.0
2023-02-14,Sweetened condensed milk,Forum Istanbul,0.0
2023-02-14,Sweetened condensed milk,Istinye Park,5.0
2023-02-14,Sweetened condensed milk,Kanyon,5.0
2023-02-14,Sweetened condensed milk,Mall of Istanbul,0.0
2023-02-14,Sweetened condensed milk,Metrocity,0.0
2023-02-14,Sweetened condensed milk,Metropol AVM,0.0
2023-02-14,Sweetened condensed milk,Viaport Outlet,0.0
2023-02-14,Sweetened condensed milk,Zorlu Center,5.0
2023-02-14,Total powdered milk,Cevahir AVM,0.0
2023-02-14,Total powdered milk,Emaar Square Mall,0.0
2023-02-14,Total powdered milk,Forum Istanbul,0.0
2023-02-14,Total powdered milk,Istinye Park,2.0
2023-02-14,Total powdered milk,Kanyon,4.0
2023-02-14,Total powdered milk,Mall of Istanbul,1.0
2023-02-14,Total powdered milk,Metrocity,0.0
2023-02-14,Total powdered milk,Metropol AVM,1.0
2023-02-14,Total powdered milk,Viaport Outlet,0.0
2023-02-14,Total powdered milk,Zorlu Center,0.0
2023-02-14,Yogurt,Cevahir AVM,0.0
2023-02-14,Yogurt,Emaar Square Mall,5.0
2023-02-14,Yogurt,Forum Istanbul,5.0
2023-02-14,Yogurt,Istinye Park,3.0
2023-02-14,Yogurt,Kanyon,0.0
2023-02-14,Yogurt,Mall of Istanbul,0.0
2023-02-14,Yogurt,Metrocity,0.0
2023-02-14,Yogurt,Metropol AVM,3.0
2023-02-14,Yogurt,Viaport Outlet,4.0
2023-02-14,Yogurt,Zorlu Center,0.0
2023-02-14,chocolate milk,Cevahir AVM,0.0
2023-02-14,chocolate milk,Emaar Square Mall,0.0
2023-02-14,chocolate milk,Forum Istanbul,0.0
2023-02-14,chocolate milk,Istinye Park,5.0
2023-02-14,chocolate milk,Kanyon,0.0
2023-02-14,chocolate milk,Mall of Istanbul,0.0
2023-02-14,chocolate milk,Metrocity,6.0
2023-02-14,chocolate milk,Metropol AVM,0.0
2023-02-14,chocolate milk,Viaport Outlet,3.0
2023-02-14,chocolate milk,Zorlu Center,0.0
2023-02-15,Butter,Cevahir AVM,2.0
2023-02-15,Butter,Emaar Square Mall,1.0
2023-02-15,Butter,Forum Istanbul,0.0
2023-02-15,Butter,Istinye Park,2.0
2023-02-15,Butter,Kanyon,0.0
2023-02-15,Butter,Mall of Istanbul,4.0
2023-02-15,Butter,Metrocity,9.0
2023-02-15,Butter,Metropol AVM,1.0
2023-02-15,Butter,Viaport Outlet,0.0
2023-02-15,Butter,Zorlu Center,4.0
2023-02-15,Cheese,Cevahir AVM,2.0
2023-02-15,Cheese,Emaar Square Mall,0.0
2023-02-15,Cheese,Forum Istanbul,0.0
2023-02-15,Cheese,Istinye Park,0.0
2023-02-15,Cheese,Kanyon,0.0
2023-02-15,Cheese,Mall of Istanbul,0.0
2023-02-15,Cheese,Metrocity,0.0
2023-02-15,Cheese,Metropol AVM,0.0
2023-02-15,Cheese,Viaport Outlet,0.0
2023-02-15,Cheese,Zorlu Center,0.0
2023-02-15,Condensed milk,Cevahir AVM,0.0
2023-02-15,Condensed milk,Emaar Square Mall,5.0
2023-02-15,Condensed milk,Forum Istanbul,5.0
2023-02-15,Condensed milk,Istinye Park,0.0
2023-02-15,Condensed milk,Kanyon,14.0
2023-02-15,Condensed milk,Mall of Istanbul,5.0
2023-02-15,Condensed milk,Metrocity,0.0
2023-02-15,Condensed milk,Metropol AVM,0.0
2023-02-15,Condensed milk,Viaport Outlet,4.0
2023-02-15,Condensed milk,Zorlu Center,0.0
2023-02-15,Cream,Cevahir AVM,0.0
2023-02-15,Cream,Emaar Square Mall,0.0
2023-02-15,Cream,Forum Istanbul,0.0
2023-02-15,Cream,Istinye Park,0.0
2023-02-15,Cream,Kanyon,2.0
2023-02-15,Cream,Mall of Istanbul,0.0
2023-02-15,Cream,Metrocity,0.0
2023-02-15,Cream,Metropol AVM,1.0
2023-02-15,Cream,Viaport Outlet,0.0
2023-02-15,Cream,Zorlu Center,0.0
2023-02-15,Cultured milk,Cevahir AVM,0.0
2023-02-15,Cultured milk,Emaar Square Mall,5.0
2023-02-15,Cultured milk,Forum Istanbul,0.0
2023-02-15,Cultured milk,Istinye Park,0.0
2023-02-15,Cultured milk,Kanyon,4.0
2023-02-15,Cultured milk,Mall of Istanbul,3.0
2023-02-15,Cultured milk,Metrocity,0.0
2023-02-15,Cultured milk,Metropol AVM,3.0
2023-02-15,Cultured milk,Viaport Outlet,3.0
2023-02-15,Cultured milk,Zorlu Center,0.0
2023-02-15,Evaporated milk,Cevahir AVM,0.0
2023-02-15,Evaporated milk,Emaar Square Mall,0.0
2023-02-15,Evaporated milk,Forum Istanbul,0.0
2023-02-15,Evaporated milk,Istinye Park,4.0
2023-02-15,Evaporated milk,Kanyon,0.0
2023-02-15,Evaporated milk,Mall of Istanbul,4.0
2023-02-15,Evaporated milk,Metrocity,0.0
2023-02-15,Evaporated milk,Metropol AVM,0.0
2023-02-15,Evaporated milk,Viaport Outlet,0.0
2023-02-15,Evaporated milk,Zorlu Center,0.0
2023-02-15,Flavored sterilized milk,Cevahir AVM,0.0
2023-02-15,Flavored sterilized milk,Emaar Square Mall,0.0
2023-02-15,Flavored sterilized milk,Forum Istanbul,0.0
2023-02-15,Flavored sterilized milk,Istinye Park,0.0
2023-02-15,Flavored sterilized milk,Kanyon,4.0
2023-02-15,Flavored sterilized milk,Mall of Istanbul,4.0
2023-02-15,Flavored sterilized milk,Metrocity,0.0
2023-02-15,Flavored sterilized milk,Metropol AVM,0.0
2023-02-15,Flavored sterilized milk,Viaport Outlet,0.0
2023-02-15,Flavored sterilized milk,Zorlu Center,0.0
2023-02-15,Modified milk,Cevahir AVM,0.0
2023-02-15,Modified milk,Emaar Square Mall,0.0
2023-02-15,Modified milk,Forum Istanbul,0.0
2023-02-15,Modified milk,Istinye Park,6.0
2023-02-15,Modified milk,Kanyon,7.0
2023-02-15,Modified milk,Mall of Istanbul,0.0
2023-02-15,Modified milk,Metrocity,4.0
2023-02-15,Modified milk,Metropol AVM,1.0
2023-02-15,Modified milk,Viaport Outlet,0.0
2023-02-15,Modified milk,Zorlu Center,0.0
2023-02-15,Pasteurized milk 2.5% mg,Cevahir AVM,0.0
2023-02-15,Pasteurized milk 2.5% mg,Emaar Square Mall,8.0
2023-02-15,Pasteurized milk 2.5% mg,Forum Istanbul,0.0
2023-02-15,Pasteurized milk 2.5% mg,Istinye Park,0.0
2023-02-15,Pasteurized milk 2.5% mg,Kanyon,0.0
2023-02-15,Pasteurized milk 2.5% mg,Mall of Istanbul,4.0
2023-02-15,Pasteurized milk 2.5% mg,Metrocity,0.0
2023-02-15,Pasteurized milk 2.5% mg,Metropol AVM,0.0
2023-02-15,Pasteurized milk 2.5% mg,Viaport Outlet,0.0
2023-02-15,Pasteurized milk 2.5% mg,Zorlu Center,0.0
2023-02-15,Pasteurized milk 3.0% mg,Cevahir AVM,0.0
2023-02-15,Pasteurized milk 3.0% mg,Emaar Square Mall,4.0
2023-02-15,Pasteurized milk 3.0% mg,Forum Istanbul,0.0
2023-02-15,Pasteurized milk 3.0% mg,Istinye Park,0.0
2023-02-15,Pasteurized milk 3.0% mg,Kanyon,5.0
2023-02-15,Pasteurized milk 3.0% mg,Mall of Istanbul,0.0
2023-02-15,Pasteurized milk 3.0% mg,Metrocity,5.0
2023-02-15,Pasteurized milk 3.0% mg,Metropol AVM,0.0
2023-02-15,Pasteurized milk 3.0% mg,Viaport Outlet,0.0
2023-02-15,Pasteurized milk 3.0% mg,Zorlu Center,0.0
2023-02-15,Powdered milk 12% mg,Cevahir AVM,0.0
2023-02-15,Powdered milk 12% mg,Emaar Square Mall,0.0
2023-02-15,Powdered milk 12% mg,Forum Istanbul,1.0
2023-02-15,Powdered milk 12% mg,Istinye Park,1.0
2023-02-15,Powdered milk 12% mg,Kanyon,4.0
2023-02-15,Powdered milk 12% mg,Mall of Istanbul,8.0
2023-02-15,Powdered milk 12% mg,Metrocity,7.0
2023-02-15,Powdered milk 12% mg,Metropol AVM,2.0
2023-02-15,Powdered milk 12% mg,Viaport Outlet,0.0
2023-02-15,Powdered milk 12% mg,Zorlu Center,0.0
2023-02-15,Powdered milk 18% mg,Cevahir AVM,0.0
2023-02-15,Powdered milk 18% mg,Emaar Square Mall,0.0
2023-02-15,Powdered milk 18% mg,Forum Istanbul,0.0
2023-02-15,Powdered milk 18% mg,Istinye Park,0.0
2023-02-15,Powdered milk 18% mg,Kanyon,5.0
2023-02-15,Powdered milk 18% mg,Mall of Istanbul,0.0
2023-02-15,Powdered milk 18% mg,Metrocity,0.0
2023-02-15,Powdered milk 18% mg,Metropol AVM,1.0
2023-02-15,Powdered milk 18% mg,Viaport Outlet,0.0
2023-02-15,Powdered milk 18% mg,Zorlu Center,5.0
2023-02-15,Powdered milk 20% mg,Cevahir AVM,0.0
2023-02-15,Powdered milk 20% mg,Emaar Square Mall,0.0
2023-02-15,Powdered milk 20% mg,Forum Istanbul,3.0
2023-02-15,Powdered milk 20% mg,Istinye Park,0.0
2023-02-15,Powdered milk 20% mg,Kanyon,5.0
2023-02-15,Powdered milk 20% mg,Mall of Istanbul,0.0
2023-02-15,Powdered milk 20% mg,Metrocity,0.0
2023-02-15,Powdered milk 20% mg,Metropol AVM,0.0
2023-02-15,Powdered milk 20% mg,Viaport Outlet,4.0
2023-02-15,Powdered milk 20% mg,Zorlu Center,2.0
2023-02-15,Powdered milk 26% mg,Cevahir AVM,0.0
2023-02-15,Powdered milk 26% mg,Emaar Square Mall,0.0
2023-02-15,Powdered milk 26% mg,Forum Istanbul,0.0
2023-02-15,Powdered milk 26% mg,Istinye Park,0.0
2023-02-15,Powdered milk 26% mg,Kanyon,8.0
2023-02-15,Powdered milk 26% mg,Mall of Istanbul,4.0
2023-02-15,Powdered milk 26% mg,Metrocity,4.0
2023-02-15,Powdered milk 26% mg,Metropol AVM,3.0
2023-02-15,Powdered milk 26% mg,Viaport Outlet,3.0
2023-02-15,Powdered milk 26% mg,Zorlu Center,5.0
2023-02-15,Powdered milk 28% mg,Cevahir AVM,0.0
2023-02-15,Powdered milk 28% mg,Emaar Square Mall,0.0
2023-02-15,Powdered milk 28% mg,Forum Istanbul,0.0
2023-02-15,Powdered milk 28% mg,Istinye Park,1.0
2023-02-15,Powdered milk 28% mg,Kanyon,0.0
2023-02-15,Powdered milk 28% mg,Mall of Istanbul,0.0
2023-02-15,Powdered milk 28% mg,Metrocity,0.0
2023-02-15,Powdered milk 28% mg,Metropol AVM,0.0
2023-02-15,Powdered milk 28% mg,Viaport Outlet,0.0
2023-02-15,Powdered milk 28% mg,Zorlu Center,0.0
2023-02-15,Powdered whey,Cevahir AVM,5.0
2023-02-15,Powdered whey,Emaar Square Mall,0.0
2023-02-15,Powdered whey,Forum Istanbul,0.0
2023-02-15,Powdered whey,Istinye Park,6.0
2023-02-15,Powdered whey,Kanyon,6.0
2023-02-15,Powdered whey,Mall of Istanbul,3.0
2023-02-15,Powdered whey,Metrocity,0.0
2023-02-15,Powdered whey,Metropol AVM,0.0
2023-02-15,Powdered whey,Viaport Outlet,0.0
2023-02-15,Powdered whey,Zorlu Center,3.0
2023-02-15,Skimmed pasteurized milk,Cevahir AVM,0.0
2023-02-15,Skimmed pasteurized milk,Emaar Square Mall,3.0
2023-02-15,Skimmed pasteurized milk,Forum Istanbul,1.0
2023-02-15,Skimmed pasteurized milk,Istinye Park,0.0
2023-02-15,Skimmed pasteurized milk,Kanyon,2.0
2023-02-15,Skimmed pasteurized milk,Mall of Istanbul,1.0
2023-02-15,Skimmed pasteurized milk,Metrocity,0.0
2023-02-15,Skimmed pasteurized milk,Metropol AVM,0.0
2023-02-15,Skimmed pasteurized milk,Viaport Outlet,0.0
2023-02-15,Skimmed pasteurized milk,Zorlu Center,1.0
2023-02-15,Skimmed powdered milk,Cevahir AVM,0.0
2023-02-15,Skimmed powdered milk,Emaar Square Mall,2.0
2023-02-15,Skimmed powdered milk,Forum Istanbul,0.0
2023-02-15,Skimmed powdered milk,Istinye Park,2.0
2023-02-15,Skimmed powdered milk,Kanyon,8.0
2023-02-15,Skimmed powdered milk,Mall of Istanbul,0.0
2023-02-15,Skimmed powdered milk,Metrocity,0.0
2023-02-15,Skimmed powdered milk,Metropol AVM,1.0
2023-02-15,Skimmed powdered milk,Viaport Outlet,4.0
2023-02-15,Skimmed powdered milk,Zorlu Center,8.0
2023-02-15,Small cheese,Cevahir AVM,0.0
2023-02-15,Small cheese,Emaar Square Mall,0.0
2023-02-15,Small cheese,Forum Istanbul,0.0
2023-02-15,Small cheese,Istinye Park,1.0
2023-02-15,Small cheese,Kanyon,0.0
2023-02-15,Small cheese,Mall of Istanbul,9.0
2023-02-15,Small cheese,Metrocity,5.0
2023-02-15,Small cheese,Metropol AVM,2.0
2023-02-15,Small cheese,Viaport Outlet,0.0
2023-02-15,Small cheese,Zorlu Center,0.0
2023-02-15,Sterilized semi-skimmed milk,Cevahir AVM,0.0
2023-02-15,Sterilized semi-skimmed milk,Emaar Square Mall,0.0
2023-02-15,Sterilized semi-skimmed milk,Forum Istanbul,2.0
2023-02-15,Sterilized semi-skimmed milk,Istinye Park,0.0
2023-02-15,Sterilized semi-skimmed milk,Kanyon,3.0
2023-02-15,Sterilized semi-skimmed milk,Mall of Istanbul,3.0
2023-02-15,Sterilized semi-skimmed milk,Metrocity,5.0
2023-02-15,Sterilized semi-skimmed milk,Metropol AVM,0.0
2023-02-15,Sterilized semi-skimmed milk,Viaport Outlet,0.0
2023-02-15,Sterilized semi-skimmed milk,Zorlu Center,0.0
2023-02-15,Sterilized skimmed milk,Cevahir AVM,0.0
2023-02-15,Sterilized skimmed milk,Emaar Square Mall,0.0
2023-02-15,Sterilized skimmed milk,Forum Istanbul,5.0
2023-02-15,Sterilized skimmed milk,Istinye Park,0.0
2023-02-15,Sterilized skimmed milk,Kanyon,6.0
2023-02-15,Sterilized skimmed milk,Mall of Istanbul,0.0
2023-02-15,Sterilized skimmed milk,Metrocity,2.0
2023-02-15,Sterilized skimmed milk,Metropol AVM,5.0
2023-02-15,Sterilized skimmed milk,Viaport Outlet,0.0
2023-02-15,Sterilized skimmed milk,Zorlu Center,5.0
2023-02-15,Sterilized whole milk,Cevahir AVM,0.0
2023-02-15,Sterilized whole milk,Emaar Square Mall,0.0
2023-02-15,Sterilized whole milk,Forum Istanbul,0.0
2023-02-15,Sterilized whole milk,Istinye Park,0.0
2023-02-15,Sterilized whole milk,Kanyon,0.0
2023-02-15,Sterilized whole milk,Mall of Istanbul,4.0
2023-02-15,Sterilized whole milk,Metrocity,0.0
2023-02-15,Sterilized whole milk,Metropol AVM,0.0
2023-02-15,Sterilized whole milk,Viaport Outlet,0.0
2023-02-15,Sterilized whole milk,Zorlu Center,2.0
2023-02-15,Sweetened condensed milk,Cevahir AVM,0.0
2023-02-15,Sweetened condensed milk,Emaar Square Mall,0.0
2023-02-15,Sweetened condensed milk,Forum Istanbul,0.0
2023-02-15,Sweetened condensed milk,Istinye Park,0.0
2023-02-15,Sweetened condensed milk,Kanyon,4.0
2023-02-15,Sweetened condensed milk,Mall of Istanbul,8.0
2023-02-15,Sweetened condensed milk,Metrocity,0.0
2023-02-15,Sweetened condensed milk,Metropol AVM,0.0
2023-02-15,Sweetened condensed milk,Viaport Outlet,0.0
2023-02-15,Sweetened condensed milk,Zorlu Center,0.0
2023-02-15,Total powdered milk,Cevahir AVM,0.0
2023-02-15,Total powdered milk,Emaar Square Mall,0.0
2023-02-15,Total powdered milk,Forum Istanbul,0.0
2023-02-15,Total powdered milk,Istinye Park,0.0
2023-02-15,Total powdered milk,Kanyon,7.0
2023-02-15,Total powdered milk,Mall of Istanbul,5.0
2023-02-15,Total powdered milk,Metrocity,5.0
2023-02-15,Total powdered milk,Metropol AVM,2.0
2023-02-15,Total powdered milk,Viaport Outlet,0.0
2023-02-15,Total powdered milk,Zorlu Center,0.0
2023-02-15,Yogurt,Cevahir AVM,0.0
2023-02-15,Yogurt,Emaar Square Mall,0.0
2023-02-15,Yogurt,Forum Istanbul,0.0
2023-02-15,Yogurt,Istinye Park,3.0
2023-02-15,Yogurt,Kanyon,0.0
2023-02-15,Yogurt,Mall of Istanbul,0.0
2023-02-15,Yogurt,Metrocity,2.0
2023-02-15,Yogurt,Metropol AVM,2.0
2023-02-15,Yogurt,Viaport Outlet,0.0
2023-02-15,Yogurt,Zorlu Center,0.0
2023-02-15,chocolate milk,Cevahir AVM,0.0
2023-02-15,chocolate milk,Emaar Square Mall,0.0
2023-02-15,chocolate milk,Forum Istanbul,0.0
2023-02-15,chocolate milk,Istinye Park,6.0
2023-02-15,chocolate milk,Kanyon,4.0
2023-02-15,chocolate milk,Mall of Istanbul,0.0
2023-02-15,chocolate milk,Metrocity,0.0
2023-02-15,chocolate milk,Metropol AVM,1.0
2023-02-15,chocolate milk,Viaport Outlet,0.0
2023-02-15,chocolate milk,Zorlu Center,4.0
2023-02-16,Butter,Cevahir AVM,0.0
2023-02-16,Butter,Emaar Square Mall,4.0
2023-02-16,Butter,Forum Istanbul,3.0
2023-02-16,Butter,Istinye Park,0.0
2023-02-16,Butter,Kanyon,1.0
2023-02-16,Butter,Mall of Istanbul,5.0
2023-02-16,Butter,Metrocity,0.0
2023-02-16,Butter,Metropol AVM,0.0
2023-02-16,Butter,Viaport Outlet,3.0
2023-02-16,Butter,Zorlu Center,0.0
2023-02-16,Cheese,Cevahir AVM,0.0
2023-02-16,Cheese,Emaar Square Mall,0.0
2023-02-16,Cheese,Forum Istanbul,0.0
2023-02-16,Cheese,Istinye Park,0.0
2023-02-16,Cheese,Kanyon,3.0
2023-02-16,Cheese,Mall of Istanbul,9.0
2023-02-16,Cheese,Metrocity,2.0
2023-02-16,Cheese,Metropol AVM,0.0
2023-02-16,Cheese,Viaport Outlet,0.0
2023-02-16,Cheese,Zorlu Center,0.0
2023-02-16,Condensed milk,Cevahir AVM,0.0
2023-02-16,Condensed milk,Emaar Square Mall,0.0
2023-02-16,Condensed milk,Forum Istanbul,0.0
2023-02-16,Condensed milk,Istinye Park,3.0
2023-02-16,Condensed milk,Kanyon,0.0
2023-02-16,Condensed milk,Mall of Istanbul,0.0
2023-02-16,Condensed milk,Metrocity,0.0
2023-02-16,Condensed milk,Metropol AVM,0.0
2023-02-16,Condensed milk,Viaport Outlet,0.0
2023-02-16,Condensed milk,Zorlu Center,0.0
2023-02-16,Cream,Cevahir AVM,2.0
2023-02-16,Cream,Emaar Square Mall,0.0
2023-02-16,Cream,Forum Istanbul,0.0
2023-02-16,Cream,Istinye Park,0.0
2023-02-16,Cream,Kanyon,2.0
2023-02-16,Cream,Mall of Istanbul,0.0
2023-02-16,Cream,Metrocity,0.0
2023-02-16,Cream,Metropol AVM,5.0
2023-02-16,Cream,Viaport Outlet,0.0
2023-02-16,Cream,Zorlu Center,0.0
2023-02-16,Cultured milk,Cevahir AVM,0.0
2023-02-16,Cultured milk,Emaar Square Mall,5.0
2023-02-16,Cultured milk,Forum Istanbul,0.0
2023-02-16,Cultured milk,Istinye Park,2.0
2023-02-16,Cultured milk,Kanyon,0.0
2023-02-16,Cultured milk,Mall of Istanbul,5.0
2023-02-16,Cultured milk,Metrocity,0.0
2023-02-16,Cultured milk,Metropol AVM,0.0
2023-02-16,Cultured milk,Viaport Outlet,0.0
2023-02-16,Cultured milk,Zorlu Center,0.0
2023-02-16,Evaporated milk,Cevahir AVM,0.0
2023-02-16,Evaporated milk,Emaar Square Mall,0.0
2023-02-16,Evaporated milk,Forum Istanbul,0.0
2023-02-16,Evaporated milk,Istinye Park,0.0
2023-02-16,Evaporated milk,Kanyon,3.0
2023-02-16,Evaporated milk,Mall of Istanbul,5.0
2023-02-16,Evaporated milk,Metrocity,0.0
2023-02-16,Evaporated milk,Metropol AVM,0.0
2023-02-16,Evaporated milk,Viaport Outlet,1.0
2023-02-16,Evaporated milk,Zorlu Center,0.0
2023-02-16,Flavored sterilized milk,Cevahir AVM,0.0
2023-02-16,Flavored sterilized milk,Emaar Square Mall,0.0
2023-02-16,Flavored sterilized milk,Forum Istanbul,0.0
2023-02-16,Flavored sterilized milk,Istinye Park,1.0
2023-02-16,Flavored sterilized milk,Kanyon,10.0
2023-02-16,Flavored sterilized milk,Mall of Istanbul,1.0
2023-02-16,Flavored sterilized milk,Metrocity,0.0
2023-02-16,Flavored sterilized milk,Metropol AVM,7.0
2023-02-16,Flavored sterilized milk,Viaport Outlet,0.0
2023-02-16,Flavored sterilized milk,Zorlu Center,4.0
2023-02-16,Modified milk,Cevahir AVM,0.0
2023-02-16,Modified milk,Emaar Square Mall,0.0
2023-02-16,Modified milk,Forum Istanbul,0.0
2023-02-16,Modified milk,Istinye Park,4.0
2023-02-16,Modified milk,Kanyon,0.0
2023-02-16,Modified milk,Mall of Istanbul,0.0
2023-02-16,Modified milk,Metrocity,10.0
2023-02-16,Modified milk,Metropol AVM,1.0
2023-02-16,Modified milk,Viaport Outlet,0.0
2023-02-16,Modified milk,Zorlu Center,5.0
2023-02-16,Pasteurized milk 2.5% mg,Cevahir AVM,0.0
2023-02-16,Pasteurized milk 2.5% mg,Emaar Square Mall,0.0
2023-02-16,Pasteurized milk 2.5% mg,Forum Istanbul,0.0
2023-02-16,Pasteurized milk 2.5% mg,Istinye Park,0.0
2023-02-16,Pasteurized milk 2.5% mg,Kanyon,0.0
2023-02-16,Pasteurized milk 2.5% mg,Mall of Istanbul,4.0
2023-02-16,Pasteurized milk 2.5% mg,Metrocity,4.0
2023-02-16,Pasteurized milk 2.5% mg,Metropol AVM,6.0
2023-02-16,Pasteurized milk 2.5% mg,Viaport Outlet,0.0
2023-02-16,Pasteurized milk 2.5% mg,Zorlu Center,0.0
2023-02-16,Pasteurized milk 3.0% mg,Cevahir AVM,1.0
2023-02-16,Pasteurized milk 3.0% mg,Emaar Square Mall,4.0
2023-02-16,Pasteurized milk 3.0% mg,Forum Istanbul,3.0
2023-02-16,Pasteurized milk 3.0% mg,Istinye Park,0.0
2023-02-16,Pasteurized milk 3.0% mg,Kanyon,0.0
2023-02-16,Pasteurized milk 3.0% mg,Mall of Istanbul,0.0
2023-02-16,Pasteurized milk 3.0% mg,Metrocity,3.0
2023-02-16,Pasteurized milk 3.0% mg,Metropol AVM,5.0
2023-02-16,Pasteurized milk 3.0% mg,Viaport Outlet,0.0
2023-02-16,Pasteurized milk 3.0% mg,Zorlu Center,0.0
2023-02-16,Powdered milk 12% mg,Cevahir AVM,0.0
2023-02-16,Powdered milk 12% mg,Emaar Square Mall,0.0
2023-02-16,Powdered milk 12% mg,Forum Istanbul,0.0
2023-02-16,Powdered milk 12% mg,Istinye Park,0.0
2023-02-16,Powdered milk 12% mg,Kanyon,4.0
2023-02-16,Powdered milk 12% mg,Mall of Istanbul,8.0
2023-02-16,Powdered milk 12% mg,Metrocity,2.0
2023-02-16,Powdered milk 12% mg,Metropol AVM,0.0
2023-02-16,Powdered milk 12% mg,Viaport Outlet,0.0
2023-02-16,Powdered milk 12% mg,Zorlu Center,4.0
2023-02-16,Powdered milk 18% mg,Cevahir AVM,0.0
2023-02-16,Powdered milk 18% mg,Emaar Square Mall,0.0
2023-02-16,Powdered milk 18% mg,Forum Istanbul,0.0
2023-02-16,Powdered milk 18% mg,Istinye Park,0.0
2023-02-16,Powdered milk 18% mg,Kanyon,0.0
2023-02-16,Powdered milk 18% mg,Mall of Istanbul,10.0
2023-02-16,Powdered milk 18% mg,Metrocity,0.0
2023-02-16,Powdered milk 18% mg,Metropol AVM,6.0
2023-02-16,Powdered milk 18% mg,Viaport Outlet,0.0
2023-02-16,Powdered milk 18% mg,Zorlu Center,0.0
2023-02-16,Powdered milk 20% mg,Cevahir AVM,4.0
2023-02-16,Powdered milk 20% mg,Emaar Square Mall,0.0
2023-02-16,Powdered milk 20% mg,Forum Istanbul,0.0
2023-02-16,Powdered milk 20% mg,Istinye Park,0.0
2023-02-16,Powdered milk 20% mg,Kanyon,4.0
2023-02-16,Powdered milk 20% mg,Mall of Istanbul,0.0
2023-02-16,Powdered milk 20% mg,Metrocity,0.0
2023-02-16,Powdered milk 20% mg,Metropol AVM,0.0
2023-02-16,Powdered milk 20% mg,Viaport Outlet,0.0
2023-02-16,Powdered milk 20% mg,Zorlu Center,0.0
2023-02-16,Powdered milk 26% mg,Cevahir AVM,0.0
2023-02-16,Powdered milk 26% mg,Emaar Square Mall,0.0
2023-02-16,Powdered milk 26% mg,Forum Istanbul,0.0
2023-02-16,Powdered milk 26% mg,Istinye Park,3.0
2023-02-16,Powdered milk 26% mg,Kanyon,0.0
2023-02-16,Powdered milk 26% mg,Mall of Istanbul,3.0
2023-02-16,Powdered milk 26% mg,Metrocity,0.0
2023-02-16,Powdered milk 26% mg,Metropol AVM,5.0
2023-02-16,Powdered milk 26% mg,Viaport Outlet,0.0
2023-02-16,Powdered milk 26% mg,Zorlu Center,0.0
2023-02-16,Powdered milk 28% mg,Cevahir AVM,0.0
2023-02-16,Powdered milk 28% mg,Emaar Square Mall,0.0
2023-02-16,Powdered milk 28% mg,Forum Istanbul,0.0
2023-02-16,Powdered milk 28% mg,Istinye Park,4.0
2023-02-16,Powdered milk 28% mg,Kanyon,0.0
2023-02-16,Powdered milk 28% mg,Mall of Istanbul,2.0
2023-02-16,Powdered milk 28% mg,Metrocity,0.0
2023-02-16,Powdered milk 28% mg,Metropol AVM,0.0
2023-02-16,Powdered milk 28% mg,Viaport Outlet,0.0
2023-02-16,Powdered milk 28% mg,Zorlu Center,0.0
2023-02-16,Powdered whey,Cevahir AVM,0.0
2023-02-16,Powdered whey,Emaar Square Mall,1.0
2023-02-16,Powdered whey,Forum Istanbul,0.0
2023-02-16,Powdered whey,Istinye Park,0.0
2023-02-16,Powdered whey,Kanyon,7.0
2023-02-16,Powdered whey,Mall of Istanbul,0.0
2023-02-16,Powdered whey,Metrocity,2.0
2023-02-16,Powdered whey,Metropol AVM,0.0
2023-02-16,Powdered whey,Viaport Outlet,0.0
2023-02-16,Powdered whey,Zorlu Center,0.0
2023-02-16,Skimmed pasteurized milk,Cevahir AVM,1.0
2023-02-16,Skimmed pasteurized milk,Emaar Square Mall,0.0
2023-02-16,Skimmed pasteurized milk,Forum Istanbul,0.0
2023-02-16,Skimmed pasteurized milk,Istinye Park,0.0
2023-02-16,Skimmed pasteurized milk,Kanyon,0.0
2023-02-16,Skimmed pasteurized milk,Mall of Istanbul,0.0
2023-02-16,Skimmed pasteurized milk,Metrocity,4.0
2023-02-16,Skimmed pasteurized milk,Metropol AVM,0.0
2023-02-16,Skimmed pasteurized milk,Viaport Outlet,0.0
2023-02-16,Skimmed pasteurized milk,Zorlu Center,0.0
2023-02-16,Skimmed powdered milk,Cevahir AVM,0.0
2023-02-16,Skimmed powdered milk,Emaar Square Mall,0.0
2023-02-16,Skimmed powdered milk,Forum Istanbul,0.0
2023-02-16,Skimmed powdered milk,Istinye Park,0.0
2023-02-16,Skimmed powdered milk,Kanyon,5.0
2023-02-16,Skimmed powdered milk,Mall of Istanbul,8.0
2023-02-16,Skimmed powdered milk,Metrocity,0.0
2023-02-16,Skimmed powdered milk,Metropol AVM,0.0
2023-02-16,Skimmed powdered milk,Viaport Outlet,5.0
2023-02-16,Skimmed powdered milk,Zorlu Center,4.0
2023-02-16,Small cheese,Cevahir AVM,0.0
2023-02-16,Small cheese,Emaar Square Mall,0.0
2023-02-16,Small cheese,Forum Istanbul,0.0
2023-02-16,Small cheese,Istinye Park,2.0
2023-02-16,Small cheese,Kanyon,2.0
2023-02-16,Small cheese,Mall of Istanbul,8.0
2023-02-16,Small cheese,Metrocity,5.0
2023-02-16,Small cheese,Metropol AVM,5.0
2023-02-16,Small cheese,Viaport Outlet,0.0
2023-02-16,Small cheese,Zorlu Center,2.0
2023-02-16,Sterilized semi-skimmed milk,Cevahir AVM,3.0
2023-02-16,Sterilized semi-skimmed milk,Emaar Square Mall,5.0
2023-02-16,Sterilized semi-skimmed milk,Forum Istanbul,0.0
2023-02-16,Sterilized semi-skimmed milk,Istinye Park,0.0
2023-02-16,Sterilized semi-skimmed milk,Kanyon,1.0
2023-02-16,Sterilized semi-skimmed milk,Mall of Istanbul,3.0
2023-02-16,Sterilized semi-skimmed milk,Metrocity,5.0
2023-02-16,Sterilized semi-skimmed milk,Metropol AVM,0.0
2023-02-16,Sterilized semi-skimmed milk,Viaport Outlet,0.0
2023-02-16,Sterilized semi-skimmed milk,Zorlu Center,0.0
2023-02-16,Sterilized skimmed milk,Cevahir AVM,0.0
2023-02-16,Sterilized skimmed milk,Emaar Square Mall,4.0
2023-02-16,Sterilized skimmed milk,Forum Istanbul,0.0
2023-02-16,Sterilized skimmed milk,Istinye Park,5.0
2023-02-16,Sterilized skimmed milk,Kanyon,0.0
2023-02-16,Sterilized skimmed milk,Mall of Istanbul,0.0
2023-02-16,Sterilized skimmed milk,Metrocity,5.0
2023-02-16,Sterilized skimmed milk,Metropol AVM,0.0
2023-02-16,Sterilized skimmed milk,Viaport Outlet,0.0
2023-02-16,Sterilized skimmed milk,Zorlu Center,0.0
2023-02-16,Sterilized whole milk,Cevahir AVM,5.0
2023-02-16,Sterilized whole milk,Emaar Square Mall,0.0
2023-02-16,Sterilized whole milk,Forum Istanbul,5.0
2023-02-16,Sterilized whole milk,Istinye Park,3.0
2023-02-16,Sterilized whole milk,Kanyon,3.0
2023-02-16,Sterilized whole milk,Mall of Istanbul,4.0
2023-02-16,Sterilized whole milk,Metrocity,2.0
2023-02-16,Sterilized whole milk,Metropol AVM,0.0
2023-02-16,Sterilized whole milk,Viaport Outlet,0.0
2023-02-16,Sterilized whole milk,Zorlu Center,0.0
2023-02-16,Sweetened condensed milk,Cevahir AVM,0.0
2023-02-16,Sweetened condensed milk,Emaar Square Mall,0.0
2023-02-16,Sweetened condensed milk,Forum Istanbul,2.0
2023-02-16,Sweetened condensed milk,Istinye Park,3.0
2023-02-16,Sweetened condensed milk,Kanyon,2.0
2023-02-16,Sweetened condensed milk,Mall of Istanbul,0.0
2023-02-16,Sweetened condensed milk,Metrocity,1.0
2023-02-16,Sweetened condensed milk,Metropol AVM,0.0
2023-02-16,Sweetened condensed milk,Viaport Outlet,0.0
2023-02-16,Sweetened condensed milk,Zorlu Center,0.0
2023-02-16,Total powdered milk,Cevahir AVM,0.0
2023-02-16,Total powdered milk,Emaar Square Mall,0.0
2023-02-16,Total powdered milk,Forum Istanbul,0.0
2023-02-16,Total powdered milk,Istinye Park,0.0
2023-02-16,Total powdered milk,Kanyon,2.0
2023-02-16,Total powdered milk,Mall of Istanbul,0.0
2023-02-16,Total powdered milk,Metrocity,0.0
2023-02-16,Total powdered milk,Metropol AVM,3.0
2023-02-16,Total powdered milk,Viaport Outlet,0.0
2023-02-16,Total powdered milk,Zorlu Center,0.0
2023-02-16,Yogurt,Cevahir AVM,0.0
2023-02-16,Yogurt,Emaar Square Mall,0.0
2023-02-16,Yogurt,Forum Istanbul,0.0
2023-02-16,Yogurt,Istinye Park,1.0
2023-02-16,Yogurt,Kanyon,0.0
2023-02-16,Yogurt,Mall of Istanbul,0.0
2023-02-16,Yogurt,Metrocity,6.0
2023-02-16,Yogurt,Metropol AVM,1.0
2023-02-16,Yogurt,Viaport Outlet,0.0
2023-02-16,Yogurt,Zorlu Center,1.0
2023-02-16,chocolate milk,Cevahir AVM,0.0
2023-02-16,chocolate milk,Emaar Square Mall,3.0
2023-02-16,chocolate milk,Forum Istanbul,0.0
2023-02-16,chocolate milk,Istinye Park,0.0
2023-02-16,chocolate milk,Kanyon,0.0
2023-02-16,chocolate milk,Mall of Istanbul,5.0
2023-02-16,chocolate milk,Metrocity,4.0
2023-02-16,chocolate milk,Metropol AVM,4.0
2023-02-16,chocolate milk,Viaport Outlet,0.0
2023-02-16,chocolate milk,Zorlu Center,0.0
2023-02-17,Butter,Cevahir AVM,0.0
2023-02-17,Butter,Emaar Square Mall,0.0
2023-02-17,Butter,Forum Istanbul,0.0
2023-02-17,Butter,Istinye Park,0.0
2023-02-17,Butter,Kanyon,2.0
2023-02-17,Butter,Mall of Istanbul,0.0
2023-02-17,Butter,Metrocity,0.0
2023-02-17,Butter,Metropol AVM,0.0
2023-02-17,Butter,Viaport Outlet,0.0
2023-02-17,Butter,Zorlu Center,5.0
2023-02-17,Cheese,Cevahir AVM,0.0
2023-02-17,Cheese,Emaar Square Mall,0.0
2023-02-17,Cheese,Forum Istanbul,0.0
2023-02-17,Cheese,Istinye Park,0.0
2023-02-17,Cheese,Kanyon,0.0
2023-02-17,Cheese,Mall of Istanbul,3.0
2023-02-17,Cheese,Metrocity,9.0
2023-02-17,Cheese,Metropol AVM,0.0
2023-02-17,Cheese,Viaport Outlet,0.0
2023-02-17,Cheese,Zorlu Center,0.0
2023-02-17,Condensed milk,Cevahir AVM,0.0
2023-02-17,Condensed milk,Emaar Square Mall,0.0
2023-02-17,Condensed milk,Forum Istanbul,0.0
2023-02-17,Condensed milk,Istinye Park,0.0
2023-02-17,Condensed milk,Kanyon,5.0
2023-02-17,Condensed milk,Mall of Istanbul,0.0
2023-02-17,Condensed milk,Metrocity,6.0
2023-02-17,Condensed milk,Metropol AVM,2.0
2023-02-17,Condensed milk,Viaport Outlet,3.0
2023-02-17,Condensed milk,Zorlu Center,5.0
2023-02-17,Cream,Cevahir AVM,0.0
2023-02-17,Cream,Emaar Square Mall,0.0
2023-02-17,Cream,Forum Istanbul,1.0
2023-02-17,Cream,Istinye Park,0.0
2023-02-17,Cream,Kanyon,3.0
2023-02-17,Cream,Mall of Istanbul,0.0
2023-02-17,Cream,Metrocity,0.0
2023-02-17,Cream,Metropol AVM,0.0
2023-02-17,Cream,Viaport Outlet,0.0
2023-02-17,Cream,Zorlu Center,0.0
2023-02-17,Cultured milk,Cevahir AVM,0.0
2023-02-17,Cultured milk,Emaar Square Mall,0.0
2023-02-17,Cultured milk,Forum Istanbul,0.0
2023-02-17,Cultured milk,Istinye Park,0.0
2023-02-17,Cultured milk,Kanyon,5.0
2023-02-17,Cultured milk,Mall of Istanbul,0.0
2023-02-17,Cultured milk,Metrocity,2.0
2023-02-17,Cultured milk,Metropol AVM,0.0
2023-02-17,Cultured milk,Viaport Outlet,0.0
2023-02-17,Cultured milk,Zorlu Center,0.0
2023-02-17,Evaporated milk,Cevahir AVM,0.0
2023-02-17,Evaporated milk,Emaar Square Mall,0.0
2023-02-17,Evaporated milk,Forum Istanbul,0.0
2023-02-17,Evaporated milk,Istinye Park,2.0
2023-02-17,Evaporated milk,Kanyon,3.0
2023-02-17,Evaporated milk,Mall of Istanbul,0.0
2023-02-17,Evaporated milk,Metrocity,0.0
2023-02-17,Evaporated milk,Metropol AVM,0.0
2023-02-17,Evaporated milk,Viaport Outlet,0.0
2023-02-17,Evaporated milk,Zorlu Center,0.0
2023-02-17,Flavored sterilized milk,Cevahir AVM,0.0
2023-02-17,Flavored sterilized milk,Emaar Square Mall,0.0
2023-02-17,Flavored sterilized milk,Forum Istanbul,0.0
2023-02-17,Flavored sterilized milk,Istinye Park,4.0
2023-02-17,Flavored sterilized milk,Kanyon,6.0
2023-02-17,Flavored sterilized milk,Mall of Istanbul,1.0
2023-02-17,Flavored sterilized milk,Metrocity,3.0
2023-02-17,Flavored sterilized milk,Metropol AVM,3.0
2023-02-17,Flavored sterilized milk,Viaport Outlet,3.0
2023-02-17,Flavored sterilized milk,Zorlu Center,0.0
2023-02-17,Modified milk,Cevahir AVM,0.0
2023-02-17,Modified milk,Emaar Square Mall,0.0
2023-02-17,Modified milk,Forum Istanbul,4.0
2023-02-17,Modified milk,Istinye Park,0.0
2023-02-17,Modified milk,Kanyon,2.0
2023-02-17,Modified milk,Mall of Istanbul,7.0
2023-02-17,Modified milk,Metrocity,0.0
2023-02-17,Modified milk,Metropol AVM,5.0
2023-02-17,Modified milk,Viaport Outlet,0.0
2023-02-17,Modified milk,Zorlu Center,3.0
2023-02-17,Pasteurized milk 2.5% mg,Cevahir AVM,0.0
2023-02-17,Pasteurized milk 2.5% mg,Emaar Square Mall,0.0
2023-02-17,Pasteurized milk 2.5% mg,Forum Istanbul,0.0
2023-02-17,Pasteurized milk 2.5% mg,Istinye Park,0.0
2023-02-17,Pasteurized milk 2.5% mg,Kanyon,0.0
2023-02-17,Pasteurized milk 2.5% mg,Mall of Istanbul,0.0
2023-02-17,Pasteurized milk 2.5% mg,Metrocity,0.0
2023-02-17,Pasteurized milk 2.5% mg,Metropol AVM,0.0
2023-02-17,Pasteurized milk 2.5% mg,Viaport Outlet,0.0
2023-02-17,Pasteurized milk 2.5% mg,Zorlu Center,0.0
2023-02-17,Pasteurized milk 3.0% mg,Cevahir AVM,5.0
2023-02-17,Pasteurized milk 3.0% mg,Emaar Square Mall,0.0
2023-02-17,Pasteurized milk 3.0% mg,Forum Istanbul,3.0
2023-02-17,Pasteurized milk 3.0% mg,Istinye Park,0.0
2023-02-17,Pasteurized milk 3.0% mg,Kanyon,6.0
2023-02-17,Pasteurized milk 3.0% mg,Mall of Istanbul,0.0
2023-02-17,Pasteurized milk 3.0% mg,Metrocity,3.0
2023-02-17,Pasteurized milk 3.0% mg,Metropol AVM,0.0
2023-02-17,Pasteurized milk 3.0% mg,Viaport Outlet,2.0
2023-02-17,Pasteurized milk 3.0% mg,Zorlu Center,0.0
2023-02-17,Powdered milk 12% mg,Cevahir AVM,0.0
2023-02-17,Powdered milk 12% mg,Emaar Square Mall,0.0
2023-02-17,Powdered milk 12% mg,Forum Istanbul,0.0
2023-02-17,Powdered milk 12% mg,Istinye Park,4.0
2023-02-17,Powdered milk 12% mg,Kanyon,10.0
2023-02-17,Powdered milk 12% mg,Mall of Istanbul,6.0
2023-02-17,Powdered milk 12% mg,Metrocity,9.0
2023-02-17,Powdered milk 12% mg,Metropol AVM,0.0
2023-02-17,Powdered milk 12% mg,Viaport Outlet,1.0
2023-02-17,Powdered milk 12% mg,Zorlu Center,0.0
2023-02-17,Powdered milk 18% mg,Cevahir AVM,0.0
2023-02-17,Powdered milk 18% mg,Emaar Square Mall,0.0
2023-02-17,Powdered milk 18% mg,Forum Istanbul,0.0
2023-02-17,Powdered milk 18% mg,Istinye Park,8.0
2023-02-17,Powdered milk 18% mg,Kanyon,3.0
2023-02-17,Powdered milk 18% mg,Mall of Istanbul,2.0
2023-02-17,Powdered milk 18% mg,Metrocity,0.0
2023-02-17,Powdered milk 18% mg,Metropol AVM,0.0
2023-02-17,Powdered milk 18% mg,Viaport Outlet,0.0
2023-02-17,Powdered milk 18% mg,Zorlu Center,2.0
2023-02-17,Powdered milk 20% mg,Cevahir AVM,0.0
2023-02-17,Powdered milk 20% mg,Emaar Square Mall,0.0
2023-02-17,Powdered milk 20% mg,Forum Istanbul,0.0
2023-02-17,Powdered milk 20% mg,Istinye Park,0.0
2023-02-17,Powdered milk 20% mg,Kanyon,0.0
2023-02-17,Powdered milk 20% mg,Mall of Istanbul,6.0
2023-02-17,Powdered milk 20% mg,Metrocity,0.0
2023-02-17,Powdered milk 20% mg,Metropol AVM,0.0
2023-02-17,Powdered milk 20% mg,Viaport Outlet,0.0
2023-02-17,Powdered milk 20% mg,Zorlu Center,0.0
2023-02-17,Powdered milk 26% mg,Cevahir AVM,0.0
2023-02-17,Powdered milk 26% mg,Emaar Square Mall,0.0
2023-02-17,Powdered milk 26% mg,Forum Istanbul,2.0
2023-02-17,Powdered milk 26% mg,Istinye Park,2.0
2023-02-17,Powdered milk 26% mg,Kanyon,1.0
2023-02-17,Powdered milk 26% mg,Mall of Istanbul,13.0
2023-02-17,Powdered milk 26% mg,Metrocity,7.0
2023-02-17,Powdered milk 26% mg,Metropol AVM,0.0
2023-02-17,Powdered milk 26% mg,Viaport Outlet,0.0
2023-02-17,Powdered milk 26% mg,Zorlu Center,6.0
2023-02-17,Powdered milk 28% mg,Cevahir AVM,0.0
2023-02-17,Powdered milk 28% mg,Emaar Square Mall,0.0
2023-02-17,Powdered milk 28% mg,Forum Istanbul,0.0
2023-02-17,Powdered milk 28% mg,Istinye Park,0.0
2023-02-17,Powdered milk 28% mg,Kanyon,5.0
2023-02-17,Powdered milk 28% mg,Mall of Istanbul,6.0
2023-02-17,Powdered milk 28% mg,Metrocity,0.0
2023-02-17,Powdered milk 28% mg,Metropol AVM,3.0
2023-02-17,Powdered milk 28% mg,Viaport Outlet,0.0
2023-02-17,Powdered milk 28% mg,Zorlu Center,0.0
2023-02-17,Powdered whey,Cevahir AVM,4.0
2023-02-17,Powdered whey,Emaar Square Mall,0.0
2023-02-17,Powdered whey,Forum Istanbul,0.0
2023-02-17,Powdered whey,Istinye Park,4.0
2023-02-17,Powdered whey,Kanyon,0.0
2023-02-17,Powdered whey,Mall of Istanbul,4.0
2023-02-17,Powdered whey,Metrocity,0.0
2023-02-17,Powdered whey,Metropol AVM,0.0
2023-02-17,Powdered whey,Viaport Outlet,0.0
2023-02-17,Powdered whey,Zorlu Center,0.0
2023-02-17,Skimmed pasteurized milk,Cevahir AVM,0.0
2023-02-17,Skimmed pasteurized milk,Emaar Square Mall,0.0
2023-02-17,Skimmed pasteurized milk,Forum Istanbul,0.0
2023-02-17,Skimmed pasteurized milk,Istinye Park,1.0
2023-02-17,Skimmed pasteurized milk,Kanyon,9.0
2023-02-17,Skimmed pasteurized milk,Mall of Istanbul,6.0
2023-02-17,Skimmed pasteurized milk,Metrocity,0.0
2023-02-17,Skimmed pasteurized milk,Metropol AVM,6.0
2023-02-17,Skimmed pasteurized milk,Viaport Outlet,0.0
2023-02-17,Skimmed pasteurized milk,Zorlu Center,0.0
2023-02-17,Skimmed powdered milk,Cevahir AVM,3.0
2023-02-17,Skimmed powdered milk,Emaar Square Mall,0.0
2023-02-17,Skimmed powdered milk,Forum Istanbul,2.0
2023-02-17,Skimmed powdered milk,Istinye Park,0.0
2023-02-17,Skimmed powdered milk,Kanyon,0.0
2023-02-17,Skimmed powdered milk,Mall of Istanbul,4.0
2023-02-17,Skimmed powdered milk,Metrocity,3.0
2023-02-17,Skimmed powdered milk,Metropol AVM,0.0
2023-02-17,Skimmed powdered milk,Viaport Outlet,0.0
2023-02-17,Skimmed powdered milk,Zorlu Center,0.0
2023-02-17,Small cheese,Cevahir AVM,0.0
2023-02-17,Small cheese,Emaar Square Mall,0.0
2023-02-17,Small cheese,Forum Istanbul,2.0
2023-02-17,Small cheese,Istinye Park,4.0
2023-02-17,Small cheese,Kanyon,3.0
2023-02-17,Small cheese,Mall of Istanbul,5.0
2023-02-17,Small cheese,Metrocity,1.0
2023-02-17,Small cheese,Metropol AVM,0.0
2023-02-17,Small cheese,Viaport Outlet,0.0
2023-02-17,Small cheese,Zorlu Center,0.0
2023-02-17,Sterilized semi-skimmed milk,Cevahir AVM,3.0
2023-02-17,Sterilized semi-skimmed milk,Emaar Square Mall,3.0
2023-02-17,Sterilized semi-skimmed milk,Forum Istanbul,0.0
2023-02-17,Sterilized semi-skimmed milk,Istinye Park,0.0
2023-02-17,Sterilized semi-skimmed milk,Kanyon,0.0
2023-02-17,Sterilized semi-skimmed milk,Mall of Istanbul,8.0
2023-02-17,Sterilized semi-skimmed milk,Metrocity,3.0
2023-02-17,Sterilized semi-skimmed milk,Metropol AVM,4.0
2023-02-17,Sterilized semi-skimmed milk,Viaport Outlet,0.0
2023-02-17,Sterilized semi-skimmed milk,Zorlu Center,0.0
2023-02-17,Sterilized skimmed milk,Cevahir AVM,5.0
2023-02-17,Sterilized skimmed milk,Emaar Square Mall,0.0
2023-02-17,Sterilized skimmed milk,Forum Istanbul,0.0
2023-02-17,Sterilized skimmed milk,Istinye Park,3.0
2023-02-17,Sterilized skimmed milk,Kanyon,1.0
2023-02-17,Sterilized skimmed milk,Mall of Istanbul,0.0
2023-02-17,Sterilized skimmed milk,Metrocity,3.0
2023-02-17,Sterilized skimmed milk,Metropol AVM,0.0
2023-02-17,Sterilized skimmed milk,Viaport Outlet,0.0
2023-02-17,Sterilized skimmed milk,Zorlu Center,0.0
2023-02-17,Sterilized whole milk,Cevahir AVM,0.0
2023-02-17,Sterilized whole milk,Emaar Square Mall,0.0
2023-02-17,Sterilized whole milk,Forum Istanbul,0.0
2023-02-17,Sterilized whole milk,Istinye Park,1.0
2023-02-17,Sterilized whole milk,Kanyon,0.0
2023-02-17,Sterilized whole milk,Mall of Istanbul,4.0
2023-02-17,Sterilized whole milk,Metrocity,2.0
2023-02-17,Sterilized whole milk,Metropol AVM,0.0
2023-02-17,Sterilized whole milk,Viaport Outlet,0.0
2023-02-17,Sterilized whole milk,Zorlu Center,2.0
2023-02-17,Sweetened condensed milk,Cevahir AVM,5.0
2023-02-17,Sweetened condensed milk,Emaar Square Mall,0.0
2023-02-17,Sweetened condensed milk,Forum Istanbul,0.0
2023-02-17,Sweetened condensed milk,Istinye Park,3.0
2023-02-17,Sweetened condensed milk,Kanyon,4.0
2023-02-17,Sweetened condensed milk,Mall of Istanbul,2.0
2023-02-17,Sweetened condensed milk,Metrocity,0.0
2023-02-17,Sweetened condensed milk,Metropol AVM,0.0
2023-02-17,Sweetened condensed milk,Viaport Outlet,0.0
2023-02-17,Sweetened condensed milk,Zorlu Center,0.0
2023-02-17,Total powdered milk,Cevahir AVM,0.0
2023-02-17,Total powdered milk,Emaar Square Mall,0.0
2023-02-17,Total powdered milk,Forum Istanbul,0.0
2023-02-17,Total powdered milk,Istinye Park,1.0
2023-02-17,Total powdered milk,Kanyon,1.0
2023-02-17,Total powdered milk,Mall of Istanbul,5.0
2023-02-17,Total powdered milk,Metrocity,1.0
2023-02-17,Total powdered milk,Metropol AVM,0.0
2023-02-17,Total powdered milk,Viaport Outlet,4.0
2023-02-17,Total powdered milk,Zorlu Center,0.0
2023-02-17,Yogurt,Cevahir AVM,1.0
2023-02-17,Yogurt,Emaar Square Mall,0.0
2023-02-17,Yogurt,Forum Istanbul,0.0
2023-02-17,Yogurt,Istinye Park,2.0
2023-02-17,Yogurt,Kanyon,8.0
2023-02-17,Yogurt,Mall of Istanbul,0.0
2023-02-17,Yogurt,Metrocity,2.0
2023-02-17,Yogurt,Metropol AVM,0.0
2023-02-17,Yogurt,Viaport Outlet,2.0
2023-02-17,Yogurt,Zorlu Center,0.0
2023-02-17,chocolate milk,Cevahir AVM,0.0
2023-02-17,chocolate milk,Emaar Square Mall,0.0
2023-02-17,chocolate milk,Forum Istanbul,0.0
2023-02-17,chocolate milk,Istinye Park,3.0
2023-02-17,chocolate milk,Kanyon,10.0
2023-02-17,chocolate milk,Mall of Istanbul,0.0
2023-02-17,chocolate milk,Metrocity,0.0
2023-02-17,chocolate milk,Metropol AVM,4.0
2023-02-17,chocolate milk,Viaport Outlet,0.0
2023-02-17,chocolate milk,Zorlu Center,0.0
2023-02-18,Butter,Cevahir AVM,0.0
2023-02-18,Butter,Emaar Square Mall,0.0
2023-02-18,Butter,Forum Istanbul,0.0
2023-02-18,Butter,Istinye Park,5.0
2023-02-18,Butter,Kanyon,0.0
2023-02-18,Butter,Mall of Istanbul,5.0
2023-02-18,Butter,Metrocity,2.0
2023-02-18,Butter,Metropol AVM,4.0
2023-02-18,Butter,Viaport Outlet,3.0
2023-02-18,Butter,Zorlu Center,0.0
2023-02-18,Cheese,Cevahir AVM,0.0
2023-02-18,Cheese,Emaar Square Mall,1.0
2023-02-18,Cheese,Forum Istanbul,0.0
2023-02-18,Cheese,Istinye Park,4.0
2023-02-18,Cheese,Kanyon,14.0
2023-02-18,Cheese,Mall of Istanbul,0.0
2023-02-18,Cheese,Metrocity,0.0
2023-02-18,Cheese,Metropol AVM,0.0
2023-02-18,Cheese,Viaport Outlet,0.0
2023-02-18,Cheese,Zorlu Center,0.0
2023-02-18,Condensed milk,Cevahir AVM,0.0
2023-02-18,Condensed milk,Emaar Square Mall,0.0
2023-02-18,Condensed milk,Forum Istanbul,0.0
2023-02-18,Condensed milk,Istinye Park,0.0
2023-02-18,Condensed milk,Kanyon,9.0
2023-02-18,Condensed milk,Mall of Istanbul,6.0
2023-02-18,Condensed milk,Metrocity,0.0
2023-02-18,Condensed milk,Metropol AVM,0.0
2023-02-18,Condensed milk,Viaport Outlet,0.0
2023-02-18,Condensed milk,Zorlu Center,0.0
2023-02-18,Cream,Cevahir AVM,0.0
2023-02-18,Cream,Emaar Square Mall,3.0
2023-02-18,Cream,Forum Istanbul,1.0
2023-02-18,Cream,Istinye Park,5.0
2023-02-18,Cream,Kanyon,4.0
2023-02-18,Cream,Mall of Istanbul,2.0
2023-02-18,Cream,Metrocity,3.0
2023-02-18,Cream,Metropol AVM,3.0
2023-02-18,Cream,Viaport Outlet,1.0
2023-02-18,Cream,Zorlu Center,0.0
2023-02-18,Cultured milk,Cevahir AVM,5.0
2023-02-18,Cultured milk,Emaar Square Mall,1.0
2023-02-18,Cultured milk,Forum Istanbul,3.0
2023-02-18,Cultured milk,Istinye Park,5.0
2023-02-18,Cultured milk,Kanyon,0.0
2023-02-18,Cultured milk,Mall of Istanbul,4.0
2023-02-18,Cultured milk,Metrocity,4.0
2023-02-18,Cultured milk,Metropol AVM,0.0
2023-02-18,Cultured milk,Viaport Outlet,0.0
2023-02-18,Cultured milk,Zorlu Center,0.0
2023-02-18,Evaporated milk,Cevahir AVM,0.0
2023-02-18,Evaporated milk,Emaar Square Mall,0.0
2023-02-18,Evaporated milk,Forum Istanbul,0.0
2023-02-18,Evaporated milk,Istinye Park,2.0
2023-02-18,Evaporated milk,Kanyon,8.0
2023-02-18,Evaporated milk,Mall of Istanbul,3.0
2023-02-18,Evaporated milk,Metrocity,0.0
2023-02-18,Evaporated milk,Metropol AVM,0.0
2023-02-18,Evaporated milk,Viaport Outlet,0.0
2023-02-18,Evaporated milk,Zorlu Center,0.0
2023-02-18,Flavored sterilized milk,Cevahir AVM,0.0
2023-02-18,Flavored sterilized milk,Emaar Square Mall,0.0
2023-02-18,Flavored sterilized milk,Forum Istanbul,4.0
2023-02-18,Flavored sterilized milk,Istinye Park,2.0
2023-02-18,Flavored sterilized milk,Kanyon,4.0
2023-02-18,Flavored sterilized milk,Mall of Istanbul,9.0
2023-02-18,Flavored sterilized milk,Metrocity,5.0
2023-02-18,Flavored sterilized milk,Metropol AVM,0.0
2023-02-18,Flavored sterilized milk,Viaport Outlet,0.0
2023-02-18,Flavored sterilized milk,Zorlu Center,0.0
2023-02-18,Modified milk,Cevahir AVM,0.0
2023-02-18,Modified milk,Emaar Square Mall,2.0
2023-02-18,Modified milk,Forum Istanbul,0.0
2023-02-18,Modified milk,Istinye Park,4.0
2023-02-18,Modified milk,Kanyon,0.0
2023-02-18,Modified milk,Mall of Istanbul,0.0
2023-02-18,Modified milk,Metrocity,0.0
2023-02-18,Modified milk,Metropol AVM,1.0
2023-02-18,Modified milk,Viaport Outlet,0.0
2023-02-18,Modified milk,Zorlu Center,0.0
2023-02-18,Pasteurized milk 2.5% mg,Cevahir AVM,0.0
2023-02-18,Pasteurized milk 2.5% mg,Emaar Square Mall,0.0
2023-02-18,Pasteurized milk 2.5% mg,Forum Istanbul,3.0
2023-02-18,Pasteurized milk 2.5% mg,Istinye Park,0.0
2023-02-18,Pasteurized milk 2.5% mg,Kanyon,2.0
2023-02-18,Pasteurized milk 2.5% mg,Mall of Istanbul,8.0
2023-02-18,Pasteurized milk 2.5% mg,Metrocity,4.0
2023-02-18,Pasteurized milk 2.5% mg,Metropol AVM,4.0
2023-02-18,Pasteurized milk 2.5% mg,Viaport Outlet,0.0
2023-02-18,Pasteurized milk 2.5% mg,Zorlu Center,3.0
2023-02-18,Pasteurized milk 3.0% mg,Cevahir AVM,1.0
2023-02-18,Pasteurized milk 3.0% mg,Emaar Square Mall,4.0
2023-02-18,Pasteurized milk 3.0% mg,Forum Istanbul,0.0
2023-02-18,Pasteurized milk 3.0% mg,Istinye Park,5.0
2023-02-18,Pasteurized milk 3.0% mg,Kanyon,5.0
2023-02-18,Pasteurized milk 3.0% mg,Mall of Istanbul,0.0
2023-02-18,Pasteurized milk 3.0% mg,Metrocity,1.0
2023-02-18,Pasteurized milk 3.0% mg,Metropol AVM,0.0
2023-02-18,Pasteurized milk 3.0% mg,Viaport Outlet,0.0
2023-02-18,Pasteurized milk 3.0% mg,Zorlu Center,1.0
2023-02-18,Powdered milk 12% mg,Cevahir AVM,0.0
2023-02-18,Powdered milk 12% mg,Emaar Square Mall,0.0
2023-02-18,Powdered milk 12% mg,Forum Istanbul,0.0
2023-02-18,Powdered milk 12% mg,Istinye Park,0.0
2023-02-18,Powdered milk 12% mg,Kanyon,4.0
2023-02-18,Powdered milk 12% mg,Mall of Istanbul,0.0
2023-02-18,Powdered milk 12% mg,Metrocity,4.0
2023-02-18,Powdered milk 12% mg,Metropol AVM,2.0
2023-02-18,Powdered milk 12% mg,Viaport Outlet,0.0
2023-02-18,Powdered milk 12% mg,Zorlu Center,5.0
2023-02-18,Powdered milk 18% mg,Cevahir AVM,0.0
2023-02-18,Powdered milk 18% mg,Emaar Square Mall,4.0
2023-02-18,Powdered milk 18% mg,Forum Istanbul,0.0
2023-02-18,Powdered milk 18% mg,Istinye Park,4.0
2023-02-18,Powdered milk 18% mg,Kanyon,5.0
2023-02-18,Powdered milk 18% mg,Mall of Istanbul,3.0
2023-02-18,Powdered milk 18% mg,Metrocity,0.0
2023-02-18,Powdered milk 18% mg,Metropol AVM,4.0
2023-02-18,Powdered milk 18% mg,Viaport Outlet,0.0
2023-02-18,Powdered milk 18% mg,Zorlu Center,0.0
2023-02-18,Powdered milk 20% mg,Cevahir AVM,0.0
2023-02-18,Powdered milk 20% mg,Emaar Square Mall,0.0
2023-02-18,Powdered milk 20% mg,Forum Istanbul,0.0
2023-02-18,Powdered milk 20% mg,Istinye Park,0.0
2023-02-18,Powdered milk 20% mg,Kanyon,4.0
2023-02-18,Powdered milk 20% mg,Mall of Istanbul,0.0
2023-02-18,Powdered milk 20% mg,Metrocity,4.0
2023-02-18,Powdered milk 20% mg,Metropol AVM,6.0
2023-02-18,Powdered milk 20% mg,Viaport Outlet,3.0
2023-02-18,Powdered milk 20% mg,Zorlu Center,0.0
2023-02-18,Powdered milk 26% mg,Cevahir AVM,0.0
2023-02-18,Powdered milk 26% mg,Emaar Square Mall,0.0
2023-02-18,Powdered milk 26% mg,Forum Istanbul,3.0
2023-02-18,Powdered milk 26% mg,Istinye Park,0.0
2023-02-18,Powdered milk 26% mg,Kanyon,0.0
2023-02-18,Powdered milk 26% mg,Mall of Istanbul,2.0
2023-02-18,Powdered milk 26% mg,Metrocity,0.0
2023-02-18,Powdered milk 26% mg,Metropol AVM,0.0
2023-02-18,Powdered milk 26% mg,Viaport Outlet,0.0
2023-02-18,Powdered milk 26% mg,Zorlu Center,6.0
2023-02-18,Powdered milk 28% mg,Cevahir AVM,0.0
2023-02-18,Powdered milk 28% mg,Emaar Square Mall,0.0
2023-02-18,Powdered milk 28% mg,Forum Istanbul,0.0
2023-02-18,Powdered milk 28% mg,Istinye Park,0.0
2023-02-18,Powdered milk 28% mg,Kanyon,0.0
2023-02-18,Powdered milk 28% mg,Mall of Istanbul,0.0
2023-02-18,Powdered milk 28% mg,Metrocity,4.0
2023-02-18,Powdered milk 28% mg,Metropol AVM,1.0
2023-02-18,Powdered milk 28% mg,Viaport Outlet,0.0
2023-02-18,Powdered milk 28% mg,Zorlu Center,0.0
2023-02-18,Powdered whey,Cevahir AVM,0.0
2023-02-18,Powdered whey,Emaar Square Mall,0.0
2023-02-18,Powdered whey,Forum Istanbul,0.0
2023-02-18,Powdered whey,Istinye Park,0.0
2023-02-18,Powdered whey,Kanyon,2.0
2023-02-18,Powdered whey,Mall of Istanbul,5.0
2023-02-18,Powdered whey,Metrocity,5.0
2023-02-18,Powdered whey,Metropol AVM,4.0
2023-02-18,Powdered whey,Viaport Outlet,0.0
2023-02-18,Powdered whey,Zorlu Center,0.0
2023-02-18,Skimmed pasteurized milk,Cevahir AVM,0.0
2023-02-18,Skimmed pasteurized milk,Emaar Square Mall,1.0
2023-02-18,Skimmed pasteurized milk,Forum Istanbul,0.0
2023-02-18,Skimmed pasteurized milk,Istinye Park,0.0
2023-02-18,Skimmed pasteurized milk,Kanyon,1.0
2023-02-18,Skimmed pasteurized milk,Mall of Istanbul,0.0
2023-02-18,Skimmed pasteurized milk,Metrocity,4.0
2023-02-18,Skimmed pasteurized milk,Metropol AVM,4.0
2023-02-18,Skimmed pasteurized milk,Viaport Outlet,0.0
2023-02-18,Skimmed pasteurized milk,Zorlu Center,1.0
2023-02-18,Skimmed powdered milk,Cevahir AVM,0.0
2023-02-18,Skimmed powdered milk,Emaar Square Mall,0.0
2023-02-18,Skimmed powdered milk,Forum Istanbul,6.0
2023-02-18,Skimmed powdered milk,Istinye Park,5.0
2023-02-18,Skimmed powdered milk,Kanyon,9.0
2023-02-18,Skimmed powdered milk,Mall of Istanbul,1.0
2023-02-18,Skimmed powdered milk,Metrocity,0.0
2023-02-18,Skimmed powdered milk,Metropol AVM,0.0
2023-02-18,Skimmed powdered milk,Viaport Outlet,0.0
2023-02-18,Skimmed powdered milk,Zorlu Center,0.0
2023-02-18,Small cheese,Cevahir AVM,5.0
2023-02-18,Small cheese,Emaar Square Mall,0.0
2023-02-18,Small cheese,Forum Istanbul,0.0
2023-02-18,Small cheese,Istinye Park,0.0
2023-02-18,Small cheese,Kanyon,0.0
2023-02-18,Small cheese,Mall of Istanbul,0.0
2023-02-18,Small cheese,Metrocity,3.0
2023-02-18,Small cheese,Metropol AVM,1.0
2023-02-18,Small cheese,Viaport Outlet,0.0
2023-02-18,Small cheese,Zorlu Center,0.0
2023-02-18,Sterilized semi-skimmed milk,Cevahir AVM,2.0
2023-02-18,Sterilized semi-skimmed milk,Emaar Square Mall,0.0
2023-02-18,Sterilized semi-skimmed milk,Forum Istanbul,0.0
2023-02-18,Sterilized semi-skimmed milk,Istinye Park,1.0
2023-02-18,Sterilized semi-skimmed milk,Kanyon,4.0
2023-02-18,Sterilized semi-skimmed milk,Mall of Istanbul,1.0
2023-02-18,Sterilized semi-skimmed milk,Metrocity,0.0
2023-02-18,Sterilized semi-skimmed milk,Metropol AVM,2.0
2023-02-18,Sterilized semi-skimmed milk,Viaport Outlet,0.0
2023-02-18,Sterilized semi-skimmed milk,Zorlu Center,0.0
2023-02-18,Sterilized skimmed milk,Cevahir AVM,0.0
2023-02-18,Sterilized skimmed milk,Emaar Square Mall,4.0
2023-02-18,Sterilized skimmed milk,Forum Istanbul,0.0
2023-02-18,Sterilized skimmed milk,Istinye Park,0.0
2023-02-18,Sterilized skimmed milk,Kanyon,1.0
2023-02-18,Sterilized skimmed milk,Mall of Istanbul,2.0
2023-02-18,Sterilized skimmed milk,Metrocity,3.0
2023-02-18,Sterilized skimmed milk,Metropol AVM,0.0
2023-02-18,Sterilized skimmed milk,Viaport Outlet,0.0
2023-02-18,Sterilized skimmed milk,Zorlu Center,0.0
2023-02-18,Sterilized whole milk,Cevahir AVM,3.0
2023-02-18,Sterilized whole milk,Emaar Square Mall,0.0
2023-02-18,Sterilized whole milk,Forum Istanbul,0.0
2023-02-18,Sterilized whole milk,Istinye Park,7.0
2023-02-18,Sterilized whole milk,Kanyon,2.0
2023-02-18,Sterilized whole milk,Mall of Istanbul,5.0
2023-02-18,Sterilized whole milk,Metrocity,8.0
2023-02-18,Sterilized whole milk,Metropol AVM,0.0
2023-02-18,Sterilized whole milk,Viaport Outlet,0.0
2023-02-18,Sterilized whole milk,Zorlu Center,4.0
2023-02-18,Sweetened condensed milk,Cevahir AVM,0.0
2023-02-18,Sweetened condensed milk,Emaar Square Mall,0.0
2023-02-18,Sweetened condensed milk,Forum Istanbul,5.0
2023-02-18,Sweetened condensed milk,Istinye Park,0.0
2023-02-18,Sweetened condensed milk,Kanyon,0.0
2023-02-18,Sweetened condensed milk,Mall of Istanbul,1.0
2023-02-18,Sweetened condensed milk,Metrocity,0.0
2023-02-18,Sweetened condensed milk,Metropol AVM,4.0
2023-02-18,Sweetened condensed milk,Viaport Outlet,3.0
2023-02-18,Sweetened condensed milk,Zorlu Center,0.0
2023-02-18,Total powdered milk,Cevahir AVM,0.0
2023-02-18,Total powdered milk,Emaar Square Mall,0.0
2023-02-18,Total powdered milk,Forum Istanbul,1.0
2023-02-18,Total powdered milk,Istinye Park,3.0
2023-02-18,Total powdered milk,Kanyon,2.0
2023-02-18,Total powdered milk,Mall of Istanbul,0.0
2023-02-18,Total powdered milk,Metrocity,0.0
2023-02-18,Total powdered milk,Metropol AVM,2.0
2023-02-18,Total powdered milk,Viaport Outlet,0.0
2023-02-18,Total powdered milk,Zorlu Center,0.0
2023-02-18,Yogurt,Cevahir AVM,0.0
2023-02-18,Yogurt,Emaar Square Mall,0.0
2023-02-18,Yogurt,Forum Istanbul,0.0
2023-02-18,Yogurt,Istinye Park,3.0
2023-02-18,Yogurt,Kanyon,3.0
2023-02-18,Yogurt,Mall of Istanbul,5.0
2023-02-18,Yogurt,Metrocity,0.0
2023-02-18,Yogurt,Metropol AVM,0.0
2023-02-18,Yogurt,Viaport Outlet,0.0
2023-02-18,Yogurt,Zorlu Center,5.0
2023-02-18,chocolate milk,Cevahir AVM,0.0
2023-02-18,chocolate milk,Emaar Square Mall,0.0
2023-02-18,chocolate milk,Forum Istanbul,5.0
2023-02-18,chocolate milk,Istinye Park,0.0
2023-02-18,chocolate milk,Kanyon,4.0
2023-02-18,chocolate milk,Mall of Istanbul,0.0
2023-02-18,chocolate milk,Metrocity,0.0
2023-02-18,chocolate milk,Metropol AVM,0.0
2023-02-18,chocolate milk,Viaport Outlet,0.0
2023-02-18,chocolate milk,Zorlu Center,0.0
2023-02-19,Butter,Cevahir AVM,0.0
2023-02-19,Butter,Emaar Square Mall,0.0
2023-02-19,Butter,Forum Istanbul,0.0
2023-02-19,Butter,Istinye Park,3.0
2023-02-19,Butter,Kanyon,0.0
2023-02-19,Butter,Mall of Istanbul,0.0
2023-02-19,Butter,Metrocity,0.0
2023-02-19,Butter,Metropol AVM,4.0
2023-02-19,Butter,Viaport Outlet,0.0
2023-02-19,Butter,Zorlu Center,0.0
2023-02-19,Cheese,Cevahir AVM,5.0
2023-02-19,Cheese,Emaar Square Mall,0.0
2023-02-19,Cheese,Forum Istanbul,5.0
2023-02-19,Cheese,Istinye Park,3.0
2023-02-19,Cheese,Kanyon,2.0
2023-02-19,Cheese,Mall of Istanbul,1.0
2023-02-19,Cheese,Metrocity,0.0
2023-02-19,Cheese,Metropol AVM,4.0
2023-02-19,Cheese,Viaport Outlet,0.0
2023-02-19,Cheese,Zorlu Center,0.0
2023-02-19,Condensed milk,Cevahir AVM,2.0
2023-02-19,Condensed milk,Emaar Square Mall,0.0
2023-02-19,Condensed milk,Forum Istanbul,0.0
2023-02-19,Condensed milk,Istinye Park,3.0
2023-02-19,Condensed milk,Kanyon,3.0
2023-02-19,Condensed milk,Mall of Istanbul,10.0
2023-02-19,Condensed milk,Metrocity,6.0
2023-02-19,Condensed milk,Metropol AVM,0.0
2023-02-19,Condensed milk,Viaport Outlet,0.0
2023-02-19,Condensed milk,Zorlu Center,0.0
2023-02-19,Cream,Cevahir AVM,3.0
2023-02-19,Cream,Emaar Square Mall,0.0
2023-02-19,Cream,Forum Istanbul,0.0
2023-02-19,Cream,Istinye Park,0.0
2023-02-19,Cream,Kanyon,4.0
2023-02-19,Cream,Mall of Istanbul,5.0
2023-02-19,Cream,Metrocity,0.0
2023-02-19,Cream,Metropol AVM,0.0
2023-02-19,Cream,Viaport Outlet,0.0
2023-02-19,Cream,Zorlu Center,0.0
2023-02-19,Cultured milk,Cevahir AVM,0.0
2023-02-19,Cultured milk,Emaar Square Mall,0.0
2023-02-19,Cultured milk,Forum Istanbul,0.0
2023-02-19,Cultured milk,Istinye Park,6.0
2023-02-19,Cultured milk,Kanyon,9.0
2023-02-19,Cultured milk,Mall of Istanbul,3.0
2023-02-19,Cultured milk,Metrocity,3.0
2023-02-19,Cultured milk,Metropol AVM,0.0
2023-02-19,Cultured milk,Viaport Outlet,0.0
2023-02-19,Cultured milk,Zorlu Center,0.0
2023-02-19,Evaporated milk,Cevahir AVM,0.0
2023-02-19,Evaporated milk,Emaar Square Mall,0.0
2023-02-19,Evaporated milk,Forum Istanbul,0.0
2023-02-19,Evaporated milk,Istinye Park,0.0
2023-02-19,Evaporated milk,Kanyon,10.0
2023-02-19,Evaporated milk,Mall of Istanbul,3.0
2023-02-19,Evaporated milk,Metrocity,1.0
2023-02-19,Evaporated milk,Metropol AVM,0.0
2023-02-19,Evaporated milk,Viaport Outlet,5.0
2023-02-19,Evaporated milk,Zorlu Center,0.0
2023-02-19,Flavored sterilized milk,Cevahir AVM,0.0
2023-02-19,Flavored sterilized milk,Emaar Square Mall,2.0
2023-02-19,Flavored sterilized milk,Forum Istanbul,0.0
2023-02-19,Flavored sterilized milk,Istinye Park,0.0
2023-02-19,Flavored sterilized milk,Kanyon,0.0
2023-02-19,Flavored sterilized milk,Mall of Istanbul,0.0
2023-02-19,Flavored sterilized milk,Metrocity,0.0
2023-02-19,Flavored sterilized milk,Metropol AVM,0.0
2023-02-19,Flavored sterilized milk,Viaport Outlet,0.0
2023-02-19,Flavored sterilized milk,Zorlu Center,0.0
2023-02-19,Modified milk,Cevahir AVM,0.0
2023-02-19,Modified milk,Emaar Square Mall,0.0
2023-02-19,Modified milk,Forum Istanbul,5.0
2023-02-19,Modified milk,Istinye Park,0.0
2023-02-19,Modified milk,Kanyon,2.0
2023-02-19,Modified milk,Mall of Istanbul,0.0
2023-02-19,Modified milk,Metrocity,5.0
2023-02-19,Modified milk,Metropol AVM,0.0
2023-02-19,Modified milk,Viaport Outlet,0.0
2023-02-19,Modified milk,Zorlu Center,0.0
2023-02-19,Pasteurized milk 2.5% mg,Cevahir AVM,0.0
2023-02-19,Pasteurized milk 2.5% mg,Emaar Square Mall,0.0
2023-02-19,Pasteurized milk 2.5% mg,Forum Istanbul,0.0
2023-02-19,Pasteurized milk 2.5% mg,Istinye Park,0.0
2023-02-19,Pasteurized milk 2.5% mg,Kanyon,0.0
2023-02-19,Pasteurized milk 2.5% mg,Mall of Istanbul,0.0
2023-02-19,Pasteurized milk 2.5% mg,Metrocity,4.0
2023-02-19,Pasteurized milk 2.5% mg,Metropol AVM,0.0
2023-02-19,Pasteurized milk 2.5% mg,Viaport Outlet,0.0
2023-02-19,Pasteurized milk 2.5% mg,Zorlu Center,3.0
2023-02-19,Pasteurized milk 3.0% mg,Cevahir AVM,5.0
2023-02-19,Pasteurized milk 3.0% mg,Emaar Square Mall,0.0
2023-02-19,Pasteurized milk 3.0% mg,Forum Istanbul,0.0
2023-02-19,Pasteurized milk 3.0% mg,Istinye Park,0.0
2023-02-19,Pasteurized milk 3.0% mg,Kanyon,2.0
2023-02-19,Pasteurized milk 3.0% mg,Mall of Istanbul,5.0
2023-02-19,Pasteurized milk 3.0% mg,Metrocity,0.0
2023-02-19,Pasteurized milk 3.0% mg,Metropol AVM,0.0
2023-02-19,Pasteurized milk 3.0% mg,Viaport Outlet,0.0
2023-02-19,Pasteurized milk 3.0% mg,Zorlu Center,2.0
2023-02-19,Powdered milk 12% mg,Cevahir AVM,5.0
2023-02-19,Powdered milk 12% mg,Emaar Square Mall,2.0
2023-02-19,Powdered milk 12% mg,Forum Istanbul,0.0
2023-02-19,Powdered milk 12% mg,Istinye Park,4.0
2023-02-19,Powdered milk 12% mg,Kanyon,0.0
2023-02-19,Powdered milk 12% mg,Mall of Istanbul,0.0
2023-02-19,Powdered milk 12% mg,Metrocity,0.0
2023-02-19,Powdered milk 12% mg,Metropol AVM,0.0
2023-02-19,Powdered milk 12% mg,Viaport Outlet,0.0
2023-02-19,Powdered milk 12% mg,Zorlu Center,0.0
2023-02-19,Powdered milk 18% mg,Cevahir AVM,0.0
2023-02-19,Powdered milk 18% mg,Emaar Square Mall,0.0
2023-02-19,Powdered milk 18% mg,Forum Istanbul,0.0
2023-02-19,Powdered milk 18% mg,Istinye Park,1.0
2023-02-19,Powdered milk 18% mg,Kanyon,0.0
2023-02-19,Powdered milk 18% mg,Mall of Istanbul,15.0
2023-02-19,Powdered milk 18% mg,Metrocity,4.0
2023-02-19,Powdered milk 18% mg,Metropol AVM,6.0
2023-02-19,Powdered milk 18% mg,Viaport Outlet,0.0
2023-02-19,Powdered milk 18% mg,Zorlu Center,0.0
2023-02-19,Powdered milk 20% mg,Cevahir AVM,0.0
2023-02-19,Powdered milk 20% mg,Emaar Square Mall,0.0
2023-02-19,Powdered milk 20% mg,Forum Istanbul,0.0
2023-02-19,Powdered milk 20% mg,Istinye Park,1.0
2023-02-19,Powdered milk 20% mg,Kanyon,3.0
2023-02-19,Powdered milk 20% mg,Mall of Istanbul,0.0
2023-02-19,Powdered milk 20% mg,Metrocity,4.0
2023-02-19,Powdered milk 20% mg,Metropol AVM,3.0
2023-02-19,Powdered milk 20% mg,Viaport Outlet,0.0
2023-02-19,Powdered milk 20% mg,Zorlu Center,0.0
2023-02-19,Powdered milk 26% mg,Cevahir AVM,0.0
2023-02-19,Powdered milk 26% mg,Emaar Square Mall,0.0
2023-02-19,Powdered milk 26% mg,Forum Istanbul,0.0
2023-02-19,Powdered milk 26% mg,Istinye Park,0.0
2023-02-19,Powdered milk 26% mg,Kanyon,0.0
2023-02-19,Powdered milk 26% mg,Mall of Istanbul,4.0
2023-02-19,Powdered milk 26% mg,Metrocity,10.0
2023-02-19,Powdered milk 26% mg,Metropol AVM,3.0
2023-02-19,Powdered milk 26% mg,Viaport Outlet,0.0
2023-02-19,Powdered milk 26% mg,Zorlu Center,4.0
2023-02-19,Powdered milk 28% mg,Cevahir AVM,0.0
2023-02-19,Powdered milk 28% mg,Emaar Square Mall,0.0
2023-02-19,Powdered milk 28% mg,Forum Istanbul,5.0
2023-02-19,Powdered milk 28% mg,Istinye Park,2.0
2023-02-19,Powdered milk 28% mg,Kanyon,0.0
2023-02-19,Powdered milk 28% mg,Mall of Istanbul,1.0
2023-02-19,Powdered milk 28% mg,Metrocity,11.0
2023-02-19,Powdered milk 28% mg,Metropol AVM,2.0
2023-02-19,Powdered milk 28% mg,Viaport Outlet,0.0
2023-02-19,Powdered milk 28% mg,Zorlu Center,0.0
2023-02-19,Powdered whey,Cevahir AVM,0.0
2023-02-19,Powdered whey,Emaar Square Mall,0.0
2023-02-19,Powdered whey,Forum Istanbul,0.0
2023-02-19,Powdered whey,Istinye Park,0.0
2023-02-19,Powdered whey,Kanyon,3.0
2023-02-19,Powdered whey,Mall of Istanbul,4.0
2023-02-19,Powdered whey,Metrocity,6.0
2023-02-19,Powdered whey,Metropol AVM,0.0
2023-02-19,Powdered whey,Viaport Outlet,4.0
2023-02-19,Powdered whey,Zorlu Center,1.0
2023-02-19,Skimmed pasteurized milk,Cevahir AVM,0.0
2023-02-19,Skimmed pasteurized milk,Emaar Square Mall,0.0
2023-02-19,Skimmed pasteurized milk,Forum Istanbul,0.0
2023-02-19,Skimmed pasteurized milk,Istinye Park,0.0
2023-02-19,Skimmed pasteurized milk,Kanyon,9.0
2023-02-19,Skimmed pasteurized milk,Mall of Istanbul,1.0
2023-02-19,Skimmed pasteurized milk,Metrocity,1.0
2023-02-19,Skimmed pasteurized milk,Metropol AVM,0.0
2023-02-19,Skimmed pasteurized milk,Viaport Outlet,2.0
2023-02-19,Skimmed pasteurized milk,Zorlu Center,2.0
2023-02-19,Skimmed powdered milk,Cevahir AVM,0.0
2023-02-19,Skimmed powdered milk,Emaar Square Mall,0.0
2023-02-19,Skimmed powdered milk,Forum Istanbul,0.0
2023-02-19,Skimmed powdered milk,Istinye Park,3.0
2023-02-19,Skimmed powdered milk,Kanyon,0.0
2023-02-19,Skimmed powdered milk,Mall of Istanbul,9.0
2023-02-19,Skimmed powdered milk,Metrocity,0.0
2023-02-19,Skimmed powdered milk,Metropol AVM,0.0
2023-02-19,Skimmed powdered milk,Viaport Outlet,0.0
2023-02-19,Skimmed powdered milk,Zorlu Center,0.0
2023-02-19,Small cheese,Cevahir AVM,0.0
2023-02-19,Small cheese,Emaar Square Mall,0.0
2023-02-19,Small cheese,Forum Istanbul,0.0
2023-02-19,Small cheese,Istinye Park,0.0
2023-02-19,Small cheese,Kanyon,0.0
2023-02-19,Small cheese,Mall of Istanbul,10.0
2023-02-19,Small cheese,Metrocity,1.0
2023-02-19,Small cheese,Metropol AVM,6.0
2023-02-19,Small cheese,Viaport Outlet,0.0
2023-02-19,Small cheese,Zorlu Center,0.0
2023-02-19,Sterilized semi-skimmed milk,Cevahir AVM,0.0
2023-02-19,Sterilized semi-skimmed milk,Emaar Square Mall,4.0
2023-02-19,Sterilized semi-skimmed milk,Forum Istanbul,0.0
2023-02-19,Sterilized semi-skimmed milk,Istinye Park,0.0
2023-02-19,Sterilized semi-skimmed milk,Kanyon,0.0
2023-02-19,Sterilized semi-skimmed milk,Mall of Istanbul,0.0
2023-02-19,Sterilized semi-skimmed milk,Metrocity,0.0
2023-02-19,Sterilized semi-skimmed milk,Metropol AVM,0.0
2023-02-19,Sterilized semi-skimmed milk,Viaport Outlet,2.0
2023-02-19,Sterilized semi-skimmed milk,Zorlu Center,0.0
2023-02-19,Sterilized skimmed milk,Cevahir AVM,0.0
2023-02-19,Sterilized skimmed milk,Emaar Square Mall,0.0
2023-02-19,Sterilized skimmed milk,Forum Istanbul,0.0
2023-02-19,Sterilized skimmed milk,Istinye Park,5.0
2023-02-19,Sterilized skimmed milk,Kanyon,6.0
2023-02-19,Sterilized skimmed milk,Mall of Istanbul,9.0
2023-02-19,Sterilized skimmed milk,Metrocity,0.0
2023-02-19,Sterilized skimmed milk,Metropol AVM,0.0
2023-02-19,Sterilized skimmed milk,Viaport Outlet,0.0
2023-02-19,Sterilized skimmed milk,Zorlu Center,0.0
2023-02-19,Sterilized whole milk,Cevahir AVM,0.0
2023-02-19,Sterilized whole milk,Emaar Square Mall,0.0
2023-02-19,Sterilized whole milk,Forum Istanbul,0.0
2023-02-19,Sterilized whole milk,Istinye Park,3.0
2023-02-19,Sterilized whole milk,Kanyon,0.0
2023-02-19,Sterilized whole milk,Mall of Istanbul,0.0
2023-02-19,Sterilized whole milk,Metrocity,1.0
2023-02-19,Sterilized whole milk,Metropol AVM,0.0
2023-02-19,Sterilized whole milk,Viaport Outlet,0.0
2023-02-19,Sterilized whole milk,Zorlu Center,0.0
2023-02-19,Sweetened condensed milk,Cevahir AVM,0.0
2023-02-19,Sweetened condensed milk,Emaar Square Mall,2.0
2023-02-19,Sweetened condensed milk,Forum Istanbul,0.0
2023-02-19,Sweetened condensed milk,Istinye Park,4.0
2023-02-19,Sweetened condensed milk,Kanyon,5.0
2023-02-19,Sweetened condensed milk,Mall of Istanbul,9.0
2023-02-19,Sweetened condensed milk,Metrocity,0.0
2023-02-19,Sweetened condensed milk,Metropol AVM,0.0
2023-02-19,Sweetened condensed milk,Viaport Outlet,0.0
2023-02-19,Sweetened condensed milk,Zorlu Center,0.0
2023-02-19,Total powdered milk,Cevahir AVM,0.0
2023-02-19,Total powdered milk,Emaar Square Mall,0.0
2023-02-19,Total powdered milk,Forum Istanbul,0.0
2023-02-19,Total powdered milk,Istinye Park,2.0
2023-02-19,Total powdered milk,Kanyon,2.0
2023-02-19,Total powdered milk,Mall of Istanbul,2.0
2023-02-19,Total powdered milk,Metrocity,0.0
2023-02-19,Total powdered milk,Metropol AVM,0.0
2023-02-19,Total powdered milk,Viaport Outlet,0.0
2023-02-19,Total powdered milk,Zorlu Center,0.0
2023-02-19,Yogurt,Cevahir AVM,0.0
2023-02-19,Yogurt,Emaar Square Mall,0.0
2023-02-19,Yogurt,Forum Istanbul,4.0
2023-02-19,Yogurt,Istinye Park,3.0
2023-02-19,Yogurt,Kanyon,4.0
2023-02-19,Yogurt,Mall of Istanbul,8.0
2023-02-19,Yogurt,Metrocity,0.0
2023-02-19,Yogurt,Metropol AVM,0.0
2023-02-19,Yogurt,Viaport Outlet,0.0
2023-02-19,Yogurt,Zorlu Center,0.0
2023-02-19,chocolate milk,Cevahir AVM,5.0
2023-02-19,chocolate milk,Emaar Square Mall,0.0
2023-02-19,chocolate milk,Forum Istanbul,0.0
2023-02-19,chocolate milk,Istinye Park,0.0
2023-02-19,chocolate milk,Kanyon,3.0
2023-02-19,chocolate milk,Mall of Istanbul,0.0
2023-02-19,chocolate milk,Metrocity,0.0
2023-02-19,chocolate milk,Metropol AVM,2.0
2023-02-19,chocolate milk,Viaport Outlet,0.0
2023-02-19,chocolate milk,Zorlu Center,0.0
2023-02-20,Butter,Cevahir AVM,0.0
2023-02-20,Butter,Emaar Square Mall,0.0
2023-02-20,Butter,Forum Istanbul,0.0
2023-02-20,Butter,Istinye Park,0.0
2023-02-20,Butter,Kanyon,3.0
2023-02-20,Butter,Mall of Istanbul,0.0
2023-02-20,Butter,Metrocity,6.0
2023-02-20,Butter,Metropol AVM,0.0
2023-02-20,Butter,Viaport Outlet,0.0
2023-02-20,Butter,Zorlu Center,3.0
2023-02-20,Cheese,Cevahir AVM,0.0
2023-02-20,Cheese,Emaar Square Mall,0.0
2023-02-20,Cheese,Forum Istanbul,0.0
2023-02-20,Cheese,Istinye Park,2.0
2023-02-20,Cheese,Kanyon,5.0
2023-02-20,Cheese,Mall of Istanbul,0.0
2023-02-20,Cheese,Metrocity,8.0
2023-02-20,Cheese,Metropol AVM,0.0
2023-02-20,Cheese,Viaport Outlet,0.0
2023-02-20,Cheese,Zorlu Center,0.0
2023-02-20,Condensed milk,Cevahir AVM,0.0
2023-02-20,Condensed milk,Emaar Square Mall,0.0
2023-02-20,Condensed milk,Forum Istanbul,8.0
2023-02-20,Condensed milk,Istinye Park,6.0
2023-02-20,Condensed milk,Kanyon,0.0
2023-02-20,Condensed milk,Mall of Istanbul,4.0
2023-02-20,Condensed milk,Metrocity,3.0
2023-02-20,Condensed milk,Metropol AVM,2.0
2023-02-20,Condensed milk,Viaport Outlet,0.0
2023-02-20,Condensed milk,Zorlu Center,0.0
2023-02-20,Cream,Cevahir AVM,2.0
2023-02-20,Cream,Emaar Square Mall,0.0
2023-02-20,Cream,Forum Istanbul,2.0
2023-02-20,Cream,Istinye Park,3.0
2023-02-20,Cream,Kanyon,0.0
2023-02-20,Cream,Mall of Istanbul,0.0
2023-02-20,Cream,Metrocity,2.0
2023-02-20,Cream,Metropol AVM,0.0
2023-02-20,Cream,Viaport Outlet,0.0
2023-02-20,Cream,Zorlu Center,2.0
2023-02-20,Cultured milk,Cevahir AVM,0.0
2023-02-20,Cultured milk,Emaar Square Mall,0.0
2023-02-20,Cultured milk,Forum Istanbul,0.0
2023-02-20,Cultured milk,Istinye Park,1.0
2023-02-20,Cultured milk,Kanyon,3.0
2023-02-20,Cultured milk,Mall of Istanbul,0.0
2023-02-20,Cultured milk,Metrocity,2.0
2023-02-20,Cultured milk,Metropol AVM,0.0
2023-02-20,Cultured milk,Viaport Outlet,0.0
2023-02-20,Cultured milk,Zorlu Center,0.0
2023-02-20,Evaporated milk,Cevahir AVM,2.0
2023-02-20,Evaporated milk,Emaar Square Mall,0.0
2023-02-20,Evaporated milk,Forum Istanbul,0.0
2023-02-20,Evaporated milk,Istinye Park,7.0
2023-02-20,Evaporated milk,Kanyon,0.0
2023-02-20,Evaporated milk,Mall of Istanbul,0.0
2023-02-20,Evaporated milk,Metrocity,6.0
2023-02-20,Evaporated milk,Metropol AVM,0.0
2023-02-20,Evaporated milk,Viaport Outlet,0.0
2023-02-20,Evaporated milk,Zorlu Center,0.0
2023-02-20,Flavored sterilized milk,Cevahir AVM,0.0
2023-02-20,Flavored sterilized milk,Emaar Square Mall,0.0
2023-02-20,Flavored sterilized milk,Forum Istanbul,0.0
2023-02-20,Flavored sterilized milk,Istinye Park,5.0
2023-02-20,Flavored sterilized milk,Kanyon,4.0
2023-02-20,Flavored sterilized milk,Mall of Istanbul,6.0
2023-02-20,Flavored sterilized milk,Metrocity,5.0
2023-02-20,Flavored sterilized milk,Metropol AVM,0.0
2023-02-20,Flavored sterilized milk,Viaport Outlet,0.0
2023-02-20,Flavored sterilized milk,Zorlu Center,0.0
2023-02-20,Modified milk,Cevahir AVM,0.0
2023-02-20,Modified milk,Emaar Square Mall,0.0
2023-02-20,Modified milk,Forum Istanbul,0.0
2023-02-20,Modified milk,Istinye Park,0.0
2023-02-20,Modified milk,Kanyon,10.0
2023-02-20,Modified milk,Mall of Istanbul,3.0
2023-02-20,Modified milk,Metrocity,0.0
2023-02-20,Modified milk,Metropol AVM,5.0
2023-02-20,Modified milk,Viaport Outlet,0.0
2023-02-20,Modified milk,Zorlu Center,2.0
2023-02-20,Pasteurized milk 2.5% mg,Cevahir AVM,0.0
2023-02-20,Pasteurized milk 2.5% mg,Emaar Square Mall,0.0
2023-02-20,Pasteurized milk 2.5% mg,Forum Istanbul,3.0
2023-02-20,Pasteurized milk 2.5% mg,Istinye Park,0.0
2023-02-20,Pasteurized milk 2.5% mg,Kanyon,0.0
2023-02-20,Pasteurized milk 2.5% mg,Mall of Istanbul,1.0
2023-02-20,Pasteurized milk 2.5% mg,Metrocity,0.0
2023-02-20,Pasteurized milk 2.5% mg,Metropol AVM,0.0
2023-02-20,Pasteurized milk 2.5% mg,Viaport Outlet,0.0
2023-02-20,Pasteurized milk 2.5% mg,Zorlu Center,0.0
2023-02-20,Pasteurized milk 3.0% mg,Cevahir AVM,0.0
2023-02-20,Pasteurized milk 3.0% mg,Emaar Square Mall,0.0
2023-02-20,Pasteurized milk 3.0% mg,Forum Istanbul,4.0
2023-02-20,Pasteurized milk 3.0% mg,Istinye Park,0.0
2023-02-20,Pasteurized milk 3.0% mg,Kanyon,4.0
2023-02-20,Pasteurized milk 3.0% mg,Mall of Istanbul,1.0
2023-02-20,Pasteurized milk 3.0% mg,Metrocity,0.0
2023-02-20,Pasteurized milk 3.0% mg,Metropol AVM,0.0
2023-02-20,Pasteurized milk 3.0% mg,Viaport Outlet,0.0
2023-02-20,Pasteurized milk 3.0% mg,Zorlu Center,0.0
2023-02-20,Powdered milk 12% mg,Cevahir AVM,0.0
2023-02-20,Powdered milk 12% mg,Emaar Square Mall,7.0
2023-02-20,Powdered milk 12% mg,Forum Istanbul,0.0
2023-02-20,Powdered milk 12% mg,Istinye Park,0.0
2023-02-20,Powdered milk 12% mg,Kanyon,8.0
2023-02-20,Powdered milk 12% mg,Mall of Istanbul,6.0
2023-02-20,Powdered milk 12% mg,Metrocity,0.0
2023-02-20,Powdered milk 12% mg,Metropol AVM,3.0
2023-02-20,Powdered milk 12% mg,Viaport Outlet,0.0
2023-02-20,Powdered milk 12% mg,Zorlu Center,3.0
2023-02-20,Powdered milk 18% mg,Cevahir AVM,0.0
2023-02-20,Powdered milk 18% mg,Emaar Square Mall,7.0
2023-02-20,Powdered milk 18% mg,Forum Istanbul,0.0
2023-02-20,Powdered milk 18% mg,Istinye Park,0.0
2023-02-20,Powdered milk 18% mg,Kanyon,3.0
2023-02-20,Powdered milk 18% mg,Mall of Istanbul,8.0
2023-02-20,Powdered milk 18% mg,Metrocity,0.0
2023-02-20,Powdered milk 18% mg,Metropol AVM,1.0
2023-02-20,Powdered milk 18% mg,Viaport Outlet,0.0
2023-02-20,Powdered milk 18% mg,Zorlu Center,8.0
2023-02-20,Powdered milk 20% mg,Cevahir AVM,0.0
2023-02-20,Powdered milk 20% mg,Emaar Square Mall,0.0
2023-02-20,Powdered milk 20% mg,Forum Istanbul,7.0
2023-02-20,Powdered milk 20% mg,Istinye Park,1.0
2023-02-20,Powdered milk 20% mg,Kanyon,10.0
2023-02-20,Powdered milk 20% mg,Mall of Istanbul,0.0
2023-02-20,Powdered milk 20% mg,Metrocity,0.0
2023-02-20,Powdered milk 20% mg,Metropol AVM,0.0
2023-02-20,Powdered milk 20% mg,Viaport Outlet,0.0
2023-02-20,Powdered milk 20% mg,Zorlu Center,0.0
2023-02-20,Powdered milk 26% mg,Cevahir AVM,0.0
2023-02-20,Powdered milk 26% mg,Emaar Square Mall,0.0
2023-02-20,Powdered milk 26% mg,Forum Istanbul,0.0
2023-02-20,Powdered milk 26% mg,Istinye Park,4.0
2023-02-20,Powdered milk 26% mg,Kanyon,4.0
2023-02-20,Powdered milk 26% mg,Mall of Istanbul,0.0
2023-02-20,Powdered milk 26% mg,Metrocity,1.0
2023-02-20,Powdered milk 26% mg,Metropol AVM,0.0
2023-02-20,Powdered milk 26% mg,Viaport Outlet,2.0
2023-02-20,Powdered milk 26% mg,Zorlu Center,0.0
2023-02-20,Powdered milk 28% mg,Cevahir AVM,0.0
2023-02-20,Powdered milk 28% mg,Emaar Square Mall,0.0
2023-02-20,Powdered milk 28% mg,Forum Istanbul,0.0
2023-02-20,Powdered milk 28% mg,Istinye Park,4.0
2023-02-20,Powdered milk 28% mg,Kanyon,4.0
2023-02-20,Powdered milk 28% mg,Mall of Istanbul,7.0
2023-02-20,Powdered milk 28% mg,Metrocity,4.0
2023-02-20,Powdered milk 28% mg,Metropol AVM,2.0
2023-02-20,Powdered milk 28% mg,Viaport Outlet,0.0
2023-02-20,Powdered milk 28% mg,Zorlu Center,0.0
2023-02-20,Powdered whey,Cevahir AVM,0.0
2023-02-20,Powdered whey,Emaar Square Mall,1.0
2023-02-20,Powdered whey,Forum Istanbul,0.0
2023-02-20,Powdered whey,Istinye Park,1.0
2023-02-20,Powdered whey,Kanyon,0.0
2023-02-20,Powdered whey,Mall of Istanbul,2.0
2023-02-20,Powdered whey,Metrocity,1.0
2023-02-20,Powdered whey,Metropol AVM,2.0
2023-02-20,Powdered whey,Viaport Outlet,0.0
2023-02-20,Powdered whey,Zorlu Center,0.0
2023-02-20,Skimmed pasteurized milk,Cevahir AVM,0.0
2023-02-20,Skimmed pasteurized milk,Emaar Square Mall,0.0
2023-02-20,Skimmed pasteurized milk,Forum Istanbul,0.0
2023-02-20,Skimmed pasteurized milk,Istinye Park,0.0
2023-02-20,Skimmed pasteurized milk,Kanyon,6.0
2023-02-20,Skimmed pasteurized milk,Mall of Istanbul,0.0
2023-02-20,Skimmed pasteurized milk,Metrocity,10.0
2023-02-20,Skimmed pasteurized milk,Metropol AVM,2.0
2023-02-20,Skimmed pasteurized milk,Viaport Outlet,0.0
2023-02-20,Skimmed pasteurized milk,Zorlu Center,0.0
2023-02-20,Skimmed powdered milk,Cevahir AVM,2.0
2023-02-20,Skimmed powdered milk,Emaar Square Mall,0.0
2023-02-20,Skimmed powdered milk,Forum Istanbul,0.0
2023-02-20,Skimmed powdered milk,Istinye Park,0.0
2023-02-20,Skimmed powdered milk,Kanyon,3.0
2023-02-20,Skimmed powdered milk,Mall of Istanbul,11.0
2023-02-20,Skimmed powdered milk,Metrocity,5.0
2023-02-20,Skimmed powdered milk,Metropol AVM,0.0
2023-02-20,Skimmed powdered milk,Viaport Outlet,0.0
2023-02-20,Skimmed powdered milk,Zorlu Center,0.0
2023-02-20,Small cheese,Cevahir AVM,0.0
2023-02-20,Small cheese,Emaar Square Mall,0.0
2023-02-20,Small cheese,Forum Istanbul,0.0
2023-02-20,Small cheese,Istinye Park,0.0
2023-02-20,Small cheese,Kanyon,3.0
2023-02-20,Small cheese,Mall of Istanbul,2.0
2023-02-20,Small cheese,Metrocity,0.0
2023-02-20,Small cheese,Metropol AVM,0.0
2023-02-20,Small cheese,Viaport Outlet,0.0
2023-02-20,Small cheese,Zorlu Center,0.0
2023-02-20,Sterilized semi-skimmed milk,Cevahir AVM,0.0
2023-02-20,Sterilized semi-skimmed milk,Emaar Square Mall,0.0
2023-02-20,Sterilized semi-skimmed milk,Forum Istanbul,4.0
2023-02-20,Sterilized semi-skimmed milk,Istinye Park,0.0
2023-02-20,Sterilized semi-skimmed milk,Kanyon,4.0
2023-02-20,Sterilized semi-skimmed milk,Mall of Istanbul,0.0
2023-02-20,Sterilized semi-skimmed milk,Metrocity,8.0
2023-02-20,Sterilized semi-skimmed milk,Metropol AVM,2.0
2023-02-20,Sterilized semi-skimmed milk,Viaport Outlet,0.0
2023-02-20,Sterilized semi-skimmed milk,Zorlu Center,0.0
2023-02-20,Sterilized skimmed milk,Cevahir AVM,0.0
2023-02-20,Sterilized skimmed milk,Emaar Square Mall,0.0
2023-02-20,Sterilized skimmed milk,Forum Istanbul,0.0
2023-02-20,Sterilized skimmed milk,Istinye Park,0.0
2023-02-20,Sterilized skimmed milk,Kanyon,0.0
2023-02-20,Sterilized skimmed milk,Mall of Istanbul,0.0
2023-02-20,Sterilized skimmed milk,Metrocity,1.0
2023-02-20,Sterilized skimmed milk,Metropol AVM,0.0
2023-02-20,Sterilized skimmed milk,Viaport Outlet,0.0
2023-02-20,Sterilized skimmed milk,Zorlu Center,0.0
2023-02-20,Sterilized whole milk,Cevahir AVM,0.0
2023-02-20,Sterilized whole milk,Emaar Square Mall,0.0
2023-02-20,Sterilized whole milk,Forum Istanbul,1.0
2023-02-20,Sterilized whole milk,Istinye Park,0.0
2023-02-20,Sterilized whole milk,Kanyon,4.0
2023-02-20,Sterilized whole milk,Mall of Istanbul,15.0
2023-02-20,Sterilized whole milk,Metrocity,6.0
2023-02-20,Sterilized whole milk,Metropol AVM,3.0
2023-02-20,Sterilized whole milk,Viaport Outlet,0.0
2023-02-20,Sterilized whole milk,Zorlu Center,0.0
2023-02-20,Sweetened condensed milk,Cevahir AVM,0.0
2023-02-20,Sweetened condensed milk,Emaar Square Mall,0.0
2023-02-20,Sweetened condensed milk,Forum Istanbul,0.0
2023-02-20,Sweetened condensed milk,Istinye Park,2.0
2023-02-20,Sweetened condensed milk,Kanyon,0.0
2023-02-20,Sweetened condensed milk,Mall of Istanbul,0.0
2023-02-20,Sweetened condensed milk,Metrocity,0.0
2023-02-20,Sweetened condensed milk,Metropol AVM,1.0
2023-02-20,Sweetened condensed milk,Viaport Outlet,0.0
2023-02-20,Sweetened condensed milk,Zorlu Center,0.0
2023-02-20,Total powdered milk,Cevahir AVM,0.0
2023-02-20,Total powdered milk,Emaar Square Mall,0.0
2023-02-20,Total powdered milk,Forum Istanbul,0.0
2023-02-20,Total powdered milk,Istinye Park,0.0
2023-02-20,Total powdered milk,Kanyon,0.0
2023-02-20,Total powdered milk,Mall of Istanbul,0.0
2023-02-20,Total powdered milk,Metrocity,2.0
2023-02-20,Total powdered milk,Metropol AVM,5.0
2023-02-20,Total powdered milk,Viaport Outlet,0.0
2023-02-20,Total powdered milk,Zorlu Center,0.0
2023-02-20,Yogurt,Cevahir AVM,0.0
2023-02-20,Yogurt,Emaar Square Mall,2.0
2023-02-20,Yogurt,Forum Istanbul,0.0
2023-02-20,Yogurt,Istinye Park,2.0
2023-02-20,Yogurt,Kanyon,1.0
2023-02-20,Yogurt,Mall of Istanbul,5.0
2023-02-20,Yogurt,Metrocity,4.0
2023-02-20,Yogurt,Metropol AVM,1.0
2023-02-20,Yogurt,Viaport Outlet,0.0
2023-02-20,Yogurt,Zorlu Center,4.0
2023-02-20,chocolate milk,Cevahir AVM,0.0
2023-02-20,chocolate milk,Emaar Square Mall,0.0
2023-02-20,chocolate milk,Forum Istanbul,0.0
2023-02-20,chocolate milk,Istinye Park,4.0
2023-02-20,chocolate milk,Kanyon,0.0
2023-02-20,chocolate milk,Mall of Istanbul,2.0
2023-02-20,chocolate milk,Metrocity,0.0
2023-02-20,chocolate milk,Metropol AVM,12.0
2023-02-20,chocolate milk,Viaport Outlet,0.0
2023-02-20,chocolate milk,Zorlu Center,0.0
2023-02-21,Butter,Cevahir AVM,1.0
2023-02-21,Butter,Emaar Square Mall,0.0
2023-02-21,Butter,Forum Istanbul,0.0
2023-02-21,Butter,Istinye Park,1.0
2023-02-21,Butter,Kanyon,0.0
2023-02-21,Butter,Mall of Istanbul,0.0
2023-02-21,Butter,Metrocity,3.0
2023-02-21,Butter,Metropol AVM,5.0
2023-02-21,Butter,Viaport Outlet,0.0
2023-02-21,Butter,Zorlu Center,0.0
2023-02-21,Cheese,Cevahir AVM,0.0
2023-02-21,Cheese,Emaar Square Mall,0.0
2023-02-21,Cheese,Forum Istanbul,4.0
2023-02-21,Cheese,Istinye Park,0.0
2023-02-21,Cheese,Kanyon,6.0
2023-02-21,Cheese,Mall of Istanbul,5.0
2023-02-21,Cheese,Metrocity,0.0
2023-02-21,Cheese,Metropol AVM,2.0
2023-02-21,Cheese,Viaport Outlet,0.0
2023-02-21,Cheese,Zorlu Center,2.0
2023-02-21,Condensed milk,Cevahir AVM,0.0
2023-02-21,Condensed milk,Emaar Square Mall,0.0
2023-02-21,Condensed milk,Forum Istanbul,2.0
2023-02-21,Condensed milk,Istinye Park,0.0
2023-02-21,Condensed milk,Kanyon,6.0
2023-02-21,Condensed milk,Mall of Istanbul,6.0
2023-02-21,Condensed milk,Metrocity,0.0
2023-02-21,Condensed milk,Metropol AVM,1.0
2023-02-21,Condensed milk,Viaport Outlet,0.0
2023-02-21,Condensed milk,Zorlu Center,0.0
2023-02-21,Cream,Cevahir AVM,2.0
2023-02-21,Cream,Emaar Square Mall,3.0
2023-02-21,Cream,Forum Istanbul,3.0
2023-02-21,Cream,Istinye Park,0.0
2023-02-21,Cream,Kanyon,0.0
2023-02-21,Cream,Mall of Istanbul,14.0
2023-02-21,Cream,Metrocity,3.0
2023-02-21,Cream,Metropol AVM,6.0
2023-02-21,Cream,Viaport Outlet,0.0
2023-02-21,Cream,Zorlu Center,0.0
2023-02-21,Cultured milk,Cevahir AVM,0.0
2023-02-21,Cultured milk,Emaar Square Mall,0.0
2023-02-21,Cultured milk,Forum Istanbul,5.0
2023-02-21,Cultured milk,Istinye Park,0.0
2023-02-21,Cultured milk,Kanyon,1.0
2023-02-21,Cultured milk,Mall of Istanbul,0.0
2023-02-21,Cultured milk,Metrocity,5.0
2023-02-21,Cultured milk,Metropol AVM,0.0
2023-02-21,Cultured milk,Viaport Outlet,0.0
2023-02-21,Cultured milk,Zorlu Center,0.0
2023-02-21,Evaporated milk,Cevahir AVM,0.0
2023-02-21,Evaporated milk,Emaar Square Mall,0.0
2023-02-21,Evaporated milk,Forum Istanbul,0.0
2023-02-21,Evaporated milk,Istinye Park,3.0
2023-02-21,Evaporated milk,Kanyon,0.0
2023-02-21,Evaporated milk,Mall of Istanbul,4.0
2023-02-21,Evaporated milk,Metrocity,1.0
2023-02-21,Evaporated milk,Metropol AVM,0.0
2023-02-21,Evaporated milk,Viaport Outlet,0.0
2023-02-21,Evaporated milk,Zorlu Center,2.0
2023-02-21,Flavored sterilized milk,Cevahir AVM,0.0
2023-02-21,Flavored sterilized milk,Emaar Square Mall,0.0
2023-02-21,Flavored sterilized milk,Forum Istanbul,0.0
2023-02-21,Flavored sterilized milk,Istinye Park,0.0
2023-02-21,Flavored sterilized milk,Kanyon,0.0
2023-02-21,Flavored sterilized milk,Mall of Istanbul,0.0
2023-02-21,Flavored sterilized milk,Metrocity,8.0
2023-02-21,Flavored sterilized milk,Metropol AVM,0.0
2023-02-21,Flavored sterilized milk,Viaport Outlet,0.0
2023-02-21,Flavored sterilized milk,Zorlu Center,0.0
2023-02-21,Modified milk,Cevahir AVM,0.0
2023-02-21,Modified milk,Emaar Square Mall,0.0
2023-02-21,Modified milk,Forum Istanbul,0.0
2023-02-21,Modified milk,Istinye Park,1.0
2023-02-21,Modified milk,Kanyon,8.0
2023-02-21,Modified milk,Mall of Istanbul,1.0
2023-02-21,Modified milk,Metrocity,1.0
2023-02-21,Modified milk,Metropol AVM,0.0
2023-02-21,Modified milk,Viaport Outlet,0.0
2023-02-21,Modified milk,Zorlu Center,0.0
2023-02-21,Pasteurized milk 2.5% mg,Cevahir AVM,0.0
2023-02-21,Pasteurized milk 2.5% mg,Emaar Square Mall,0.0
2023-02-21,Pasteurized milk 2.5% mg,Forum Istanbul,0.0
2023-02-21,Pasteurized milk 2.5% mg,Istinye Park,0.0
2023-02-21,Pasteurized milk 2.5% mg,Kanyon,6.0
2023-02-21,Pasteurized milk 2.5% mg,Mall of Istanbul,0.0
2023-02-21,Pasteurized milk 2.5% mg,Metrocity,0.0
2023-02-21,Pasteurized milk 2.5% mg,Metropol AVM,0.0
2023-02-21,Pasteurized milk 2.5% mg,Viaport Outlet,0.0
2023-02-21,Pasteurized milk 2.5% mg,Zorlu Center,0.0
2023-02-21,Pasteurized milk 3.0% mg,Cevahir AVM,0.0
2023-02-21,Pasteurized milk 3.0% mg,Emaar Square Mall,0.0
2023-02-21,Pasteurized milk 3.0% mg,Forum Istanbul,0.0
2023-02-21,Pasteurized milk 3.0% mg,Istinye Park,6.0
2023-02-21,Pasteurized milk 3.0% mg,Kanyon,1.0
2023-02-21,Pasteurized milk 3.0% mg,Mall of Istanbul,3.0
2023-02-21,Pasteurized milk 3.0% mg,Metrocity,8.0
2023-02-21,Pasteurized milk 3.0% mg,Metropol AVM,0.0
2023-02-21,Pasteurized milk 3.0% mg,Viaport Outlet,0.0
2023-02-21,Pasteurized milk 3.0% mg,Zorlu Center,0.0
2023-02-21,Powdered milk 12% mg,Cevahir AVM,0.0
2023-02-21,Powdered milk 12% mg,Emaar Square Mall,4.0
2023-02-21,Powdered milk 12% mg,Forum Istanbul,5.0
2023-02-21,Powdered milk 12% mg,Istinye Park,11.0
2023-02-21,Powdered milk 12% mg,Kanyon,0.0
2023-02-21,Powdered milk 12% mg,Mall of Istanbul,0.0
2023-02-21,Powdered milk 12% mg,Metrocity,0.0
2023-02-21,Powdered milk 12% mg,Metropol AVM,5.0
2023-02-21,Powdered milk 12% mg,Viaport Outlet,0.0
2023-02-21,Powdered milk 12% mg,Zorlu Center,0.0
2023-02-21,Powdered milk 18% mg,Cevahir AVM,0.0
2023-02-21,Powdered milk 18% mg,Emaar Square Mall,0.0
2023-02-21,Powdered milk 18% mg,Forum Istanbul,0.0
2023-02-21,Powdered milk 18% mg,Istinye Park,2.0
2023-02-21,Powdered milk 18% mg,Kanyon,2.0
2023-02-21,Powdered milk 18% mg,Mall of Istanbul,0.0
2023-02-21,Powdered milk 18% mg,Metrocity,3.0
2023-02-21,Powdered milk 18% mg,Metropol AVM,5.0
2023-02-21,Powdered milk 18% mg,Viaport Outlet,3.0
2023-02-21,Powdered milk 18% mg,Zorlu Center,0.0
2023-02-21,Powdered milk 20% mg,Cevahir AVM,5.0
2023-02-21,Powdered milk 20% mg,Emaar Square Mall,0.0
2023-02-21,Powdered milk 20% mg,Forum Istanbul,0.0
2023-02-21,Powdered milk 20% mg,Istinye Park,8.0
2023-02-21,Powdered milk 20% mg,Kanyon,0.0
2023-02-21,Powdered milk 20% mg,Mall of Istanbul,5.0
2023-02-21,Powdered milk 20% mg,Metrocity,5.0
2023-02-21,Powdered milk 20% mg,Metropol AVM,0.0
2023-02-21,Powdered milk 20% mg,Viaport Outlet,0.0
2023-02-21,Powdered milk 20% mg,Zorlu Center,0.0
2023-02-21,Powdered milk 26% mg,Cevahir AVM,1.0
2023-02-21,Powdered milk 26% mg,Emaar Square Mall,0.0
2023-02-21,Powdered milk 26% mg,Forum Istanbul,0.0
2023-02-21,Powdered milk 26% mg,Istinye Park,0.0
2023-02-21,Powdered milk 26% mg,Kanyon,0.0
2023-02-21,Powdered milk 26% mg,Mall of Istanbul,0.0
2023-02-21,Powdered milk 26% mg,Metrocity,6.0
2023-02-21,Powdered milk 26% mg,Metropol AVM,3.0
2023-02-21,Powdered milk 26% mg,Viaport Outlet,0.0
2023-02-21,Powdered milk 26% mg,Zorlu Center,0.0
2023-02-21,Powdered milk 28% mg,Cevahir AVM,0.0
2023-02-21,Powdered milk 28% mg,Emaar Square Mall,0.0
2023-02-21,Powdered milk 28% mg,Forum Istanbul,0.0
2023-02-21,Powdered milk 28% mg,Istinye Park,0.0
2023-02-21,Powdered milk 28% mg,Kanyon,11.0
2023-02-21,Powdered milk 28% mg,Mall of Istanbul,6.0
2023-02-21,Powdered milk 28% mg,Metrocity,5.0
2023-02-21,Powdered milk 28% mg,Metropol AVM,0.0
2023-02-21,Powdered milk 28% mg,Viaport Outlet,0.0
2023-02-21,Powdered milk 28% mg,Zorlu Center,0.0
2023-02-21,Powdered whey,Cevahir AVM,0.0
2023-02-21,Powdered whey,Emaar Square Mall,0.0
2023-02-21,Powdered whey,Forum Istanbul,0.0
2023-02-21,Powdered whey,Istinye Park,0.0
2023-02-21,Powdered whey,Kanyon,0.0
2023-02-21,Powdered whey,Mall of Istanbul,5.0
2023-02-21,Powdered whey,Metrocity,0.0
2023-02-21,Powdered whey,Metropol AVM,0.0
2023-02-21,Powdered whey,Viaport Outlet,0.0
2023-02-21,Powdered whey,Zorlu Center,3.0
2023-02-21,Skimmed pasteurized milk,Cevahir AVM,0.0
2023-02-21,Skimmed pasteurized milk,Emaar Square Mall,0.0
2023-02-21,Skimmed pasteurized milk,Forum Istanbul,0.0
2023-02-21,Skimmed pasteurized milk,Istinye Park,0.0
2023-02-21,Skimmed pasteurized milk,Kanyon,3.0
2023-02-21,Skimmed pasteurized milk,Mall of Istanbul,9.0
2023-02-21,Skimmed pasteurized milk,Metrocity,0.0
2023-02-21,Skimmed pasteurized milk,Metropol AVM,0.0
2023-02-21,Skimmed pasteurized milk,Viaport Outlet,0.0
2023-02-21,Skimmed pasteurized milk,Zorlu Center,1.0
2023-02-21,Skimmed powdered milk,Cevahir AVM,6.0
2023-02-21,Skimmed powdered milk,Emaar Square Mall,0.0
2023-02-21,Skimmed powdered milk,Forum Istanbul,0.0
2023-02-21,Skimmed powdered milk,Istinye Park,0.0
2023-02-21,Skimmed powdered milk,Kanyon,4.0
2023-02-21,Skimmed powdered milk,Mall of Istanbul,4.0
2023-02-21,Skimmed powdered milk,Metrocity,6.0
2023-02-21,Skimmed powdered milk,Metropol AVM,3.0
2023-02-21,Skimmed powdered milk,Viaport Outlet,0.0
2023-02-21,Skimmed powdered milk,Zorlu Center,0.0
2023-02-21,Small cheese,Cevahir AVM,0.0
2023-02-21,Small cheese,Emaar Square Mall,0.0
2023-02-21,Small cheese,Forum Istanbul,3.0
2023-02-21,Small cheese,Istinye Park,0.0
2023-02-21,Small cheese,Kanyon,2.0
2023-02-21,Small cheese,Mall of Istanbul,0.0
2023-02-21,Small cheese,Metrocity,1.0
2023-02-21,Small cheese,Metropol AVM,4.0
2023-02-21,Small cheese,Viaport Outlet,0.0
2023-02-21,Small cheese,Zorlu Center,0.0
2023-02-21,Sterilized semi-skimmed milk,Cevahir AVM,0.0
2023-02-21,Sterilized semi-skimmed milk,Emaar Square Mall,0.0
2023-02-21,Sterilized semi-skimmed milk,Forum Istanbul,8.0
2023-02-21,Sterilized semi-skimmed milk,Istinye Park,3.0
2023-02-21,Sterilized semi-skimmed milk,Kanyon,1.0
2023-02-21,Sterilized semi-skimmed milk,Mall of Istanbul,8.0
2023-02-21,Sterilized semi-skimmed milk,Metrocity,0.0
2023-02-21,Sterilized semi-skimmed milk,Metropol AVM,0.0
2023-02-21,Sterilized semi-skimmed milk,Viaport Outlet,0.0
2023-02-21,Sterilized semi-skimmed milk,Zorlu Center,4.0
2023-02-21,Sterilized skimmed milk,Cevahir AVM,0.0
2023-02-21,Sterilized skimmed milk,Emaar Square Mall,0.0
2023-02-21,Sterilized skimmed milk,Forum Istanbul,0.0
2023-02-21,Sterilized skimmed milk,Istinye Park,1.0
2023-02-21,Sterilized skimmed milk,Kanyon,5.0
2023-02-21,Sterilized skimmed milk,Mall of Istanbul,5.0
2023-02-21,Sterilized skimmed milk,Metrocity,0.0
2023-02-21,Sterilized skimmed milk,Metropol AVM,0.0
2023-02-21,Sterilized skimmed milk,Viaport Outlet,0.0
2023-02-21,Sterilized skimmed milk,Zorlu Center,5.0
2023-02-21,Sterilized whole milk,Cevahir AVM,0.0
2023-02-21,Sterilized whole milk,Emaar Square Mall,6.0
2023-02-21,Sterilized whole milk,Forum Istanbul,0.0
2023-02-21,Sterilized whole milk,Istinye Park,6.0
2023-02-21,Sterilized whole milk,Kanyon,4.0
2023-02-21,Sterilized whole milk,Mall of Istanbul,15.0
2023-02-21,Sterilized whole milk,Metrocity,5.0
2023-02-21,Sterilized whole milk,Metropol AVM,0.0
2023-02-21,Sterilized whole milk,Viaport Outlet,0.0
2023-02-21,Sterilized whole milk,Zorlu Center,0.0
2023-02-21,Sweetened condensed milk,Cevahir AVM,0.0
2023-02-21,Sweetened condensed milk,Emaar Square Mall,0.0
2023-02-21,Sweetened condensed milk,Forum Istanbul,0.0
2023-02-21,Sweetened condensed milk,Istinye Park,7.0
2023-02-21,Sweetened condensed milk,Kanyon,0.0
2023-02-21,Sweetened condensed milk,Mall of Istanbul,5.0
2023-02-21,Sweetened condensed milk,Metrocity,1.0
2023-02-21,Sweetened condensed milk,Metropol AVM,0.0
2023-02-21,Sweetened condensed milk,Viaport Outlet,0.0
2023-02-21,Sweetened condensed milk,Zorlu Center,0.0
2023-02-21,Total powdered milk,Cevahir AVM,3.0
2023-02-21,Total powdered milk,Emaar Square Mall,0.0
2023-02-21,Total powdered milk,Forum Istanbul,0.0
2023-02-21,Total powdered milk,Istinye Park,0.0
2023-02-21,Total powdered milk,Kanyon,5.0
2023-02-21,Total powdered milk,Mall of Istanbul,0.0
2023-02-21,Total powdered milk,Metrocity,0.0
2023-02-21,Total powdered milk,Metropol AVM,0.0
2023-02-21,Total powdered milk,Viaport Outlet,1.0
2023-02-21,Total powdered milk,Zorlu Center,0.0
2023-02-21,Yogurt,Cevahir AVM,0.0
2023-02-21,Yogurt,Emaar Square Mall,0.0
2023-02-21,Yogurt,Forum Istanbul,0.0
2023-02-21,Yogurt,Istinye Park,0.0
2023-02-21,Yogurt,Kanyon,0.0
2023-02-21,Yogurt,Mall of Istanbul,0.0
2023-02-21,Yogurt,Metrocity,5.0
2023-02-21,Yogurt,Metropol AVM,5.0
2023-02-21,Yogurt,Viaport Outlet,0.0
2023-02-21,Yogurt,Zorlu Center,0.0
2023-02-21,chocolate milk,Cevahir AVM,4.0
2023-02-21,chocolate milk,Emaar Square Mall,0.0
2023-02-21,chocolate milk,Forum Istanbul,0.0
2023-02-21,chocolate milk,Istinye Park,0.0
2023-02-21,chocolate milk,Kanyon,0.0
2023-02-21,chocolate milk,Mall of Istanbul,9.0
2023-02-21,chocolate milk,Metrocity,9.0
2023-02-21,chocolate milk,Metropol AVM,0.0
2023-02-21,chocolate milk,Viaport Outlet,0.0
2023-02-21,chocolate milk,Zorlu Center,0.0
2023-02-22,Butter,Cevahir AVM,0.0
2023-02-22,Butter,Emaar Square Mall,0.0
2023-02-22,Butter,Forum Istanbul,0.0
2023-02-22,Butter,Istinye Park,0.0
2023-02-22,Butter,Kanyon,3.0
2023-02-22,Butter,Mall of Istanbul,1.0
2023-02-22,Butter,Metrocity,0.0
2023-02-22,Butter,Metropol AVM,4.0
2023-02-22,Butter,Viaport Outlet,0.0
2023-02-22,Butter,Zorlu Center,0.0
2023-02-22,Cheese,Cevahir AVM,1.0
2023-02-22,Cheese,Emaar Square Mall,0.0
2023-02-22,Cheese,Forum Istanbul,4.0
2023-02-22,Cheese,Istinye Park,4.0
2023-02-22,Cheese,Kanyon,0.0
2023-02-22,Cheese,Mall of Istanbul,2.0
2023-02-22,Cheese,Metrocity,0.0
2023-02-22,Cheese,Metropol AVM,0.0
2023-02-22,Cheese,Viaport Outlet,7.0
2023-02-22,Cheese,Zorlu Center,0.0
2023-02-22,Condensed milk,Cevahir AVM,0.0
2023-02-22,Condensed milk,Emaar Square Mall,0.0
2023-02-22,Condensed milk,Forum Istanbul,0.0
2023-02-22,Condensed milk,Istinye Park,1.0
2023-02-22,Condensed milk,Kanyon,1.0
2023-02-22,Condensed milk,Mall of Istanbul,0.0
2023-02-22,Condensed milk,Metrocity,4.0
2023-02-22,Condensed milk,Metropol AVM,1.0
2023-02-22,Condensed milk,Viaport Outlet,0.0
2023-02-22,Condensed milk,Zorlu Center,4.0
2023-02-22,Cream,Cevahir AVM,5.0
2023-02-22,Cream,Emaar Square Mall,0.0
2023-02-22,Cream,Forum Istanbul,0.0
2023-02-22,Cream,Istinye Park,0.0
2023-02-22,Cream,Kanyon,0.0
2023-02-22,Cream,Mall of Istanbul,7.0
2023-02-22,Cream,Metrocity,5.0
2023-02-22,Cream,Metropol AVM,0.0
2023-02-22,Cream,Viaport Outlet,0.0
2023-02-22,Cream,Zorlu Center,0.0
2023-02-22,Cultured milk,Cevahir AVM,0.0
2023-02-22,Cultured milk,Emaar Square Mall,0.0
2023-02-22,Cultured milk,Forum Istanbul,0.0
2023-02-22,Cultured milk,Istinye Park,0.0
2023-02-22,Cultured milk,Kanyon,4.0
2023-02-22,Cultured milk,Mall of Istanbul,0.0
2023-02-22,Cultured milk,Metrocity,4.0
2023-02-22,Cultured milk,Metropol AVM,0.0
2023-02-22,Cultured milk,Viaport Outlet,0.0
2023-02-22,Cultured milk,Zorlu Center,0.0
2023-02-22,Evaporated milk,Cevahir AVM,0.0
2023-02-22,Evaporated milk,Emaar Square Mall,0.0
2023-02-22,Evaporated milk,Forum Istanbul,5.0
2023-02-22,Evaporated milk,Istinye Park,2.0
2023-02-22,Evaporated milk,Kanyon,0.0
2023-02-22,Evaporated milk,Mall of Istanbul,5.0
2023-02-22,Evaporated milk,Metrocity,0.0
2023-02-22,Evaporated milk,Metropol AVM,0.0
2023-02-22,Evaporated milk,Viaport Outlet,0.0
2023-02-22,Evaporated milk,Zorlu Center,0.0
2023-02-22,Flavored sterilized milk,Cevahir AVM,0.0
2023-02-22,Flavored sterilized milk,Emaar Square Mall,0.0
2023-02-22,Flavored sterilized milk,Forum Istanbul,0.0
2023-02-22,Flavored sterilized milk,Istinye Park,3.0
2023-02-22,Flavored sterilized milk,Kanyon,12.0
2023-02-22,Flavored sterilized milk,Mall of Istanbul,0.0
2023-02-22,Flavored sterilized milk,Metrocity,0.0
2023-02-22,Flavored sterilized milk,Metropol AVM,0.0
2023-02-22,Flavored sterilized milk,Viaport Outlet,0.0
2023-02-22,Flavored sterilized milk,Zorlu Center,0.0
2023-02-22,Modified milk,Cevahir AVM,0.0
2023-02-22,Modified milk,Emaar Square Mall,4.0
2023-02-22,Modified milk,Forum Istanbul,0.0
2023-02-22,Modified milk,Istinye Park,3.0
2023-02-22,Modified milk,Kanyon,0.0
2023-02-22,Modified milk,Mall of Istanbul,0.0
2023-02-22,Modified milk,Metrocity,0.0
2023-02-22,Modified milk,Metropol AVM,2.0
2023-02-22,Modified milk,Viaport Outlet,0.0
2023-02-22,Modified milk,Zorlu Center,0.0
2023-02-22,Pasteurized milk 2.5% mg,Cevahir AVM,0.0
2023-02-22,Pasteurized milk 2.5% mg,Emaar Square Mall,2.0
2023-02-22,Pasteurized milk 2.5% mg,Forum Istanbul,0.0
2023-02-22,Pasteurized milk 2.5% mg,Istinye Park,0.0
2023-02-22,Pasteurized milk 2.5% mg,Kanyon,2.0
2023-02-22,Pasteurized milk 2.5% mg,Mall of Istanbul,8.0
2023-02-22,Pasteurized milk 2.5% mg,Metrocity,2.0
2023-02-22,Pasteurized milk 2.5% mg,Metropol AVM,0.0
2023-02-22,Pasteurized milk 2.5% mg,Viaport Outlet,0.0
2023-02-22,Pasteurized milk 2.5% mg,Zorlu Center,5.0
2023-02-22,Pasteurized milk 3.0% mg,Cevahir AVM,0.0
2023-02-22,Pasteurized milk 3.0% mg,Emaar Square Mall,0.0
2023-02-22,Pasteurized milk 3.0% mg,Forum Istanbul,0.0
2023-02-22,Pasteurized milk 3.0% mg,Istinye Park,9.0
2023-02-22,Pasteurized milk 3.0% mg,Kanyon,0.0
2023-02-22,Pasteurized milk 3.0% mg,Mall of Istanbul,5.0
2023-02-22,Pasteurized milk 3.0% mg,Metrocity,0.0
2023-02-22,Pasteurized milk 3.0% mg,Metropol AVM,1.0
2023-02-22,Pasteurized milk 3.0% mg,Viaport Outlet,0.0
2023-02-22,Pasteurized milk 3.0% mg,Zorlu Center,0.0
2023-02-22,Powdered milk 12% mg,Cevahir AVM,2.0
2023-02-22,Powdered milk 12% mg,Emaar Square Mall,0.0
2023-02-22,Powdered milk 12% mg,Forum Istanbul,0.0
2023-02-22,Powdered milk 12% mg,Istinye Park,3.0
2023-02-22,Powdered milk 12% mg,Kanyon,5.0
2023-02-22,Powdered milk 12% mg,Mall of Istanbul,3.0
2023-02-22,Powdered milk 12% mg,Metrocity,8.0
2023-02-22,Powdered milk 12% mg,Metropol AVM,0.0
2023-02-22,Powdered milk 12% mg,Viaport Outlet,4.0
2023-02-22,Powdered milk 12% mg,Zorlu Center,0.0
2023-02-22,Powdered milk 18% mg,Cevahir AVM,0.0
2023-02-22,Powdered milk 18% mg,Emaar Square Mall,0.0
2023-02-22,Powdered milk 18% mg,Forum Istanbul,0.0
2023-02-22,Powdered milk 18% mg,Istinye Park,4.0
2023-02-22,Powdered milk 18% mg,Kanyon,0.0
2023-02-22,Powdered milk 18% mg,Mall of Istanbul,0.0
2023-02-22,Powdered milk 18% mg,Metrocity,0.0
2023-02-22,Powdered milk 18% mg,Metropol AVM,0.0
2023-02-22,Powdered milk 18% mg,Viaport Outlet,1.0
2023-02-22,Powdered milk 18% mg,Zorlu Center,0.0
2023-02-22,Powdered milk 20% mg,Cevahir AVM,0.0
2023-02-22,Powdered milk 20% mg,Emaar Square Mall,0.0
2023-02-22,Powdered milk 20% mg,Forum Istanbul,5.0
2023-02-22,Powdered milk 20% mg,Istinye Park,0.0
2023-02-22,Powdered milk 20% mg,Kanyon,5.0
2023-02-22,Powdered milk 20% mg,Mall of Istanbul,0.0
2023-02-22,Powdered milk 20% mg,Metrocity,0.0
2023-02-22,Powdered milk 20% mg,Metropol AVM,3.0
2023-02-22,Powdered milk 20% mg,Viaport Outlet,3.0
2023-02-22,Powdered milk 20% mg,Zorlu Center,0.0
2023-02-22,Powdered milk 26% mg,Cevahir AVM,0.0
2023-02-22,Powdered milk 26% mg,Emaar Square Mall,4.0
2023-02-22,Powdered milk 26% mg,Forum Istanbul,0.0
2023-02-22,Powdered milk 26% mg,Istinye Park,10.0
2023-02-22,Powdered milk 26% mg,Kanyon,0.0
2023-02-22,Powdered milk 26% mg,Mall of Istanbul,1.0
2023-02-22,Powdered milk 26% mg,Metrocity,0.0
2023-02-22,Powdered milk 26% mg,Metropol AVM,0.0
2023-02-22,Powdered milk 26% mg,Viaport Outlet,0.0
2023-02-22,Powdered milk 26% mg,Zorlu Center,0.0
2023-02-22,Powdered milk 28% mg,Cevahir AVM,0.0
2023-02-22,Powdered milk 28% mg,Emaar Square Mall,0.0
2023-02-22,Powdered milk 28% mg,Forum Istanbul,0.0
2023-02-22,Powdered milk 28% mg,Istinye Park,0.0
2023-02-22,Powdered milk 28% mg,Kanyon,0.0
2023-02-22,Powdered milk 28% mg,Mall of Istanbul,0.0
2023-02-22,Powdered milk 28% mg,Metrocity,8.0
2023-02-22,Powdered milk 28% mg,Metropol AVM,5.0
2023-02-22,Powdered milk 28% mg,Viaport Outlet,0.0
2023-02-22,Powdered milk 28% mg,Zorlu Center,0.0
2023-02-22,Powdered whey,Cevahir AVM,0.0
2023-02-22,Powdered whey,Emaar Square Mall,0.0
2023-02-22,Powdered whey,Forum Istanbul,2.0
2023-02-22,Powdered whey,Istinye Park,0.0
2023-02-22,Powdered whey,Kanyon,0.0
2023-02-22,Powdered whey,Mall of Istanbul,0.0
2023-02-22,Powdered whey,Metrocity,9.0
2023-02-22,Powdered whey,Metropol AVM,6.0
2023-02-22,Powdered whey,Viaport Outlet,0.0
2023-02-22,Powdered whey,Zorlu Center,3.0
2023-02-22,Skimmed pasteurized milk,Cevahir AVM,0.0
2023-02-22,Skimmed pasteurized milk,Emaar Square Mall,0.0
2023-02-22,Skimmed pasteurized milk,Forum Istanbul,0.0
2023-02-22,Skimmed pasteurized milk,Istinye Park,0.0
2023-02-22,Skimmed pasteurized milk,Kanyon,9.0
2023-02-22,Skimmed pasteurized milk,Mall of Istanbul,4.0
2023-02-22,Skimmed pasteurized milk,Metrocity,0.0
2023-02-22,Skimmed pasteurized milk,Metropol AVM,0.0
2023-02-22,Skimmed pasteurized milk,Viaport Outlet,0.0
2023-02-22,Skimmed pasteurized milk,Zorlu Center,0.0
2023-02-22,Skimmed powdered milk,Cevahir AVM,5.0
2023-02-22,Skimmed powdered milk,Emaar Square Mall,0.0
2023-02-22,Skimmed powdered milk,Forum Istanbul,0.0
2023-02-22,Skimmed powdered milk,Istinye Park,0.0
2023-02-22,Skimmed powdered milk,Kanyon,1.0
2023-02-22,Skimmed powdered milk,Mall of Istanbul,0.0
2023-02-22,Skimmed powdered milk,Metrocity,0.0
2023-02-22,Skimmed powdered milk,Metropol AVM,0.0
2023-02-22,Skimmed powdered milk,Viaport Outlet,5.0
2023-02-22,Skimmed powdered milk,Zorlu Center,0.0
2023-02-22,Small cheese,Cevahir AVM,0.0
2023-02-22,Small cheese,Emaar Square Mall,0.0
2023-02-22,Small cheese,Forum Istanbul,0.0
2023-02-22,Small cheese,Istinye Park,5.0
2023-02-22,Small cheese,Kanyon,0.0
2023-02-22,Small cheese,Mall of Istanbul,1.0
2023-02-22,Small cheese,Metrocity,8.0
2023-02-22,Small cheese,Metropol AVM,0.0
2023-02-22,Small cheese,Viaport Outlet,1.0
2023-02-22,Small cheese,Zorlu Center,1.0
2023-02-22,Sterilized semi-skimmed milk,Cevahir AVM,4.0
2023-02-22,Sterilized semi-skimmed milk,Emaar Square Mall,0.0
2023-02-22,Sterilized semi-skimmed milk,Forum Istanbul,0.0
2023-02-22,Sterilized semi-skimmed milk,Istinye Park,3.0
2023-02-22,Sterilized semi-skimmed milk,Kanyon,8.0
2023-02-22,Sterilized semi-skimmed milk,Mall of Istanbul,5.0
2023-02-22,Sterilized semi-skimmed milk,Metrocity,3.0
2023-02-22,Sterilized semi-skimmed milk,Metropol AVM,1.0
2023-02-22,Sterilized semi-skimmed milk,Viaport Outlet,0.0
2023-02-22,Sterilized semi-skimmed milk,Zorlu Center,0.0
2023-02-22,Sterilized skimmed milk,Cevahir AVM,0.0
2023-02-22,Sterilized skimmed milk,Emaar Square Mall,0.0
2023-02-22,Sterilized skimmed milk,Forum Istanbul,0.0
2023-02-22,Sterilized skimmed milk,Istinye Park,0.0
2023-02-22,Sterilized skimmed milk,Kanyon,0.0
2023-02-22,Sterilized skimmed milk,Mall of Istanbul,0.0
2023-02-22,Sterilized skimmed milk,Metrocity,0.0
2023-02-22,Sterilized skimmed milk,Metropol AVM,0.0
2023-02-22,Sterilized skimmed milk,Viaport Outlet,0.0
2023-02-22,Sterilized skimmed milk,Zorlu Center,0.0
2023-02-22,Sterilized whole milk,Cevahir AVM,0.0
2023-02-22,Sterilized whole milk,Emaar Square Mall,0.0
2023-02-22,Sterilized whole milk,Forum Istanbul,0.0
2023-02-22,Sterilized whole milk,Istinye Park,1.0
2023-02-22,Sterilized whole milk,Kanyon,9.0
2023-02-22,Sterilized whole milk,Mall of Istanbul,2.0
2023-02-22,Sterilized whole milk,Metrocity,5.0
2023-02-22,Sterilized whole milk,Metropol AVM,5.0
2023-02-22,Sterilized whole milk,Viaport Outlet,0.0
2023-02-22,Sterilized whole milk,Zorlu Center,0.0
2023-02-22,Sweetened condensed milk,Cevahir AVM,0.0
2023-02-22,Sweetened condensed milk,Emaar Square Mall,0.0
2023-02-22,Sweetened condensed milk,Forum Istanbul,4.0
2023-02-22,Sweetened condensed milk,Istinye Park,4.0
2023-02-22,Sweetened condensed milk,Kanyon,6.0
2023-02-22,Sweetened condensed milk,Mall of Istanbul,0.0
2023-02-22,Sweetened condensed milk,Metrocity,4.0
2023-02-22,Sweetened condensed milk,Metropol AVM,0.0
2023-02-22,Sweetened condensed milk,Viaport Outlet,1.0
2023-02-22,Sweetened condensed milk,Zorlu Center,5.0
2023-02-22,Total powdered milk,Cevahir AVM,0.0
2023-02-22,Total powdered milk,Emaar Square Mall,0.0
2023-02-22,Total powdered milk,Forum Istanbul,8.0
2023-02-22,Total powdered milk,Istinye Park,0.0
2023-02-22,Total powdered milk,Kanyon,0.0
2023-02-22,Total powdered milk,Mall of Istanbul,0.0
2023-02-22,Total powdered milk,Metrocity,0.0
2023-02-22,Total powdered milk,Metropol AVM,0.0
2023-02-22,Total powdered milk,Viaport Outlet,0.0
2023-02-22,Total powdered milk,Zorlu Center,0.0
2023-02-22,Yogurt,Cevahir AVM,0.0
2023-02-22,Yogurt,Emaar Square Mall,0.0
2023-02-22,Yogurt,Forum Istanbul,0.0
2023-02-22,Yogurt,Istinye Park,0.0
2023-02-22,Yogurt,Kanyon,4.0
2023-02-22,Yogurt,Mall of Istanbul,5.0
2023-02-22,Yogurt,Metrocity,4.0
2023-02-22,Yogurt,Metropol AVM,5.0
2023-02-22,Yogurt,Viaport Outlet,0.0
2023-02-22,Yogurt,Zorlu Center,0.0
2023-02-22,chocolate milk,Cevahir AVM,0.0
2023-02-22,chocolate milk,Emaar Square Mall,0.0
2023-02-22,chocolate milk,Forum Istanbul,3.0
2023-02-22,chocolate milk,Istinye Park,2.0
2023-02-22,chocolate milk,Kanyon,3.0
2023-02-22,chocolate milk,Mall of Istanbul,10.0
2023-02-22,chocolate milk,Metrocity,3.0
2023-02-22,chocolate milk,Metropol AVM,0.0
2023-02-22,chocolate milk,Viaport Outlet,4.0
2023-02-22,chocolate milk,Zorlu Center,0.0
2023-02-23,Butter,Cevahir AVM,1.0
2023-02-23,Butter,Emaar Square Mall,8.0
2023-02-23,Butter,Forum Istanbul,0.0
2023-02-23,Butter,Istinye Park,0.0
2023-02-23,Butter,Kanyon,0.0
2023-02-23,Butter,Mall of Istanbul,3.0
2023-02-23,Butter,Metrocity,0.0
2023-02-23,Butter,Metropol AVM,0.0
2023-02-23,Butter,Viaport Outlet,1.0
2023-02-23,Butter,Zorlu Center,0.0
2023-02-23,Cheese,Cevahir AVM,0.0
2023-02-23,Cheese,Emaar Square Mall,0.0
2023-02-23,Cheese,Forum Istanbul,0.0
2023-02-23,Cheese,Istinye Park,1.0
2023-02-23,Cheese,Kanyon,6.0
2023-02-23,Cheese,Mall of Istanbul,11.0
2023-02-23,Cheese,Metrocity,4.0
2023-02-23,Cheese,Metropol AVM,0.0
2023-02-23,Cheese,Viaport Outlet,0.0
2023-02-23,Cheese,Zorlu Center,0.0
2023-02-23,Condensed milk,Cevahir AVM,0.0
2023-02-23,Condensed milk,Emaar Square Mall,2.0
2023-02-23,Condensed milk,Forum Istanbul,0.0
2023-02-23,Condensed milk,Istinye Park,0.0
2023-02-23,Condensed milk,Kanyon,0.0
2023-02-23,Condensed milk,Mall of Istanbul,6.0
2023-02-23,Condensed milk,Metrocity,0.0
2023-02-23,Condensed milk,Metropol AVM,2.0
2023-02-23,Condensed milk,Viaport Outlet,0.0
2023-02-23,Condensed milk,Zorlu Center,0.0
2023-02-23,Cream,Cevahir AVM,0.0
2023-02-23,Cream,Emaar Square Mall,0.0
2023-02-23,Cream,Forum Istanbul,0.0
2023-02-23,Cream,Istinye Park,3.0
2023-02-23,Cream,Kanyon,3.0
2023-02-23,Cream,Mall of Istanbul,0.0
2023-02-23,Cream,Metrocity,5.0
2023-02-23,Cream,Metropol AVM,4.0
2023-02-23,Cream,Viaport Outlet,0.0
2023-02-23,Cream,Zorlu Center,0.0
2023-02-23,Cultured milk,Cevahir AVM,0.0
2023-02-23,Cultured milk,Emaar Square Mall,0.0
2023-02-23,Cultured milk,Forum Istanbul,4.0
2023-02-23,Cultured milk,Istinye Park,2.0
2023-02-23,Cultured milk,Kanyon,5.0
2023-02-23,Cultured milk,Mall of Istanbul,7.0
2023-02-23,Cultured milk,Metrocity,3.0
2023-02-23,Cultured milk,Metropol AVM,1.0
2023-02-23,Cultured milk,Viaport Outlet,1.0
2023-02-23,Cultured milk,Zorlu Center,0.0
2023-02-23,Evaporated milk,Cevahir AVM,5.0
2023-02-23,Evaporated milk,Emaar Square Mall,0.0
2023-02-23,Evaporated milk,Forum Istanbul,0.0
2023-02-23,Evaporated milk,Istinye Park,0.0
2023-02-23,Evaporated milk,Kanyon,0.0
2023-02-23,Evaporated milk,Mall of Istanbul,0.0
2023-02-23,Evaporated milk,Metrocity,0.0
2023-02-23,Evaporated milk,Metropol AVM,0.0
2023-02-23,Evaporated milk,Viaport Outlet,0.0
2023-02-23,Evaporated milk,Zorlu Center,0.0
2023-02-23,Flavored sterilized milk,Cevahir AVM,4.0
2023-02-23,Flavored sterilized milk,Emaar Square Mall,0.0
2023-02-23,Flavored sterilized milk,Forum Istanbul,0.0
2023-02-23,Flavored sterilized milk,Istinye Park,5.0
2023-02-23,Flavored sterilized milk,Kanyon,0.0
2023-02-23,Flavored sterilized milk,Mall of Istanbul,11.0
2023-02-23,Flavored sterilized milk,Metrocity,10.0
2023-02-23,Flavored sterilized milk,Metropol AVM,0.0
2023-02-23,Flavored sterilized milk,Viaport Outlet,4.0
2023-02-23,Flavored sterilized milk,Zorlu Center,0.0
2023-02-23,Modified milk,Cevahir AVM,0.0
2023-02-23,Modified milk,Emaar Square Mall,0.0
2023-02-23,Modified milk,Forum Istanbul,0.0
2023-02-23,Modified milk,Istinye Park,0.0
2023-02-23,Modified milk,Kanyon,0.0
2023-02-23,Modified milk,Mall of Istanbul,4.0
2023-02-23,Modified milk,Metrocity,6.0
2023-02-23,Modified milk,Metropol AVM,1.0
2023-02-23,Modified milk,Viaport Outlet,5.0
2023-02-23,Modified milk,Zorlu Center,0.0
2023-02-23,Pasteurized milk 2.5% mg,Cevahir AVM,0.0
2023-02-23,Pasteurized milk 2.5% mg,Emaar Square Mall,0.0
2023-02-23,Pasteurized milk 2.5% mg,Forum Istanbul,0.0
2023-02-23,Pasteurized milk 2.5% mg,Istinye Park,0.0
2023-02-23,Pasteurized milk 2.5% mg,Kanyon,3.0
2023-02-23,Pasteurized milk 2.5% mg,Mall of Istanbul,4.0
2023-02-23,Pasteurized milk 2.5% mg,Metrocity,4.0
2023-02-23,Pasteurized milk 2.5% mg,Metropol AVM,0.0
2023-02-23,Pasteurized milk 2.5% mg,Viaport Outlet,0.0
2023-02-23,Pasteurized milk 2.5% mg,Zorlu Center,0.0
2023-02-23,Pasteurized milk 3.0% mg,Cevahir AVM,0.0
2023-02-23,Pasteurized milk 3.0% mg,Emaar Square Mall,0.0
2023-02-23,Pasteurized milk 3.0% mg,Forum Istanbul,0.0
2023-02-23,Pasteurized milk 3.0% mg,Istinye Park,0.0
2023-02-23,Pasteurized milk 3.0% mg,Kanyon,6.0
2023-02-23,Pasteurized milk 3.0% mg,Mall of Istanbul,5.0
2023-02-23,Pasteurized milk 3.0% mg,Metrocity,0.0
2023-02-23,Pasteurized milk 3.0% mg,Metropol AVM,5.0
2023-02-23,Pasteurized milk 3.0% mg,Viaport Outlet,0.0
2023-02-23,Pasteurized milk 3.0% mg,Zorlu Center,0.0
2023-02-23,Powdered milk 12% mg,Cevahir AVM,4.0
2023-02-23,Powdered milk 12% mg,Emaar Square Mall,0.0
2023-02-23,Powdered milk 12% mg,Forum Istanbul,0.0
2023-02-23,Powdered milk 12% mg,Istinye Park,5.0
2023-02-23,Powdered milk 12% mg,Kanyon,0.0
2023-02-23,Powdered milk 12% mg,Mall of Istanbul,2.0
2023-02-23,Powdered milk 12% mg,Metrocity,1.0
2023-02-23,Powdered milk 12% mg,Metropol AVM,0.0
2023-02-23,Powdered milk 12% mg,Viaport Outlet,0.0
2023-02-23,Powdered milk 12% mg,Zorlu Center,0.0
2023-02-23,Powdered milk 18% mg,Cevahir AVM,0.0
2023-02-23,Powdered milk 18% mg,Emaar Square Mall,0.0
2023-02-23,Powdered milk 18% mg,Forum Istanbul,0.0
2023-02-23,Powdered milk 18% mg,Istinye Park,0.0
2023-02-23,Powdered milk 18% mg,Kanyon,1.0
2023-02-23,Powdered milk 18% mg,Mall of Istanbul,0.0
2023-02-23,Powdered milk 18% mg,Metrocity,0.0
2023-02-23,Powdered milk 18% mg,Metropol AVM,0.0
2023-02-23,Powdered milk 18% mg,Viaport Outlet,0.0
2023-02-23,Powdered milk 18% mg,Zorlu Center,0.0
2023-02-23,Powdered milk 20% mg,Cevahir AVM,0.0
2023-02-23,Powdered milk 20% mg,Emaar Square Mall,0.0
2023-02-23,Powdered milk 20% mg,Forum Istanbul,0.0
2023-02-23,Powdered milk 20% mg,Istinye Park,0.0
2023-02-23,Powdered milk 20% mg,Kanyon,7.0
2023-02-23,Powdered milk 20% mg,Mall of Istanbul,0.0
2023-02-23,Powdered milk 20% mg,Metrocity,0.0
2023-02-23,Powdered milk 20% mg,Metropol AVM,0.0
2023-02-23,Powdered milk 20% mg,Viaport Outlet,0.0
2023-02-23,Powdered milk 20% mg,Zorlu Center,1.0
2023-02-23,Powdered milk 26% mg,Cevahir AVM,0.0
2023-02-23,Powdered milk 26% mg,Emaar Square Mall,0.0
2023-02-23,Powdered milk 26% mg,Forum Istanbul,0.0
2023-02-23,Powdered milk 26% mg,Istinye Park,4.0
2023-02-23,Powdered milk 26% mg,Kanyon,0.0
2023-02-23,Powdered milk 26% mg,Mall of Istanbul,3.0
2023-02-23,Powdered milk 26% mg,Metrocity,0.0
2023-02-23,Powdered milk 26% mg,Metropol AVM,0.0
2023-02-23,Powdered milk 26% mg,Viaport Outlet,0.0
2023-02-23,Powdered milk 26% mg,Zorlu Center,3.0
2023-02-23,Powdered milk 28% mg,Cevahir AVM,0.0
2023-02-23,Powdered milk 28% mg,Emaar Square Mall,0.0
2023-02-23,Powdered milk 28% mg,Forum Istanbul,0.0
2023-02-23,Powdered milk 28% mg,Istinye Park,2.0
2023-02-23,Powdered milk 28% mg,Kanyon,5.0
2023-02-23,Powdered milk 28% mg,Mall of Istanbul,0.0
2023-02-23,Powdered milk 28% mg,Metrocity,5.0
2023-02-23,Powdered milk 28% mg,Metropol AVM,6.0
2023-02-23,Powdered milk 28% mg,Viaport Outlet,0.0
2023-02-23,Powdered milk 28% mg,Zorlu Center,4.0
2023-02-23,Powdered whey,Cevahir AVM,0.0
2023-02-23,Powdered whey,Emaar Square Mall,0.0
2023-02-23,Powdered whey,Forum Istanbul,0.0
2023-02-23,Powdered whey,Istinye Park,0.0
2023-02-23,Powdered whey,Kanyon,2.0
2023-02-23,Powdered whey,Mall of Istanbul,0.0
2023-02-23,Powdered whey,Metrocity,0.0
2023-02-23,Powdered whey,Metropol AVM,0.0
2023-02-23,Powdered whey,Viaport Outlet,0.0
2023-02-23,Powdered whey,Zorlu Center,0.0
2023-02-23,Skimmed pasteurized milk,Cevahir AVM,0.0
2023-02-23,Skimmed pasteurized milk,Emaar Square Mall,0.0
2023-02-23,Skimmed pasteurized milk,Forum Istanbul,3.0
2023-02-23,Skimmed pasteurized milk,Istinye Park,6.0
2023-02-23,Skimmed pasteurized milk,Kanyon,2.0
2023-02-23,Skimmed pasteurized milk,Mall of Istanbul,2.0
2023-02-23,Skimmed pasteurized milk,Metrocity,1.0
2023-02-23,Skimmed pasteurized milk,Metropol AVM,5.0
2023-02-23,Skimmed pasteurized milk,Viaport Outlet,0.0
2023-02-23,Skimmed pasteurized milk,Zorlu Center,0.0
2023-02-23,Skimmed powdered milk,Cevahir AVM,0.0
2023-02-23,Skimmed powdered milk,Emaar Square Mall,0.0
2023-02-23,Skimmed powdered milk,Forum Istanbul,0.0
2023-02-23,Skimmed powdered milk,Istinye Park,5.0
2023-02-23,Skimmed powdered milk,Kanyon,9.0
2023-02-23,Skimmed powdered milk,Mall of Istanbul,0.0
2023-02-23,Skimmed powdered milk,Metrocity,8.0
2023-02-23,Skimmed powdered milk,Metropol AVM,5.0
2023-02-23,Skimmed powdered milk,Viaport Outlet,5.0
2023-02-23,Skimmed powdered milk,Zorlu Center,0.0
2023-02-23,Small cheese,Cevahir AVM,2.0
2023-02-23,Small cheese,Emaar Square Mall,0.0
2023-02-23,Small cheese,Forum Istanbul,0.0
2023-02-23,Small cheese,Istinye Park,3.0
2023-02-23,Small cheese,Kanyon,4.0
2023-02-23,Small cheese,Mall of Istanbul,1.0
2023-02-23,Small cheese,Metrocity,3.0
2023-02-23,Small cheese,Metropol AVM,9.0
2023-02-23,Small cheese,Viaport Outlet,0.0
2023-02-23,Small cheese,Zorlu Center,4.0
2023-02-23,Sterilized semi-skimmed milk,Cevahir AVM,0.0
2023-02-23,Sterilized semi-skimmed milk,Emaar Square Mall,0.0
2023-02-23,Sterilized semi-skimmed milk,Forum Istanbul,0.0
2023-02-23,Sterilized semi-skimmed milk,Istinye Park,0.0
2023-02-23,Sterilized semi-skimmed milk,Kanyon,2.0
2023-02-23,Sterilized semi-skimmed milk,Mall of Istanbul,2.0
2023-02-23,Sterilized semi-skimmed milk,Metrocity,0.0
2023-02-23,Sterilized semi-skimmed milk,Metropol AVM,2.0
2023-02-23,Sterilized semi-skimmed milk,Viaport Outlet,0.0
2023-02-23,Sterilized semi-skimmed milk,Zorlu Center,0.0
2023-02-23,Sterilized skimmed milk,Cevahir AVM,0.0
2023-02-23,Sterilized skimmed milk,Emaar Square Mall,0.0
2023-02-23,Sterilized skimmed milk,Forum Istanbul,4.0
2023-02-23,Sterilized skimmed milk,Istinye Park,2.0
2023-02-23,Sterilized skimmed milk,Kanyon,9.0
2023-02-23,Sterilized skimmed milk,Mall of Istanbul,0.0
2023-02-23,Sterilized skimmed milk,Metrocity,11.0
2023-02-23,Sterilized skimmed milk,Metropol AVM,0.0
2023-02-23,Sterilized skimmed milk,Viaport Outlet,0.0
2023-02-23,Sterilized skimmed milk,Zorlu Center,5.0
2023-02-23,Sterilized whole milk,Cevahir AVM,1.0
2023-02-23,Sterilized whole milk,Emaar Square Mall,0.0
2023-02-23,Sterilized whole milk,Forum Istanbul,0.0
2023-02-23,Sterilized whole milk,Istinye Park,2.0
2023-02-23,Sterilized whole milk,Kanyon,5.0
2023-02-23,Sterilized whole milk,Mall of Istanbul,7.0
2023-02-23,Sterilized whole milk,Metrocity,0.0
2023-02-23,Sterilized whole milk,Metropol AVM,0.0
2023-02-23,Sterilized whole milk,Viaport Outlet,0.0
2023-02-23,Sterilized whole milk,Zorlu Center,0.0
2023-02-23,Sweetened condensed milk,Cevahir AVM,0.0
2023-02-23,Sweetened condensed milk,Emaar Square Mall,3.0
2023-02-23,Sweetened condensed milk,Forum Istanbul,0.0
2023-02-23,Sweetened condensed milk,Istinye Park,2.0
2023-02-23,Sweetened condensed milk,Kanyon,1.0
2023-02-23,Sweetened condensed milk,Mall of Istanbul,3.0
2023-02-23,Sweetened condensed milk,Metrocity,0.0
2023-02-23,Sweetened condensed milk,Metropol AVM,0.0
2023-02-23,Sweetened condensed milk,Viaport Outlet,0.0
2023-02-23,Sweetened condensed milk,Zorlu Center,0.0
2023-02-23,Total powdered milk,Cevahir AVM,0.0
2023-02-23,Total powdered milk,Emaar Square Mall,5.0
2023-02-23,Total powdered milk,Forum Istanbul,0.0
2023-02-23,Total powdered milk,Istinye Park,0.0
2023-02-23,Total powdered milk,Kanyon,0.0
2023-02-23,Total powdered milk,Mall of Istanbul,3.0
2023-02-23,Total powdered milk,Metrocity,4.0
2023-02-23,Total powdered milk,Metropol AVM,2.0
2023-02-23,Total powdered milk,Viaport Outlet,0.0
2023-02-23,Total powdered milk,Zorlu Center,0.0
2023-02-23,Yogurt,Cevahir AVM,0.0
2023-02-23,Yogurt,Emaar Square Mall,0.0
2023-02-23,Yogurt,Forum Istanbul,0.0
2023-02-23,Yogurt,Istinye Park,8.0
2023-02-23,Yogurt,Kanyon,0.0
2023-02-23,Yogurt,Mall of Istanbul,6.0
2023-02-23,Yogurt,Metrocity,4.0
2023-02-23,Yogurt,Metropol AVM,2.0
2023-02-23,Yogurt,Viaport Outlet,0.0
2023-02-23,Yogurt,Zorlu Center,0.0
2023-02-23,chocolate milk,Cevahir AVM,0.0
2023-02-23,chocolate milk,Emaar Square Mall,0.0
2023-02-23,chocolate milk,Forum Istanbul,0.0
2023-02-23,chocolate milk,Istinye Park,9.0
2023-02-23,chocolate milk,Kanyon,8.0
2023-02-23,chocolate milk,Mall of Istanbul,4.0
2023-02-23,chocolate milk,Metrocity,0.0
2023-02-23,chocolate milk,Metropol AVM,0.0
2023-02-23,chocolate milk,Viaport Outlet,0.0
2023-02-23,chocolate milk,Zorlu Center,0.0
2023-02-24,Butter,Cevahir AVM,3.0
2023-02-24,Butter,Emaar Square Mall,0.0
2023-02-24,Butter,Forum Istanbul,0.0
2023-02-24,Butter,Istinye Park,9.0
2023-02-24,Butter,Kanyon,0.0
2023-02-24,Butter,Mall of Istanbul,3.0
2023-02-24,Butter,Metrocity,4.0
2023-02-24,Butter,Metropol AVM,0.0
2023-02-24,Butter,Viaport Outlet,0.0
2023-02-24,Butter,Zorlu Center,4.0
2023-02-24,Cheese,Cevahir AVM,2.0
2023-02-24,Cheese,Emaar Square Mall,4.0
2023-02-24,Cheese,Forum Istanbul,2.0
2023-02-24,Cheese,Istinye Park,0.0
2023-02-24,Cheese,Kanyon,8.0
2023-02-24,Cheese,Mall of Istanbul,3.0
2023-02-24,Cheese,Metrocity,0.0
2023-02-24,Cheese,Metropol AVM,2.0
2023-02-24,Cheese,Viaport Outlet,0.0
2023-02-24,Cheese,Zorlu Center,3.0
2023-02-24,Condensed milk,Cevahir AVM,0.0
2023-02-24,Condensed milk,Emaar Square Mall,0.0
2023-02-24,Condensed milk,Forum Istanbul,5.0
2023-02-24,Condensed milk,Istinye Park,0.0
2023-02-24,Condensed milk,Kanyon,0.0
2023-02-24,Condensed milk,Mall of Istanbul,0.0
2023-02-24,Condensed milk,Metrocity,0.0
2023-02-24,Condensed milk,Metropol AVM,4.0
2023-02-24,Condensed milk,Viaport Outlet,0.0
2023-02-24,Condensed milk,Zorlu Center,0.0
2023-02-24,Cream,Cevahir AVM,2.0
2023-02-24,Cream,Emaar Square Mall,0.0
2023-02-24,Cream,Forum Istanbul,0.0
2023-02-24,Cream,Istinye Park,0.0
2023-02-24,Cream,Kanyon,0.0
2023-02-24,Cream,Mall of Istanbul,0.0
2023-02-24,Cream,Metrocity,3.0
2023-02-24,Cream,Metropol AVM,5.0
2023-02-24,Cream,Viaport Outlet,0.0
2023-02-24,Cream,Zorlu Center,0.0
2023-02-24,Cultured milk,Cevahir AVM,0.0
2023-02-24,Cultured milk,Emaar Square Mall,0.0
2023-02-24,Cultured milk,Forum Istanbul,0.0
2023-02-24,Cultured milk,Istinye Park,0.0
2023-02-24,Cultured milk,Kanyon,5.0
2023-02-24,Cultured milk,Mall of Istanbul,0.0
2023-02-24,Cultured milk,Metrocity,3.0
2023-02-24,Cultured milk,Metropol AVM,0.0
2023-02-24,Cultured milk,Viaport Outlet,2.0
2023-02-24,Cultured milk,Zorlu Center,0.0
2023-02-24,Evaporated milk,Cevahir AVM,0.0
2023-02-24,Evaporated milk,Emaar Square Mall,0.0
2023-02-24,Evaporated milk,Forum Istanbul,1.0
2023-02-24,Evaporated milk,Istinye Park,3.0
2023-02-24,Evaporated milk,Kanyon,10.0
2023-02-24,Evaporated milk,Mall of Istanbul,0.0
2023-02-24,Evaporated milk,Metrocity,1.0
2023-02-24,Evaporated milk,Metropol AVM,2.0
2023-02-24,Evaporated milk,Viaport Outlet,0.0
2023-02-24,Evaporated milk,Zorlu Center,0.0
2023-02-24,Flavored sterilized milk,Cevahir AVM,0.0
2023-02-24,Flavored sterilized milk,Emaar Square Mall,3.0
2023-02-24,Flavored sterilized milk,Forum Istanbul,0.0
2023-02-24,Flavored sterilized milk,Istinye Park,5.0
2023-02-24,Flavored sterilized milk,Kanyon,0.0
2023-02-24,Flavored sterilized milk,Mall of Istanbul,5.0
2023-02-24,Flavored sterilized milk,Metrocity,4.0
2023-02-24,Flavored sterilized milk,Metropol AVM,6.0
2023-02-24,Flavored sterilized milk,Viaport Outlet,0.0
2023-02-24,Flavored sterilized milk,Zorlu Center,2.0
2023-02-24,Modified milk,Cevahir AVM,0.0
2023-02-24,Modified milk,Emaar Square Mall,0.0
2023-02-24,Modified milk,Forum Istanbul,0.0
2023-02-24,Modified milk,Istinye Park,0.0
2023-02-24,Modified milk,Kanyon,0.0
2023-02-24,Modified milk,Mall of Istanbul,0.0
2023-02-24,Modified milk,Metrocity,0.0
2023-02-24,Modified milk,Metropol AVM,4.0
2023-02-24,Modified milk,Viaport Outlet,0.0
2023-02-24,Modified milk,Zorlu Center,5.0
2023-02-24,Pasteurized milk 2.5% mg,Cevahir AVM,0.0
2023-02-24,Pasteurized milk 2.5% mg,Emaar Square Mall,0.0
2023-02-24,Pasteurized milk 2.5% mg,Forum Istanbul,4.0
2023-02-24,Pasteurized milk 2.5% mg,Istinye Park,0.0
2023-02-24,Pasteurized milk 2.5% mg,Kanyon,5.0
2023-02-24,Pasteurized milk 2.5% mg,Mall of Istanbul,5.0
2023-02-24,Pasteurized milk 2.5% mg,Metrocity,0.0
2023-02-24,Pasteurized milk 2.5% mg,Metropol AVM,5.0
2023-02-24,Pasteurized milk 2.5% mg,Viaport Outlet,0.0
2023-02-24,Pasteurized milk 2.5% mg,Zorlu Center,0.0
2023-02-24,Pasteurized milk 3.0% mg,Cevahir AVM,10.0
2023-02-24,Pasteurized milk 3.0% mg,Emaar Square Mall,0.0
2023-02-24,Pasteurized milk 3.0% mg,Forum Istanbul,0.0
2023-02-24,Pasteurized milk 3.0% mg,Istinye Park,1.0
2023-02-24,Pasteurized milk 3.0% mg,Kanyon,0.0
2023-02-24,Pasteurized milk 3.0% mg,Mall of Istanbul,1.0
2023-02-24,Pasteurized milk 3.0% mg,Metrocity,5.0
2023-02-24,Pasteurized milk 3.0% mg,Metropol AVM,8.0
2023-02-24,Pasteurized milk 3.0% mg,Viaport Outlet,5.0
2023-02-24,Pasteurized milk 3.0% mg,Zorlu Center,0.0
2023-02-24,Powdered milk 12% mg,Cevahir AVM,0.0
2023-02-24,Powdered milk 12% mg,Emaar Square Mall,2.0
2023-02-24,Powdered milk 12% mg,Forum Istanbul,0.0
2023-02-24,Powdered milk 12% mg,Istinye Park,5.0
2023-02-24,Powdered milk 12% mg,Kanyon,0.0
2023-02-24,Powdered milk 12% mg,Mall of Istanbul,8.0
2023-02-24,Powdered milk 12% mg,Metrocity,3.0
2023-02-24,Powdered milk 12% mg,Metropol AVM,5.0
2023-02-24,Powdered milk 12% mg,Viaport Outlet,0.0
2023-02-24,Powdered milk 12% mg,Zorlu Center,9.0
2023-02-24,Powdered milk 18% mg,Cevahir AVM,0.0
2023-02-24,Powdered milk 18% mg,Emaar Square Mall,2.0
2023-02-24,Powdered milk 18% mg,Forum Istanbul,0.0
2023-02-24,Powdered milk 18% mg,Istinye Park,0.0
2023-02-24,Powdered milk 18% mg,Kanyon,5.0
2023-02-24,Powdered milk 18% mg,Mall of Istanbul,0.0
2023-02-24,Powdered milk 18% mg,Metrocity,0.0
2023-02-24,Powdered milk 18% mg,Metropol AVM,1.0
2023-02-24,Powdered milk 18% mg,Viaport Outlet,0.0
2023-02-24,Powdered milk 18% mg,Zorlu Center,0.0
2023-02-24,Powdered milk 20% mg,Cevahir AVM,0.0
2023-02-24,Powdered milk 20% mg,Emaar Square Mall,0.0
2023-02-24,Powdered milk 20% mg,Forum Istanbul,2.0
2023-02-24,Powdered milk 20% mg,Istinye Park,0.0
2023-02-24,Powdered milk 20% mg,Kanyon,0.0
2023-02-24,Powdered milk 20% mg,Mall of Istanbul,4.0
2023-02-24,Powdered milk 20% mg,Metrocity,3.0
2023-02-24,Powdered milk 20% mg,Metropol AVM,4.0
2023-02-24,Powdered milk 20% mg,Viaport Outlet,4.0
2023-02-24,Powdered milk 20% mg,Zorlu Center,0.0
2023-02-24,Powdered milk 26% mg,Cevahir AVM,0.0
2023-02-24,Powdered milk 26% mg,Emaar Square Mall,0.0
2023-02-24,Powdered milk 26% mg,Forum Istanbul,0.0
2023-02-24,Powdered milk 26% mg,Istinye Park,0.0
2023-02-24,Powdered milk 26% mg,Kanyon,0.0
2023-02-24,Powdered milk 26% mg,Mall of Istanbul,3.0
2023-02-24,Powdered milk 26% mg,Metrocity,2.0
2023-02-24,Powdered milk 26% mg,Metropol AVM,0.0
2023-02-24,Powdered milk 26% mg,Viaport Outlet,0.0
2023-02-24,Powdered milk 26% mg,Zorlu Center,0.0
2023-02-24,Powdered milk 28% mg,Cevahir AVM,0.0
2023-02-24,Powdered milk 28% mg,Emaar Square Mall,1.0
2023-02-24,Powdered milk 28% mg,Forum Istanbul,0.0
2023-02-24,Powdered milk 28% mg,Istinye Park,8.0
2023-02-24,Powdered milk 28% mg,Kanyon,0.0
2023-02-24,Powdered milk 28% mg,Mall of Istanbul,0.0
2023-02-24,Powdered milk 28% mg,Metrocity,8.0
2023-02-24,Powdered milk 28% mg,Metropol AVM,0.0
2023-02-24,Powdered milk 28% mg,Viaport Outlet,0.0
2023-02-24,Powdered milk 28% mg,Zorlu Center,0.0
2023-02-24,Powdered whey,Cevahir AVM,0.0
2023-02-24,Powdered whey,Emaar Square Mall,0.0
2023-02-24,Powdered whey,Forum Istanbul,0.0
2023-02-24,Powdered whey,Istinye Park,7.0
2023-02-24,Powdered whey,Kanyon,8.0
2023-02-24,Powdered whey,Mall of Istanbul,6.0
2023-02-24,Powdered whey,Metrocity,4.0
2023-02-24,Powdered whey,Metropol AVM,0.0
2023-02-24,Powdered whey,Viaport Outlet,0.0
2023-02-24,Powdered whey,Zorlu Center,4.0
2023-02-24,Skimmed pasteurized milk,Cevahir AVM,6.0
2023-02-24,Skimmed pasteurized milk,Emaar Square Mall,0.0
2023-02-24,Skimmed pasteurized milk,Forum Istanbul,0.0
2023-02-24,Skimmed pasteurized milk,Istinye Park,0.0
2023-02-24,Skimmed pasteurized milk,Kanyon,4.0
2023-02-24,Skimmed pasteurized milk,Mall of Istanbul,0.0
2023-02-24,Skimmed pasteurized milk,Metrocity,0.0
2023-02-24,Skimmed pasteurized milk,Metropol AVM,5.0
2023-02-24,Skimmed pasteurized milk,Viaport Outlet,4.0
2023-02-24,Skimmed pasteurized milk,Zorlu Center,0.0
2023-02-24,Skimmed powdered milk,Cevahir AVM,0.0
2023-02-24,Skimmed powdered milk,Emaar Square Mall,0.0
2023-02-24,Skimmed powdered milk,Forum Istanbul,0.0
2023-02-24,Skimmed powdered milk,Istinye Park,2.0
2023-02-24,Skimmed powdered milk,Kanyon,3.0
2023-02-24,Skimmed powdered milk,Mall of Istanbul,5.0
2023-02-24,Skimmed powdered milk,Metrocity,0.0
2023-02-24,Skimmed powdered milk,Metropol AVM,3.0
2023-02-24,Skimmed powdered milk,Viaport Outlet,0.0
2023-02-24,Skimmed powdered milk,Zorlu Center,2.0
2023-02-24,Small cheese,Cevahir AVM,0.0
2023-02-24,Small cheese,Emaar Square Mall,5.0
2023-02-24,Small cheese,Forum Istanbul,3.0
2023-02-24,Small cheese,Istinye Park,4.0
2023-02-24,Small cheese,Kanyon,0.0
2023-02-24,Small cheese,Mall of Istanbul,0.0
2023-02-24,Small cheese,Metrocity,0.0
2023-02-24,Small cheese,Metropol AVM,1.0
2023-02-24,Small cheese,Viaport Outlet,0.0
2023-02-24,Small cheese,Zorlu Center,0.0
2023-02-24,Sterilized semi-skimmed milk,Cevahir AVM,0.0
2023-02-24,Sterilized semi-skimmed milk,Emaar Square Mall,5.0
2023-02-24,Sterilized semi-skimmed milk,Forum Istanbul,4.0
2023-02-24,Sterilized semi-skimmed milk,Istinye Park,0.0
2023-02-24,Sterilized semi-skimmed milk,Kanyon,4.0
2023-02-24,Sterilized semi-skimmed milk,Mall of Istanbul,4.0
2023-02-24,Sterilized semi-skimmed milk,Metrocity,2.0
2023-02-24,Sterilized semi-skimmed milk,Metropol AVM,0.0
2023-02-24,Sterilized semi-skimmed milk,Viaport Outlet,3.0
2023-02-24,Sterilized semi-skimmed milk,Zorlu Center,4.0
2023-02-24,Sterilized skimmed milk,Cevahir AVM,0.0
2023-02-24,Sterilized skimmed milk,Emaar Square Mall,1.0
2023-02-24,Sterilized skimmed milk,Forum Istanbul,0.0
2023-02-24,Sterilized skimmed milk,Istinye Park,0.0
2023-02-24,Sterilized skimmed milk,Kanyon,5.0
2023-02-24,Sterilized skimmed milk,Mall of Istanbul,2.0
2023-02-24,Sterilized skimmed milk,Metrocity,4.0
2023-02-24,Sterilized skimmed milk,Metropol AVM,4.0
2023-02-24,Sterilized skimmed milk,Viaport Outlet,0.0
2023-02-24,Sterilized skimmed milk,Zorlu Center,0.0
2023-02-24,Sterilized whole milk,Cevahir AVM,0.0
2023-02-24,Sterilized whole milk,Emaar Square Mall,0.0
2023-02-24,Sterilized whole milk,Forum Istanbul,0.0
2023-02-24,Sterilized whole milk,Istinye Park,5.0
2023-02-24,Sterilized whole milk,Kanyon,0.0
2023-02-24,Sterilized whole milk,Mall of Istanbul,0.0
2023-02-24,Sterilized whole milk,Metrocity,4.0
2023-02-24,Sterilized whole milk,Metropol AVM,2.0
2023-02-24,Sterilized whole milk,Viaport Outlet,0.0
2023-02-24,Sterilized whole milk,Zorlu Center,0.0
2023-02-24,Sweetened condensed milk,Cevahir AVM,0.0
2023-02-24,Sweetened condensed milk,Emaar Square Mall,0.0
2023-02-24,Sweetened condensed milk,Forum Istanbul,0.0
2023-02-24,Sweetened condensed milk,Istinye Park,0.0
2023-02-24,Sweetened condensed milk,Kanyon,5.0
2023-02-24,Sweetened condensed milk,Mall of Istanbul,0.0
2023-02-24,Sweetened condensed milk,Metrocity,1.0
2023-02-24,Sweetened condensed milk,Metropol AVM,0.0
2023-02-24,Sweetened condensed milk,Viaport Outlet,0.0
2023-02-24,Sweetened condensed milk,Zorlu Center,0.0
2023-02-24,Total powdered milk,Cevahir AVM,0.0
2023-02-24,Total powdered milk,Emaar Square Mall,0.0
2023-02-24,Total powdered milk,Forum Istanbul,0.0
2023-02-24,Total powdered milk,Istinye Park,7.0
2023-02-24,Total powdered milk,Kanyon,9.0
2023-02-24,Total powdered milk,Mall of Istanbul,0.0
2023-02-24,Total powdered milk,Metrocity,15.0
2023-02-24,Total powdered milk,Metropol AVM,0.0
2023-02-24,Total powdered milk,Viaport Outlet,0.0
2023-02-24,Total powdered milk,Zorlu Center,0.0
2023-02-24,Yogurt,Cevahir AVM,0.0
2023-02-24,Yogurt,Emaar Square Mall,4.0
2023-02-24,Yogurt,Forum Istanbul,0.0
2023-02-24,Yogurt,Istinye Park,0.0
2023-02-24,Yogurt,Kanyon,0.0
2023-02-24,Yogurt,Mall of Istanbul,0.0
2023-02-24,Yogurt,Metrocity,0.0
2023-02-24,Yogurt,Metropol AVM,0.0
2023-02-24,Yogurt,Viaport Outlet,0.0
2023-02-24,Yogurt,Zorlu Center,4.0
2023-02-24,chocolate milk,Cevahir AVM,0.0
2023-02-24,chocolate milk,Emaar Square Mall,0.0
2023-02-24,chocolate milk,Forum Istanbul,0.0
2023-02-24,chocolate milk,Istinye Park,5.0
2023-02-24,chocolate milk,Kanyon,1.0
2023-02-24,chocolate milk,Mall of Istanbul,1.0
2023-02-24,chocolate milk,Metrocity,3.0
2023-02-24,chocolate milk,Metropol AVM,0.0
2023-02-24,chocolate milk,Viaport Outlet,0.0
2023-02-24,chocolate milk,Zorlu Center,0.0
2023-02-25,Butter,Cevahir AVM,0.0
2023-02-25,Butter,Emaar Square Mall,0.0
2023-02-25,Butter,Forum Istanbul,0.0
2023-02-25,Butter,Istinye Park,0.0
2023-02-25,Butter,Kanyon,0.0
2023-02-25,Butter,Mall of Istanbul,1.0
2023-02-25,Butter,Metrocity,0.0
2023-02-25,Butter,Metropol AVM,2.0
2023-02-25,Butter,Viaport Outlet,0.0
2023-02-25,Butter,Zorlu Center,5.0
2023-02-25,Cheese,Cevahir AVM,0.0
2023-02-25,Cheese,Emaar Square Mall,1.0
2023-02-25,Cheese,Forum Istanbul,0.0
2023-02-25,Cheese,Istinye Park,0.0
2023-02-25,Cheese,Kanyon,7.0
2023-02-25,Cheese,Mall of Istanbul,0.0
2023-02-25,Cheese,Metrocity,0.0
2023-02-25,Cheese,Metropol AVM,5.0
2023-02-25,Cheese,Viaport Outlet,2.0
2023-02-25,Cheese,Zorlu Center,0.0
2023-02-25,Condensed milk,Cevahir AVM,4.0
2023-02-25,Condensed milk,Emaar Square Mall,0.0
2023-02-25,Condensed milk,Forum Istanbul,0.0
2023-02-25,Condensed milk,Istinye Park,0.0
2023-02-25,Condensed milk,Kanyon,3.0
2023-02-25,Condensed milk,Mall of Istanbul,0.0
2023-02-25,Condensed milk,Metrocity,0.0
2023-02-25,Condensed milk,Metropol AVM,0.0
2023-02-25,Condensed milk,Viaport Outlet,0.0
2023-02-25,Condensed milk,Zorlu Center,0.0
2023-02-25,Cream,Cevahir AVM,0.0
2023-02-25,Cream,Emaar Square Mall,1.0
2023-02-25,Cream,Forum Istanbul,0.0
2023-02-25,Cream,Istinye Park,0.0
2023-02-25,Cream,Kanyon,15.0
2023-02-25,Cream,Mall of Istanbul,4.0
2023-02-25,Cream,Metrocity,2.0
2023-02-25,Cream,Metropol AVM,3.0
2023-02-25,Cream,Viaport Outlet,0.0
2023-02-25,Cream,Zorlu Center,3.0
2023-02-25,Cultured milk,Cevahir AVM,0.0
2023-02-25,Cultured milk,Emaar Square Mall,0.0
2023-02-25,Cultured milk,Forum Istanbul,0.0
2023-02-25,Cultured milk,Istinye Park,5.0
2023-02-25,Cultured milk,Kanyon,5.0
2023-02-25,Cultured milk,Mall of Istanbul,4.0
2023-02-25,Cultured milk,Metrocity,3.0
2023-02-25,Cultured milk,Metropol AVM,7.0
2023-02-25,Cultured milk,Viaport Outlet,0.0
2023-02-25,Cultured milk,Zorlu Center,2.0
2023-02-25,Evaporated milk,Cevahir AVM,0.0
2023-02-25,Evaporated milk,Emaar Square Mall,0.0
2023-02-25,Evaporated milk,Forum Istanbul,2.0
2023-02-25,Evaporated milk,Istinye Park,0.0
2023-02-25,Evaporated milk,Kanyon,2.0
2023-02-25,Evaporated milk,Mall of Istanbul,0.0
2023-02-25,Evaporated milk,Metrocity,0.0
2023-02-25,Evaporated milk,Metropol AVM,0.0
2023-02-25,Evaporated milk,Viaport Outlet,0.0
2023-02-25,Evaporated milk,Zorlu Center,0.0
2023-02-25,Flavored sterilized milk,Cevahir AVM,0.0
2023-02-25,Flavored sterilized milk,Emaar Square Mall,0.0
2023-02-25,Flavored sterilized milk,Forum Istanbul,0.0
2023-02-25,Flavored sterilized milk,Istinye Park,0.0
2023-02-25,Flavored sterilized milk,Kanyon,3.0
2023-02-25,Flavored sterilized milk,Mall of Istanbul,0.0
2023-02-25,Flavored sterilized milk,Metrocity,11.0
2023-02-25,Flavored sterilized milk,Metropol AVM,0.0
2023-02-25,Flavored sterilized milk,Viaport Outlet,0.0
2023-02-25,Flavored sterilized milk,Zorlu Center,0.0
2023-02-25,Modified milk,Cevahir AVM,0.0
2023-02-25,Modified milk,Emaar Square Mall,0.0
2023-02-25,Modified milk,Forum Istanbul,0.0
2023-02-25,Modified milk,Istinye Park,0.0
2023-02-25,Modified milk,Kanyon,9.0
2023-02-25,Modified milk,Mall of Istanbul,1.0
2023-02-25,Modified milk,Metrocity,4.0
2023-02-25,Modified milk,Metropol AVM,0.0
2023-02-25,Modified milk,Viaport Outlet,5.0
2023-02-25,Modified milk,Zorlu Center,0.0
2023-02-25,Pasteurized milk 2.5% mg,Cevahir AVM,0.0
2023-02-25,Pasteurized milk 2.5% mg,Emaar Square Mall,0.0
2023-02-25,Pasteurized milk 2.5% mg,Forum Istanbul,0.0
2023-02-25,Pasteurized milk 2.5% mg,Istinye Park,0.0
2023-02-25,Pasteurized milk 2.5% mg,Kanyon,0.0
2023-02-25,Pasteurized milk 2.5% mg,Mall of Istanbul,5.0
2023-02-25,Pasteurized milk 2.5% mg,Metrocity,0.0
2023-02-25,Pasteurized milk 2.5% mg,Metropol AVM,0.0
2023-02-25,Pasteurized milk 2.5% mg,Viaport Outlet,0.0
2023-02-25,Pasteurized milk 2.5% mg,Zorlu Center,0.0
2023-02-25,Pasteurized milk 3.0% mg,Cevahir AVM,0.0
2023-02-25,Pasteurized milk 3.0% mg,Emaar Square Mall,3.0
2023-02-25,Pasteurized milk 3.0% mg,Forum Istanbul,0.0
2023-02-25,Pasteurized milk 3.0% mg,Istinye Park,0.0
2023-02-25,Pasteurized milk 3.0% mg,Kanyon,0.0
2023-02-25,Pasteurized milk 3.0% mg,Mall of Istanbul,0.0
2023-02-25,Pasteurized milk 3.0% mg,Metrocity,0.0
2023-02-25,Pasteurized milk 3.0% mg,Metropol AVM,4.0
2023-02-25,Pasteurized milk 3.0% mg,Viaport Outlet,5.0
2023-02-25,Pasteurized milk 3.0% mg,Zorlu Center,4.0
2023-02-25,Powdered milk 12% mg,Cevahir AVM,0.0
2023-02-25,Powdered milk 12% mg,Emaar Square Mall,0.0
2023-02-25,Powdered milk 12% mg,Forum Istanbul,0.0
2023-02-25,Powdered milk 12% mg,Istinye Park,1.0
2023-02-25,Powdered milk 12% mg,Kanyon,4.0
2023-02-25,Powdered milk 12% mg,Mall of Istanbul,0.0
2023-02-25,Powdered milk 12% mg,Metrocity,8.0
2023-02-25,Powdered milk 12% mg,Metropol AVM,0.0
2023-02-25,Powdered milk 12% mg,Viaport Outlet,0.0
2023-02-25,Powdered milk 12% mg,Zorlu Center,2.0
2023-02-25,Powdered milk 18% mg,Cevahir AVM,0.0
2023-02-25,Powdered milk 18% mg,Emaar Square Mall,5.0
2023-02-25,Powdered milk 18% mg,Forum Istanbul,0.0
2023-02-25,Powdered milk 18% mg,Istinye Park,0.0
2023-02-25,Powdered milk 18% mg,Kanyon,1.0
2023-02-25,Powdered milk 18% mg,Mall of Istanbul,4.0
2023-02-25,Powdered milk 18% mg,Metrocity,4.0
2023-02-25,Powdered milk 18% mg,Metropol AVM,0.0
2023-02-25,Powdered milk 18% mg,Viaport Outlet,8.0
2023-02-25,Powdered milk 18% mg,Zorlu Center,0.0
2023-02-25,Powdered milk 20% mg,Cevahir AVM,0.0
2023-02-25,Powdered milk 20% mg,Emaar Square Mall,3.0
2023-02-25,Powdered milk 20% mg,Forum Istanbul,0.0
2023-02-25,Powdered milk 20% mg,Istinye Park,2.0
2023-02-25,Powdered milk 20% mg,Kanyon,2.0
2023-02-25,Powdered milk 20% mg,Mall of Istanbul,1.0
2023-02-25,Powdered milk 20% mg,Metrocity,6.0
2023-02-25,Powdered milk 20% mg,Metropol AVM,0.0
2023-02-25,Powdered milk 20% mg,Viaport Outlet,0.0
2023-02-25,Powdered milk 20% mg,Zorlu Center,0.0
2023-02-25,Powdered milk 26% mg,Cevahir AVM,0.0
2023-02-25,Powdered milk 26% mg,Emaar Square Mall,0.0
2023-02-25,Powdered milk 26% mg,Forum Istanbul,0.0
2023-02-25,Powdered milk 26% mg,Istinye Park,0.0
2023-02-25,Powdered milk 26% mg,Kanyon,0.0
2023-02-25,Powdered milk 26% mg,Mall of Istanbul,5.0
2023-02-25,Powdered milk 26% mg,Metrocity,4.0
2023-02-25,Powdered milk 26% mg,Metropol AVM,0.0
2023-02-25,Powdered milk 26% mg,Viaport Outlet,0.0
2023-02-25,Powdered milk 26% mg,Zorlu Center,0.0
2023-02-25,Powdered milk 28% mg,Cevahir AVM,1.0
2023-02-25,Powdered milk 28% mg,Emaar Square Mall,0.0
2023-02-25,Powdered milk 28% mg,Forum Istanbul,0.0
2023-02-25,Powdered milk 28% mg,Istinye Park,3.0
2023-02-25,Powdered milk 28% mg,Kanyon,4.0
2023-02-25,Powdered milk 28% mg,Mall of Istanbul,0.0
2023-02-25,Powdered milk 28% mg,Metrocity,3.0
2023-02-25,Powdered milk 28% mg,Metropol AVM,0.0
2023-02-25,Powdered milk 28% mg,Viaport Outlet,0.0
2023-02-25,Powdered milk 28% mg,Zorlu Center,0.0
2023-02-25,Powdered whey,Cevahir AVM,0.0
2023-02-25,Powdered whey,Emaar Square Mall,0.0
2023-02-25,Powdered whey,Forum Istanbul,0.0
2023-02-25,Powdered whey,Istinye Park,0.0
2023-02-25,Powdered whey,Kanyon,1.0
2023-02-25,Powdered whey,Mall of Istanbul,9.0
2023-02-25,Powdered whey,Metrocity,0.0
2023-02-25,Powdered whey,Metropol AVM,0.0
2023-02-25,Powdered whey,Viaport Outlet,0.0
2023-02-25,Powdered whey,Zorlu Center,0.0
2023-02-25,Skimmed pasteurized milk,Cevahir AVM,0.0
2023-02-25,Skimmed pasteurized milk,Emaar Square Mall,0.0
2023-02-25,Skimmed pasteurized milk,Forum Istanbul,0.0
2023-02-25,Skimmed pasteurized milk,Istinye Park,1.0
2023-02-25,Skimmed pasteurized milk,Kanyon,5.0
2023-02-25,Skimmed pasteurized milk,Mall of Istanbul,4.0
2023-02-25,Skimmed pasteurized milk,Metrocity,5.0
2023-02-25,Skimmed pasteurized milk,Metropol AVM,0.0
2023-02-25,Skimmed pasteurized milk,Viaport Outlet,0.0
2023-02-25,Skimmed pasteurized milk,Zorlu Center,9.0
2023-02-25,Skimmed powdered milk,Cevahir AVM,0.0
2023-02-25,Skimmed powdered milk,Emaar Square Mall,0.0
2023-02-25,Skimmed powdered milk,Forum Istanbul,1.0
2023-02-25,Skimmed powdered milk,Istinye Park,0.0
2023-02-25,Skimmed powdered milk,Kanyon,0.0
2023-02-25,Skimmed powdered milk,Mall of Istanbul,1.0
2023-02-25,Skimmed powdered milk,Metrocity,0.0
2023-02-25,Skimmed powdered milk,Metropol AVM,0.0
2023-02-25,Skimmed powdered milk,Viaport Outlet,0.0
2023-02-25,Skimmed powdered milk,Zorlu Center,5.0
2023-02-25,Small cheese,Cevahir AVM,5.0
2023-02-25,Small cheese,Emaar Square Mall,0.0
2023-02-25,Small cheese,Forum Istanbul,0.0
2023-02-25,Small cheese,Istinye Park,0.0
2023-02-25,Small cheese,Kanyon,0.0
2023-02-25,Small cheese,Mall of Istanbul,2.0
2023-02-25,Small cheese,Metrocity,0.0
2023-02-25,Small cheese,Metropol AVM,0.0
2023-02-25,Small cheese,Viaport Outlet,0.0
2023-02-25,Small cheese,Zorlu Center,0.0
2023-02-25,Sterilized semi-skimmed milk,Cevahir AVM,0.0
2023-02-25,Sterilized semi-skimmed milk,Emaar Square Mall,0.0
2023-02-25,Sterilized semi-skimmed milk,Forum Istanbul,0.0
2023-02-25,Sterilized semi-skimmed milk,Istinye Park,5.0
2023-02-25,Sterilized semi-skimmed milk,Kanyon,4.0
2023-02-25,Sterilized semi-skimmed milk,Mall of Istanbul,5.0
2023-02-25,Sterilized semi-skimmed milk,Metrocity,0.0
2023-02-25,Sterilized semi-skimmed milk,Metropol AVM,0.0
2023-02-25,Sterilized semi-skimmed milk,Viaport Outlet,0.0
2023-02-25,Sterilized semi-skimmed milk,Zorlu Center,0.0
2023-02-25,Sterilized skimmed milk,Cevahir AVM,0.0
2023-02-25,Sterilized skimmed milk,Emaar Square Mall,4.0
2023-02-25,Sterilized skimmed milk,Forum Istanbul,0.0
2023-02-25,Sterilized skimmed milk,Istinye Park,0.0
2023-02-25,Sterilized skimmed milk,Kanyon,0.0
2023-02-25,Sterilized skimmed milk,Mall of Istanbul,3.0
2023-02-25,Sterilized skimmed milk,Metrocity,6.0
2023-02-25,Sterilized skimmed milk,Metropol AVM,0.0
2023-02-25,Sterilized skimmed milk,Viaport Outlet,0.0
2023-02-25,Sterilized skimmed milk,Zorlu Center,5.0
2023-02-25,Sterilized whole milk,Cevahir AVM,0.0
2023-02-25,Sterilized whole milk,Emaar Square Mall,1.0
2023-02-25,Sterilized whole milk,Forum Istanbul,8.0
2023-02-25,Sterilized whole milk,Istinye Park,0.0
2023-02-25,Sterilized whole milk,Kanyon,4.0
2023-02-25,Sterilized whole milk,Mall of Istanbul,0.0
2023-02-25,Sterilized whole milk,Metrocity,0.0
2023-02-25,Sterilized whole milk,Metropol AVM,0.0
2023-02-25,Sterilized whole milk,Viaport Outlet,2.0
2023-02-25,Sterilized whole milk,Zorlu Center,0.0
2023-02-25,Sweetened condensed milk,Cevahir AVM,0.0
2023-02-25,Sweetened condensed milk,Emaar Square Mall,0.0
2023-02-25,Sweetened condensed milk,Forum Istanbul,5.0
2023-02-25,Sweetened condensed milk,Istinye Park,0.0
2023-02-25,Sweetened condensed milk,Kanyon,0.0
2023-02-25,Sweetened condensed milk,Mall of Istanbul,9.0
2023-02-25,Sweetened condensed milk,Metrocity,0.0
2023-02-25,Sweetened condensed milk,Metropol AVM,0.0
2023-02-25,Sweetened condensed milk,Viaport Outlet,0.0
2023-02-25,Sweetened condensed milk,Zorlu Center,4.0
2023-02-25,Total powdered milk,Cevahir AVM,1.0
2023-02-25,Total powdered milk,Emaar Square Mall,0.0
2023-02-25,Total powdered milk,Forum Istanbul,2.0
2023-02-25,Total powdered milk,Istinye Park,0.0
2023-02-25,Total powdered milk,Kanyon,0.0
2023-02-25,Total powdered milk,Mall of Istanbul,0.0
2023-02-25,Total powdered milk,Metrocity,2.0
2023-02-25,Total powdered milk,Metropol AVM,0.0
2023-02-25,Total powdered milk,Viaport Outlet,0.0
2023-02-25,Total powdered milk,Zorlu Center,4.0
2023-02-25,Yogurt,Cevahir AVM,0.0
2023-02-25,Yogurt,Emaar Square Mall,0.0
2023-02-25,Yogurt,Forum Istanbul,3.0
2023-02-25,Yogurt,Istinye Park,0.0
2023-02-25,Yogurt,Kanyon,0.0
2023-02-25,Yogurt,Mall of Istanbul,7.0
2023-02-25,Yogurt,Metrocity,0.0
2023-02-25,Yogurt,Metropol AVM,0.0
2023-02-25,Yogurt,Viaport Outlet,0.0
2023-02-25,Yogurt,Zorlu Center,0.0
2023-02-25,chocolate milk,Cevahir AVM,0.0
2023-02-25,chocolate milk,Emaar Square Mall,0.0
2023-02-25,chocolate milk,Forum Istanbul,0.0
2023-02-25,chocolate milk,Istinye Park,4.0
2023-02-25,chocolate milk,Kanyon,3.0
2023-02-25,chocolate milk,Mall of Istanbul,0.0
2023-02-25,chocolate milk,Metrocity,0.0
2023-02-25,chocolate milk,Metropol AVM,0.0
2023-02-25,chocolate milk,Viaport Outlet,0.0
2023-02-25,chocolate milk,Zorlu Center,0.0
2023-02-26,Butter,Cevahir AVM,0.0
2023-02-26,Butter,Emaar Square Mall,0.0
2023-02-26,Butter,Forum Istanbul,0.0
2023-02-26,Butter,Istinye Park,0.0
2023-02-26,Butter,Kanyon,2.0
2023-02-26,Butter,Mall of Istanbul,0.0
2023-02-26,Butter,Metrocity,5.0
2023-02-26,Butter,Metropol AVM,0.0
2023-02-26,Butter,Viaport Outlet,0.0
2023-02-26,Butter,Zorlu Center,0.0
2023-02-26,Cheese,Cevahir AVM,0.0
2023-02-26,Cheese,Emaar Square Mall,1.0
2023-02-26,Cheese,Forum Istanbul,0.0
2023-02-26,Cheese,Istinye Park,4.0
2023-02-26,Cheese,Kanyon,3.0
2023-02-26,Cheese,Mall of Istanbul,0.0
2023-02-26,Cheese,Metrocity,0.0
2023-02-26,Cheese,Metropol AVM,0.0
2023-02-26,Cheese,Viaport Outlet,2.0
2023-02-26,Cheese,Zorlu Center,0.0
2023-02-26,Condensed milk,Cevahir AVM,0.0
2023-02-26,Condensed milk,Emaar Square Mall,0.0
2023-02-26,Condensed milk,Forum Istanbul,2.0
2023-02-26,Condensed milk,Istinye Park,0.0
2023-02-26,Condensed milk,Kanyon,0.0
2023-02-26,Condensed milk,Mall of Istanbul,1.0
2023-02-26,Condensed milk,Metrocity,0.0
2023-02-26,Condensed milk,Metropol AVM,0.0
2023-02-26,Condensed milk,Viaport Outlet,4.0
2023-02-26,Condensed milk,Zorlu Center,0.0
2023-02-26,Cream,Cevahir AVM,0.0
2023-02-26,Cream,Emaar Square Mall,0.0
2023-02-26,Cream,Forum Istanbul,3.0
2023-02-26,Cream,Istinye Park,9.0
2023-02-26,Cream,Kanyon,0.0
2023-02-26,Cream,Mall of Istanbul,5.0
2023-02-26,Cream,Metrocity,3.0
2023-02-26,Cream,Metropol AVM,5.0
2023-02-26,Cream,Viaport Outlet,0.0
2023-02-26,Cream,Zorlu Center,0.0
2023-02-26,Cultured milk,Cevahir AVM,0.0
2023-02-26,Cultured milk,Emaar Square Mall,0.0
2023-02-26,Cultured milk,Forum Istanbul,0.0
2023-02-26,Cultured milk,Istinye Park,0.0
2023-02-26,Cultured milk,Kanyon,0.0
2023-02-26,Cultured milk,Mall of Istanbul,3.0
2023-02-26,Cultured milk,Metrocity,6.0
2023-02-26,Cultured milk,Metropol AVM,3.0
2023-02-26,Cultured milk,Viaport Outlet,4.0
2023-02-26,Cultured milk,Zorlu Center,1.0
2023-02-26,Evaporated milk,Cevahir AVM,0.0
2023-02-26,Evaporated milk,Emaar Square Mall,0.0
2023-02-26,Evaporated milk,Forum Istanbul,0.0
2023-02-26,Evaporated milk,Istinye Park,0.0
2023-02-26,Evaporated milk,Kanyon,3.0
2023-02-26,Evaporated milk,Mall of Istanbul,0.0
2023-02-26,Evaporated milk,Metrocity,2.0
2023-02-26,Evaporated milk,Metropol AVM,0.0
2023-02-26,Evaporated milk,Viaport Outlet,0.0
2023-02-26,Evaporated milk,Zorlu Center,0.0
2023-02-26,Flavored sterilized milk,Cevahir AVM,0.0
2023-02-26,Flavored sterilized milk,Emaar Square Mall,4.0
2023-02-26,Flavored sterilized milk,Forum Istanbul,0.0
2023-02-26,Flavored sterilized milk,Istinye Park,0.0
2023-02-26,Flavored sterilized milk,Kanyon,0.0
2023-02-26,Flavored sterilized milk,Mall of Istanbul,0.0
2023-02-26,Flavored sterilized milk,Metrocity,1.0
2023-02-26,Flavored sterilized milk,Metropol AVM,4.0
2023-02-26,Flavored sterilized milk,Viaport Outlet,4.0
2023-02-26,Flavored sterilized milk,Zorlu Center,3.0
2023-02-26,Modified milk,Cevahir AVM,2.0
2023-02-26,Modified milk,Emaar Square Mall,0.0
2023-02-26,Modified milk,Forum Istanbul,0.0
2023-02-26,Modified milk,Istinye Park,0.0
2023-02-26,Modified milk,Kanyon,0.0
2023-02-26,Modified milk,Mall of Istanbul,2.0
2023-02-26,Modified milk,Metrocity,5.0
2023-02-26,Modified milk,Metropol AVM,0.0
2023-02-26,Modified milk,Viaport Outlet,0.0
2023-02-26,Modified milk,Zorlu Center,0.0
2023-02-26,Pasteurized milk 2.5% mg,Cevahir AVM,0.0
2023-02-26,Pasteurized milk 2.5% mg,Emaar Square Mall,5.0
2023-02-26,Pasteurized milk 2.5% mg,Forum Istanbul,0.0
2023-02-26,Pasteurized milk 2.5% mg,Istinye Park,0.0
2023-02-26,Pasteurized milk 2.5% mg,Kanyon,2.0
2023-02-26,Pasteurized milk 2.5% mg,Mall of Istanbul,0.0
2023-02-26,Pasteurized milk 2.5% mg,Metrocity,4.0
2023-02-26,Pasteurized milk 2.5% mg,Metropol AVM,11.0
2023-02-26,Pasteurized milk 2.5% mg,Viaport Outlet,0.0
2023-02-26,Pasteurized milk 2.5% mg,Zorlu Center,0.0
2023-02-26,Pasteurized milk 3.0% mg,Cevahir AVM,0.0
2023-02-26,Pasteurized milk 3.0% mg,Emaar Square Mall,0.0
2023-02-26,Pasteurized milk 3.0% mg,Forum Istanbul,0.0
2023-02-26,Pasteurized milk 3.0% mg,Istinye Park,5.0
2023-02-26,Pasteurized milk 3.0% mg,Kanyon,5.0
2023-02-26,Pasteurized milk 3.0% mg,Mall of Istanbul,7.0
2023-02-26,Pasteurized milk 3.0% mg,Metrocity,4.0
2023-02-26,Pasteurized milk 3.0% mg,Metropol AVM,0.0
2023-02-26,Pasteurized milk 3.0% mg,Viaport Outlet,0.0
2023-02-26,Pasteurized milk 3.0% mg,Zorlu Center,0.0
2023-02-26,Powdered milk 12% mg,Cevahir AVM,0.0
2023-02-26,Powdered milk 12% mg,Emaar Square Mall,1.0
2023-02-26,Powdered milk 12% mg,Forum Istanbul,4.0
2023-02-26,Powdered milk 12% mg,Istinye Park,4.0
2023-02-26,Powdered milk 12% mg,Kanyon,13.0
2023-02-26,Powdered milk 12% mg,Mall of Istanbul,5.0
2023-02-26,Powdered milk 12% mg,Metrocity,0.0
2023-02-26,Powdered milk 12% mg,Metropol AVM,0.0
2023-02-26,Powdered milk 12% mg,Viaport Outlet,0.0
2023-02-26,Powdered milk 12% mg,Zorlu Center,4.0
2023-02-26,Powdered milk 18% mg,Cevahir AVM,0.0
2023-02-26,Powdered milk 18% mg,Emaar Square Mall,0.0
2023-02-26,Powdered milk 18% mg,Forum Istanbul,3.0
2023-02-26,Powdered milk 18% mg,Istinye Park,4.0
2023-02-26,Powdered milk 18% mg,Kanyon,0.0
2023-02-26,Powdered milk 18% mg,Mall of Istanbul,7.0
2023-02-26,Powdered milk 18% mg,Metrocity,0.0
2023-02-26,Powdered milk 18% mg,Metropol AVM,0.0
2023-02-26,Powdered milk 18% mg,Viaport Outlet,0.0
2023-02-26,Powdered milk 18% mg,Zorlu Center,0.0
2023-02-26,Powdered milk 20% mg,Cevahir AVM,0.0
2023-02-26,Powdered milk 20% mg,Emaar Square Mall,0.0
2023-02-26,Powdered milk 20% mg,Forum Istanbul,4.0
2023-02-26,Powdered milk 20% mg,Istinye Park,5.0
2023-02-26,Powdered milk 20% mg,Kanyon,4.0
2023-02-26,Powdered milk 20% mg,Mall of Istanbul,6.0
2023-02-26,Powdered milk 20% mg,Metrocity,2.0
2023-02-26,Powdered milk 20% mg,Metropol AVM,4.0
2023-02-26,Powdered milk 20% mg,Viaport Outlet,0.0
2023-02-26,Powdered milk 20% mg,Zorlu Center,0.0
2023-02-26,Powdered milk 26% mg,Cevahir AVM,5.0
2023-02-26,Powdered milk 26% mg,Emaar Square Mall,5.0
2023-02-26,Powdered milk 26% mg,Forum Istanbul,0.0
2023-02-26,Powdered milk 26% mg,Istinye Park,0.0
2023-02-26,Powdered milk 26% mg,Kanyon,6.0
2023-02-26,Powdered milk 26% mg,Mall of Istanbul,5.0
2023-02-26,Powdered milk 26% mg,Metrocity,5.0
2023-02-26,Powdered milk 26% mg,Metropol AVM,0.0
2023-02-26,Powdered milk 26% mg,Viaport Outlet,0.0
2023-02-26,Powdered milk 26% mg,Zorlu Center,0.0
2023-02-26,Powdered milk 28% mg,Cevahir AVM,0.0
2023-02-26,Powdered milk 28% mg,Emaar Square Mall,0.0
2023-02-26,Powdered milk 28% mg,Forum Istanbul,0.0
2023-02-26,Powdered milk 28% mg,Istinye Park,0.0
2023-02-26,Powdered milk 28% mg,Kanyon,9.0
2023-02-26,Powdered milk 28% mg,Mall of Istanbul,5.0
2023-02-26,Powdered milk 28% mg,Metrocity,11.0
2023-02-26,Powdered milk 28% mg,Metropol AVM,0.0
2023-02-26,Powdered milk 28% mg,Viaport Outlet,1.0
2023-02-26,Powdered milk 28% mg,Zorlu Center,0.0
2023-02-26,Powdered whey,Cevahir AVM,0.0
2023-02-26,Powdered whey,Emaar Square Mall,0.0
2023-02-26,Powdered whey,Forum Istanbul,0.0
2023-02-26,Powdered whey,Istinye Park,2.0
2023-02-26,Powdered whey,Kanyon,4.0
2023-02-26,Powdered whey,Mall of Istanbul,7.0
2023-02-26,Powdered whey,Metrocity,3.0
2023-02-26,Powdered whey,Metropol AVM,0.0
2023-02-26,Powdered whey,Viaport Outlet,9.0
2023-02-26,Powdered whey,Zorlu Center,0.0
2023-02-26,Skimmed pasteurized milk,Cevahir AVM,3.0
2023-02-26,Skimmed pasteurized milk,Emaar Square Mall,0.0
2023-02-26,Skimmed pasteurized milk,Forum Istanbul,2.0
2023-02-26,Skimmed pasteurized milk,Istinye Park,3.0
2023-02-26,Skimmed pasteurized milk,Kanyon,5.0
2023-02-26,Skimmed pasteurized milk,Mall of Istanbul,3.0
2023-02-26,Skimmed pasteurized milk,Metrocity,8.0
2023-02-26,Skimmed pasteurized milk,Metropol AVM,0.0
2023-02-26,Skimmed pasteurized milk,Viaport Outlet,0.0
2023-02-26,Skimmed pasteurized milk,Zorlu Center,0.0
2023-02-26,Skimmed powdered milk,Cevahir AVM,0.0
2023-02-26,Skimmed powdered milk,Emaar Square Mall,1.0
2023-02-26,Skimmed powdered milk,Forum Istanbul,1.0
2023-02-26,Skimmed powdered milk,Istinye Park,3.0
2023-02-26,Skimmed powdered milk,Kanyon,0.0
2023-02-26,Skimmed powdered milk,Mall of Istanbul,0.0
2023-02-26,Skimmed powdered milk,Metrocity,6.0
2023-02-26,Skimmed powdered milk,Metropol AVM,0.0
2023-02-26,Skimmed powdered milk,Viaport Outlet,5.0
2023-02-26,Skimmed powdered milk,Zorlu Center,0.0
2023-02-26,Small cheese,Cevahir AVM,0.0
2023-02-26,Small cheese,Emaar Square Mall,0.0
2023-02-26,Small cheese,Forum Istanbul,0.0
2023-02-26,Small cheese,Istinye Park,2.0
2023-02-26,Small cheese,Kanyon,5.0
2023-02-26,Small cheese,Mall of Istanbul,0.0
2023-02-26,Small cheese,Metrocity,4.0
2023-02-26,Small cheese,Metropol AVM,0.0
2023-02-26,Small cheese,Viaport Outlet,0.0
2023-02-26,Small cheese,Zorlu Center,1.0
2023-02-26,Sterilized semi-skimmed milk,Cevahir AVM,1.0
2023-02-26,Sterilized semi-skimmed milk,Emaar Square Mall,0.0
2023-02-26,Sterilized semi-skimmed milk,Forum Istanbul,0.0
2023-02-26,Sterilized semi-skimmed milk,Istinye Park,1.0
2023-02-26,Sterilized semi-skimmed milk,Kanyon,7.0
2023-02-26,Sterilized semi-skimmed milk,Mall of Istanbul,0.0
2023-02-26,Sterilized semi-skimmed milk,Metrocity,0.0
2023-02-26,Sterilized semi-skimmed milk,Metropol AVM,0.0
2023-02-26,Sterilized semi-skimmed milk,Viaport Outlet,5.0
2023-02-26,Sterilized semi-skimmed milk,Zorlu Center,0.0
2023-02-26,Sterilized skimmed milk,Cevahir AVM,0.0
2023-02-26,Sterilized skimmed milk,Emaar Square Mall,0.0
2023-02-26,Sterilized skimmed milk,Forum Istanbul,4.0
2023-02-26,Sterilized skimmed milk,Istinye Park,2.0
2023-02-26,Sterilized skimmed milk,Kanyon,13.0
2023-02-26,Sterilized skimmed milk,Mall of Istanbul,4.0
2023-02-26,Sterilized skimmed milk,Metrocity,6.0
2023-02-26,Sterilized skimmed milk,Metropol AVM,0.0
2023-02-26,Sterilized skimmed milk,Viaport Outlet,0.0
2023-02-26,Sterilized skimmed milk,Zorlu Center,5.0
2023-02-26,Sterilized whole milk,Cevahir AVM,0.0
2023-02-26,Sterilized whole milk,Emaar Square Mall,5.0
2023-02-26,Sterilized whole milk,Forum Istanbul,0.0
2023-02-26,Sterilized whole milk,Istinye Park,0.0
2023-02-26,Sterilized whole milk,Kanyon,6.0
2023-02-26,Sterilized whole milk,Mall of Istanbul,7.0
2023-02-26,Sterilized whole milk,Metrocity,1.0
2023-02-26,Sterilized whole milk,Metropol AVM,8.0
2023-02-26,Sterilized whole milk,Viaport Outlet,0.0
2023-02-26,Sterilized whole milk,Zorlu Center,0.0
2023-02-26,Sweetened condensed milk,Cevahir AVM,0.0
2023-02-26,Sweetened condensed milk,Emaar Square Mall,0.0
2023-02-26,Sweetened condensed milk,Forum Istanbul,0.0
2023-02-26,Sweetened condensed milk,Istinye Park,4.0
2023-02-26,Sweetened condensed milk,Kanyon,5.0
2023-02-26,Sweetened condensed milk,Mall of Istanbul,0.0
2023-02-26,Sweetened condensed milk,Metrocity,0.0
2023-02-26,Sweetened condensed milk,Metropol AVM,5.0
2023-02-26,Sweetened condensed milk,Viaport Outlet,0.0
2023-02-26,Sweetened condensed milk,Zorlu Center,0.0
2023-02-26,Total powdered milk,Cevahir AVM,0.0
2023-02-26,Total powdered milk,Emaar Square Mall,0.0
2023-02-26,Total powdered milk,Forum Istanbul,3.0
2023-02-26,Total powdered milk,Istinye Park,0.0
2023-02-26,Total powdered milk,Kanyon,2.0
2023-02-26,Total powdered milk,Mall of Istanbul,0.0
2023-02-26,Total powdered milk,Metrocity,1.0
2023-02-26,Total powdered milk,Metropol AVM,0.0
2023-02-26,Total powdered milk,Viaport Outlet,0.0
2023-02-26,Total powdered milk,Zorlu Center,0.0
2023-02-26,Yogurt,Cevahir AVM,2.0
2023-02-26,Yogurt,Emaar Square Mall,0.0
2023-02-26,Yogurt,Forum Istanbul,0.0
2023-02-26,Yogurt,Istinye Park,5.0
2023-02-26,Yogurt,Kanyon,0.0
2023-02-26,Yogurt,Mall of Istanbul,0.0
2023-02-26,Yogurt,Metrocity,8.0
2023-02-26,Yogurt,Metropol AVM,4.0
2023-02-26,Yogurt,Viaport Outlet,0.0
2023-02-26,Yogurt,Zorlu Center,3.0
2023-02-26,chocolate milk,Cevahir AVM,0.0
2023-02-26,chocolate milk,Emaar Square Mall,0.0
2023-02-26,chocolate milk,Forum Istanbul,2.0
2023-02-26,chocolate milk,Istinye Park,0.0
2023-02-26,chocolate milk,Kanyon,5.0
2023-02-26,chocolate milk,Mall of Istanbul,2.0
2023-02-26,chocolate milk,Metrocity,3.0
2023-02-26,chocolate milk,Metropol AVM,0.0
2023-02-26,chocolate milk,Viaport Outlet,0.0
2023-02-26,chocolate milk,Zorlu Center,0.0
2023-02-27,Butter,Cevahir AVM,0.0
2023-02-27,Butter,Emaar Square Mall,0.0
2023-02-27,Butter,Forum Istanbul,0.0
2023-02-27,Butter,Istinye Park,5.0
2023-02-27,Butter,Kanyon,6.0
2023-02-27,Butter,Mall of Istanbul,0.0
2023-02-27,Butter,Metrocity,0.0
2023-02-27,Butter,Metropol AVM,0.0
2023-02-27,Butter,Viaport Outlet,0.0
2023-02-27,Butter,Zorlu Center,4.0
2023-02-27,Cheese,Cevahir AVM,0.0
2023-02-27,Cheese,Emaar Square Mall,0.0
2023-02-27,Cheese,Forum Istanbul,0.0
2023-02-27,Cheese,Istinye Park,0.0
2023-02-27,Cheese,Kanyon,7.0
2023-02-27,Cheese,Mall of Istanbul,4.0
2023-02-27,Cheese,Metrocity,0.0
2023-02-27,Cheese,Metropol AVM,4.0
2023-02-27,Cheese,Viaport Outlet,0.0
2023-02-27,Cheese,Zorlu Center,0.0
2023-02-27,Condensed milk,Cevahir AVM,0.0
2023-02-27,Condensed milk,Emaar Square Mall,0.0
2023-02-27,Condensed milk,Forum Istanbul,1.0
2023-02-27,Condensed milk,Istinye Park,4.0
2023-02-27,Condensed milk,Kanyon,3.0
2023-02-27,Condensed milk,Mall of Istanbul,0.0
2023-02-27,Condensed milk,Metrocity,5.0
2023-02-27,Condensed milk,Metropol AVM,0.0
2023-02-27,Condensed milk,Viaport Outlet,1.0
2023-02-27,Condensed milk,Zorlu Center,0.0
2023-02-27,Cream,Cevahir AVM,0.0
2023-02-27,Cream,Emaar Square Mall,0.0
2023-02-27,Cream,Forum Istanbul,2.0
2023-02-27,Cream,Istinye Park,0.0
2023-02-27,Cream,Kanyon,0.0
2023-02-27,Cream,Mall of Istanbul,0.0
2023-02-27,Cream,Metrocity,0.0
2023-02-27,Cream,Metropol AVM,0.0
2023-02-27,Cream,Viaport Outlet,0.0
2023-02-27,Cream,Zorlu Center,0.0
2023-02-27,Cultured milk,Cevahir AVM,0.0
2023-02-27,Cultured milk,Emaar Square Mall,0.0
2023-02-27,Cultured milk,Forum Istanbul,5.0
2023-02-27,Cultured milk,Istinye Park,1.0
2023-02-27,Cultured milk,Kanyon,2.0
2023-02-27,Cultured milk,Mall of Istanbul,0.0
2023-02-27,Cultured milk,Metrocity,0.0
2023-02-27,Cultured milk,Metropol AVM,8.0
2023-02-27,Cultured milk,Viaport Outlet,0.0
2023-02-27,Cultured milk,Zorlu Center,0.0
2023-02-27,Evaporated milk,Cevahir AVM,0.0
2023-02-27,Evaporated milk,Emaar Square Mall,2.0
2023-02-27,Evaporated milk,Forum Istanbul,0.0
2023-02-27,Evaporated milk,Istinye Park,5.0
2023-02-27,Evaporated milk,Kanyon,0.0
2023-02-27,Evaporated milk,Mall of Istanbul,2.0
2023-02-27,Evaporated milk,Metrocity,8.0
2023-02-27,Evaporated milk,Metropol AVM,0.0
2023-02-27,Evaporated milk,Viaport Outlet,0.0
2023-02-27,Evaporated milk,Zorlu Center,1.0
2023-02-27,Flavored sterilized milk,Cevahir AVM,4.0
2023-02-27,Flavored sterilized milk,Emaar Square Mall,0.0
2023-02-27,Flavored sterilized milk,Forum Istanbul,0.0
2023-02-27,Flavored sterilized milk,Istinye Park,0.0
2023-02-27,Flavored sterilized milk,Kanyon,0.0
2023-02-27,Flavored sterilized milk,Mall of Istanbul,7.0
2023-02-27,Flavored sterilized milk,Metrocity,0.0
2023-02-27,Flavored sterilized milk,Metropol AVM,0.0
2023-02-27,Flavored sterilized milk,Viaport Outlet,0.0
2023-02-27,Flavored sterilized milk,Zorlu Center,1.0
2023-02-27,Modified milk,Cevahir AVM,1.0
2023-02-27,Modified milk,Emaar Square Mall,0.0
2023-02-27,Modified milk,Forum Istanbul,0.0
2023-02-27,Modified milk,Istinye Park,9.0
2023-02-27,Modified milk,Kanyon,0.0
2023-02-27,Modified milk,Mall of Istanbul,4.0
2023-02-27,Modified milk,Metrocity,8.0
2023-02-27,Modified milk,Metropol AVM,4.0
2023-02-27,Modified milk,Viaport Outlet,0.0
2023-02-27,Modified milk,Zorlu Center,0.0
2023-02-27,Pasteurized milk 2.5% mg,Cevahir AVM,0.0
2023-02-27,Pasteurized milk 2.5% mg,Emaar Square Mall,0.0
2023-02-27,Pasteurized milk 2.5% mg,Forum Istanbul,0.0
2023-02-27,Pasteurized milk 2.5% mg,Istinye Park,0.0
2023-02-27,Pasteurized milk 2.5% mg,Kanyon,4.0
2023-02-27,Pasteurized milk 2.5% mg,Mall of Istanbul,0.0
2023-02-27,Pasteurized milk 2.5% mg,Metrocity,0.0
2023-02-27,Pasteurized milk 2.5% mg,Metropol AVM,0.0
2023-02-27,Pasteurized milk 2.5% mg,Viaport Outlet,0.0
2023-02-27,Pasteurized milk 2.5% mg,Zorlu Center,1.0
2023-02-27,Pasteurized milk 3.0% mg,Cevahir AVM,0.0
2023-02-27,Pasteurized milk 3.0% mg,Emaar Square Mall,0.0
2023-02-27,Pasteurized milk 3.0% mg,Forum Istanbul,0.0
2023-02-27,Pasteurized milk 3.0% mg,Istinye Park,0.0
2023-02-27,Pasteurized milk 3.0% mg,Kanyon,6.0
2023-02-27,Pasteurized milk 3.0% mg,Mall of Istanbul,0.0
2023-02-27,Pasteurized milk 3.0% mg,Metrocity,0.0
2023-02-27,Pasteurized milk 3.0% mg,Metropol AVM,0.0
2023-02-27,Pasteurized milk 3.0% mg,Viaport Outlet,0.0
2023-02-27,Pasteurized milk 3.0% mg,Zorlu Center,0.0
2023-02-27,Powdered milk 12% mg,Cevahir AVM,0.0
2023-02-27,Powdered milk 12% mg,Emaar Square Mall,0.0
2023-02-27,Powdered milk 12% mg,Forum Istanbul,0.0
2023-02-27,Powdered milk 12% mg,Istinye Park,3.0
2023-02-27,Powdered milk 12% mg,Kanyon,2.0
2023-02-27,Powdered milk 12% mg,Mall of Istanbul,3.0
2023-02-27,Powdered milk 12% mg,Metrocity,4.0
2023-02-27,Powdered milk 12% mg,Metropol AVM,0.0
2023-02-27,Powdered milk 12% mg,Viaport Outlet,0.0
2023-02-27,Powdered milk 12% mg,Zorlu Center,0.0
2023-02-27,Powdered milk 18% mg,Cevahir AVM,5.0
2023-02-27,Powdered milk 18% mg,Emaar Square Mall,1.0
2023-02-27,Powdered milk 18% mg,Forum Istanbul,0.0
2023-02-27,Powdered milk 18% mg,Istinye Park,1.0
2023-02-27,Powdered milk 18% mg,Kanyon,3.0
2023-02-27,Powdered milk 18% mg,Mall of Istanbul,5.0
2023-02-27,Powdered milk 18% mg,Metrocity,10.0
2023-02-27,Powdered milk 18% mg,Metropol AVM,0.0
2023-02-27,Powdered milk 18% mg,Viaport Outlet,0.0
2023-02-27,Powdered milk 18% mg,Zorlu Center,0.0
2023-02-27,Powdered milk 20% mg,Cevahir AVM,0.0
2023-02-27,Powdered milk 20% mg,Emaar Square Mall,0.0
2023-02-27,Powdered milk 20% mg,Forum Istanbul,0.0
2023-02-27,Powdered milk 20% mg,Istinye Park,1.0
2023-02-27,Powdered milk 20% mg,Kanyon,0.0
2023-02-27,Powdered milk 20% mg,Mall of Istanbul,0.0
2023-02-27,Powdered milk 20% mg,Metrocity,5.0
2023-02-27,Powdered milk 20% mg,Metropol AVM,4.0
2023-02-27,Powdered milk 20% mg,Viaport Outlet,0.0
2023-02-27,Powdered milk 20% mg,Zorlu Center,0.0
2023-02-27,Powdered milk 26% mg,Cevahir AVM,0.0
2023-02-27,Powdered milk 26% mg,Emaar Square Mall,0.0
2023-02-27,Powdered milk 26% mg,Forum Istanbul,1.0
2023-02-27,Powdered milk 26% mg,Istinye Park,0.0
2023-02-27,Powdered milk 26% mg,Kanyon,3.0
2023-02-27,Powdered milk 26% mg,Mall of Istanbul,0.0
2023-02-27,Powdered milk 26% mg,Metrocity,2.0
2023-02-27,Powdered milk 26% mg,Metropol AVM,0.0
2023-02-27,Powdered milk 26% mg,Viaport Outlet,5.0
2023-02-27,Powdered milk 26% mg,Zorlu Center,3.0
2023-02-27,Powdered milk 28% mg,Cevahir AVM,0.0
2023-02-27,Powdered milk 28% mg,Emaar Square Mall,0.0
2023-02-27,Powdered milk 28% mg,Forum Istanbul,0.0
2023-02-27,Powdered milk 28% mg,Istinye Park,0.0
2023-02-27,Powdered milk 28% mg,Kanyon,1.0
2023-02-27,Powdered milk 28% mg,Mall of Istanbul,0.0
2023-02-27,Powdered milk 28% mg,Metrocity,1.0
2023-02-27,Powdered milk 28% mg,Metropol AVM,5.0
2023-02-27,Powdered milk 28% mg,Viaport Outlet,0.0
2023-02-27,Powdered milk 28% mg,Zorlu Center,0.0
2023-02-27,Powdered whey,Cevahir AVM,0.0
2023-02-27,Powdered whey,Emaar Square Mall,0.0
2023-02-27,Powdered whey,Forum Istanbul,0.0
2023-02-27,Powdered whey,Istinye Park,0.0
2023-02-27,Powdered whey,Kanyon,4.0
2023-02-27,Powdered whey,Mall of Istanbul,5.0
2023-02-27,Powdered whey,Metrocity,0.0
2023-02-27,Powdered whey,Metropol AVM,1.0
2023-02-27,Powdered whey,Viaport Outlet,1.0
2023-02-27,Powdered whey,Zorlu Center,0.0
2023-02-27,Skimmed pasteurized milk,Cevahir AVM,5.0
2023-02-27,Skimmed pasteurized milk,Emaar Square Mall,5.0
2023-02-27,Skimmed pasteurized milk,Forum Istanbul,0.0
2023-02-27,Skimmed pasteurized milk,Istinye Park,0.0
2023-02-27,Skimmed pasteurized milk,Kanyon,0.0
2023-02-27,Skimmed pasteurized milk,Mall of Istanbul,0.0
2023-02-27,Skimmed pasteurized milk,Metrocity,3.0
2023-02-27,Skimmed pasteurized milk,Metropol AVM,0.0
2023-02-27,Skimmed pasteurized milk,Viaport Outlet,3.0
2023-02-27,Skimmed pasteurized milk,Zorlu Center,0.0
2023-02-27,Skimmed powdered milk,Cevahir AVM,0.0
2023-02-27,Skimmed powdered milk,Emaar Square Mall,0.0
2023-02-27,Skimmed powdered milk,Forum Istanbul,0.0
2023-02-27,Skimmed powdered milk,Istinye Park,0.0
2023-02-27,Skimmed powdered milk,Kanyon,0.0
2023-02-27,Skimmed powdered milk,Mall of Istanbul,8.0
2023-02-27,Skimmed powdered milk,Metrocity,3.0
2023-02-27,Skimmed powdered milk,Metropol AVM,5.0
2023-02-27,Skimmed powdered milk,Viaport Outlet,0.0
2023-02-27,Skimmed powdered milk,Zorlu Center,0.0
2023-02-27,Small cheese,Cevahir AVM,0.0
2023-02-27,Small cheese,Emaar Square Mall,0.0
2023-02-27,Small cheese,Forum Istanbul,0.0
2023-02-27,Small cheese,Istinye Park,4.0
2023-02-27,Small cheese,Kanyon,5.0
2023-02-27,Small cheese,Mall of Istanbul,5.0
2023-02-27,Small cheese,Metrocity,0.0
2023-02-27,Small cheese,Metropol AVM,0.0
2023-02-27,Small cheese,Viaport Outlet,0.0
2023-02-27,Small cheese,Zorlu Center,0.0
2023-02-27,Sterilized semi-skimmed milk,Cevahir AVM,0.0
2023-02-27,Sterilized semi-skimmed milk,Emaar Square Mall,0.0
2023-02-27,Sterilized semi-skimmed milk,Forum Istanbul,0.0
2023-02-27,Sterilized semi-skimmed milk,Istinye Park,0.0
2023-02-27,Sterilized semi-skimmed milk,Kanyon,0.0
2023-02-27,Sterilized semi-skimmed milk,Mall of Istanbul,0.0
2023-02-27,Sterilized semi-skimmed milk,Metrocity,0.0
2023-02-27,Sterilized semi-skimmed milk,Metropol AVM,0.0
2023-02-27,Sterilized semi-skimmed milk,Viaport Outlet,4.0
2023-02-27,Sterilized semi-skimmed milk,Zorlu Center,4.0
2023-02-27,Sterilized skimmed milk,Cevahir AVM,0.0
2023-02-27,Sterilized skimmed milk,Emaar Square Mall,0.0
2023-02-27,Sterilized skimmed milk,Forum Istanbul,0.0
2023-02-27,Sterilized skimmed milk,Istinye Park,0.0
2023-02-27,Sterilized skimmed milk,Kanyon,5.0
2023-02-27,Sterilized skimmed milk,Mall of Istanbul,4.0
2023-02-27,Sterilized skimmed milk,Metrocity,2.0
2023-02-27,Sterilized skimmed milk,Metropol AVM,0.0
2023-02-27,Sterilized skimmed milk,Viaport Outlet,0.0
2023-02-27,Sterilized skimmed milk,Zorlu Center,0.0
2023-02-27,Sterilized whole milk,Cevahir AVM,0.0
2023-02-27,Sterilized whole milk,Emaar Square Mall,2.0
2023-02-27,Sterilized whole milk,Forum Istanbul,0.0
2023-02-27,Sterilized whole milk,Istinye Park,0.0
2023-02-27,Sterilized whole milk,Kanyon,10.0
2023-02-27,Sterilized whole milk,Mall of Istanbul,0.0
2023-02-27,Sterilized whole milk,Metrocity,0.0
2023-02-27,Sterilized whole milk,Metropol AVM,0.0
2023-02-27,Sterilized whole milk,Viaport Outlet,2.0
2023-02-27,Sterilized whole milk,Zorlu Center,0.0
2023-02-27,Sweetened condensed milk,Cevahir AVM,0.0
2023-02-27,Sweetened condensed milk,Emaar Square Mall,0.0
2023-02-27,Sweetened condensed milk,Forum Istanbul,0.0
2023-02-27,Sweetened condensed milk,Istinye Park,2.0
2023-02-27,Sweetened condensed milk,Kanyon,1.0
2023-02-27,Sweetened condensed milk,Mall of Istanbul,0.0
2023-02-27,Sweetened condensed milk,Metrocity,11.0
2023-02-27,Sweetened condensed milk,Metropol AVM,7.0
2023-02-27,Sweetened condensed milk,Viaport Outlet,0.0
2023-02-27,Sweetened condensed milk,Zorlu Center,1.0
2023-02-27,Total powdered milk,Cevahir AVM,2.0
2023-02-27,Total powdered milk,Emaar Square Mall,0.0
2023-02-27,Total powdered milk,Forum Istanbul,0.0
2023-02-27,Total powdered milk,Istinye Park,0.0
2023-02-27,Total powdered milk,Kanyon,10.0
2023-02-27,Total powdered milk,Mall of Istanbul,3.0
2023-02-27,Total powdered milk,Metrocity,4.0
2023-02-27,Total powdered milk,Metropol AVM,0.0
2023-02-27,Total powdered milk,Viaport Outlet,0.0
2023-02-27,Total powdered milk,Zorlu Center,0.0
2023-02-27,Yogurt,Cevahir AVM,0.0
2023-02-27,Yogurt,Emaar Square Mall,0.0
2023-02-27,Yogurt,Forum Istanbul,0.0
2023-02-27,Yogurt,Istinye Park,0.0
2023-02-27,Yogurt,Kanyon,2.0
2023-02-27,Yogurt,Mall of Istanbul,5.0
2023-02-27,Yogurt,Metrocity,4.0
2023-02-27,Yogurt,Metropol AVM,5.0
2023-02-27,Yogurt,Viaport Outlet,0.0
2023-02-27,Yogurt,Zorlu Center,0.0
2023-02-27,chocolate milk,Cevahir AVM,0.0
2023-02-27,chocolate milk,Emaar Square Mall,0.0
2023-02-27,chocolate milk,Forum Istanbul,0.0
2023-02-27,chocolate milk,Istinye Park,0.0
2023-02-27,chocolate milk,Kanyon,0.0
2023-02-27,chocolate milk,Mall of Istanbul,19.0
2023-02-27,chocolate milk,Metrocity,0.0
2023-02-27,chocolate milk,Metropol AVM,5.0
2023-02-27,chocolate milk,Viaport Outlet,5.0
2023-02-27,chocolate milk,Zorlu Center,0.0
2023-02-28,Butter,Cevahir AVM,4.0
2023-02-28,Butter,Emaar Square Mall,0.0
2023-02-28,Butter,Forum Istanbul,0.0
2023-02-28,Butter,Istinye Park,0.0
2023-02-28,Butter,Kanyon,0.0
2023-02-28,Butter,Mall of Istanbul,0.0
2023-02-28,Butter,Metrocity,3.0
2023-02-28,Butter,Metropol AVM,0.0
2023-02-28,Butter,Viaport Outlet,0.0
2023-02-28,Butter,Zorlu Center,0.0
2023-02-28,Cheese,Cevahir AVM,0.0
2023-02-28,Cheese,Emaar Square Mall,0.0
2023-02-28,Cheese,Forum Istanbul,0.0
2023-02-28,Cheese,Istinye Park,1.0
2023-02-28,Cheese,Kanyon,0.0
2023-02-28,Cheese,Mall of Istanbul,0.0
2023-02-28,Cheese,Metrocity,5.0
2023-02-28,Cheese,Metropol AVM,0.0
2023-02-28,Cheese,Viaport Outlet,0.0
2023-02-28,Cheese,Zorlu Center,0.0
2023-02-28,Condensed milk,Cevahir AVM,0.0
2023-02-28,Condensed milk,Emaar Square Mall,0.0
2023-02-28,Condensed milk,Forum Istanbul,0.0
2023-02-28,Condensed milk,Istinye Park,0.0
2023-02-28,Condensed milk,Kanyon,0.0
2023-02-28,Condensed milk,Mall of Istanbul,5.0
2023-02-28,Condensed milk,Metrocity,0.0
2023-02-28,Condensed milk,Metropol AVM,0.0
2023-02-28,Condensed milk,Viaport Outlet,0.0
2023-02-28,Condensed milk,Zorlu Center,0.0
2023-02-28,Cream,Cevahir AVM,5.0
2023-02-28,Cream,Emaar Square Mall,1.0
2023-02-28,Cream,Forum Istanbul,0.0
2023-02-28,Cream,Istinye Park,0.0
2023-02-28,Cream,Kanyon,10.0
2023-02-28,Cream,Mall of Istanbul,0.0
2023-02-28,Cream,Metrocity,0.0
2023-02-28,Cream,Metropol AVM,4.0
2023-02-28,Cream,Viaport Outlet,0.0
2023-02-28,Cream,Zorlu Center,0.0
2023-02-28,Cultured milk,Cevahir AVM,0.0
2023-02-28,Cultured milk,Emaar Square Mall,0.0
2023-02-28,Cultured milk,Forum Istanbul,0.0
2023-02-28,Cultured milk,Istinye Park,0.0
2023-02-28,Cultured milk,Kanyon,8.0
2023-02-28,Cultured milk,Mall of Istanbul,4.0
2023-02-28,Cultured milk,Metrocity,4.0
2023-02-28,Cultured milk,Metropol AVM,5.0
2023-02-28,Cultured milk,Viaport Outlet,4.0
2023-02-28,Cultured milk,Zorlu Center,0.0
2023-02-28,Evaporated milk,Cevahir AVM,0.0
2023-02-28,Evaporated milk,Emaar Square Mall,5.0
2023-02-28,Evaporated milk,Forum Istanbul,0.0
2023-02-28,Evaporated milk,Istinye Park,4.0
2023-02-28,Evaporated milk,Kanyon,1.0
2023-02-28,Evaporated milk,Mall of Istanbul,0.0
2023-02-28,Evaporated milk,Metrocity,0.0
2023-02-28,Evaporated milk,Metropol AVM,0.0
2023-02-28,Evaporated milk,Viaport Outlet,0.0
2023-02-28,Evaporated milk,Zorlu Center,2.0
2023-02-28,Flavored sterilized milk,Cevahir AVM,0.0
2023-02-28,Flavored sterilized milk,Emaar Square Mall,0.0
2023-02-28,Flavored sterilized milk,Forum Istanbul,0.0
2023-02-28,Flavored sterilized milk,Istinye Park,0.0
2023-02-28,Flavored sterilized milk,Kanyon,2.0
2023-02-28,Flavored sterilized milk,Mall of Istanbul,5.0
2023-02-28,Flavored sterilized milk,Metrocity,0.0
2023-02-28,Flavored sterilized milk,Metropol AVM,0.0
2023-02-28,Flavored sterilized milk,Viaport Outlet,2.0
2023-02-28,Flavored sterilized milk,Zorlu Center,5.0
2023-02-28,Modified milk,Cevahir AVM,8.0
2023-02-28,Modified milk,Emaar Square Mall,2.0
2023-02-28,Modified milk,Forum Istanbul,5.0
2023-02-28,Modified milk,Istinye Park,0.0
2023-02-28,Modified milk,Kanyon,13.0
2023-02-28,Modified milk,Mall of Istanbul,0.0
2023-02-28,Modified milk,Metrocity,0.0
2023-02-28,Modified milk,Metropol AVM,0.0
2023-02-28,Modified milk,Viaport Outlet,0.0
2023-02-28,Modified milk,Zorlu Center,0.0
2023-02-28,Pasteurized milk 2.5% mg,Cevahir AVM,0.0
2023-02-28,Pasteurized milk 2.5% mg,Emaar Square Mall,0.0
2023-02-28,Pasteurized milk 2.5% mg,Forum Istanbul,1.0
2023-02-28,Pasteurized milk 2.5% mg,Istinye Park,0.0
2023-02-28,Pasteurized milk 2.5% mg,Kanyon,4.0
2023-02-28,Pasteurized milk 2.5% mg,Mall of Istanbul,0.0
2023-02-28,Pasteurized milk 2.5% mg,Metrocity,2.0
2023-02-28,Pasteurized milk 2.5% mg,Metropol AVM,0.0
2023-02-28,Pasteurized milk 2.5% mg,Viaport Outlet,0.0
2023-02-28,Pasteurized milk 2.5% mg,Zorlu Center,0.0
2023-02-28,Pasteurized milk 3.0% mg,Cevahir AVM,0.0
2023-02-28,Pasteurized milk 3.0% mg,Emaar Square Mall,0.0
2023-02-28,Pasteurized milk 3.0% mg,Forum Istanbul,0.0
2023-02-28,Pasteurized milk 3.0% mg,Istinye Park,5.0
2023-02-28,Pasteurized milk 3.0% mg,Kanyon,1.0
2023-02-28,Pasteurized milk 3.0% mg,Mall of Istanbul,6.0
2023-02-28,Pasteurized milk 3.0% mg,Metrocity,0.0
2023-02-28,Pasteurized milk 3.0% mg,Metropol AVM,5.0
2023-02-28,Pasteurized milk 3.0% mg,Viaport Outlet,0.0
2023-02-28,Pasteurized milk 3.0% mg,Zorlu Center,3.0
2023-02-28,Powdered milk 12% mg,Cevahir AVM,0.0
2023-02-28,Powdered milk 12% mg,Emaar Square Mall,1.0
2023-02-28,Powdered milk 12% mg,Forum Istanbul,3.0
2023-02-28,Powdered milk 12% mg,Istinye Park,0.0
2023-02-28,Powdered milk 12% mg,Kanyon,5.0
2023-02-28,Powdered milk 12% mg,Mall of Istanbul,0.0
2023-02-28,Powdered milk 12% mg,Metrocity,0.0
2023-02-28,Powdered milk 12% mg,Metropol AVM,3.0
2023-02-28,Powdered milk 12% mg,Viaport Outlet,0.0
2023-02-28,Powdered milk 12% mg,Zorlu Center,0.0
2023-02-28,Powdered milk 18% mg,Cevahir AVM,0.0
2023-02-28,Powdered milk 18% mg,Emaar Square Mall,5.0
2023-02-28,Powdered milk 18% mg,Forum Istanbul,4.0
2023-02-28,Powdered milk 18% mg,Istinye Park,0.0
2023-02-28,Powdered milk 18% mg,Kanyon,4.0
2023-02-28,Powdered milk 18% mg,Mall of Istanbul,0.0
2023-02-28,Powdered milk 18% mg,Metrocity,1.0
2023-02-28,Powdered milk 18% mg,Metropol AVM,0.0
2023-02-28,Powdered milk 18% mg,Viaport Outlet,5.0
2023-02-28,Powdered milk 18% mg,Zorlu Center,6.0
2023-02-28,Powdered milk 20% mg,Cevahir AVM,4.0
2023-02-28,Powdered milk 20% mg,Emaar Square Mall,0.0
2023-02-28,Powdered milk 20% mg,Forum Istanbul,0.0
2023-02-28,Powdered milk 20% mg,Istinye Park,5.0
2023-02-28,Powdered milk 20% mg,Kanyon,6.0
2023-02-28,Powdered milk 20% mg,Mall of Istanbul,1.0
2023-02-28,Powdered milk 20% mg,Metrocity,5.0
2023-02-28,Powdered milk 20% mg,Metropol AVM,0.0
2023-02-28,Powdered milk 20% mg,Viaport Outlet,0.0
2023-02-28,Powdered milk 20% mg,Zorlu Center,0.0
2023-02-28,Powdered milk 26% mg,Cevahir AVM,3.0
2023-02-28,Powdered milk 26% mg,Emaar Square Mall,0.0
2023-02-28,Powdered milk 26% mg,Forum Istanbul,0.0
2023-02-28,Powdered milk 26% mg,Istinye Park,0.0
2023-02-28,Powdered milk 26% mg,Kanyon,3.0
2023-02-28,Powdered milk 26% mg,Mall of Istanbul,1.0
2023-02-28,Powdered milk 26% mg,Metrocity,4.0
2023-02-28,Powdered milk 26% mg,Metropol AVM,3.0
2023-02-28,Powdered milk 26% mg,Viaport Outlet,0.0
2023-02-28,Powdered milk 26% mg,Zorlu Center,0.0
2023-02-28,Powdered milk 28% mg,Cevahir AVM,0.0
2023-02-28,Powdered milk 28% mg,Emaar Square Mall,0.0
2023-02-28,Powdered milk 28% mg,Forum Istanbul,1.0
2023-02-28,Powdered milk 28% mg,Istinye Park,0.0
2023-02-28,Powdered milk 28% mg,Kanyon,6.0
2023-02-28,Powdered milk 28% mg,Mall of Istanbul,0.0
2023-02-28,Powdered milk 28% mg,Metrocity,0.0
2023-02-28,Powdered milk 28% mg,Metropol AVM,1.0
2023-02-28,Powdered milk 28% mg,Viaport Outlet,3.0
2023-02-28,Powdered milk 28% mg,Zorlu Center,0.0
2023-02-28,Powdered whey,Cevahir AVM,0.0
2023-02-28,Powdered whey,Emaar Square Mall,0.0
2023-02-28,Powdered whey,Forum Istanbul,0.0
2023-02-28,Powdered whey,Istinye Park,10.0
2023-02-28,Powdered whey,Kanyon,0.0
2023-02-28,Powdered whey,Mall of Istanbul,0.0
2023-02-28,Powdered whey,Metrocity,0.0
2023-02-28,Powdered whey,Metropol AVM,5.0
2023-02-28,Powdered whey,Viaport Outlet,0.0
2023-02-28,Powdered whey,Zorlu Center,0.0
2023-02-28,Skimmed pasteurized milk,Cevahir AVM,0.0
2023-02-28,Skimmed pasteurized milk,Emaar Square Mall,0.0
2023-02-28,Skimmed pasteurized milk,Forum Istanbul,0.0
2023-02-28,Skimmed pasteurized milk,Istinye Park,0.0
2023-02-28,Skimmed pasteurized milk,Kanyon,0.0
2023-02-28,Skimmed pasteurized milk,Mall of Istanbul,1.0
2023-02-28,Skimmed pasteurized milk,Metrocity,0.0
2023-02-28,Skimmed pasteurized milk,Metropol AVM,5.0
2023-02-28,Skimmed pasteurized milk,Viaport Outlet,0.0
2023-02-28,Skimmed pasteurized milk,Zorlu Center,0.0
2023-02-28,Skimmed powdered milk,Cevahir AVM,2.0
2023-02-28,Skimmed powdered milk,Emaar Square Mall,0.0
2023-02-28,Skimmed powdered milk,Forum Istanbul,0.0
2023-02-28,Skimmed powdered milk,Istinye Park,0.0
2023-02-28,Skimmed powdered milk,Kanyon,0.0
2023-02-28,Skimmed powdered milk,Mall of Istanbul,4.0
2023-02-28,Skimmed powdered milk,Metrocity,2.0
2023-02-28,Skimmed powdered milk,Metropol AVM,0.0
2023-02-28,Skimmed powdered milk,Viaport Outlet,0.0
2023-02-28,Skimmed powdered milk,Zorlu Center,0.0
2023-02-28,Small cheese,Cevahir AVM,0.0
2023-02-28,Small cheese,Emaar Square Mall,0.0
2023-02-28,Small cheese,Forum Istanbul,0.0
2023-02-28,Small cheese,Istinye Park,1.0
2023-02-28,Small cheese,Kanyon,4.0
2023-02-28,Small cheese,Mall of Istanbul,8.0
2023-02-28,Small cheese,Metrocity,1.0
2023-02-28,Small cheese,Metropol AVM,0.0
2023-02-28,Small cheese,Viaport Outlet,5.0
2023-02-28,Small cheese,Zorlu Center,0.0
2023-02-28,Sterilized semi-skimmed milk,Cevahir AVM,0.0
2023-02-28,Sterilized semi-skimmed milk,Emaar Square Mall,0.0
2023-02-28,Sterilized semi-skimmed milk,Forum Istanbul,0.0
2023-02-28,Sterilized semi-skimmed milk,Istinye Park,0.0
2023-02-28,Sterilized semi-skimmed milk,Kanyon,0.0
2023-02-28,Sterilized semi-skimmed milk,Mall of Istanbul,5.0
2023-02-28,Sterilized semi-skimmed milk,Metrocity,0.0
2023-02-28,Sterilized semi-skimmed milk,Metropol AVM,1.0
2023-02-28,Sterilized semi-skimmed milk,Viaport Outlet,0.0
2023-02-28,Sterilized semi-skimmed milk,Zorlu Center,0.0
2023-02-28,Sterilized skimmed milk,Cevahir AVM,0.0
2023-02-28,Sterilized skimmed milk,Emaar Square Mall,0.0
2023-02-28,Sterilized skimmed milk,Forum Istanbul,0.0
2023-02-28,Sterilized skimmed milk,Istinye Park,0.0
2023-02-28,Sterilized skimmed milk,Kanyon,1.0
2023-02-28,Sterilized skimmed milk,Mall of Istanbul,4.0
2023-02-28,Sterilized skimmed milk,Metrocity,3.0
2023-02-28,Sterilized skimmed milk,Metropol AVM,0.0
2023-02-28,Sterilized skimmed milk,Viaport Outlet,1.0
2023-02-28,Sterilized skimmed milk,Zorlu Center,0.0
2023-02-28,Sterilized whole milk,Cevahir AVM,0.0
2023-02-28,Sterilized whole milk,Emaar Square Mall,5.0
2023-02-28,Sterilized whole milk,Forum Istanbul,0.0
2023-02-28,Sterilized whole milk,Istinye Park,0.0
2023-02-28,Sterilized whole milk,Kanyon,3.0
2023-02-28,Sterilized whole milk,Mall of Istanbul,4.0
2023-02-28,Sterilized whole milk,Metrocity,0.0
2023-02-28,Sterilized whole milk,Metropol AVM,0.0
2023-02-28,Sterilized whole milk,Viaport Outlet,5.0
2023-02-28,Sterilized whole milk,Zorlu Center,0.0
2023-02-28,Sweetened condensed milk,Cevahir AVM,0.0
2023-02-28,Sweetened condensed milk,Emaar Square Mall,0.0
2023-02-28,Sweetened condensed milk,Forum Istanbul,0.0
2023-02-28,Sweetened condensed milk,Istinye Park,0.0
2023-02-28,Sweetened condensed milk,Kanyon,0.0
2023-02-28,Sweetened condensed milk,Mall of Istanbul,9.0
2023-02-28,Sweetened condensed milk,Metrocity,0.0
2023-02-28,Sweetened condensed milk,Metropol AVM,0.0
2023-02-28,Sweetened condensed milk,Viaport Outlet,5.0
2023-02-28,Sweetened condensed milk,Zorlu Center,0.0
2023-02-28,Total powdered milk,Cevahir AVM,0.0
2023-02-28,Total powdered milk,Emaar Square Mall,0.0
2023-02-28,Total powdered milk,Forum Istanbul,0.0
2023-02-28,Total powdered milk,Istinye Park,7.0
2023-02-28,Total powdered milk,Kanyon,0.0
2023-02-28,Total powdered milk,Mall of Istanbul,0.0
2023-02-28,Total powdered milk,Metrocity,0.0
2023-02-28,Total powdered milk,Metropol AVM,0.0
2023-02-28,Total powdered milk,Viaport Outlet,0.0
2023-02-28,Total powdered milk,Zorlu Center,0.0
2023-02-28,Yogurt,Cevahir AVM,4.0
2023-02-28,Yogurt,Emaar Square Mall,1.0
2023-02-28,Yogurt,Forum Istanbul,6.0
2023-02-28,Yogurt,Istinye Park,0.0
2023-02-28,Yogurt,Kanyon,5.0
2023-02-28,Yogurt,Mall of Istanbul,4.0
2023-02-28,Yogurt,Metrocity,4.0
2023-02-28,Yogurt,Metropol AVM,5.0
2023-02-28,Yogurt,Viaport Outlet,0.0
2023-02-28,Yogurt,Zorlu Center,0.0
2023-02-28,chocolate milk,Cevahir AVM,0.0
2023-02-28,chocolate milk,Emaar Square Mall,0.0
2023-02-28,chocolate milk,Forum Istanbul,0.0
2023-02-28,chocolate milk,Istinye Park,0.0
2023-02-28,chocolate milk,Kanyon,0.0
2023-02-28,chocolate milk,Mall of Istanbul,5.0
2023-02-28,chocolate milk,Metrocity,0.0
2023-02-28,chocolate milk,Metropol AVM,0.0
2023-02-28,chocolate milk,Viaport Outlet,0.0
2023-02-28,chocolate milk,Zorlu Center,1.0
2023-03-01,Butter,Cevahir AVM,0.0
2023-03-01,Butter,Emaar Square Mall,0.0
2023-03-01,Butter,Forum Istanbul,1.0
2023-03-01,Butter,Istinye Park,7.0
2023-03-01,Butter,Kanyon,0.0
2023-03-01,Butter,Mall of Istanbul,2.0
2023-03-01,Butter,Metrocity,4.0
2023-03-01,Butter,Metropol AVM,0.0
2023-03-01,Butter,Viaport Outlet,0.0
2023-03-01,Butter,Zorlu Center,0.0
2023-03-01,Cheese,Cevahir AVM,2.0
2023-03-01,Cheese,Emaar Square Mall,3.0
2023-03-01,Cheese,Forum Istanbul,0.0
2023-03-01,Cheese,Istinye Park,0.0
2023-03-01,Cheese,Kanyon,0.0
2023-03-01,Cheese,Mall of Istanbul,12.0
2023-03-01,Cheese,Metrocity,0.0
2023-03-01,Cheese,Metropol AVM,7.0
2023-03-01,Cheese,Viaport Outlet,2.0
2023-03-01,Cheese,Zorlu Center,0.0
2023-03-01,Condensed milk,Cevahir AVM,0.0
2023-03-01,Condensed milk,Emaar Square Mall,0.0
2023-03-01,Condensed milk,Forum Istanbul,0.0
2023-03-01,Condensed milk,Istinye Park,0.0
2023-03-01,Condensed milk,Kanyon,0.0
2023-03-01,Condensed milk,Mall of Istanbul,1.0
2023-03-01,Condensed milk,Metrocity,0.0
2023-03-01,Condensed milk,Metropol AVM,0.0
2023-03-01,Condensed milk,Viaport Outlet,0.0
2023-03-01,Condensed milk,Zorlu Center,0.0
2023-03-01,Cream,Cevahir AVM,0.0
2023-03-01,Cream,Emaar Square Mall,1.0
2023-03-01,Cream,Forum Istanbul,0.0
2023-03-01,Cream,Istinye Park,0.0
2023-03-01,Cream,Kanyon,0.0
2023-03-01,Cream,Mall of Istanbul,0.0
2023-03-01,Cream,Metrocity,5.0
2023-03-01,Cream,Metropol AVM,0.0
2023-03-01,Cream,Viaport Outlet,0.0
2023-03-01,Cream,Zorlu Center,0.0
2023-03-01,Cultured milk,Cevahir AVM,0.0
2023-03-01,Cultured milk,Emaar Square Mall,0.0
2023-03-01,Cultured milk,Forum Istanbul,0.0
2023-03-01,Cultured milk,Istinye Park,5.0
2023-03-01,Cultured milk,Kanyon,7.0
2023-03-01,Cultured milk,Mall of Istanbul,3.0
2023-03-01,Cultured milk,Metrocity,0.0
2023-03-01,Cultured milk,Metropol AVM,0.0
2023-03-01,Cultured milk,Viaport Outlet,0.0
2023-03-01,Cultured milk,Zorlu Center,0.0
2023-03-01,Evaporated milk,Cevahir AVM,0.0
2023-03-01,Evaporated milk,Emaar Square Mall,0.0
2023-03-01,Evaporated milk,Forum Istanbul,0.0
2023-03-01,Evaporated milk,Istinye Park,0.0
2023-03-01,Evaporated milk,Kanyon,1.0
2023-03-01,Evaporated milk,Mall of Istanbul,0.0
2023-03-01,Evaporated milk,Metrocity,0.0
2023-03-01,Evaporated milk,Metropol AVM,1.0
2023-03-01,Evaporated milk,Viaport Outlet,0.0
2023-03-01,Evaporated milk,Zorlu Center,0.0
2023-03-01,Flavored sterilized milk,Cevahir AVM,0.0
2023-03-01,Flavored sterilized milk,Emaar Square Mall,0.0
2023-03-01,Flavored sterilized milk,Forum Istanbul,0.0
2023-03-01,Flavored sterilized milk,Istinye Park,3.0
2023-03-01,Flavored sterilized milk,Kanyon,4.0
2023-03-01,Flavored sterilized milk,Mall of Istanbul,4.0
2023-03-01,Flavored sterilized milk,Metrocity,0.0
2023-03-01,Flavored sterilized milk,Metropol AVM,0.0
2023-03-01,Flavored sterilized milk,Viaport Outlet,0.0
2023-03-01,Flavored sterilized milk,Zorlu Center,0.0
2023-03-01,Modified milk,Cevahir AVM,0.0
2023-03-01,Modified milk,Emaar Square Mall,0.0
2023-03-01,Modified milk,Forum Istanbul,3.0
2023-03-01,Modified milk,Istinye Park,0.0
2023-03-01,Modified milk,Kanyon,7.0
2023-03-01,Modified milk,Mall of Istanbul,8.0
2023-03-01,Modified milk,Metrocity,0.0
2023-03-01,Modified milk,Metropol AVM,0.0
2023-03-01,Modified milk,Viaport Outlet,0.0
2023-03-01,Modified milk,Zorlu Center,0.0
2023-03-01,Pasteurized milk 2.5% mg,Cevahir AVM,0.0
2023-03-01,Pasteurized milk 2.5% mg,Emaar Square Mall,4.0
2023-03-01,Pasteurized milk 2.5% mg,Forum Istanbul,0.0
2023-03-01,Pasteurized milk 2.5% mg,Istinye Park,0.0
2023-03-01,Pasteurized milk 2.5% mg,Kanyon,8.0
2023-03-01,Pasteurized milk 2.5% mg,Mall of Istanbul,2.0
2023-03-01,Pasteurized milk 2.5% mg,Metrocity,0.0
2023-03-01,Pasteurized milk 2.5% mg,Metropol AVM,5.0
2023-03-01,Pasteurized milk 2.5% mg,Viaport Outlet,0.0
2023-03-01,Pasteurized milk 2.5% mg,Zorlu Center,0.0
2023-03-01,Pasteurized milk 3.0% mg,Cevahir AVM,3.0
2023-03-01,Pasteurized milk 3.0% mg,Emaar Square Mall,0.0
2023-03-01,Pasteurized milk 3.0% mg,Forum Istanbul,0.0
2023-03-01,Pasteurized milk 3.0% mg,Istinye Park,0.0
2023-03-01,Pasteurized milk 3.0% mg,Kanyon,2.0
2023-03-01,Pasteurized milk 3.0% mg,Mall of Istanbul,2.0
2023-03-01,Pasteurized milk 3.0% mg,Metrocity,0.0
2023-03-01,Pasteurized milk 3.0% mg,Metropol AVM,0.0
2023-03-01,Pasteurized milk 3.0% mg,Viaport Outlet,0.0
2023-03-01,Pasteurized milk 3.0% mg,Zorlu Center,0.0
2023-03-01,Powdered milk 12% mg,Cevahir AVM,3.0
2023-03-01,Powdered milk 12% mg,Emaar Square Mall,5.0
2023-03-01,Powdered milk 12% mg,Forum Istanbul,0.0
2023-03-01,Powdered milk 12% mg,Istinye Park,2.0
2023-03-01,Powdered milk 12% mg,Kanyon,0.0
2023-03-01,Powdered milk 12% mg,Mall of Istanbul,0.0
2023-03-01,Powdered milk 12% mg,Metrocity,1.0
2023-03-01,Powdered milk 12% mg,Metropol AVM,0.0
2023-03-01,Powdered milk 12% mg,Viaport Outlet,4.0
2023-03-01,Powdered milk 12% mg,Zorlu Center,2.0
2023-03-01,Powdered milk 18% mg,Cevahir AVM,0.0
2023-03-01,Powdered milk 18% mg,Emaar Square Mall,0.0
2023-03-01,Powdered milk 18% mg,Forum Istanbul,0.0
2023-03-01,Powdered milk 18% mg,Istinye Park,0.0
2023-03-01,Powdered milk 18% mg,Kanyon,15.0
2023-03-01,Powdered milk 18% mg,Mall of Istanbul,4.0
2023-03-01,Powdered milk 18% mg,Metrocity,4.0
2023-03-01,Powdered milk 18% mg,Metropol AVM,0.0
2023-03-01,Powdered milk 18% mg,Viaport Outlet,0.0
2023-03-01,Powdered milk 18% mg,Zorlu Center,0.0
2023-03-01,Powdered milk 20% mg,Cevahir AVM,0.0
2023-03-01,Powdered milk 20% mg,Emaar Square Mall,0.0
2023-03-01,Powdered milk 20% mg,Forum Istanbul,0.0
2023-03-01,Powdered milk 20% mg,Istinye Park,0.0
2023-03-01,Powdered milk 20% mg,Kanyon,4.0
2023-03-01,Powdered milk 20% mg,Mall of Istanbul,0.0
2023-03-01,Powdered milk 20% mg,Metrocity,0.0
2023-03-01,Powdered milk 20% mg,Metropol AVM,0.0
2023-03-01,Powdered milk 20% mg,Viaport Outlet,5.0
2023-03-01,Powdered milk 20% mg,Zorlu Center,0.0
2023-03-01,Powdered milk 26% mg,Cevahir AVM,0.0
2023-03-01,Powdered milk 26% mg,Emaar Square Mall,10.0
2023-03-01,Powdered milk 26% mg,Forum Istanbul,0.0
2023-03-01,Powdered milk 26% mg,Istinye Park,0.0
2023-03-01,Powdered milk 26% mg,Kanyon,0.0
2023-03-01,Powdered milk 26% mg,Mall of Istanbul,10.0
2023-03-01,Powdered milk 26% mg,Metrocity,0.0
2023-03-01,Powdered milk 26% mg,Metropol AVM,0.0
2023-03-01,Powdered milk 26% mg,Viaport Outlet,0.0
2023-03-01,Powdered milk 26% mg,Zorlu Center,0.0
2023-03-01,Powdered milk 28% mg,Cevahir AVM,0.0
2023-03-01,Powdered milk 28% mg,Emaar Square Mall,3.0
2023-03-01,Powdered milk 28% mg,Forum Istanbul,0.0
2023-03-01,Powdered milk 28% mg,Istinye Park,3.0
2023-03-01,Powdered milk 28% mg,Kanyon,4.0
2023-03-01,Powdered milk 28% mg,Mall of Istanbul,6.0
2023-03-01,Powdered milk 28% mg,Metrocity,0.0
2023-03-01,Powdered milk 28% mg,Metropol AVM,0.0
2023-03-01,Powdered milk 28% mg,Viaport Outlet,0.0
2023-03-01,Powdered milk 28% mg,Zorlu Center,0.0
2023-03-01,Powdered whey,Cevahir AVM,0.0
2023-03-01,Powdered whey,Emaar Square Mall,0.0
2023-03-01,Powdered whey,Forum Istanbul,0.0
2023-03-01,Powdered whey,Istinye Park,0.0
2023-03-01,Powdered whey,Kanyon,5.0
2023-03-01,Powdered whey,Mall of Istanbul,0.0
2023-03-01,Powdered whey,Metrocity,0.0
2023-03-01,Powdered whey,Metropol AVM,7.0
2023-03-01,Powdered whey,Viaport Outlet,3.0
2023-03-01,Powdered whey,Zorlu Center,0.0
2023-03-01,Skimmed pasteurized milk,Cevahir AVM,0.0
2023-03-01,Skimmed pasteurized milk,Emaar Square Mall,0.0
2023-03-01,Skimmed pasteurized milk,Forum Istanbul,0.0
2023-03-01,Skimmed pasteurized milk,Istinye Park,0.0
2023-03-01,Skimmed pasteurized milk,Kanyon,0.0
2023-03-01,Skimmed pasteurized milk,Mall of Istanbul,4.0
2023-03-01,Skimmed pasteurized milk,Metrocity,11.0
2023-03-01,Skimmed pasteurized milk,Metropol AVM,0.0
2023-03-01,Skimmed pasteurized milk,Viaport Outlet,1.0
2023-03-01,Skimmed pasteurized milk,Zorlu Center,0.0
2023-03-01,Skimmed powdered milk,Cevahir AVM,3.0
2023-03-01,Skimmed powdered milk,Emaar Square Mall,0.0
2023-03-01,Skimmed powdered milk,Forum Istanbul,0.0
2023-03-01,Skimmed powdered milk,Istinye Park,4.0
2023-03-01,Skimmed powdered milk,Kanyon,0.0
2023-03-01,Skimmed powdered milk,Mall of Istanbul,0.0
2023-03-01,Skimmed powdered milk,Metrocity,0.0
2023-03-01,Skimmed powdered milk,Metropol AVM,0.0
2023-03-01,Skimmed powdered milk,Viaport Outlet,0.0
2023-03-01,Skimmed powdered milk,Zorlu Center,0.0
2023-03-01,Small cheese,Cevahir AVM,0.0
2023-03-01,Small cheese,Emaar Square Mall,0.0
2023-03-01,Small cheese,Forum Istanbul,3.0
2023-03-01,Small cheese,Istinye Park,0.0
2023-03-01,Small cheese,Kanyon,0.0
2023-03-01,Small cheese,Mall of Istanbul,0.0
2023-03-01,Small cheese,Metrocity,5.0
2023-03-01,Small cheese,Metropol AVM,0.0
2023-03-01,Small cheese,Viaport Outlet,5.0
2023-03-01,Small cheese,Zorlu Center,0.0
2023-03-01,Sterilized semi-skimmed milk,Cevahir AVM,7.0
2023-03-01,Sterilized semi-skimmed milk,Emaar Square Mall,0.0
2023-03-01,Sterilized semi-skimmed milk,Forum Istanbul,0.0
2023-03-01,Sterilized semi-skimmed milk,Istinye Park,0.0
2023-03-01,Sterilized semi-skimmed milk,Kanyon,1.0
2023-03-01,Sterilized semi-skimmed milk,Mall of Istanbul,0.0
2023-03-01,Sterilized semi-skimmed milk,Metrocity,4.0
2023-03-01,Sterilized semi-skimmed milk,Metropol AVM,0.0
2023-03-01,Sterilized semi-skimmed milk,Viaport Outlet,0.0
2023-03-01,Sterilized semi-skimmed milk,Zorlu Center,0.0
2023-03-01,Sterilized skimmed milk,Cevahir AVM,0.0
2023-03-01,Sterilized skimmed milk,Emaar Square Mall,0.0
2023-03-01,Sterilized skimmed milk,Forum Istanbul,0.0
2023-03-01,Sterilized skimmed milk,Istinye Park,0.0
2023-03-01,Sterilized skimmed milk,Kanyon,7.0
2023-03-01,Sterilized skimmed milk,Mall of Istanbul,0.0
2023-03-01,Sterilized skimmed milk,Metrocity,0.0
2023-03-01,Sterilized skimmed milk,Metropol AVM,0.0
2023-03-01,Sterilized skimmed milk,Viaport Outlet,0.0
2023-03-01,Sterilized skimmed milk,Zorlu Center,5.0
2023-03-01,Sterilized whole milk,Cevahir AVM,0.0
2023-03-01,Sterilized whole milk,Emaar Square Mall,0.0
2023-03-01,Sterilized whole milk,Forum Istanbul,0.0
2023-03-01,Sterilized whole milk,Istinye Park,0.0
2023-03-01,Sterilized whole milk,Kanyon,3.0
2023-03-01,Sterilized whole milk,Mall of Istanbul,0.0
2023-03-01,Sterilized whole milk,Metrocity,0.0
2023-03-01,Sterilized whole milk,Metropol AVM,6.0
2023-03-01,Sterilized whole milk,Viaport Outlet,0.0
2023-03-01,Sterilized whole milk,Zorlu Center,0.0
2023-03-01,Sweetened condensed milk,Cevahir AVM,0.0
2023-03-01,Sweetened condensed milk,Emaar Square Mall,0.0
2023-03-01,Sweetened condensed milk,Forum Istanbul,0.0
2023-03-01,Sweetened condensed milk,Istinye Park,0.0
2023-03-01,Sweetened condensed milk,Kanyon,0.0
2023-03-01,Sweetened condensed milk,Mall of Istanbul,4.0
2023-03-01,Sweetened condensed milk,Metrocity,0.0
2023-03-01,Sweetened condensed milk,Metropol AVM,6.0
2023-03-01,Sweetened condensed milk,Viaport Outlet,0.0
2023-03-01,Sweetened condensed milk,Zorlu Center,0.0
2023-03-01,Total powdered milk,Cevahir AVM,7.0
2023-03-01,Total powdered milk,Emaar Square Mall,0.0
2023-03-01,Total powdered milk,Forum Istanbul,0.0
2023-03-01,Total powdered milk,Istinye Park,0.0
2023-03-01,Total powdered milk,Kanyon,5.0
2023-03-01,Total powdered milk,Mall of Istanbul,0.0
2023-03-01,Total powdered milk,Metrocity,0.0
2023-03-01,Total powdered milk,Metropol AVM,6.0
2023-03-01,Total powdered milk,Viaport Outlet,5.0
2023-03-01,Total powdered milk,Zorlu Center,0.0
2023-03-01,Yogurt,Cevahir AVM,0.0
2023-03-01,Yogurt,Emaar Square Mall,0.0
2023-03-01,Yogurt,Forum Istanbul,0.0
2023-03-01,Yogurt,Istinye Park,2.0
2023-03-01,Yogurt,Kanyon,1.0
2023-03-01,Yogurt,Mall of Istanbul,1.0
2023-03-01,Yogurt,Metrocity,0.0
2023-03-01,Yogurt,Metropol AVM,0.0
2023-03-01,Yogurt,Viaport Outlet,4.0
2023-03-01,Yogurt,Zorlu Center,5.0
2023-03-01,chocolate milk,Cevahir AVM,0.0
2023-03-01,chocolate milk,Emaar Square Mall,0.0
2023-03-01,chocolate milk,Forum Istanbul,0.0
2023-03-01,chocolate milk,Istinye Park,0.0
2023-03-01,chocolate milk,Kanyon,0.0
2023-03-01,chocolate milk,Mall of Istanbul,4.0
2023-03-01,chocolate milk,Metrocity,0.0
2023-03-01,chocolate milk,Metropol AVM,0.0
2023-03-01,chocolate milk,Viaport Outlet,0.0
2023-03-01,chocolate milk,Zorlu Center,0.0
2023-03-02,Butter,Cevahir AVM,0.0
2023-03-02,Butter,Emaar Square Mall,0.0
2023-03-02,Butter,Forum Istanbul,7.0
2023-03-02,Butter,Istinye Park,0.0
2023-03-02,Butter,Kanyon,0.0
2023-03-02,Butter,Mall of Istanbul,4.0
2023-03-02,Butter,Metrocity,2.0
2023-03-02,Butter,Metropol AVM,5.0
2023-03-02,Butter,Viaport Outlet,0.0
2023-03-02,Butter,Zorlu Center,0.0
2023-03-02,Cheese,Cevahir AVM,0.0
2023-03-02,Cheese,Emaar Square Mall,0.0
2023-03-02,Cheese,Forum Istanbul,0.0
2023-03-02,Cheese,Istinye Park,0.0
2023-03-02,Cheese,Kanyon,0.0
2023-03-02,Cheese,Mall of Istanbul,0.0
2023-03-02,Cheese,Metrocity,5.0
2023-03-02,Cheese,Metropol AVM,0.0
2023-03-02,Cheese,Viaport Outlet,0.0
2023-03-02,Cheese,Zorlu Center,0.0
2023-03-02,Condensed milk,Cevahir AVM,0.0
2023-03-02,Condensed milk,Emaar Square Mall,0.0
2023-03-02,Condensed milk,Forum Istanbul,0.0
2023-03-02,Condensed milk,Istinye Park,0.0
2023-03-02,Condensed milk,Kanyon,4.0
2023-03-02,Condensed milk,Mall of Istanbul,6.0
2023-03-02,Condensed milk,Metrocity,2.0
2023-03-02,Condensed milk,Metropol AVM,0.0
2023-03-02,Condensed milk,Viaport Outlet,0.0
2023-03-02,Condensed milk,Zorlu Center,1.0
2023-03-02,Cream,Cevahir AVM,0.0
2023-03-02,Cream,Emaar Square Mall,0.0
2023-03-02,Cream,Forum Istanbul,0.0
2023-03-02,Cream,Istinye Park,0.0
2023-03-02,Cream,Kanyon,2.0
2023-03-02,Cream,Mall of Istanbul,0.0
2023-03-02,Cream,Metrocity,0.0
2023-03-02,Cream,Metropol AVM,4.0
2023-03-02,Cream,Viaport Outlet,1.0
2023-03-02,Cream,Zorlu Center,5.0
2023-03-02,Cultured milk,Cevahir AVM,0.0
2023-03-02,Cultured milk,Emaar Square Mall,0.0
2023-03-02,Cultured milk,Forum Istanbul,0.0
2023-03-02,Cultured milk,Istinye Park,0.0
2023-03-02,Cultured milk,Kanyon,0.0
2023-03-02,Cultured milk,Mall of Istanbul,0.0
2023-03-02,Cultured milk,Metrocity,0.0
2023-03-02,Cultured milk,Metropol AVM,0.0
2023-03-02,Cultured milk,Viaport Outlet,0.0
2023-03-02,Cultured milk,Zorlu Center,0.0
2023-03-02,Evaporated milk,Cevahir AVM,11.0
2023-03-02,Evaporated milk,Emaar Square Mall,0.0
2023-03-02,Evaporated milk,Forum Istanbul,2.0
2023-03-02,Evaporated milk,Istinye Park,1.0
2023-03-02,Evaporated milk,Kanyon,5.0
2023-03-02,Evaporated milk,Mall of Istanbul,4.0
2023-03-02,Evaporated milk,Metrocity,4.0
2023-03-02,Evaporated milk,Metropol AVM,5.0
2023-03-02,Evaporated milk,Viaport Outlet,0.0
2023-03-02,Evaporated milk,Zorlu Center,0.0
2023-03-02,Flavored sterilized milk,Cevahir AVM,0.0
2023-03-02,Flavored sterilized milk,Emaar Square Mall,1.0
2023-03-02,Flavored sterilized milk,Forum Istanbul,0.0
2023-03-02,Flavored sterilized milk,Istinye Park,0.0
2023-03-02,Flavored sterilized milk,Kanyon,0.0
2023-03-02,Flavored sterilized milk,Mall of Istanbul,5.0
2023-03-02,Flavored sterilized milk,Metrocity,0.0
2023-03-02,Flavored sterilized milk,Metropol AVM,0.0
2023-03-02,Flavored sterilized milk,Viaport Outlet,0.0
2023-03-02,Flavored sterilized milk,Zorlu Center,0.0
2023-03-02,Modified milk,Cevahir AVM,0.0
2023-03-02,Modified milk,Emaar Square Mall,0.0
2023-03-02,Modified milk,Forum Istanbul,0.0
2023-03-02,Modified milk,Istinye Park,0.0
2023-03-02,Modified milk,Kanyon,0.0
2023-03-02,Modified milk,Mall of Istanbul,0.0
2023-03-02,Modified milk,Metrocity,9.0
2023-03-02,Modified milk,Metropol AVM,0.0
2023-03-02,Modified milk,Viaport Outlet,0.0
2023-03-02,Modified milk,Zorlu Center,0.0
2023-03-02,Pasteurized milk 2.5% mg,Cevahir AVM,0.0
2023-03-02,Pasteurized milk 2.5% mg,Emaar Square Mall,0.0
2023-03-02,Pasteurized milk 2.5% mg,Forum Istanbul,0.0
2023-03-02,Pasteurized milk 2.5% mg,Istinye Park,0.0
2023-03-02,Pasteurized milk 2.5% mg,Kanyon,1.0
2023-03-02,Pasteurized milk 2.5% mg,Mall of Istanbul,3.0
2023-03-02,Pasteurized milk 2.5% mg,Metrocity,1.0
2023-03-02,Pasteurized milk 2.5% mg,Metropol AVM,0.0
2023-03-02,Pasteurized milk 2.5% mg,Viaport Outlet,0.0
2023-03-02,Pasteurized milk 2.5% mg,Zorlu Center,5.0
2023-03-02,Pasteurized milk 3.0% mg,Cevahir AVM,4.0
2023-03-02,Pasteurized milk 3.0% mg,Emaar Square Mall,0.0
2023-03-02,Pasteurized milk 3.0% mg,Forum Istanbul,0.0
2023-03-02,Pasteurized milk 3.0% mg,Istinye Park,0.0
2023-03-02,Pasteurized milk 3.0% mg,Kanyon,0.0
2023-03-02,Pasteurized milk 3.0% mg,Mall of Istanbul,7.0
2023-03-02,Pasteurized milk 3.0% mg,Metrocity,3.0
2023-03-02,Pasteurized milk 3.0% mg,Metropol AVM,0.0
2023-03-02,Pasteurized milk 3.0% mg,Viaport Outlet,0.0
2023-03-02,Pasteurized milk 3.0% mg,Zorlu Center,4.0
2023-03-02,Powdered milk 12% mg,Cevahir AVM,0.0
2023-03-02,Powdered milk 12% mg,Emaar Square Mall,0.0
2023-03-02,Powdered milk 12% mg,Forum Istanbul,0.0
2023-03-02,Powdered milk 12% mg,Istinye Park,1.0
2023-03-02,Powdered milk 12% mg,Kanyon,2.0
2023-03-02,Powdered milk 12% mg,Mall of Istanbul,0.0
2023-03-02,Powdered milk 12% mg,Metrocity,7.0
2023-03-02,Powdered milk 12% mg,Metropol AVM,0.0
2023-03-02,Powdered milk 12% mg,Viaport Outlet,0.0
2023-03-02,Powdered milk 12% mg,Zorlu Center,0.0
2023-03-02,Powdered milk 18% mg,Cevahir AVM,3.0
2023-03-02,Powdered milk 18% mg,Emaar Square Mall,0.0
2023-03-02,Powdered milk 18% mg,Forum Istanbul,0.0
2023-03-02,Powdered milk 18% mg,Istinye Park,1.0
2023-03-02,Powdered milk 18% mg,Kanyon,0.0
2023-03-02,Powdered milk 18% mg,Mall of Istanbul,0.0
2023-03-02,Powdered milk 18% mg,Metrocity,3.0
2023-03-02,Powdered milk 18% mg,Metropol AVM,0.0
2023-03-02,Powdered milk 18% mg,Viaport Outlet,3.0
2023-03-02,Powdered milk 18% mg,Zorlu Center,0.0
2023-03-02,Powdered milk 20% mg,Cevahir AVM,3.0
2023-03-02,Powdered milk 20% mg,Emaar Square Mall,0.0
2023-03-02,Powdered milk 20% mg,Forum Istanbul,0.0
2023-03-02,Powdered milk 20% mg,Istinye Park,0.0
2023-03-02,Powdered milk 20% mg,Kanyon,0.0
2023-03-02,Powdered milk 20% mg,Mall of Istanbul,6.0
2023-03-02,Powdered milk 20% mg,Metrocity,0.0
2023-03-02,Powdered milk 20% mg,Metropol AVM,0.0
2023-03-02,Powdered milk 20% mg,Viaport Outlet,4.0
2023-03-02,Powdered milk 20% mg,Zorlu Center,0.0
2023-03-02,Powdered milk 26% mg,Cevahir AVM,0.0
2023-03-02,Powdered milk 26% mg,Emaar Square Mall,0.0
2023-03-02,Powdered milk 26% mg,Forum Istanbul,7.0
2023-03-02,Powdered milk 26% mg,Istinye Park,0.0
2023-03-02,Powdered milk 26% mg,Kanyon,4.0
2023-03-02,Powdered milk 26% mg,Mall of Istanbul,3.0
2023-03-02,Powdered milk 26% mg,Metrocity,1.0
2023-03-02,Powdered milk 26% mg,Metropol AVM,2.0
2023-03-02,Powdered milk 26% mg,Viaport Outlet,1.0
2023-03-02,Powdered milk 26% mg,Zorlu Center,0.0
2023-03-02,Powdered milk 28% mg,Cevahir AVM,5.0
2023-03-02,Powdered milk 28% mg,Emaar Square Mall,0.0
2023-03-02,Powdered milk 28% mg,Forum Istanbul,0.0
2023-03-02,Powdered milk 28% mg,Istinye Park,3.0
2023-03-02,Powdered milk 28% mg,Kanyon,5.0
2023-03-02,Powdered milk 28% mg,Mall of Istanbul,9.0
2023-03-02,Powdered milk 28% mg,Metrocity,0.0
2023-03-02,Powdered milk 28% mg,Metropol AVM,0.0
2023-03-02,Powdered milk 28% mg,Viaport Outlet,0.0
2023-03-02,Powdered milk 28% mg,Zorlu Center,4.0
2023-03-02,Powdered whey,Cevahir AVM,0.0
2023-03-02,Powdered whey,Emaar Square Mall,0.0
2023-03-02,Powdered whey,Forum Istanbul,1.0
2023-03-02,Powdered whey,Istinye Park,0.0
2023-03-02,Powdered whey,Kanyon,3.0
2023-03-02,Powdered whey,Mall of Istanbul,1.0
2023-03-02,Powdered whey,Metrocity,0.0
2023-03-02,Powdered whey,Metropol AVM,0.0
2023-03-02,Powdered whey,Viaport Outlet,2.0
2023-03-02,Powdered whey,Zorlu Center,0.0
2023-03-02,Skimmed pasteurized milk,Cevahir AVM,0.0
2023-03-02,Skimmed pasteurized milk,Emaar Square Mall,0.0
2023-03-02,Skimmed pasteurized milk,Forum Istanbul,3.0
2023-03-02,Skimmed pasteurized milk,Istinye Park,0.0
2023-03-02,Skimmed pasteurized milk,Kanyon,1.0
2023-03-02,Skimmed pasteurized milk,Mall of Istanbul,0.0
2023-03-02,Skimmed pasteurized milk,Metrocity,5.0
2023-03-02,Skimmed pasteurized milk,Metropol AVM,4.0
2023-03-02,Skimmed pasteurized milk,Viaport Outlet,0.0
2023-03-02,Skimmed pasteurized milk,Zorlu Center,0.0
2023-03-02,Skimmed powdered milk,Cevahir AVM,0.0
2023-03-02,Skimmed powdered milk,Emaar Square Mall,0.0
2023-03-02,Skimmed powdered milk,Forum Istanbul,0.0
2023-03-02,Skimmed powdered milk,Istinye Park,0.0
2023-03-02,Skimmed powdered milk,Kanyon,11.0
2023-03-02,Skimmed powdered milk,Mall of Istanbul,3.0
2023-03-02,Skimmed powdered milk,Metrocity,2.0
2023-03-02,Skimmed powdered milk,Metropol AVM,0.0
2023-03-02,Skimmed powdered milk,Viaport Outlet,0.0
2023-03-02,Skimmed powdered milk,Zorlu Center,0.0
2023-03-02,Small cheese,Cevahir AVM,0.0
2023-03-02,Small cheese,Emaar Square Mall,0.0
2023-03-02,Small cheese,Forum Istanbul,0.0
2023-03-02,Small cheese,Istinye Park,5.0
2023-03-02,Small cheese,Kanyon,0.0
2023-03-02,Small cheese,Mall of Istanbul,0.0
2023-03-02,Small cheese,Metrocity,5.0
2023-03-02,Small cheese,Metropol AVM,0.0
2023-03-02,Small cheese,Viaport Outlet,0.0
2023-03-02,Small cheese,Zorlu Center,8.0
2023-03-02,Sterilized semi-skimmed milk,Cevahir AVM,0.0
2023-03-02,Sterilized semi-skimmed milk,Emaar Square Mall,0.0
2023-03-02,Sterilized semi-skimmed milk,Forum Istanbul,0.0
2023-03-02,Sterilized semi-skimmed milk,Istinye Park,0.0
2023-03-02,Sterilized semi-skimmed milk,Kanyon,3.0
2023-03-02,Sterilized semi-skimmed milk,Mall of Istanbul,2.0
2023-03-02,Sterilized semi-skimmed milk,Metrocity,0.0
2023-03-02,Sterilized semi-skimmed milk,Metropol AVM,4.0
2023-03-02,Sterilized semi-skimmed milk,Viaport Outlet,0.0
2023-03-02,Sterilized semi-skimmed milk,Zorlu Center,0.0
2023-03-02,Sterilized skimmed milk,Cevahir AVM,0.0
2023-03-02,Sterilized skimmed milk,Emaar Square Mall,0.0
2023-03-02,Sterilized skimmed milk,Forum Istanbul,0.0
2023-03-02,Sterilized skimmed milk,Istinye Park,0.0
2023-03-02,Sterilized skimmed milk,Kanyon,10.0
2023-03-02,Sterilized skimmed milk,Mall of Istanbul,1.0
2023-03-02,Sterilized skimmed milk,Metrocity,0.0
2023-03-02,Sterilized skimmed milk,Metropol AVM,0.0
2023-03-02,Sterilized skimmed milk,Viaport Outlet,0.0
2023-03-02,Sterilized skimmed milk,Zorlu Center,5.0
2023-03-02,Sterilized whole milk,Cevahir AVM,0.0
2023-03-02,Sterilized whole milk,Emaar Square Mall,0.0
2023-03-02,Sterilized whole milk,Forum Istanbul,0.0
2023-03-02,Sterilized whole milk,Istinye Park,0.0
2023-03-02,Sterilized whole milk,Kanyon,7.0
2023-03-02,Sterilized whole milk,Mall of Istanbul,0.0
2023-03-02,Sterilized whole milk,Metrocity,8.0
2023-03-02,Sterilized whole milk,Metropol AVM,1.0
2023-03-02,Sterilized whole milk,Viaport Outlet,0.0
2023-03-02,Sterilized whole milk,Zorlu Center,0.0
2023-03-02,Sweetened condensed milk,Cevahir AVM,0.0
2023-03-02,Sweetened condensed milk,Emaar Square Mall,0.0
2023-03-02,Sweetened condensed milk,Forum Istanbul,0.0
2023-03-02,Sweetened condensed milk,Istinye Park,0.0
2023-03-02,Sweetened condensed milk,Kanyon,0.0
2023-03-02,Sweetened condensed milk,Mall of Istanbul,0.0
2023-03-02,Sweetened condensed milk,Metrocity,0.0
2023-03-02,Sweetened condensed milk,Metropol AVM,0.0
2023-03-02,Sweetened condensed milk,Viaport Outlet,4.0
2023-03-02,Sweetened condensed milk,Zorlu Center,3.0
2023-03-02,Total powdered milk,Cevahir AVM,0.0
2023-03-02,Total powdered milk,Emaar Square Mall,0.0
2023-03-02,Total powdered milk,Forum Istanbul,0.0
2023-03-02,Total powdered milk,Istinye Park,0.0
2023-03-02,Total powdered milk,Kanyon,4.0
2023-03-02,Total powdered milk,Mall of Istanbul,7.0
2023-03-02,Total powdered milk,Metrocity,0.0
2023-03-02,Total powdered milk,Metropol AVM,2.0
2023-03-02,Total powdered milk,Viaport Outlet,0.0
2023-03-02,Total powdered milk,Zorlu Center,0.0
2023-03-02,Yogurt,Cevahir AVM,0.0
2023-03-02,Yogurt,Emaar Square Mall,0.0
2023-03-02,Yogurt,Forum Istanbul,0.0
2023-03-02,Yogurt,Istinye Park,5.0
2023-03-02,Yogurt,Kanyon,3.0
2023-03-02,Yogurt,Mall of Istanbul,5.0
2023-03-02,Yogurt,Metrocity,0.0
2023-03-02,Yogurt,Metropol AVM,1.0
2023-03-02,Yogurt,Viaport Outlet,1.0
2023-03-02,Yogurt,Zorlu Center,0.0
2023-03-02,chocolate milk,Cevahir AVM,0.0
2023-03-02,chocolate milk,Emaar Square Mall,2.0
2023-03-02,chocolate milk,Forum Istanbul,0.0
2023-03-02,chocolate milk,Istinye Park,0.0
2023-03-02,chocolate milk,Kanyon,0.0
2023-03-02,chocolate milk,Mall of Istanbul,5.0
2023-03-02,chocolate milk,Metrocity,3.0
2023-03-02,chocolate milk,Metropol AVM,6.0
2023-03-02,chocolate milk,Viaport Outlet,0.0
2023-03-02,chocolate milk,Zorlu Center,0.0
2023-03-03,Butter,Cevahir AVM,0.0
2023-03-03,Butter,Emaar Square Mall,5.0
2023-03-03,Butter,Forum Istanbul,0.0
2023-03-03,Butter,Istinye Park,5.0
2023-03-03,Butter,Kanyon,5.0
2023-03-03,Butter,Mall of Istanbul,5.0
2023-03-03,Butter,Metrocity,0.0
2023-03-03,Butter,Metropol AVM,0.0
2023-03-03,Butter,Viaport Outlet,0.0
2023-03-03,Butter,Zorlu Center,6.0
2023-03-03,Cheese,Cevahir AVM,0.0
2023-03-03,Cheese,Emaar Square Mall,0.0
2023-03-03,Cheese,Forum Istanbul,0.0
2023-03-03,Cheese,Istinye Park,0.0
2023-03-03,Cheese,Kanyon,0.0
2023-03-03,Cheese,Mall of Istanbul,7.0
2023-03-03,Cheese,Metrocity,0.0
2023-03-03,Cheese,Metropol AVM,0.0
2023-03-03,Cheese,Viaport Outlet,0.0
2023-03-03,Cheese,Zorlu Center,0.0
2023-03-03,Condensed milk,Cevahir AVM,0.0
2023-03-03,Condensed milk,Emaar Square Mall,0.0
2023-03-03,Condensed milk,Forum Istanbul,5.0
2023-03-03,Condensed milk,Istinye Park,0.0
2023-03-03,Condensed milk,Kanyon,0.0
2023-03-03,Condensed milk,Mall of Istanbul,10.0
2023-03-03,Condensed milk,Metrocity,0.0
2023-03-03,Condensed milk,Metropol AVM,0.0
2023-03-03,Condensed milk,Viaport Outlet,0.0
2023-03-03,Condensed milk,Zorlu Center,4.0
2023-03-03,Cream,Cevahir AVM,0.0
2023-03-03,Cream,Emaar Square Mall,0.0
2023-03-03,Cream,Forum Istanbul,0.0
2023-03-03,Cream,Istinye Park,0.0
2023-03-03,Cream,Kanyon,0.0
2023-03-03,Cream,Mall of Istanbul,17.0
2023-03-03,Cream,Metrocity,1.0
2023-03-03,Cream,Metropol AVM,2.0
2023-03-03,Cream,Viaport Outlet,0.0
2023-03-03,Cream,Zorlu Center,0.0
2023-03-03,Cultured milk,Cevahir AVM,4.0
2023-03-03,Cultured milk,Emaar Square Mall,0.0
2023-03-03,Cultured milk,Forum Istanbul,0.0
2023-03-03,Cultured milk,Istinye Park,0.0
2023-03-03,Cultured milk,Kanyon,0.0
2023-03-03,Cultured milk,Mall of Istanbul,0.0
2023-03-03,Cultured milk,Metrocity,8.0
2023-03-03,Cultured milk,Metropol AVM,0.0
2023-03-03,Cultured milk,Viaport Outlet,0.0
2023-03-03,Cultured milk,Zorlu Center,0.0
2023-03-03,Evaporated milk,Cevahir AVM,0.0
2023-03-03,Evaporated milk,Emaar Square Mall,0.0
2023-03-03,Evaporated milk,Forum Istanbul,0.0
2023-03-03,Evaporated milk,Istinye Park,0.0
2023-03-03,Evaporated milk,Kanyon,2.0
2023-03-03,Evaporated milk,Mall of Istanbul,2.0
2023-03-03,Evaporated milk,Metrocity,2.0
2023-03-03,Evaporated milk,Metropol AVM,0.0
2023-03-03,Evaporated milk,Viaport Outlet,0.0
2023-03-03,Evaporated milk,Zorlu Center,2.0
2023-03-03,Flavored sterilized milk,Cevahir AVM,7.0
2023-03-03,Flavored sterilized milk,Emaar Square Mall,0.0
2023-03-03,Flavored sterilized milk,Forum Istanbul,0.0
2023-03-03,Flavored sterilized milk,Istinye Park,0.0
2023-03-03,Flavored sterilized milk,Kanyon,10.0
2023-03-03,Flavored sterilized milk,Mall of Istanbul,0.0
2023-03-03,Flavored sterilized milk,Metrocity,0.0
2023-03-03,Flavored sterilized milk,Metropol AVM,8.0
2023-03-03,Flavored sterilized milk,Viaport Outlet,0.0
2023-03-03,Flavored sterilized milk,Zorlu Center,0.0
2023-03-03,Modified milk,Cevahir AVM,4.0
2023-03-03,Modified milk,Emaar Square Mall,0.0
2023-03-03,Modified milk,Forum Istanbul,4.0
2023-03-03,Modified milk,Istinye Park,5.0
2023-03-03,Modified milk,Kanyon,4.0
2023-03-03,Modified milk,Mall of Istanbul,5.0
2023-03-03,Modified milk,Metrocity,0.0
2023-03-03,Modified milk,Metropol AVM,3.0
2023-03-03,Modified milk,Viaport Outlet,0.0
2023-03-03,Modified milk,Zorlu Center,0.0
2023-03-03,Pasteurized milk 2.5% mg,Cevahir AVM,0.0
2023-03-03,Pasteurized milk 2.5% mg,Emaar Square Mall,0.0
2023-03-03,Pasteurized milk 2.5% mg,Forum Istanbul,0.0
2023-03-03,Pasteurized milk 2.5% mg,Istinye Park,0.0
2023-03-03,Pasteurized milk 2.5% mg,Kanyon,0.0
2023-03-03,Pasteurized milk 2.5% mg,Mall of Istanbul,0.0
2023-03-03,Pasteurized milk 2.5% mg,Metrocity,2.0
2023-03-03,Pasteurized milk 2.5% mg,Metropol AVM,0.0
2023-03-03,Pasteurized milk 2.5% mg,Viaport Outlet,0.0
2023-03-03,Pasteurized milk 2.5% mg,Zorlu Center,0.0
2023-03-03,Pasteurized milk 3.0% mg,Cevahir AVM,0.0
2023-03-03,Pasteurized milk 3.0% mg,Emaar Square Mall,2.0
2023-03-03,Pasteurized milk 3.0% mg,Forum Istanbul,0.0
2023-03-03,Pasteurized milk 3.0% mg,Istinye Park,8.0
2023-03-03,Pasteurized milk 3.0% mg,Kanyon,3.0
2023-03-03,Pasteurized milk 3.0% mg,Mall of Istanbul,0.0
2023-03-03,Pasteurized milk 3.0% mg,Metrocity,0.0
2023-03-03,Pasteurized milk 3.0% mg,Metropol AVM,1.0
2023-03-03,Pasteurized milk 3.0% mg,Viaport Outlet,1.0
2023-03-03,Pasteurized milk 3.0% mg,Zorlu Center,0.0
2023-03-03,Powdered milk 12% mg,Cevahir AVM,2.0
2023-03-03,Powdered milk 12% mg,Emaar Square Mall,0.0
2023-03-03,Powdered milk 12% mg,Forum Istanbul,0.0
2023-03-03,Powdered milk 12% mg,Istinye Park,0.0
2023-03-03,Powdered milk 12% mg,Kanyon,2.0
2023-03-03,Powdered milk 12% mg,Mall of Istanbul,3.0
2023-03-03,Powdered milk 12% mg,Metrocity,0.0
2023-03-03,Powdered milk 12% mg,Metropol AVM,0.0
2023-03-03,Powdered milk 12% mg,Viaport Outlet,0.0
2023-03-03,Powdered milk 12% mg,Zorlu Center,0.0
2023-03-03,Powdered milk 18% mg,Cevahir AVM,0.0
2023-03-03,Powdered milk 18% mg,Emaar Square Mall,0.0
2023-03-03,Powdered milk 18% mg,Forum Istanbul,0.0
2023-03-03,Powdered milk 18% mg,Istinye Park,0.0
2023-03-03,Powdered milk 18% mg,Kanyon,0.0
2023-03-03,Powdered milk 18% mg,Mall of Istanbul,2.0
2023-03-03,Powdered milk 18% mg,Metrocity,0.0
2023-03-03,Powdered milk 18% mg,Metropol AVM,9.0
2023-03-03,Powdered milk 18% mg,Viaport Outlet,0.0
2023-03-03,Powdered milk 18% mg,Zorlu Center,0.0
2023-03-03,Powdered milk 20% mg,Cevahir AVM,2.0
2023-03-03,Powdered milk 20% mg,Emaar Square Mall,0.0
2023-03-03,Powdered milk 20% mg,Forum Istanbul,0.0
2023-03-03,Powdered milk 20% mg,Istinye Park,0.0
2023-03-03,Powdered milk 20% mg,Kanyon,5.0
2023-03-03,Powdered milk 20% mg,Mall of Istanbul,1.0
2023-03-03,Powdered milk 20% mg,Metrocity,0.0
2023-03-03,Powdered milk 20% mg,Metropol AVM,0.0
2023-03-03,Powdered milk 20% mg,Viaport Outlet,5.0
2023-03-03,Powdered milk 20% mg,Zorlu Center,2.0
2023-03-03,Powdered milk 26% mg,Cevahir AVM,0.0
2023-03-03,Powdered milk 26% mg,Emaar Square Mall,0.0
2023-03-03,Powdered milk 26% mg,Forum Istanbul,0.0
2023-03-03,Powdered milk 26% mg,Istinye Park,7.0
2023-03-03,Powdered milk 26% mg,Kanyon,0.0
2023-03-03,Powdered milk 26% mg,Mall of Istanbul,2.0
2023-03-03,Powdered milk 26% mg,Metrocity,0.0
2023-03-03,Powdered milk 26% mg,Metropol AVM,0.0
2023-03-03,Powdered milk 26% mg,Viaport Outlet,2.0
2023-03-03,Powdered milk 26% mg,Zorlu Center,0.0
2023-03-03,Powdered milk 28% mg,Cevahir AVM,0.0
2023-03-03,Powdered milk 28% mg,Emaar Square Mall,0.0
2023-03-03,Powdered milk 28% mg,Forum Istanbul,0.0
2023-03-03,Powdered milk 28% mg,Istinye Park,3.0
2023-03-03,Powdered milk 28% mg,Kanyon,2.0
2023-03-03,Powdered milk 28% mg,Mall of Istanbul,3.0
2023-03-03,Powdered milk 28% mg,Metrocity,3.0
2023-03-03,Powdered milk 28% mg,Metropol AVM,0.0
2023-03-03,Powdered milk 28% mg,Viaport Outlet,0.0
2023-03-03,Powdered milk 28% mg,Zorlu Center,7.0
2023-03-03,Powdered whey,Cevahir AVM,0.0
2023-03-03,Powdered whey,Emaar Square Mall,0.0
2023-03-03,Powdered whey,Forum Istanbul,0.0
2023-03-03,Powdered whey,Istinye Park,0.0
2023-03-03,Powdered whey,Kanyon,4.0
2023-03-03,Powdered whey,Mall of Istanbul,3.0
2023-03-03,Powdered whey,Metrocity,4.0
2023-03-03,Powdered whey,Metropol AVM,0.0
2023-03-03,Powdered whey,Viaport Outlet,6.0
2023-03-03,Powdered whey,Zorlu Center,0.0
2023-03-03,Skimmed pasteurized milk,Cevahir AVM,0.0
2023-03-03,Skimmed pasteurized milk,Emaar Square Mall,5.0
2023-03-03,Skimmed pasteurized milk,Forum Istanbul,0.0
2023-03-03,Skimmed pasteurized milk,Istinye Park,0.0
2023-03-03,Skimmed pasteurized milk,Kanyon,0.0
2023-03-03,Skimmed pasteurized milk,Mall of Istanbul,0.0
2023-03-03,Skimmed pasteurized milk,Metrocity,0.0
2023-03-03,Skimmed pasteurized milk,Metropol AVM,0.0
2023-03-03,Skimmed pasteurized milk,Viaport Outlet,0.0
2023-03-03,Skimmed pasteurized milk,Zorlu Center,0.0
2023-03-03,Skimmed powdered milk,Cevahir AVM,0.0
2023-03-03,Skimmed powdered milk,Emaar Square Mall,0.0
2023-03-03,Skimmed powdered milk,Forum Istanbul,0.0
2023-03-03,Skimmed powdered milk,Istinye Park,0.0
2023-03-03,Skimmed powdered milk,Kanyon,0.0
2023-03-03,Skimmed powdered milk,Mall of Istanbul,4.0
2023-03-03,Skimmed powdered milk,Metrocity,4.0
2023-03-03,Skimmed powdered milk,Metropol AVM,0.0
2023-03-03,Skimmed powdered milk,Viaport Outlet,3.0
2023-03-03,Skimmed powdered milk,Zorlu Center,0.0
2023-03-03,Small cheese,Cevahir AVM,0.0
2023-03-03,Small cheese,Emaar Square Mall,2.0
2023-03-03,Small cheese,Forum Istanbul,3.0
2023-03-03,Small cheese,Istinye Park,3.0
2023-03-03,Small cheese,Kanyon,3.0
2023-03-03,Small cheese,Mall of Istanbul,0.0
2023-03-03,Small cheese,Metrocity,7.0
2023-03-03,Small cheese,Metropol AVM,2.0
2023-03-03,Small cheese,Viaport Outlet,0.0
2023-03-03,Small cheese,Zorlu Center,0.0
2023-03-03,Sterilized semi-skimmed milk,Cevahir AVM,2.0
2023-03-03,Sterilized semi-skimmed milk,Emaar Square Mall,1.0
2023-03-03,Sterilized semi-skimmed milk,Forum Istanbul,0.0
2023-03-03,Sterilized semi-skimmed milk,Istinye Park,0.0
2023-03-03,Sterilized semi-skimmed milk,Kanyon,3.0
2023-03-03,Sterilized semi-skimmed milk,Mall of Istanbul,0.0
2023-03-03,Sterilized semi-skimmed milk,Metrocity,8.0
2023-03-03,Sterilized semi-skimmed milk,Metropol AVM,0.0
2023-03-03,Sterilized semi-skimmed milk,Viaport Outlet,0.0
2023-03-03,Sterilized semi-skimmed milk,Zorlu Center,0.0
2023-03-03,Sterilized skimmed milk,Cevahir AVM,0.0
2023-03-03,Sterilized skimmed milk,Emaar Square Mall,0.0
2023-03-03,Sterilized skimmed milk,Forum Istanbul,4.0
2023-03-03,Sterilized skimmed milk,Istinye Park,6.0
2023-03-03,Sterilized skimmed milk,Kanyon,0.0
2023-03-03,Sterilized skimmed milk,Mall of Istanbul,0.0
2023-03-03,Sterilized skimmed milk,Metrocity,5.0
2023-03-03,Sterilized skimmed milk,Metropol AVM,3.0
2023-03-03,Sterilized skimmed milk,Viaport Outlet,0.0
2023-03-03,Sterilized skimmed milk,Zorlu Center,0.0
2023-03-03,Sterilized whole milk,Cevahir AVM,0.0
2023-03-03,Sterilized whole milk,Emaar Square Mall,0.0
2023-03-03,Sterilized whole milk,Forum Istanbul,0.0
2023-03-03,Sterilized whole milk,Istinye Park,0.0
2023-03-03,Sterilized whole milk,Kanyon,7.0
2023-03-03,Sterilized whole milk,Mall of Istanbul,2.0
2023-03-03,Sterilized whole milk,Metrocity,0.0
2023-03-03,Sterilized whole milk,Metropol AVM,3.0
2023-03-03,Sterilized whole milk,Viaport Outlet,2.0
2023-03-03,Sterilized whole milk,Zorlu Center,0.0
2023-03-03,Sweetened condensed milk,Cevahir AVM,0.0
2023-03-03,Sweetened condensed milk,Emaar Square Mall,0.0
2023-03-03,Sweetened condensed milk,Forum Istanbul,0.0
2023-03-03,Sweetened condensed milk,Istinye Park,0.0
2023-03-03,Sweetened condensed milk,Kanyon,5.0
2023-03-03,Sweetened condensed milk,Mall of Istanbul,0.0
2023-03-03,Sweetened condensed milk,Metrocity,0.0
2023-03-03,Sweetened condensed milk,Metropol AVM,3.0
2023-03-03,Sweetened condensed milk,Viaport Outlet,0.0
2023-03-03,Sweetened condensed milk,Zorlu Center,0.0
2023-03-03,Total powdered milk,Cevahir AVM,5.0
2023-03-03,Total powdered milk,Emaar Square Mall,1.0
2023-03-03,Total powdered milk,Forum Istanbul,0.0
2023-03-03,Total powdered milk,Istinye Park,0.0
2023-03-03,Total powdered milk,Kanyon,4.0
2023-03-03,Total powdered milk,Mall of Istanbul,3.0
2023-03-03,Total powdered milk,Metrocity,3.0
2023-03-03,Total powdered milk,Metropol AVM,0.0
2023-03-03,Total powdered milk,Viaport Outlet,0.0
2023-03-03,Total powdered milk,Zorlu Center,3.0
2023-03-03,Yogurt,Cevahir AVM,0.0
2023-03-03,Yogurt,Emaar Square Mall,0.0
2023-03-03,Yogurt,Forum Istanbul,0.0
2023-03-03,Yogurt,Istinye Park,5.0
2023-03-03,Yogurt,Kanyon,2.0
2023-03-03,Yogurt,Mall of Istanbul,6.0
2023-03-03,Yogurt,Metrocity,5.0
2023-03-03,Yogurt,Metropol AVM,0.0
2023-03-03,Yogurt,Viaport Outlet,5.0
2023-03-03,Yogurt,Zorlu Center,0.0
2023-03-03,chocolate milk,Cevahir AVM,0.0
2023-03-03,chocolate milk,Emaar Square Mall,0.0
2023-03-03,chocolate milk,Forum Istanbul,0.0
2023-03-03,chocolate milk,Istinye Park,5.0
2023-03-03,chocolate milk,Kanyon,12.0
2023-03-03,chocolate milk,Mall of Istanbul,0.0
2023-03-03,chocolate milk,Metrocity,1.0
2023-03-03,chocolate milk,Metropol AVM,3.0
2023-03-03,chocolate milk,Viaport Outlet,0.0
2023-03-03,chocolate milk,Zorlu Center,1.0
2023-03-04,Butter,Cevahir AVM,0.0
2023-03-04,Butter,Emaar Square Mall,5.0
2023-03-04,Butter,Forum Istanbul,1.0
2023-03-04,Butter,Istinye Park,0.0
2023-03-04,Butter,Kanyon,6.0
2023-03-04,Butter,Mall of Istanbul,0.0
2023-03-04,Butter,Metrocity,0.0
2023-03-04,Butter,Metropol AVM,0.0
2023-03-04,Butter,Viaport Outlet,0.0
2023-03-04,Butter,Zorlu Center,4.0
2023-03-04,Cheese,Cevahir AVM,5.0
2023-03-04,Cheese,Emaar Square Mall,0.0
2023-03-04,Cheese,Forum Istanbul,4.0
2023-03-04,Cheese,Istinye Park,0.0
2023-03-04,Cheese,Kanyon,0.0
2023-03-04,Cheese,Mall of Istanbul,2.0
2023-03-04,Cheese,Metrocity,1.0
2023-03-04,Cheese,Metropol AVM,0.0
2023-03-04,Cheese,Viaport Outlet,0.0
2023-03-04,Cheese,Zorlu Center,0.0
2023-03-04,Condensed milk,Cevahir AVM,3.0
2023-03-04,Condensed milk,Emaar Square Mall,0.0
2023-03-04,Condensed milk,Forum Istanbul,0.0
2023-03-04,Condensed milk,Istinye Park,0.0
2023-03-04,Condensed milk,Kanyon,4.0
2023-03-04,Condensed milk,Mall of Istanbul,0.0
2023-03-04,Condensed milk,Metrocity,6.0
2023-03-04,Condensed milk,Metropol AVM,4.0
2023-03-04,Condensed milk,Viaport Outlet,0.0
2023-03-04,Condensed milk,Zorlu Center,0.0
2023-03-04,Cream,Cevahir AVM,0.0
2023-03-04,Cream,Emaar Square Mall,0.0
2023-03-04,Cream,Forum Istanbul,0.0
2023-03-04,Cream,Istinye Park,0.0
2023-03-04,Cream,Kanyon,2.0
2023-03-04,Cream,Mall of Istanbul,0.0
2023-03-04,Cream,Metrocity,3.0
2023-03-04,Cream,Metropol AVM,0.0
2023-03-04,Cream,Viaport Outlet,0.0
2023-03-04,Cream,Zorlu Center,3.0
2023-03-04,Cultured milk,Cevahir AVM,0.0
2023-03-04,Cultured milk,Emaar Square Mall,0.0
2023-03-04,Cultured milk,Forum Istanbul,0.0
2023-03-04,Cultured milk,Istinye Park,0.0
2023-03-04,Cultured milk,Kanyon,10.0
2023-03-04,Cultured milk,Mall of Istanbul,2.0
2023-03-04,Cultured milk,Metrocity,0.0
2023-03-04,Cultured milk,Metropol AVM,0.0
2023-03-04,Cultured milk,Viaport Outlet,0.0
2023-03-04,Cultured milk,Zorlu Center,0.0
2023-03-04,Evaporated milk,Cevahir AVM,0.0
2023-03-04,Evaporated milk,Emaar Square Mall,0.0
2023-03-04,Evaporated milk,Forum Istanbul,1.0
2023-03-04,Evaporated milk,Istinye Park,0.0
2023-03-04,Evaporated milk,Kanyon,3.0
2023-03-04,Evaporated milk,Mall of Istanbul,3.0
2023-03-04,Evaporated milk,Metrocity,3.0
2023-03-04,Evaporated milk,Metropol AVM,4.0
2023-03-04,Evaporated milk,Viaport Outlet,0.0
2023-03-04,Evaporated milk,Zorlu Center,0.0
2023-03-04,Flavored sterilized milk,Cevahir AVM,0.0
2023-03-04,Flavored sterilized milk,Emaar Square Mall,0.0
2023-03-04,Flavored sterilized milk,Forum Istanbul,0.0
2023-03-04,Flavored sterilized milk,Istinye Park,0.0
2023-03-04,Flavored sterilized milk,Kanyon,6.0
2023-03-04,Flavored sterilized milk,Mall of Istanbul,0.0
2023-03-04,Flavored sterilized milk,Metrocity,0.0
2023-03-04,Flavored sterilized milk,Metropol AVM,0.0
2023-03-04,Flavored sterilized milk,Viaport Outlet,0.0
2023-03-04,Flavored sterilized milk,Zorlu Center,0.0
2023-03-04,Modified milk,Cevahir AVM,0.0
2023-03-04,Modified milk,Emaar Square Mall,0.0
2023-03-04,Modified milk,Forum Istanbul,4.0
2023-03-04,Modified milk,Istinye Park,0.0
2023-03-04,Modified milk,Kanyon,1.0
2023-03-04,Modified milk,Mall of Istanbul,3.0
2023-03-04,Modified milk,Metrocity,0.0
2023-03-04,Modified milk,Metropol AVM,9.0
2023-03-04,Modified milk,Viaport Outlet,0.0
2023-03-04,Modified milk,Zorlu Center,0.0
2023-03-04,Pasteurized milk 2.5% mg,Cevahir AVM,3.0
2023-03-04,Pasteurized milk 2.5% mg,Emaar Square Mall,0.0
2023-03-04,Pasteurized milk 2.5% mg,Forum Istanbul,0.0
2023-03-04,Pasteurized milk 2.5% mg,Istinye Park,3.0
2023-03-04,Pasteurized milk 2.5% mg,Kanyon,5.0
2023-03-04,Pasteurized milk 2.5% mg,Mall of Istanbul,4.0
2023-03-04,Pasteurized milk 2.5% mg,Metrocity,0.0
2023-03-04,Pasteurized milk 2.5% mg,Metropol AVM,5.0
2023-03-04,Pasteurized milk 2.5% mg,Viaport Outlet,0.0
2023-03-04,Pasteurized milk 2.5% mg,Zorlu Center,4.0
2023-03-04,Pasteurized milk 3.0% mg,Cevahir AVM,0.0
2023-03-04,Pasteurized milk 3.0% mg,Emaar Square Mall,0.0
2023-03-04,Pasteurized milk 3.0% mg,Forum Istanbul,0.0
2023-03-04,Pasteurized milk 3.0% mg,Istinye Park,0.0
2023-03-04,Pasteurized milk 3.0% mg,Kanyon,5.0
2023-03-04,Pasteurized milk 3.0% mg,Mall of Istanbul,7.0
2023-03-04,Pasteurized milk 3.0% mg,Metrocity,0.0
2023-03-04,Pasteurized milk 3.0% mg,Metropol AVM,0.0
2023-03-04,Pasteurized milk 3.0% mg,Viaport Outlet,5.0
2023-03-04,Pasteurized milk 3.0% mg,Zorlu Center,0.0
2023-03-04,Powdered milk 12% mg,Cevahir AVM,0.0
2023-03-04,Powdered milk 12% mg,Emaar Square Mall,0.0
2023-03-04,Powdered milk 12% mg,Forum Istanbul,0.0
2023-03-04,Powdered milk 12% mg,Istinye Park,0.0
2023-03-04,Powdered milk 12% mg,Kanyon,0.0
2023-03-04,Powdered milk 12% mg,Mall of Istanbul,5.0
2023-03-04,Powdered milk 12% mg,Metrocity,0.0
2023-03-04,Powdered milk 12% mg,Metropol AVM,1.0
2023-03-04,Powdered milk 12% mg,Viaport Outlet,0.0
2023-03-04,Powdered milk 12% mg,Zorlu Center,0.0
2023-03-04,Powdered milk 18% mg,Cevahir AVM,0.0
2023-03-04,Powdered milk 18% mg,Emaar Square Mall,5.0
2023-03-04,Powdered milk 18% mg,Forum Istanbul,0.0
2023-03-04,Powdered milk 18% mg,Istinye Park,1.0
2023-03-04,Powdered milk 18% mg,Kanyon,8.0
2023-03-04,Powdered milk 18% mg,Mall of Istanbul,14.0
2023-03-04,Powdered milk 18% mg,Metrocity,8.0
2023-03-04,Powdered milk 18% mg,Metropol AVM,0.0
2023-03-04,Powdered milk 18% mg,Viaport Outlet,0.0
2023-03-04,Powdered milk 18% mg,Zorlu Center,3.0
2023-03-04,Powdered milk 20% mg,Cevahir AVM,0.0
2023-03-04,Powdered milk 20% mg,Emaar Square Mall,0.0
2023-03-04,Powdered milk 20% mg,Forum Istanbul,0.0
2023-03-04,Powdered milk 20% mg,Istinye Park,0.0
2023-03-04,Powdered milk 20% mg,Kanyon,0.0
2023-03-04,Powdered milk 20% mg,Mall of Istanbul,4.0
2023-03-04,Powdered milk 20% mg,Metrocity,0.0
2023-03-04,Powdered milk 20% mg,Metropol AVM,2.0
2023-03-04,Powdered milk 20% mg,Viaport Outlet,0.0
2023-03-04,Powdered milk 20% mg,Zorlu Center,0.0
2023-03-04,Powdered milk 26% mg,Cevahir AVM,0.0
2023-03-04,Powdered milk 26% mg,Emaar Square Mall,0.0
2023-03-04,Powdered milk 26% mg,Forum Istanbul,0.0
2023-03-04,Powdered milk 26% mg,Istinye Park,0.0
2023-03-04,Powdered milk 26% mg,Kanyon,0.0
2023-03-04,Powdered milk 26% mg,Mall of Istanbul,5.0
2023-03-04,Powdered milk 26% mg,Metrocity,3.0
2023-03-04,Powdered milk 26% mg,Metropol AVM,5.0
2023-03-04,Powdered milk 26% mg,Viaport Outlet,0.0
2023-03-04,Powdered milk 26% mg,Zorlu Center,0.0
2023-03-04,Powdered milk 28% mg,Cevahir AVM,0.0
2023-03-04,Powdered milk 28% mg,Emaar Square Mall,4.0
2023-03-04,Powdered milk 28% mg,Forum Istanbul,0.0
2023-03-04,Powdered milk 28% mg,Istinye Park,0.0
2023-03-04,Powdered milk 28% mg,Kanyon,4.0
2023-03-04,Powdered milk 28% mg,Mall of Istanbul,0.0
2023-03-04,Powdered milk 28% mg,Metrocity,0.0
2023-03-04,Powdered milk 28% mg,Metropol AVM,2.0
2023-03-04,Powdered milk 28% mg,Viaport Outlet,0.0
2023-03-04,Powdered milk 28% mg,Zorlu Center,0.0
2023-03-04,Powdered whey,Cevahir AVM,0.0
2023-03-04,Powdered whey,Emaar Square Mall,0.0
2023-03-04,Powdered whey,Forum Istanbul,0.0
2023-03-04,Powdered whey,Istinye Park,0.0
2023-03-04,Powdered whey,Kanyon,0.0
2023-03-04,Powdered whey,Mall of Istanbul,1.0
2023-03-04,Powdered whey,Metrocity,0.0
2023-03-04,Powdered whey,Metropol AVM,5.0
2023-03-04,Powdered whey,Viaport Outlet,1.0
2023-03-04,Powdered whey,Zorlu Center,1.0
2023-03-04,Skimmed pasteurized milk,Cevahir AVM,0.0
2023-03-04,Skimmed pasteurized milk,Emaar Square Mall,0.0
2023-03-04,Skimmed pasteurized milk,Forum Istanbul,0.0
2023-03-04,Skimmed pasteurized milk,Istinye Park,0.0
2023-03-04,Skimmed pasteurized milk,Kanyon,6.0
2023-03-04,Skimmed pasteurized milk,Mall of Istanbul,8.0
2023-03-04,Skimmed pasteurized milk,Metrocity,5.0
2023-03-04,Skimmed pasteurized milk,Metropol AVM,1.0
2023-03-04,Skimmed pasteurized milk,Viaport Outlet,0.0
2023-03-04,Skimmed pasteurized milk,Zorlu Center,4.0
2023-03-04,Skimmed powdered milk,Cevahir AVM,0.0
2023-03-04,Skimmed powdered milk,Emaar Square Mall,0.0
2023-03-04,Skimmed powdered milk,Forum Istanbul,5.0
2023-03-04,Skimmed powdered milk,Istinye Park,0.0
2023-03-04,Skimmed powdered milk,Kanyon,12.0
2023-03-04,Skimmed powdered milk,Mall of Istanbul,0.0
2023-03-04,Skimmed powdered milk,Metrocity,0.0
2023-03-04,Skimmed powdered milk,Metropol AVM,0.0
2023-03-04,Skimmed powdered milk,Viaport Outlet,4.0
2023-03-04,Skimmed powdered milk,Zorlu Center,0.0
2023-03-04,Small cheese,Cevahir AVM,5.0
2023-03-04,Small cheese,Emaar Square Mall,0.0
2023-03-04,Small cheese,Forum Istanbul,0.0
2023-03-04,Small cheese,Istinye Park,0.0
2023-03-04,Small cheese,Kanyon,4.0
2023-03-04,Small cheese,Mall of Istanbul,1.0
2023-03-04,Small cheese,Metrocity,0.0
2023-03-04,Small cheese,Metropol AVM,2.0
2023-03-04,Small cheese,Viaport Outlet,3.0
2023-03-04,Small cheese,Zorlu Center,2.0
2023-03-04,Sterilized semi-skimmed milk,Cevahir AVM,0.0
2023-03-04,Sterilized semi-skimmed milk,Emaar Square Mall,0.0
2023-03-04,Sterilized semi-skimmed milk,Forum Istanbul,0.0
2023-03-04,Sterilized semi-skimmed milk,Istinye Park,4.0
2023-03-04,Sterilized semi-skimmed milk,Kanyon,0.0
2023-03-04,Sterilized semi-skimmed milk,Mall of Istanbul,4.0
2023-03-04,Sterilized semi-skimmed milk,Metrocity,5.0
2023-03-04,Sterilized semi-skimmed milk,Metropol AVM,1.0
2023-03-04,Sterilized semi-skimmed milk,Viaport Outlet,0.0
2023-03-04,Sterilized semi-skimmed milk,Zorlu Center,0.0
2023-03-04,Sterilized skimmed milk,Cevahir AVM,0.0
2023-03-04,Sterilized skimmed milk,Emaar Square Mall,0.0
2023-03-04,Sterilized skimmed milk,Forum Istanbul,3.0
2023-03-04,Sterilized skimmed milk,Istinye Park,0.0
2023-03-04,Sterilized skimmed milk,Kanyon,8.0
2023-03-04,Sterilized skimmed milk,Mall of Istanbul,0.0
2023-03-04,Sterilized skimmed milk,Metrocity,0.0
2023-03-04,Sterilized skimmed milk,Metropol AVM,0.0
2023-03-04,Sterilized skimmed milk,Viaport Outlet,0.0
2023-03-04,Sterilized skimmed milk,Zorlu Center,0.0
2023-03-04,Sterilized whole milk,Cevahir AVM,0.0
2023-03-04,Sterilized whole milk,Emaar Square Mall,0.0
2023-03-04,Sterilized whole milk,Forum Istanbul,0.0
2023-03-04,Sterilized whole milk,Istinye Park,6.0
2023-03-04,Sterilized whole milk,Kanyon,6.0
2023-03-04,Sterilized whole milk,Mall of Istanbul,10.0
2023-03-04,Sterilized whole milk,Metrocity,0.0
2023-03-04,Sterilized whole milk,Metropol AVM,4.0
2023-03-04,Sterilized whole milk,Viaport Outlet,1.0
2023-03-04,Sterilized whole milk,Zorlu Center,0.0
2023-03-04,Sweetened condensed milk,Cevahir AVM,0.0
2023-03-04,Sweetened condensed milk,Emaar Square Mall,0.0
2023-03-04,Sweetened condensed milk,Forum Istanbul,0.0
2023-03-04,Sweetened condensed milk,Istinye Park,0.0
2023-03-04,Sweetened condensed milk,Kanyon,10.0
2023-03-04,Sweetened condensed milk,Mall of Istanbul,9.0
2023-03-04,Sweetened condensed milk,Metrocity,2.0
2023-03-04,Sweetened condensed milk,Metropol AVM,0.0
2023-03-04,Sweetened condensed milk,Viaport Outlet,0.0
2023-03-04,Sweetened condensed milk,Zorlu Center,0.0
2023-03-04,Total powdered milk,Cevahir AVM,0.0
2023-03-04,Total powdered milk,Emaar Square Mall,0.0
2023-03-04,Total powdered milk,Forum Istanbul,0.0
2023-03-04,Total powdered milk,Istinye Park,7.0
2023-03-04,Total powdered milk,Kanyon,0.0
2023-03-04,Total powdered milk,Mall of Istanbul,9.0
2023-03-04,Total powdered milk,Metrocity,0.0
2023-03-04,Total powdered milk,Metropol AVM,0.0
2023-03-04,Total powdered milk,Viaport Outlet,1.0
2023-03-04,Total powdered milk,Zorlu Center,0.0
2023-03-04,Yogurt,Cevahir AVM,0.0
2023-03-04,Yogurt,Emaar Square Mall,4.0
2023-03-04,Yogurt,Forum Istanbul,0.0
2023-03-04,Yogurt,Istinye Park,1.0
2023-03-04,Yogurt,Kanyon,12.0
2023-03-04,Yogurt,Mall of Istanbul,8.0
2023-03-04,Yogurt,Metrocity,8.0
2023-03-04,Yogurt,Metropol AVM,5.0
2023-03-04,Yogurt,Viaport Outlet,0.0
2023-03-04,Yogurt,Zorlu Center,3.0
2023-03-04,chocolate milk,Cevahir AVM,7.0
2023-03-04,chocolate milk,Emaar Square Mall,3.0
2023-03-04,chocolate milk,Forum Istanbul,0.0
2023-03-04,chocolate milk,Istinye Park,0.0
2023-03-04,chocolate milk,Kanyon,0.0
2023-03-04,chocolate milk,Mall of Istanbul,7.0
2023-03-04,chocolate milk,Metrocity,0.0
2023-03-04,chocolate milk,Metropol AVM,0.0
2023-03-04,chocolate milk,Viaport Outlet,0.0
2023-03-04,chocolate milk,Zorlu Center,0.0
2023-03-05,Butter,Cevahir AVM,4.0
2023-03-05,Butter,Emaar Square Mall,0.0
2023-03-05,Butter,Forum Istanbul,0.0
2023-03-05,Butter,Istinye Park,0.0
2023-03-05,Butter,Kanyon,0.0
2023-03-05,Butter,Mall of Istanbul,0.0
2023-03-05,Butter,Metrocity,0.0
2023-03-05,Butter,Metropol AVM,0.0
2023-03-05,Butter,Viaport Outlet,0.0
2023-03-05,Butter,Zorlu Center,0.0
2023-03-05,Cheese,Cevahir AVM,0.0
2023-03-05,Cheese,Emaar Square Mall,0.0
2023-03-05,Cheese,Forum Istanbul,0.0
2023-03-05,Cheese,Istinye Park,0.0
2023-03-05,Cheese,Kanyon,6.0
2023-03-05,Cheese,Mall of Istanbul,3.0
2023-03-05,Cheese,Metrocity,0.0
2023-03-05,Cheese,Metropol AVM,3.0
2023-03-05,Cheese,Viaport Outlet,0.0
2023-03-05,Cheese,Zorlu Center,0.0
2023-03-05,Condensed milk,Cevahir AVM,0.0
2023-03-05,Condensed milk,Emaar Square Mall,0.0
2023-03-05,Condensed milk,Forum Istanbul,0.0
2023-03-05,Condensed milk,Istinye Park,3.0
2023-03-05,Condensed milk,Kanyon,7.0
2023-03-05,Condensed milk,Mall of Istanbul,5.0
2023-03-05,Condensed milk,Metrocity,2.0
2023-03-05,Condensed milk,Metropol AVM,0.0
2023-03-05,Condensed milk,Viaport Outlet,5.0
2023-03-05,Condensed milk,Zorlu Center,0.0
2023-03-05,Cream,Cevahir AVM,0.0
2023-03-05,Cream,Emaar Square Mall,8.0
2023-03-05,Cream,Forum Istanbul,0.0
2023-03-05,Cream,Istinye Park,0.0
2023-03-05,Cream,Kanyon,7.0
2023-03-05,Cream,Mall of Istanbul,1.0
2023-03-05,Cream,Metrocity,0.0
2023-03-05,Cream,Metropol AVM,0.0
2023-03-05,Cream,Viaport Outlet,1.0
2023-03-05,Cream,Zorlu Center,0.0
2023-03-05,Cultured milk,Cevahir AVM,0.0
2023-03-05,Cultured milk,Emaar Square Mall,0.0
2023-03-05,Cultured milk,Forum Istanbul,0.0
2023-03-05,Cultured milk,Istinye Park,0.0
2023-03-05,Cultured milk,Kanyon,0.0
2023-03-05,Cultured milk,Mall of Istanbul,0.0
2023-03-05,Cultured milk,Metrocity,2.0
2023-03-05,Cultured milk,Metropol AVM,0.0
2023-03-05,Cultured milk,Viaport Outlet,5.0
2023-03-05,Cultured milk,Zorlu Center,0.0
2023-03-05,Evaporated milk,Cevahir AVM,0.0
2023-03-05,Evaporated milk,Emaar Square Mall,0.0
2023-03-05,Evaporated milk,Forum Istanbul,0.0
2023-03-05,Evaporated milk,Istinye Park,0.0
2023-03-05,Evaporated milk,Kanyon,0.0
2023-03-05,Evaporated milk,Mall of Istanbul,0.0
2023-03-05,Evaporated milk,Metrocity,0.0
2023-03-05,Evaporated milk,Metropol AVM,0.0
2023-03-05,Evaporated milk,Viaport Outlet,0.0
2023-03-05,Evaporated milk,Zorlu Center,0.0
2023-03-05,Flavored sterilized milk,Cevahir AVM,0.0
2023-03-05,Flavored sterilized milk,Emaar Square Mall,0.0
2023-03-05,Flavored sterilized milk,Forum Istanbul,0.0
2023-03-05,Flavored sterilized milk,Istinye Park,1.0
2023-03-05,Flavored sterilized milk,Kanyon,5.0
2023-03-05,Flavored sterilized milk,Mall of Istanbul,0.0
2023-03-05,Flavored sterilized milk,Metrocity,9.0
2023-03-05,Flavored sterilized milk,Metropol AVM,0.0
2023-03-05,Flavored sterilized milk,Viaport Outlet,0.0
2023-03-05,Flavored sterilized milk,Zorlu Center,5.0
2023-03-05,Modified milk,Cevahir AVM,0.0
2023-03-05,Modified milk,Emaar Square Mall,0.0
2023-03-05,Modified milk,Forum Istanbul,0.0
2023-03-05,Modified milk,Istinye Park,11.0
2023-03-05,Modified milk,Kanyon,6.0
2023-03-05,Modified milk,Mall of Istanbul,4.0
2023-03-05,Modified milk,Metrocity,0.0
2023-03-05,Modified milk,Metropol AVM,1.0
2023-03-05,Modified milk,Viaport Outlet,0.0
2023-03-05,Modified milk,Zorlu Center,0.0
2023-03-05,Pasteurized milk 2.5% mg,Cevahir AVM,0.0
2023-03-05,Pasteurized milk 2.5% mg,Emaar Square Mall,0.0
2023-03-05,Pasteurized milk 2.5% mg,Forum Istanbul,0.0
2023-03-05,Pasteurized milk 2.5% mg,Istinye Park,0.0
2023-03-05,Pasteurized milk 2.5% mg,Kanyon,5.0
2023-03-05,Pasteurized milk 2.5% mg,Mall of Istanbul,5.0
2023-03-05,Pasteurized milk 2.5% mg,Metrocity,8.0
2023-03-05,Pasteurized milk 2.5% mg,Metropol AVM,0.0
2023-03-05,Pasteurized milk 2.5% mg,Viaport Outlet,0.0
2023-03-05,Pasteurized milk 2.5% mg,Zorlu Center,0.0
2023-03-05,Pasteurized milk 3.0% mg,Cevahir AVM,0.0
2023-03-05,Pasteurized milk 3.0% mg,Emaar Square Mall,0.0
2023-03-05,Pasteurized milk 3.0% mg,Forum Istanbul,0.0
2023-03-05,Pasteurized milk 3.0% mg,Istinye Park,0.0
2023-03-05,Pasteurized milk 3.0% mg,Kanyon,0.0
2023-03-05,Pasteurized milk 3.0% mg,Mall of Istanbul,5.0
2023-03-05,Pasteurized milk 3.0% mg,Metrocity,2.0
2023-03-05,Pasteurized milk 3.0% mg,Metropol AVM,1.0
2023-03-05,Pasteurized milk 3.0% mg,Viaport Outlet,2.0
2023-03-05,Pasteurized milk 3.0% mg,Zorlu Center,0.0
2023-03-05,Powdered milk 12% mg,Cevahir AVM,0.0
2023-03-05,Powdered milk 12% mg,Emaar Square Mall,5.0
2023-03-05,Powdered milk 12% mg,Forum Istanbul,6.0
2023-03-05,Powdered milk 12% mg,Istinye Park,9.0
2023-03-05,Powdered milk 12% mg,Kanyon,0.0
2023-03-05,Powdered milk 12% mg,Mall of Istanbul,4.0
2023-03-05,Powdered milk 12% mg,Metrocity,0.0
2023-03-05,Powdered milk 12% mg,Metropol AVM,2.0
2023-03-05,Powdered milk 12% mg,Viaport Outlet,2.0
2023-03-05,Powdered milk 12% mg,Zorlu Center,0.0
2023-03-05,Powdered milk 18% mg,Cevahir AVM,0.0
2023-03-05,Powdered milk 18% mg,Emaar Square Mall,0.0
2023-03-05,Powdered milk 18% mg,Forum Istanbul,0.0
2023-03-05,Powdered milk 18% mg,Istinye Park,6.0
2023-03-05,Powdered milk 18% mg,Kanyon,8.0
2023-03-05,Powdered milk 18% mg,Mall of Istanbul,0.0
2023-03-05,Powdered milk 18% mg,Metrocity,5.0
2023-03-05,Powdered milk 18% mg,Metropol AVM,0.0
2023-03-05,Powdered milk 18% mg,Viaport Outlet,5.0
2023-03-05,Powdered milk 18% mg,Zorlu Center,5.0
2023-03-05,Powdered milk 20% mg,Cevahir AVM,4.0
2023-03-05,Powdered milk 20% mg,Emaar Square Mall,0.0
2023-03-05,Powdered milk 20% mg,Forum Istanbul,0.0
2023-03-05,Powdered milk 20% mg,Istinye Park,0.0
2023-03-05,Powdered milk 20% mg,Kanyon,0.0
2023-03-05,Powdered milk 20% mg,Mall of Istanbul,5.0
2023-03-05,Powdered milk 20% mg,Metrocity,0.0
2023-03-05,Powdered milk 20% mg,Metropol AVM,0.0
2023-03-05,Powdered milk 20% mg,Viaport Outlet,1.0
2023-03-05,Powdered milk 20% mg,Zorlu Center,0.0
2023-03-05,Powdered milk 26% mg,Cevahir AVM,0.0
2023-03-05,Powdered milk 26% mg,Emaar Square Mall,1.0
2023-03-05,Powdered milk 26% mg,Forum Istanbul,0.0
2023-03-05,Powdered milk 26% mg,Istinye Park,0.0
2023-03-05,Powdered milk 26% mg,Kanyon,10.0
2023-03-05,Powdered milk 26% mg,Mall of Istanbul,3.0
2023-03-05,Powdered milk 26% mg,Metrocity,0.0
2023-03-05,Powdered milk 26% mg,Metropol AVM,0.0
2023-03-05,Powdered milk 26% mg,Viaport Outlet,0.0
2023-03-05,Powdered milk 26% mg,Zorlu Center,1.0
2023-03-05,Powdered milk 28% mg,Cevahir AVM,0.0
2023-03-05,Powdered milk 28% mg,Emaar Square Mall,0.0
2023-03-05,Powdered milk 28% mg,Forum Istanbul,1.0
2023-03-05,Powdered milk 28% mg,Istinye Park,2.0
2023-03-05,Powdered milk 28% mg,Kanyon,5.0
2023-03-05,Powdered milk 28% mg,Mall of Istanbul,10.0
2023-03-05,Powdered milk 28% mg,Metrocity,0.0
2023-03-05,Powdered milk 28% mg,Metropol AVM,0.0
2023-03-05,Powdered milk 28% mg,Viaport Outlet,0.0
2023-03-05,Powdered milk 28% mg,Zorlu Center,1.0
2023-03-05,Powdered whey,Cevahir AVM,4.0
2023-03-05,Powdered whey,Emaar Square Mall,0.0
2023-03-05,Powdered whey,Forum Istanbul,0.0
2023-03-05,Powdered whey,Istinye Park,0.0
2023-03-05,Powdered whey,Kanyon,4.0
2023-03-05,Powdered whey,Mall of Istanbul,0.0
2023-03-05,Powdered whey,Metrocity,0.0
2023-03-05,Powdered whey,Metropol AVM,0.0
2023-03-05,Powdered whey,Viaport Outlet,0.0
2023-03-05,Powdered whey,Zorlu Center,0.0
2023-03-05,Skimmed pasteurized milk,Cevahir AVM,0.0
2023-03-05,Skimmed pasteurized milk,Emaar Square Mall,0.0
2023-03-05,Skimmed pasteurized milk,Forum Istanbul,0.0
2023-03-05,Skimmed pasteurized milk,Istinye Park,3.0
2023-03-05,Skimmed pasteurized milk,Kanyon,2.0
2023-03-05,Skimmed pasteurized milk,Mall of Istanbul,0.0
2023-03-05,Skimmed pasteurized milk,Metrocity,0.0
2023-03-05,Skimmed pasteurized milk,Metropol AVM,0.0
2023-03-05,Skimmed pasteurized milk,Viaport Outlet,0.0
2023-03-05,Skimmed pasteurized milk,Zorlu Center,1.0
2023-03-05,Skimmed powdered milk,Cevahir AVM,0.0
2023-03-05,Skimmed powdered milk,Emaar Square Mall,0.0
2023-03-05,Skimmed powdered milk,Forum Istanbul,3.0
2023-03-05,Skimmed powdered milk,Istinye Park,0.0
2023-03-05,Skimmed powdered milk,Kanyon,0.0
2023-03-05,Skimmed powdered milk,Mall of Istanbul,0.0
2023-03-05,Skimmed powdered milk,Metrocity,3.0
2023-03-05,Skimmed powdered milk,Metropol AVM,0.0
2023-03-05,Skimmed powdered milk,Viaport Outlet,0.0
2023-03-05,Skimmed powdered milk,Zorlu Center,0.0
2023-03-05,Small cheese,Cevahir AVM,0.0
2023-03-05,Small cheese,Emaar Square Mall,0.0
2023-03-05,Small cheese,Forum Istanbul,0.0
2023-03-05,Small cheese,Istinye Park,0.0
2023-03-05,Small cheese,Kanyon,0.0
2023-03-05,Small cheese,Mall of Istanbul,0.0
2023-03-05,Small cheese,Metrocity,2.0
2023-03-05,Small cheese,Metropol AVM,5.0
2023-03-05,Small cheese,Viaport Outlet,0.0
2023-03-05,Small cheese,Zorlu Center,0.0
2023-03-05,Sterilized semi-skimmed milk,Cevahir AVM,5.0
2023-03-05,Sterilized semi-skimmed milk,Emaar Square Mall,0.0
2023-03-05,Sterilized semi-skimmed milk,Forum Istanbul,0.0
2023-03-05,Sterilized semi-skimmed milk,Istinye Park,0.0
2023-03-05,Sterilized semi-skimmed milk,Kanyon,0.0
2023-03-05,Sterilized semi-skimmed milk,Mall of Istanbul,1.0
2023-03-05,Sterilized semi-skimmed milk,Metrocity,0.0
2023-03-05,Sterilized semi-skimmed milk,Metropol AVM,0.0
2023-03-05,Sterilized semi-skimmed milk,Viaport Outlet,0.0
2023-03-05,Sterilized semi-skimmed milk,Zorlu Center,0.0
2023-03-05,Sterilized skimmed milk,Cevahir AVM,0.0
2023-03-05,Sterilized skimmed milk,Emaar Square Mall,0.0
2023-03-05,Sterilized skimmed milk,Forum Istanbul,0.0
2023-03-05,Sterilized skimmed milk,Istinye Park,0.0
2023-03-05,Sterilized skimmed milk,Kanyon,0.0
2023-03-05,Sterilized skimmed milk,Mall of Istanbul,0.0
2023-03-05,Sterilized skimmed milk,Metrocity,8.0
2023-03-05,Sterilized skimmed milk,Metropol AVM,8.0
2023-03-05,Sterilized skimmed milk,Viaport Outlet,0.0
2023-03-05,Sterilized skimmed milk,Zorlu Center,0.0
2023-03-05,Sterilized whole milk,Cevahir AVM,0.0
2023-03-05,Sterilized whole milk,Emaar Square Mall,0.0
2023-03-05,Sterilized whole milk,Forum Istanbul,5.0
2023-03-05,Sterilized whole milk,Istinye Park,5.0
2023-03-05,Sterilized whole milk,Kanyon,12.0
2023-03-05,Sterilized whole milk,Mall of Istanbul,1.0
2023-03-05,Sterilized whole milk,Metrocity,0.0
2023-03-05,Sterilized whole milk,Metropol AVM,0.0
2023-03-05,Sterilized whole milk,Viaport Outlet,1.0
2023-03-05,Sterilized whole milk,Zorlu Center,2.0
2023-03-05,Sweetened condensed milk,Cevahir AVM,0.0
2023-03-05,Sweetened condensed milk,Emaar Square Mall,0.0
2023-03-05,Sweetened condensed milk,Forum Istanbul,0.0
2023-03-05,Sweetened condensed milk,Istinye Park,5.0
2023-03-05,Sweetened condensed milk,Kanyon,0.0
2023-03-05,Sweetened condensed milk,Mall of Istanbul,0.0
2023-03-05,Sweetened condensed milk,Metrocity,0.0
2023-03-05,Sweetened condensed milk,Metropol AVM,0.0
2023-03-05,Sweetened condensed milk,Viaport Outlet,0.0
2023-03-05,Sweetened condensed milk,Zorlu Center,0.0
2023-03-05,Total powdered milk,Cevahir AVM,0.0
2023-03-05,Total powdered milk,Emaar Square Mall,0.0
2023-03-05,Total powdered milk,Forum Istanbul,4.0
2023-03-05,Total powdered milk,Istinye Park,0.0
2023-03-05,Total powdered milk,Kanyon,9.0
2023-03-05,Total powdered milk,Mall of Istanbul,0.0
2023-03-05,Total powdered milk,Metrocity,0.0
2023-03-05,Total powdered milk,Metropol AVM,3.0
2023-03-05,Total powdered milk,Viaport Outlet,0.0
2023-03-05,Total powdered milk,Zorlu Center,0.0
2023-03-05,Yogurt,Cevahir AVM,0.0
2023-03-05,Yogurt,Emaar Square Mall,5.0
2023-03-05,Yogurt,Forum Istanbul,0.0
2023-03-05,Yogurt,Istinye Park,2.0
2023-03-05,Yogurt,Kanyon,0.0
2023-03-05,Yogurt,Mall of Istanbul,0.0
2023-03-05,Yogurt,Metrocity,0.0
2023-03-05,Yogurt,Metropol AVM,7.0
2023-03-05,Yogurt,Viaport Outlet,3.0
2023-03-05,Yogurt,Zorlu Center,0.0
2023-03-05,chocolate milk,Cevahir AVM,0.0
2023-03-05,chocolate milk,Emaar Square Mall,0.0
2023-03-05,chocolate milk,Forum Istanbul,0.0
2023-03-05,chocolate milk,Istinye Park,1.0
2023-03-05,chocolate milk,Kanyon,0.0
2023-03-05,chocolate milk,Mall of Istanbul,4.0
2023-03-05,chocolate milk,Metrocity,3.0
2023-03-05,chocolate milk,Metropol AVM,0.0
2023-03-05,chocolate milk,Viaport Outlet,0.0
2023-03-05,chocolate milk,Zorlu Center,0.0
2023-03-06,Butter,Cevahir AVM,0.0
2023-03-06,Butter,Emaar Square Mall,0.0
2023-03-06,Butter,Forum Istanbul,1.0
2023-03-06,Butter,Istinye Park,4.0
2023-03-06,Butter,Kanyon,5.0
2023-03-06,Butter,Mall of Istanbul,8.0
2023-03-06,Butter,Metrocity,0.0
2023-03-06,Butter,Metropol AVM,2.0
2023-03-06,Butter,Viaport Outlet,0.0
2023-03-06,Butter,Zorlu Center,0.0
2023-03-06,Cheese,Cevahir AVM,3.0
2023-03-06,Cheese,Emaar Square Mall,0.0
2023-03-06,Cheese,Forum Istanbul,0.0
2023-03-06,Cheese,Istinye Park,9.0
2023-03-06,Cheese,Kanyon,2.0
2023-03-06,Cheese,Mall of Istanbul,0.0
2023-03-06,Cheese,Metrocity,4.0
2023-03-06,Cheese,Metropol AVM,0.0
2023-03-06,Cheese,Viaport Outlet,0.0
2023-03-06,Cheese,Zorlu Center,0.0
2023-03-06,Condensed milk,Cevahir AVM,5.0
2023-03-06,Condensed milk,Emaar Square Mall,4.0
2023-03-06,Condensed milk,Forum Istanbul,5.0
2023-03-06,Condensed milk,Istinye Park,0.0
2023-03-06,Condensed milk,Kanyon,5.0
2023-03-06,Condensed milk,Mall of Istanbul,4.0
2023-03-06,Condensed milk,Metrocity,2.0
2023-03-06,Condensed milk,Metropol AVM,0.0
2023-03-06,Condensed milk,Viaport Outlet,0.0
2023-03-06,Condensed milk,Zorlu Center,0.0
2023-03-06,Cream,Cevahir AVM,4.0
2023-03-06,Cream,Emaar Square Mall,0.0
2023-03-06,Cream,Forum Istanbul,0.0
2023-03-06,Cream,Istinye Park,4.0
2023-03-06,Cream,Kanyon,3.0
2023-03-06,Cream,Mall of Istanbul,6.0
2023-03-06,Cream,Metrocity,9.0
2023-03-06,Cream,Metropol AVM,0.0
2023-03-06,Cream,Viaport Outlet,0.0
2023-03-06,Cream,Zorlu Center,0.0
2023-03-06,Cultured milk,Cevahir AVM,0.0
2023-03-06,Cultured milk,Emaar Square Mall,5.0
2023-03-06,Cultured milk,Forum Istanbul,1.0
2023-03-06,Cultured milk,Istinye Park,4.0
2023-03-06,Cultured milk,Kanyon,0.0
2023-03-06,Cultured milk,Mall of Istanbul,0.0
2023-03-06,Cultured milk,Metrocity,0.0
2023-03-06,Cultured milk,Metropol AVM,0.0
2023-03-06,Cultured milk,Viaport Outlet,0.0
2023-03-06,Cultured milk,Zorlu Center,0.0
2023-03-06,Evaporated milk,Cevahir AVM,0.0
2023-03-06,Evaporated milk,Emaar Square Mall,0.0
2023-03-06,Evaporated milk,Forum Istanbul,0.0
2023-03-06,Evaporated milk,Istinye Park,4.0
2023-03-06,Evaporated milk,Kanyon,0.0
2023-03-06,Evaporated milk,Mall of Istanbul,0.0
2023-03-06,Evaporated milk,Metrocity,0.0
2023-03-06,Evaporated milk,Metropol AVM,0.0
2023-03-06,Evaporated milk,Viaport Outlet,0.0
2023-03-06,Evaporated milk,Zorlu Center,0.0
2023-03-06,Flavored sterilized milk,Cevahir AVM,0.0
2023-03-06,Flavored sterilized milk,Emaar Square Mall,0.0
2023-03-06,Flavored sterilized milk,Forum Istanbul,0.0
2023-03-06,Flavored sterilized milk,Istinye Park,5.0
2023-03-06,Flavored sterilized milk,Kanyon,3.0
2023-03-06,Flavored sterilized milk,Mall of Istanbul,2.0
2023-03-06,Flavored sterilized milk,Metrocity,0.0
2023-03-06,Flavored sterilized milk,Metropol AVM,0.0
2023-03-06,Flavored sterilized milk,Viaport Outlet,0.0
2023-03-06,Flavored sterilized milk,Zorlu Center,0.0
2023-03-06,Modified milk,Cevahir AVM,0.0
2023-03-06,Modified milk,Emaar Square Mall,1.0
2023-03-06,Modified milk,Forum Istanbul,0.0
2023-03-06,Modified milk,Istinye Park,0.0
2023-03-06,Modified milk,Kanyon,8.0
2023-03-06,Modified milk,Mall of Istanbul,1.0
2023-03-06,Modified milk,Metrocity,0.0
2023-03-06,Modified milk,Metropol AVM,0.0
2023-03-06,Modified milk,Viaport Outlet,0.0
2023-03-06,Modified milk,Zorlu Center,0.0
2023-03-06,Pasteurized milk 2.5% mg,Cevahir AVM,0.0
2023-03-06,Pasteurized milk 2.5% mg,Emaar Square Mall,0.0
2023-03-06,Pasteurized milk 2.5% mg,Forum Istanbul,4.0
2023-03-06,Pasteurized milk 2.5% mg,Istinye Park,0.0
2023-03-06,Pasteurized milk 2.5% mg,Kanyon,0.0
2023-03-06,Pasteurized milk 2.5% mg,Mall of Istanbul,7.0
2023-03-06,Pasteurized milk 2.5% mg,Metrocity,0.0
2023-03-06,Pasteurized milk 2.5% mg,Metropol AVM,0.0
2023-03-06,Pasteurized milk 2.5% mg,Viaport Outlet,1.0
2023-03-06,Pasteurized milk 2.5% mg,Zorlu Center,0.0
2023-03-06,Pasteurized milk 3.0% mg,Cevahir AVM,4.0
2023-03-06,Pasteurized milk 3.0% mg,Emaar Square Mall,0.0
2023-03-06,Pasteurized milk 3.0% mg,Forum Istanbul,1.0
2023-03-06,Pasteurized milk 3.0% mg,Istinye Park,3.0
2023-03-06,Pasteurized milk 3.0% mg,Kanyon,0.0
2023-03-06,Pasteurized milk 3.0% mg,Mall of Istanbul,0.0
2023-03-06,Pasteurized milk 3.0% mg,Metrocity,4.0
2023-03-06,Pasteurized milk 3.0% mg,Metropol AVM,1.0
2023-03-06,Pasteurized milk 3.0% mg,Viaport Outlet,0.0
2023-03-06,Pasteurized milk 3.0% mg,Zorlu Center,0.0
2023-03-06,Powdered milk 12% mg,Cevahir AVM,0.0
2023-03-06,Powdered milk 12% mg,Emaar Square Mall,0.0
2023-03-06,Powdered milk 12% mg,Forum Istanbul,0.0
2023-03-06,Powdered milk 12% mg,Istinye Park,2.0
2023-03-06,Powdered milk 12% mg,Kanyon,11.0
2023-03-06,Powdered milk 12% mg,Mall of Istanbul,15.0
2023-03-06,Powdered milk 12% mg,Metrocity,5.0
2023-03-06,Powdered milk 12% mg,Metropol AVM,0.0
2023-03-06,Powdered milk 12% mg,Viaport Outlet,0.0
2023-03-06,Powdered milk 12% mg,Zorlu Center,0.0
2023-03-06,Powdered milk 18% mg,Cevahir AVM,0.0
2023-03-06,Powdered milk 18% mg,Emaar Square Mall,0.0
2023-03-06,Powdered milk 18% mg,Forum Istanbul,0.0
2023-03-06,Powdered milk 18% mg,Istinye Park,5.0
2023-03-06,Powdered milk 18% mg,Kanyon,0.0
2023-03-06,Powdered milk 18% mg,Mall of Istanbul,0.0
2023-03-06,Powdered milk 18% mg,Metrocity,4.0
2023-03-06,Powdered milk 18% mg,Metropol AVM,0.0
2023-03-06,Powdered milk 18% mg,Viaport Outlet,0.0
2023-03-06,Powdered milk 18% mg,Zorlu Center,0.0
2023-03-06,Powdered milk 20% mg,Cevahir AVM,4.0
2023-03-06,Powdered milk 20% mg,Emaar Square Mall,0.0
2023-03-06,Powdered milk 20% mg,Forum Istanbul,0.0
2023-03-06,Powdered milk 20% mg,Istinye Park,3.0
2023-03-06,Powdered milk 20% mg,Kanyon,2.0
2023-03-06,Powdered milk 20% mg,Mall of Istanbul,0.0
2023-03-06,Powdered milk 20% mg,Metrocity,4.0
2023-03-06,Powdered milk 20% mg,Metropol AVM,7.0
2023-03-06,Powdered milk 20% mg,Viaport Outlet,0.0
2023-03-06,Powdered milk 20% mg,Zorlu Center,0.0
2023-03-06,Powdered milk 26% mg,Cevahir AVM,0.0
2023-03-06,Powdered milk 26% mg,Emaar Square Mall,5.0
2023-03-06,Powdered milk 26% mg,Forum Istanbul,10.0
2023-03-06,Powdered milk 26% mg,Istinye Park,0.0
2023-03-06,Powdered milk 26% mg,Kanyon,0.0
2023-03-06,Powdered milk 26% mg,Mall of Istanbul,8.0
2023-03-06,Powdered milk 26% mg,Metrocity,0.0
2023-03-06,Powdered milk 26% mg,Metropol AVM,8.0
2023-03-06,Powdered milk 26% mg,Viaport Outlet,0.0
2023-03-06,Powdered milk 26% mg,Zorlu Center,0.0
2023-03-06,Powdered milk 28% mg,Cevahir AVM,1.0
2023-03-06,Powdered milk 28% mg,Emaar Square Mall,0.0
2023-03-06,Powdered milk 28% mg,Forum Istanbul,0.0
2023-03-06,Powdered milk 28% mg,Istinye Park,5.0
2023-03-06,Powdered milk 28% mg,Kanyon,4.0
2023-03-06,Powdered milk 28% mg,Mall of Istanbul,5.0
2023-03-06,Powdered milk 28% mg,Metrocity,0.0
2023-03-06,Powdered milk 28% mg,Metropol AVM,5.0
2023-03-06,Powdered milk 28% mg,Viaport Outlet,0.0
2023-03-06,Powdered milk 28% mg,Zorlu Center,0.0
2023-03-06,Powdered whey,Cevahir AVM,0.0
2023-03-06,Powdered whey,Emaar Square Mall,0.0
2023-03-06,Powdered whey,Forum Istanbul,0.0
2023-03-06,Powdered whey,Istinye Park,0.0
2023-03-06,Powdered whey,Kanyon,1.0
2023-03-06,Powdered whey,Mall of Istanbul,4.0
2023-03-06,Powdered whey,Metrocity,5.0
2023-03-06,Powdered whey,Metropol AVM,0.0
2023-03-06,Powdered whey,Viaport Outlet,0.0
2023-03-06,Powdered whey,Zorlu Center,0.0
2023-03-06,Skimmed pasteurized milk,Cevahir AVM,3.0
2023-03-06,Skimmed pasteurized milk,Emaar Square Mall,0.0
2023-03-06,Skimmed pasteurized milk,Forum Istanbul,0.0
2023-03-06,Skimmed pasteurized milk,Istinye Park,0.0
2023-03-06,Skimmed pasteurized milk,Kanyon,4.0
2023-03-06,Skimmed pasteurized milk,Mall of Istanbul,2.0
2023-03-06,Skimmed pasteurized milk,Metrocity,1.0
2023-03-06,Skimmed pasteurized milk,Metropol AVM,0.0
2023-03-06,Skimmed pasteurized milk,Viaport Outlet,0.0
2023-03-06,Skimmed pasteurized milk,Zorlu Center,0.0
2023-03-06,Skimmed powdered milk,Cevahir AVM,0.0
2023-03-06,Skimmed powdered milk,Emaar Square Mall,0.0
2023-03-06,Skimmed powdered milk,Forum Istanbul,0.0
2023-03-06,Skimmed powdered milk,Istinye Park,6.0
2023-03-06,Skimmed powdered milk,Kanyon,1.0
2023-03-06,Skimmed powdered milk,Mall of Istanbul,3.0
2023-03-06,Skimmed powdered milk,Metrocity,2.0
2023-03-06,Skimmed powdered milk,Metropol AVM,0.0
2023-03-06,Skimmed powdered milk,Viaport Outlet,0.0
2023-03-06,Skimmed powdered milk,Zorlu Center,0.0
2023-03-06,Small cheese,Cevahir AVM,5.0
2023-03-06,Small cheese,Emaar Square Mall,8.0
2023-03-06,Small cheese,Forum Istanbul,0.0
2023-03-06,Small cheese,Istinye Park,0.0
2023-03-06,Small cheese,Kanyon,0.0
2023-03-06,Small cheese,Mall of Istanbul,5.0
2023-03-06,Small cheese,Metrocity,10.0
2023-03-06,Small cheese,Metropol AVM,5.0
2023-03-06,Small cheese,Viaport Outlet,0.0
2023-03-06,Small cheese,Zorlu Center,0.0
2023-03-06,Sterilized semi-skimmed milk,Cevahir AVM,0.0
2023-03-06,Sterilized semi-skimmed milk,Emaar Square Mall,0.0
2023-03-06,Sterilized semi-skimmed milk,Forum Istanbul,4.0
2023-03-06,Sterilized semi-skimmed milk,Istinye Park,0.0
2023-03-06,Sterilized semi-skimmed milk,Kanyon,4.0
2023-03-06,Sterilized semi-skimmed milk,Mall of Istanbul,0.0
2023-03-06,Sterilized semi-skimmed milk,Metrocity,2.0
2023-03-06,Sterilized semi-skimmed milk,Metropol AVM,0.0
2023-03-06,Sterilized semi-skimmed milk,Viaport Outlet,0.0
2023-03-06,Sterilized semi-skimmed milk,Zorlu Center,0.0
2023-03-06,Sterilized skimmed milk,Cevahir AVM,0.0
2023-03-06,Sterilized skimmed milk,Emaar Square Mall,0.0
2023-03-06,Sterilized skimmed milk,Forum Istanbul,0.0
2023-03-06,Sterilized skimmed milk,Istinye Park,0.0
2023-03-06,Sterilized skimmed milk,Kanyon,0.0
2023-03-06,Sterilized skimmed milk,Mall of Istanbul,1.0
2023-03-06,Sterilized skimmed milk,Metrocity,0.0
2023-03-06,Sterilized skimmed milk,Metropol AVM,0.0
2023-03-06,Sterilized skimmed milk,Viaport Outlet,0.0
2023-03-06,Sterilized skimmed milk,Zorlu Center,0.0
2023-03-06,Sterilized whole milk,Cevahir AVM,4.0
2023-03-06,Sterilized whole milk,Emaar Square Mall,0.0
2023-03-06,Sterilized whole milk,Forum Istanbul,3.0
2023-03-06,Sterilized whole milk,Istinye Park,3.0
2023-03-06,Sterilized whole milk,Kanyon,2.0
2023-03-06,Sterilized whole milk,Mall of Istanbul,5.0
2023-03-06,Sterilized whole milk,Metrocity,0.0
2023-03-06,Sterilized whole milk,Metropol AVM,1.0
2023-03-06,Sterilized whole milk,Viaport Outlet,0.0
2023-03-06,Sterilized whole milk,Zorlu Center,0.0
2023-03-06,Sweetened condensed milk,Cevahir AVM,1.0
2023-03-06,Sweetened condensed milk,Emaar Square Mall,0.0
2023-03-06,Sweetened condensed milk,Forum Istanbul,0.0
2023-03-06,Sweetened condensed milk,Istinye Park,4.0
2023-03-06,Sweetened condensed milk,Kanyon,5.0
2023-03-06,Sweetened condensed milk,Mall of Istanbul,1.0
2023-03-06,Sweetened condensed milk,Metrocity,0.0
2023-03-06,Sweetened condensed milk,Metropol AVM,3.0
2023-03-06,Sweetened condensed milk,Viaport Outlet,0.0
2023-03-06,Sweetened condensed milk,Zorlu Center,1.0
2023-03-06,Total powdered milk,Cevahir AVM,0.0
2023-03-06,Total powdered milk,Emaar Square Mall,0.0
2023-03-06,Total powdered milk,Forum Istanbul,0.0
2023-03-06,Total powdered milk,Istinye Park,0.0
2023-03-06,Total powdered milk,Kanyon,8.0
2023-03-06,Total powdered milk,Mall of Istanbul,1.0
2023-03-06,Total powdered milk,Metrocity,0.0
2023-03-06,Total powdered milk,Metropol AVM,0.0
2023-03-06,Total powdered milk,Viaport Outlet,0.0
2023-03-06,Total powdered milk,Zorlu Center,0.0
2023-03-06,Yogurt,Cevahir AVM,0.0
2023-03-06,Yogurt,Emaar Square Mall,0.0
2023-03-06,Yogurt,Forum Istanbul,0.0
2023-03-06,Yogurt,Istinye Park,0.0
2023-03-06,Yogurt,Kanyon,0.0
2023-03-06,Yogurt,Mall of Istanbul,0.0
2023-03-06,Yogurt,Metrocity,1.0
2023-03-06,Yogurt,Metropol AVM,5.0
2023-03-06,Yogurt,Viaport Outlet,0.0
2023-03-06,Yogurt,Zorlu Center,0.0
2023-03-06,chocolate milk,Cevahir AVM,0.0
2023-03-06,chocolate milk,Emaar Square Mall,3.0
2023-03-06,chocolate milk,Forum Istanbul,2.0
2023-03-06,chocolate milk,Istinye Park,0.0
2023-03-06,chocolate milk,Kanyon,5.0
2023-03-06,chocolate milk,Mall of Istanbul,4.0
2023-03-06,chocolate milk,Metrocity,2.0
2023-03-06,chocolate milk,Metropol AVM,0.0
2023-03-06,chocolate milk,Viaport Outlet,0.0
2023-03-06,chocolate milk,Zorlu Center,0.0
2023-03-07,Butter,Cevahir AVM,0.0
2023-03-07,Butter,Emaar Square Mall,3.0
2023-03-07,Butter,Forum Istanbul,2.0
2023-03-07,Butter,Istinye Park,0.0
2023-03-07,Butter,Kanyon,5.0
2023-03-07,Butter,Mall of Istanbul,0.0
2023-03-07,Butter,Metrocity,0.0
2023-03-07,Butter,Metropol AVM,0.0
2023-03-07,Butter,Viaport Outlet,0.0
2023-03-07,Butter,Zorlu Center,0.0
2023-03-07,Cheese,Cevahir AVM,0.0
2023-03-07,Cheese,Emaar Square Mall,0.0
2023-03-07,Cheese,Forum Istanbul,0.0
2023-03-07,Cheese,Istinye Park,3.0
2023-03-07,Cheese,Kanyon,0.0
2023-03-07,Cheese,Mall of Istanbul,0.0
2023-03-07,Cheese,Metrocity,0.0
2023-03-07,Cheese,Metropol AVM,0.0
2023-03-07,Cheese,Viaport Outlet,0.0
2023-03-07,Cheese,Zorlu Center,0.0
2023-03-07,Condensed milk,Cevahir AVM,7.0
2023-03-07,Condensed milk,Emaar Square Mall,0.0
2023-03-07,Condensed milk,Forum Istanbul,5.0
2023-03-07,Condensed milk,Istinye Park,0.0
2023-03-07,Condensed milk,Kanyon,3.0
2023-03-07,Condensed milk,Mall of Istanbul,0.0
2023-03-07,Condensed milk,Metrocity,0.0
2023-03-07,Condensed milk,Metropol AVM,3.0
2023-03-07,Condensed milk,Viaport Outlet,0.0
2023-03-07,Condensed milk,Zorlu Center,0.0
2023-03-07,Cream,Cevahir AVM,4.0
2023-03-07,Cream,Emaar Square Mall,7.0
2023-03-07,Cream,Forum Istanbul,0.0
2023-03-07,Cream,Istinye Park,5.0
2023-03-07,Cream,Kanyon,2.0
2023-03-07,Cream,Mall of Istanbul,0.0
2023-03-07,Cream,Metrocity,0.0
2023-03-07,Cream,Metropol AVM,0.0
2023-03-07,Cream,Viaport Outlet,0.0
2023-03-07,Cream,Zorlu Center,0.0
2023-03-07,Cultured milk,Cevahir AVM,0.0
2023-03-07,Cultured milk,Emaar Square Mall,0.0
2023-03-07,Cultured milk,Forum Istanbul,0.0
2023-03-07,Cultured milk,Istinye Park,0.0
2023-03-07,Cultured milk,Kanyon,4.0
2023-03-07,Cultured milk,Mall of Istanbul,11.0
2023-03-07,Cultured milk,Metrocity,1.0
2023-03-07,Cultured milk,Metropol AVM,0.0
2023-03-07,Cultured milk,Viaport Outlet,0.0
2023-03-07,Cultured milk,Zorlu Center,0.0
2023-03-07,Evaporated milk,Cevahir AVM,0.0
2023-03-07,Evaporated milk,Emaar Square Mall,3.0
2023-03-07,Evaporated milk,Forum Istanbul,4.0
2023-03-07,Evaporated milk,Istinye Park,4.0
2023-03-07,Evaporated milk,Kanyon,0.0
2023-03-07,Evaporated milk,Mall of Istanbul,2.0
2023-03-07,Evaporated milk,Metrocity,3.0
2023-03-07,Evaporated milk,Metropol AVM,1.0
2023-03-07,Evaporated milk,Viaport Outlet,0.0
2023-03-07,Evaporated milk,Zorlu Center,2.0
2023-03-07,Flavored sterilized milk,Cevahir AVM,0.0
2023-03-07,Flavored sterilized milk,Emaar Square Mall,0.0
2023-03-07,Flavored sterilized milk,Forum Istanbul,0.0
2023-03-07,Flavored sterilized milk,Istinye Park,5.0
2023-03-07,Flavored sterilized milk,Kanyon,0.0
2023-03-07,Flavored sterilized milk,Mall of Istanbul,0.0
2023-03-07,Flavored sterilized milk,Metrocity,2.0
2023-03-07,Flavored sterilized milk,Metropol AVM,4.0
2023-03-07,Flavored sterilized milk,Viaport Outlet,0.0
2023-03-07,Flavored sterilized milk,Zorlu Center,1.0
2023-03-07,Modified milk,Cevahir AVM,0.0
2023-03-07,Modified milk,Emaar Square Mall,0.0
2023-03-07,Modified milk,Forum Istanbul,0.0
2023-03-07,Modified milk,Istinye Park,1.0
2023-03-07,Modified milk,Kanyon,0.0
2023-03-07,Modified milk,Mall of Istanbul,2.0
2023-03-07,Modified milk,Metrocity,0.0
2023-03-07,Modified milk,Metropol AVM,0.0
2023-03-07,Modified milk,Viaport Outlet,0.0
2023-03-07,Modified milk,Zorlu Center,0.0
2023-03-07,Pasteurized milk 2.5% mg,Cevahir AVM,3.0
2023-03-07,Pasteurized milk 2.5% mg,Emaar Square Mall,0.0
2023-03-07,Pasteurized milk 2.5% mg,Forum Istanbul,6.0
2023-03-07,Pasteurized milk 2.5% mg,Istinye Park,4.0
2023-03-07,Pasteurized milk 2.5% mg,Kanyon,4.0
2023-03-07,Pasteurized milk 2.5% mg,Mall of Istanbul,1.0
2023-03-07,Pasteurized milk 2.5% mg,Metrocity,0.0
2023-03-07,Pasteurized milk 2.5% mg,Metropol AVM,0.0
2023-03-07,Pasteurized milk 2.5% mg,Viaport Outlet,0.0
2023-03-07,Pasteurized milk 2.5% mg,Zorlu Center,0.0
2023-03-07,Pasteurized milk 3.0% mg,Cevahir AVM,4.0
2023-03-07,Pasteurized milk 3.0% mg,Emaar Square Mall,0.0
2023-03-07,Pasteurized milk 3.0% mg,Forum Istanbul,0.0
2023-03-07,Pasteurized milk 3.0% mg,Istinye Park,0.0
2023-03-07,Pasteurized milk 3.0% mg,Kanyon,0.0
2023-03-07,Pasteurized milk 3.0% mg,Mall of Istanbul,1.0
2023-03-07,Pasteurized milk 3.0% mg,Metrocity,0.0
2023-03-07,Pasteurized milk 3.0% mg,Metropol AVM,2.0
2023-03-07,Pasteurized milk 3.0% mg,Viaport Outlet,0.0
2023-03-07,Pasteurized milk 3.0% mg,Zorlu Center,0.0
2023-03-07,Powdered milk 12% mg,Cevahir AVM,0.0
2023-03-07,Powdered milk 12% mg,Emaar Square Mall,0.0
2023-03-07,Powdered milk 12% mg,Forum Istanbul,0.0
2023-03-07,Powdered milk 12% mg,Istinye Park,2.0
2023-03-07,Powdered milk 12% mg,Kanyon,4.0
2023-03-07,Powdered milk 12% mg,Mall of Istanbul,0.0
2023-03-07,Powdered milk 12% mg,Metrocity,4.0
2023-03-07,Powdered milk 12% mg,Metropol AVM,0.0
2023-03-07,Powdered milk 12% mg,Viaport Outlet,0.0
2023-03-07,Powdered milk 12% mg,Zorlu Center,0.0
2023-03-07,Powdered milk 18% mg,Cevahir AVM,1.0
2023-03-07,Powdered milk 18% mg,Emaar Square Mall,0.0
2023-03-07,Powdered milk 18% mg,Forum Istanbul,0.0
2023-03-07,Powdered milk 18% mg,Istinye Park,0.0
2023-03-07,Powdered milk 18% mg,Kanyon,5.0
2023-03-07,Powdered milk 18% mg,Mall of Istanbul,0.0
2023-03-07,Powdered milk 18% mg,Metrocity,0.0
2023-03-07,Powdered milk 18% mg,Metropol AVM,0.0
2023-03-07,Powdered milk 18% mg,Viaport Outlet,0.0
2023-03-07,Powdered milk 18% mg,Zorlu Center,0.0
2023-03-07,Powdered milk 20% mg,Cevahir AVM,0.0
2023-03-07,Powdered milk 20% mg,Emaar Square Mall,0.0
2023-03-07,Powdered milk 20% mg,Forum Istanbul,0.0
2023-03-07,Powdered milk 20% mg,Istinye Park,0.0
2023-03-07,Powdered milk 20% mg,Kanyon,0.0
2023-03-07,Powdered milk 20% mg,Mall of Istanbul,11.0
2023-03-07,Powdered milk 20% mg,Metrocity,0.0
2023-03-07,Powdered milk 20% mg,Metropol AVM,0.0
2023-03-07,Powdered milk 20% mg,Viaport Outlet,0.0
2023-03-07,Powdered milk 20% mg,Zorlu Center,0.0
2023-03-07,Powdered milk 26% mg,Cevahir AVM,0.0
2023-03-07,Powdered milk 26% mg,Emaar Square Mall,0.0
2023-03-07,Powdered milk 26% mg,Forum Istanbul,0.0
2023-03-07,Powdered milk 26% mg,Istinye Park,0.0
2023-03-07,Powdered milk 26% mg,Kanyon,3.0
2023-03-07,Powdered milk 26% mg,Mall of Istanbul,2.0
2023-03-07,Powdered milk 26% mg,Metrocity,1.0
2023-03-07,Powdered milk 26% mg,Metropol AVM,0.0
2023-03-07,Powdered milk 26% mg,Viaport Outlet,0.0
2023-03-07,Powdered milk 26% mg,Zorlu Center,0.0
2023-03-07,Powdered milk 28% mg,Cevahir AVM,0.0
2023-03-07,Powdered milk 28% mg,Emaar Square Mall,0.0
2023-03-07,Powdered milk 28% mg,Forum Istanbul,0.0
2023-03-07,Powdered milk 28% mg,Istinye Park,0.0
2023-03-07,Powdered milk 28% mg,Kanyon,4.0
2023-03-07,Powdered milk 28% mg,Mall of Istanbul,0.0
2023-03-07,Powdered milk 28% mg,Metrocity,5.0
2023-03-07,Powdered milk 28% mg,Metropol AVM,0.0
2023-03-07,Powdered milk 28% mg,Viaport Outlet,2.0
2023-03-07,Powdered milk 28% mg,Zorlu Center,0.0
2023-03-07,Powdered whey,Cevahir AVM,0.0
2023-03-07,Powdered whey,Emaar Square Mall,0.0
2023-03-07,Powdered whey,Forum Istanbul,0.0
2023-03-07,Powdered whey,Istinye Park,0.0
2023-03-07,Powdered whey,Kanyon,0.0
2023-03-07,Powdered whey,Mall of Istanbul,8.0
2023-03-07,Powdered whey,Metrocity,14.0
2023-03-07,Powdered whey,Metropol AVM,0.0
2023-03-07,Powdered whey,Viaport Outlet,0.0
2023-03-07,Powdered whey,Zorlu Center,4.0
2023-03-07,Skimmed pasteurized milk,Cevahir AVM,0.0
2023-03-07,Skimmed pasteurized milk,Emaar Square Mall,0.0
2023-03-07,Skimmed pasteurized milk,Forum Istanbul,0.0
2023-03-07,Skimmed pasteurized milk,Istinye Park,5.0
2023-03-07,Skimmed pasteurized milk,Kanyon,0.0
2023-03-07,Skimmed pasteurized milk,Mall of Istanbul,0.0
2023-03-07,Skimmed pasteurized milk,Metrocity,5.0
2023-03-07,Skimmed pasteurized milk,Metropol AVM,7.0
2023-03-07,Skimmed pasteurized milk,Viaport Outlet,0.0
2023-03-07,Skimmed pasteurized milk,Zorlu Center,0.0
2023-03-07,Skimmed powdered milk,Cevahir AVM,0.0
2023-03-07,Skimmed powdered milk,Emaar Square Mall,0.0
2023-03-07,Skimmed powdered milk,Forum Istanbul,0.0
2023-03-07,Skimmed powdered milk,Istinye Park,0.0
2023-03-07,Skimmed powdered milk,Kanyon,1.0
2023-03-07,Skimmed powdered milk,Mall of Istanbul,1.0
2023-03-07,Skimmed powdered milk,Metrocity,4.0
2023-03-07,Skimmed powdered milk,Metropol AVM,0.0
2023-03-07,Skimmed powdered milk,Viaport Outlet,0.0
2023-03-07,Skimmed powdered milk,Zorlu Center,0.0
2023-03-07,Small cheese,Cevahir AVM,0.0
2023-03-07,Small cheese,Emaar Square Mall,3.0
2023-03-07,Small cheese,Forum Istanbul,0.0
2023-03-07,Small cheese,Istinye Park,5.0
2023-03-07,Small cheese,Kanyon,5.0
2023-03-07,Small cheese,Mall of Istanbul,2.0
2023-03-07,Small cheese,Metrocity,0.0
2023-03-07,Small cheese,Metropol AVM,0.0
2023-03-07,Small cheese,Viaport Outlet,1.0
2023-03-07,Small cheese,Zorlu Center,0.0
2023-03-07,Sterilized semi-skimmed milk,Cevahir AVM,1.0
2023-03-07,Sterilized semi-skimmed milk,Emaar Square Mall,0.0
2023-03-07,Sterilized semi-skimmed milk,Forum Istanbul,0.0
2023-03-07,Sterilized semi-skimmed milk,Istinye Park,5.0
2023-03-07,Sterilized semi-skimmed milk,Kanyon,0.0
2023-03-07,Sterilized semi-skimmed milk,Mall of Istanbul,0.0
2023-03-07,Sterilized semi-skimmed milk,Metrocity,0.0
2023-03-07,Sterilized semi-skimmed milk,Metropol AVM,5.0
2023-03-07,Sterilized semi-skimmed milk,Viaport Outlet,0.0
2023-03-07,Sterilized semi-skimmed milk,Zorlu Center,0.0
2023-03-07,Sterilized skimmed milk,Cevahir AVM,0.0
2023-03-07,Sterilized skimmed milk,Emaar Square Mall,0.0
2023-03-07,Sterilized skimmed milk,Forum Istanbul,0.0
2023-03-07,Sterilized skimmed milk,Istinye Park,0.0
2023-03-07,Sterilized skimmed milk,Kanyon,2.0
2023-03-07,Sterilized skimmed milk,Mall of Istanbul,7.0
2023-03-07,Sterilized skimmed milk,Metrocity,0.0
2023-03-07,Sterilized skimmed milk,Metropol AVM,4.0
2023-03-07,Sterilized skimmed milk,Viaport Outlet,0.0
2023-03-07,Sterilized skimmed milk,Zorlu Center,0.0
2023-03-07,Sterilized whole milk,Cevahir AVM,0.0
2023-03-07,Sterilized whole milk,Emaar Square Mall,0.0
2023-03-07,Sterilized whole milk,Forum Istanbul,3.0
2023-03-07,Sterilized whole milk,Istinye Park,0.0
2023-03-07,Sterilized whole milk,Kanyon,0.0
2023-03-07,Sterilized whole milk,Mall of Istanbul,1.0
2023-03-07,Sterilized whole milk,Metrocity,1.0
2023-03-07,Sterilized whole milk,Metropol AVM,5.0
2023-03-07,Sterilized whole milk,Viaport Outlet,0.0
2023-03-07,Sterilized whole milk,Zorlu Center,0.0
2023-03-07,Sweetened condensed milk,Cevahir AVM,0.0
2023-03-07,Sweetened condensed milk,Emaar Square Mall,0.0
2023-03-07,Sweetened condensed milk,Forum Istanbul,0.0
2023-03-07,Sweetened condensed milk,Istinye Park,0.0
2023-03-07,Sweetened condensed milk,Kanyon,0.0
2023-03-07,Sweetened condensed milk,Mall of Istanbul,0.0
2023-03-07,Sweetened condensed milk,Metrocity,4.0
2023-03-07,Sweetened condensed milk,Metropol AVM,2.0
2023-03-07,Sweetened condensed milk,Viaport Outlet,0.0
2023-03-07,Sweetened condensed milk,Zorlu Center,0.0
2023-03-07,Total powdered milk,Cevahir AVM,0.0
2023-03-07,Total powdered milk,Emaar Square Mall,0.0
2023-03-07,Total powdered milk,Forum Istanbul,0.0
2023-03-07,Total powdered milk,Istinye Park,4.0
2023-03-07,Total powdered milk,Kanyon,3.0
2023-03-07,Total powdered milk,Mall of Istanbul,1.0
2023-03-07,Total powdered milk,Metrocity,5.0
2023-03-07,Total powdered milk,Metropol AVM,0.0
2023-03-07,Total powdered milk,Viaport Outlet,2.0
2023-03-07,Total powdered milk,Zorlu Center,0.0
2023-03-07,Yogurt,Cevahir AVM,0.0
2023-03-07,Yogurt,Emaar Square Mall,0.0
2023-03-07,Yogurt,Forum Istanbul,0.0
2023-03-07,Yogurt,Istinye Park,4.0
2023-03-07,Yogurt,Kanyon,2.0
2023-03-07,Yogurt,Mall of Istanbul,0.0
2023-03-07,Yogurt,Metrocity,0.0
2023-03-07,Yogurt,Metropol AVM,1.0
2023-03-07,Yogurt,Viaport Outlet,0.0
2023-03-07,Yogurt,Zorlu Center,0.0
2023-03-07,chocolate milk,Cevahir AVM,0.0
2023-03-07,chocolate milk,Emaar Square Mall,0.0
2023-03-07,chocolate milk,Forum Istanbul,0.0
2023-03-07,chocolate milk,Istinye Park,0.0
2023-03-07,chocolate milk,Kanyon,0.0
2023-03-07,chocolate milk,Mall of Istanbul,4.0
2023-03-07,chocolate milk,Metrocity,4.0
2023-03-07,chocolate milk,Metropol AVM,0.0
2023-03-07,chocolate milk,Viaport Outlet,0.0
2023-03-07,chocolate milk,Zorlu Center,3.0
2023-03-08,Butter,Cevahir AVM,0.0
2023-03-08,Butter,Emaar Square Mall,0.0
2023-03-08,Butter,Forum Istanbul,0.0
2023-03-08,Butter,Istinye Park,0.0
2023-03-08,Butter,Kanyon,0.0
2023-03-08,Butter,Mall of Istanbul,3.0
2023-03-08,Butter,Metrocity,7.0
2023-03-08,Butter,Metropol AVM,1.0
2023-03-08,Butter,Viaport Outlet,0.0
2023-03-08,Butter,Zorlu Center,1.0
2023-03-08,Cheese,Cevahir AVM,0.0
2023-03-08,Cheese,Emaar Square Mall,0.0
2023-03-08,Cheese,Forum Istanbul,0.0
2023-03-08,Cheese,Istinye Park,0.0
2023-03-08,Cheese,Kanyon,1.0
2023-03-08,Cheese,Mall of Istanbul,10.0
2023-03-08,Cheese,Metrocity,0.0
2023-03-08,Cheese,Metropol AVM,1.0
2023-03-08,Cheese,Viaport Outlet,0.0
2023-03-08,Cheese,Zorlu Center,0.0
2023-03-08,Condensed milk,Cevahir AVM,3.0
2023-03-08,Condensed milk,Emaar Square Mall,1.0
2023-03-08,Condensed milk,Forum Istanbul,10.0
2023-03-08,Condensed milk,Istinye Park,2.0
2023-03-08,Condensed milk,Kanyon,8.0
2023-03-08,Condensed milk,Mall of Istanbul,5.0
2023-03-08,Condensed milk,Metrocity,0.0
2023-03-08,Condensed milk,Metropol AVM,1.0
2023-03-08,Condensed milk,Viaport Outlet,0.0
2023-03-08,Condensed milk,Zorlu Center,0.0
2023-03-08,Cream,Cevahir AVM,0.0
2023-03-08,Cream,Emaar Square Mall,0.0
2023-03-08,Cream,Forum Istanbul,3.0
2023-03-08,Cream,Istinye Park,0.0
2023-03-08,Cream,Kanyon,6.0
2023-03-08,Cream,Mall of Istanbul,0.0
2023-03-08,Cream,Metrocity,0.0
2023-03-08,Cream,Metropol AVM,0.0
2023-03-08,Cream,Viaport Outlet,0.0
2023-03-08,Cream,Zorlu Center,0.0
2023-03-08,Cultured milk,Cevahir AVM,0.0
2023-03-08,Cultured milk,Emaar Square Mall,5.0
2023-03-08,Cultured milk,Forum Istanbul,0.0
2023-03-08,Cultured milk,Istinye Park,0.0
2023-03-08,Cultured milk,Kanyon,0.0
2023-03-08,Cultured milk,Mall of Istanbul,0.0
2023-03-08,Cultured milk,Metrocity,4.0
2023-03-08,Cultured milk,Metropol AVM,0.0
2023-03-08,Cultured milk,Viaport Outlet,0.0
2023-03-08,Cultured milk,Zorlu Center,0.0
2023-03-08,Evaporated milk,Cevahir AVM,2.0
2023-03-08,Evaporated milk,Emaar Square Mall,0.0
2023-03-08,Evaporated milk,Forum Istanbul,0.0
2023-03-08,Evaporated milk,Istinye Park,0.0
2023-03-08,Evaporated milk,Kanyon,2.0
2023-03-08,Evaporated milk,Mall of Istanbul,0.0
2023-03-08,Evaporated milk,Metrocity,3.0
2023-03-08,Evaporated milk,Metropol AVM,0.0
2023-03-08,Evaporated milk,Viaport Outlet,0.0
2023-03-08,Evaporated milk,Zorlu Center,0.0
2023-03-08,Flavored sterilized milk,Cevahir AVM,0.0
2023-03-08,Flavored sterilized milk,Emaar Square Mall,0.0
2023-03-08,Flavored sterilized milk,Forum Istanbul,0.0
2023-03-08,Flavored sterilized milk,Istinye Park,0.0
2023-03-08,Flavored sterilized milk,Kanyon,3.0
2023-03-08,Flavored sterilized milk,Mall of Istanbul,3.0
2023-03-08,Flavored sterilized milk,Metrocity,1.0
2023-03-08,Flavored sterilized milk,Metropol AVM,0.0
2023-03-08,Flavored sterilized milk,Viaport Outlet,0.0
2023-03-08,Flavored sterilized milk,Zorlu Center,0.0
2023-03-08,Modified milk,Cevahir AVM,0.0
2023-03-08,Modified milk,Emaar Square Mall,0.0
2023-03-08,Modified milk,Forum Istanbul,0.0
2023-03-08,Modified milk,Istinye Park,0.0
2023-03-08,Modified milk,Kanyon,5.0
2023-03-08,Modified milk,Mall of Istanbul,0.0
2023-03-08,Modified milk,Metrocity,6.0
2023-03-08,Modified milk,Metropol AVM,0.0
2023-03-08,Modified milk,Viaport Outlet,3.0
2023-03-08,Modified milk,Zorlu Center,0.0
2023-03-08,Pasteurized milk 2.5% mg,Cevahir AVM,0.0
2023-03-08,Pasteurized milk 2.5% mg,Emaar Square Mall,0.0
2023-03-08,Pasteurized milk 2.5% mg,Forum Istanbul,3.0
2023-03-08,Pasteurized milk 2.5% mg,Istinye Park,0.0
2023-03-08,Pasteurized milk 2.5% mg,Kanyon,9.0
2023-03-08,Pasteurized milk 2.5% mg,Mall of Istanbul,0.0
2023-03-08,Pasteurized milk 2.5% mg,Metrocity,9.0
2023-03-08,Pasteurized milk 2.5% mg,Metropol AVM,0.0
2023-03-08,Pasteurized milk 2.5% mg,Viaport Outlet,0.0
2023-03-08,Pasteurized milk 2.5% mg,Zorlu Center,2.0
2023-03-08,Pasteurized milk 3.0% mg,Cevahir AVM,0.0
2023-03-08,Pasteurized milk 3.0% mg,Emaar Square Mall,0.0
2023-03-08,Pasteurized milk 3.0% mg,Forum Istanbul,3.0
2023-03-08,Pasteurized milk 3.0% mg,Istinye Park,0.0
2023-03-08,Pasteurized milk 3.0% mg,Kanyon,8.0
2023-03-08,Pasteurized milk 3.0% mg,Mall of Istanbul,8.0
2023-03-08,Pasteurized milk 3.0% mg,Metrocity,4.0
2023-03-08,Pasteurized milk 3.0% mg,Metropol AVM,0.0
2023-03-08,Pasteurized milk 3.0% mg,Viaport Outlet,5.0
2023-03-08,Pasteurized milk 3.0% mg,Zorlu Center,0.0
2023-03-08,Powdered milk 12% mg,Cevahir AVM,0.0
2023-03-08,Powdered milk 12% mg,Emaar Square Mall,2.0
2023-03-08,Powdered milk 12% mg,Forum Istanbul,0.0
2023-03-08,Powdered milk 12% mg,Istinye Park,0.0
2023-03-08,Powdered milk 12% mg,Kanyon,2.0
2023-03-08,Powdered milk 12% mg,Mall of Istanbul,0.0
2023-03-08,Powdered milk 12% mg,Metrocity,0.0
2023-03-08,Powdered milk 12% mg,Metropol AVM,0.0
2023-03-08,Powdered milk 12% mg,Viaport Outlet,0.0
2023-03-08,Powdered milk 12% mg,Zorlu Center,0.0
2023-03-08,Powdered milk 18% mg,Cevahir AVM,0.0
2023-03-08,Powdered milk 18% mg,Emaar Square Mall,0.0
2023-03-08,Powdered milk 18% mg,Forum Istanbul,3.0
2023-03-08,Powdered milk 18% mg,Istinye Park,0.0
2023-03-08,Powdered milk 18% mg,Kanyon,4.0
2023-03-08,Powdered milk 18% mg,Mall of Istanbul,0.0
2023-03-08,Powdered milk 18% mg,Metrocity,1.0
2023-03-08,Powdered milk 18% mg,Metropol AVM,5.0
2023-03-08,Powdered milk 18% mg,Viaport Outlet,0.0
2023-03-08,Powdered milk 18% mg,Zorlu Center,0.0
2023-03-08,Powdered milk 20% mg,Cevahir AVM,0.0
2023-03-08,Powdered milk 20% mg,Emaar Square Mall,1.0
2023-03-08,Powdered milk 20% mg,Forum Istanbul,0.0
2023-03-08,Powdered milk 20% mg,Istinye Park,0.0
2023-03-08,Powdered milk 20% mg,Kanyon,3.0
2023-03-08,Powdered milk 20% mg,Mall of Istanbul,5.0
2023-03-08,Powdered milk 20% mg,Metrocity,5.0
2023-03-08,Powdered milk 20% mg,Metropol AVM,0.0
2023-03-08,Powdered milk 20% mg,Viaport Outlet,0.0
2023-03-08,Powdered milk 20% mg,Zorlu Center,0.0
2023-03-08,Powdered milk 26% mg,Cevahir AVM,0.0
2023-03-08,Powdered milk 26% mg,Emaar Square Mall,4.0
2023-03-08,Powdered milk 26% mg,Forum Istanbul,0.0
2023-03-08,Powdered milk 26% mg,Istinye Park,0.0
2023-03-08,Powdered milk 26% mg,Kanyon,0.0
2023-03-08,Powdered milk 26% mg,Mall of Istanbul,0.0
2023-03-08,Powdered milk 26% mg,Metrocity,0.0
2023-03-08,Powdered milk 26% mg,Metropol AVM,2.0
2023-03-08,Powdered milk 26% mg,Viaport Outlet,0.0
2023-03-08,Powdered milk 26% mg,Zorlu Center,4.0
2023-03-08,Powdered milk 28% mg,Cevahir AVM,0.0
2023-03-08,Powdered milk 28% mg,Emaar Square Mall,0.0
2023-03-08,Powdered milk 28% mg,Forum Istanbul,0.0
2023-03-08,Powdered milk 28% mg,Istinye Park,0.0
2023-03-08,Powdered milk 28% mg,Kanyon,0.0
2023-03-08,Powdered milk 28% mg,Mall of Istanbul,0.0
2023-03-08,Powdered milk 28% mg,Metrocity,0.0
2023-03-08,Powdered milk 28% mg,Metropol AVM,0.0
2023-03-08,Powdered milk 28% mg,Viaport Outlet,0.0
2023-03-08,Powdered milk 28% mg,Zorlu Center,0.0
2023-03-08,Powdered whey,Cevahir AVM,0.0
2023-03-08,Powdered whey,Emaar Square Mall,5.0
2023-03-08,Powdered whey,Forum Istanbul,0.0
2023-03-08,Powdered whey,Istinye Park,2.0
2023-03-08,Powdered whey,Kanyon,8.0
2023-03-08,Powdered whey,Mall of Istanbul,6.0
2023-03-08,Powdered whey,Metrocity,5.0
2023-03-08,Powdered whey,Metropol AVM,0.0
2023-03-08,Powdered whey,Viaport Outlet,0.0
2023-03-08,Powdered whey,Zorlu Center,0.0
2023-03-08,Skimmed pasteurized milk,Cevahir AVM,4.0
2023-03-08,Skimmed pasteurized milk,Emaar Square Mall,0.0
2023-03-08,Skimmed pasteurized milk,Forum Istanbul,0.0
2023-03-08,Skimmed pasteurized milk,Istinye Park,0.0
2023-03-08,Skimmed pasteurized milk,Kanyon,5.0
2023-03-08,Skimmed pasteurized milk,Mall of Istanbul,2.0
2023-03-08,Skimmed pasteurized milk,Metrocity,0.0
2023-03-08,Skimmed pasteurized milk,Metropol AVM,0.0
2023-03-08,Skimmed pasteurized milk,Viaport Outlet,0.0
2023-03-08,Skimmed pasteurized milk,Zorlu Center,0.0
2023-03-08,Skimmed powdered milk,Cevahir AVM,0.0
2023-03-08,Skimmed powdered milk,Emaar Square Mall,0.0
2023-03-08,Skimmed powdered milk,Forum Istanbul,0.0
2023-03-08,Skimmed powdered milk,Istinye Park,5.0
2023-03-08,Skimmed powdered milk,Kanyon,1.0
2023-03-08,Skimmed powdered milk,Mall of Istanbul,4.0
2023-03-08,Skimmed powdered milk,Metrocity,2.0
2023-03-08,Skimmed powdered milk,Metropol AVM,0.0
2023-03-08,Skimmed powdered milk,Viaport Outlet,0.0
2023-03-08,Skimmed powdered milk,Zorlu Center,0.0
2023-03-08,Small cheese,Cevahir AVM,0.0
2023-03-08,Small cheese,Emaar Square Mall,0.0
2023-03-08,Small cheese,Forum Istanbul,0.0
2023-03-08,Small cheese,Istinye Park,0.0
2023-03-08,Small cheese,Kanyon,6.0
2023-03-08,Small cheese,Mall of Istanbul,4.0
2023-03-08,Small cheese,Metrocity,0.0
2023-03-08,Small cheese,Metropol AVM,0.0
2023-03-08,Small cheese,Viaport Outlet,0.0
2023-03-08,Small cheese,Zorlu Center,2.0
2023-03-08,Sterilized semi-skimmed milk,Cevahir AVM,0.0
2023-03-08,Sterilized semi-skimmed milk,Emaar Square Mall,0.0
2023-03-08,Sterilized semi-skimmed milk,Forum Istanbul,0.0
2023-03-08,Sterilized semi-skimmed milk,Istinye Park,8.0
2023-03-08,Sterilized semi-skimmed milk,Kanyon,0.0
2023-03-08,Sterilized semi-skimmed milk,Mall of Istanbul,4.0
2023-03-08,Sterilized semi-skimmed milk,Metrocity,0.0
2023-03-08,Sterilized semi-skimmed milk,Metropol AVM,5.0
2023-03-08,Sterilized semi-skimmed milk,Viaport Outlet,0.0
2023-03-08,Sterilized semi-skimmed milk,Zorlu Center,0.0
2023-03-08,Sterilized skimmed milk,Cevahir AVM,0.0
2023-03-08,Sterilized skimmed milk,Emaar Square Mall,0.0
2023-03-08,Sterilized skimmed milk,Forum Istanbul,0.0
2023-03-08,Sterilized skimmed milk,Istinye Park,1.0
2023-03-08,Sterilized skimmed milk,Kanyon,2.0
2023-03-08,Sterilized skimmed milk,Mall of Istanbul,2.0
2023-03-08,Sterilized skimmed milk,Metrocity,0.0
2023-03-08,Sterilized skimmed milk,Metropol AVM,0.0
2023-03-08,Sterilized skimmed milk,Viaport Outlet,5.0
2023-03-08,Sterilized skimmed milk,Zorlu Center,0.0
2023-03-08,Sterilized whole milk,Cevahir AVM,0.0
2023-03-08,Sterilized whole milk,Emaar Square Mall,0.0
2023-03-08,Sterilized whole milk,Forum Istanbul,0.0
2023-03-08,Sterilized whole milk,Istinye Park,0.0
2023-03-08,Sterilized whole milk,Kanyon,0.0
2023-03-08,Sterilized whole milk,Mall of Istanbul,3.0
2023-03-08,Sterilized whole milk,Metrocity,4.0
2023-03-08,Sterilized whole milk,Metropol AVM,6.0
2023-03-08,Sterilized whole milk,Viaport Outlet,0.0
2023-03-08,Sterilized whole milk,Zorlu Center,0.0
2023-03-08,Sweetened condensed milk,Cevahir AVM,0.0
2023-03-08,Sweetened condensed milk,Emaar Square Mall,0.0
2023-03-08,Sweetened condensed milk,Forum Istanbul,0.0
2023-03-08,Sweetened condensed milk,Istinye Park,0.0
2023-03-08,Sweetened condensed milk,Kanyon,0.0
2023-03-08,Sweetened condensed milk,Mall of Istanbul,2.0
2023-03-08,Sweetened condensed milk,Metrocity,2.0
2023-03-08,Sweetened condensed milk,Metropol AVM,1.0
2023-03-08,Sweetened condensed milk,Viaport Outlet,0.0
2023-03-08,Sweetened condensed milk,Zorlu Center,0.0
2023-03-08,Total powdered milk,Cevahir AVM,0.0
2023-03-08,Total powdered milk,Emaar Square Mall,0.0
2023-03-08,Total powdered milk,Forum Istanbul,0.0
2023-03-08,Total powdered milk,Istinye Park,0.0
2023-03-08,Total powdered milk,Kanyon,1.0
2023-03-08,Total powdered milk,Mall of Istanbul,0.0
2023-03-08,Total powdered milk,Metrocity,0.0
2023-03-08,Total powdered milk,Metropol AVM,0.0
2023-03-08,Total powdered milk,Viaport Outlet,0.0
2023-03-08,Total powdered milk,Zorlu Center,0.0
2023-03-08,Yogurt,Cevahir AVM,0.0
2023-03-08,Yogurt,Emaar Square Mall,0.0
2023-03-08,Yogurt,Forum Istanbul,3.0
2023-03-08,Yogurt,Istinye Park,0.0
2023-03-08,Yogurt,Kanyon,5.0
2023-03-08,Yogurt,Mall of Istanbul,0.0
2023-03-08,Yogurt,Metrocity,1.0
2023-03-08,Yogurt,Metropol AVM,0.0
2023-03-08,Yogurt,Viaport Outlet,0.0
2023-03-08,Yogurt,Zorlu Center,0.0
2023-03-08,chocolate milk,Cevahir AVM,0.0
2023-03-08,chocolate milk,Emaar Square Mall,0.0
2023-03-08,chocolate milk,Forum Istanbul,0.0
2023-03-08,chocolate milk,Istinye Park,0.0
2023-03-08,chocolate milk,Kanyon,2.0
2023-03-08,chocolate milk,Mall of Istanbul,0.0
2023-03-08,chocolate milk,Metrocity,4.0
2023-03-08,chocolate milk,Metropol AVM,4.0
2023-03-08,chocolate milk,Viaport Outlet,2.0
2023-03-08,chocolate milk,Zorlu Center,0.0
