customer_id,business_type,location,annual_revenue,order_frequency,total_quantity_purchased,product,quantity
1,Wholesaler,Gulu,12872789,10,8184,Powder Milk,124
2,Retailer,Gulu,55638959,15,5656,Powder Milk,44
3,Wholesaler,Mbale,35140354,4,9228,Milk,168
4,Wholesaler,Gulu,25130537,12,1673,Cream,87
5,Wholesaler,Jinja,75583240,10,7276,Cream,118
6,Retailer,Gulu,18052046,2,772,Cream,57
7,Wholesaler,Jinja,57848820,4,1145,Cheese,62
8,Wholesaler,Gulu,17429890,6,3877,Milk,84
9,Wholesaler,Jinja,93768003,14,4335,Butter,41
10,Retailer,Gulu,41432669,3,1045,Flavored Milk,97
11,Wholesaler,Gulu,26056747,15,5731,Flavored Milk,149
12,Wholesaler,Mbarara,97372244,1,4711,Yogurt,71
13,Wholesaler,Jinja,43316584,19,1042,Yogurt,12
14,Wholesaler,Jinja,64009656,1,2833,Cheese,15
15,Retailer,Jinja,63202093,13,8397,Milk,136
16,Wholesaler,Kampala,19160146,8,5732,Butter,121
17,Retailer,Gulu,42863215,18,6011,Flavored Milk,21
18,Retailer,Jinja,39475070,3,4818,Milk,62
19,Retailer,Kampala,41219071,18,5810,Butter,157
20,Wholesaler,Mbarara,9795684,9,5254,Powder Milk,143
21,Retailer,Jinja,89273149,6,7602,Milk,93
22,Wholesaler,Jinja,72827818,2,8296,Yogurt,151
23,Retailer,Kampala,87053741,4,134,Powder Milk,193
24,Retailer,Gulu,32443475,18,6026,Powder Milk,178
25,Retailer,Mbarara,80972305,7,8197,Flavored Milk,58
26,Retailer,Jinja,20078997,11,7134,Butter,117
27,Retailer,Gulu,42665323,5,2829,Cream,93
28,Retailer,Mbarara,28045201,8,6105,Yogurt,113
29,Retailer,Mbale,62343039,11,2719,Powder Milk,104
30,Retailer,Mbale,45449913,15,1058,Cream,40
31,Wholesaler,Mbarara,85764758,3,2414,Cheese,165
32,Wholesaler,Kampala,25438848,7,3736,Cheese,21
33,Retailer,Mbarara,49166004,8,6818,Yogurt,25
34,Retailer,Mbarara,75074496,11,2249,Butter,172
35,Retailer,Kampala,34323519,10,9601,Butter,53
36,Wholesaler,Kampala,66365157,9,959,Flavored Milk,77
37,Retailer,Gulu,83008550,15,3489,Yogurt,147
38,Wholesaler,Gulu,26974512,5,5932,Cheese,12
39,Wholesaler,Kampala,51150792,15,2963,Yogurt,40
40,Wholesaler,Mbale,52725406,4,4745,Milk,189
41,Wholesaler,Mbale,49637638,5,1056,Butter,125
42,Wholesaler,Mbarara,80997072,15,7164,Powder Milk,14
43,Retailer,Jinja,16995490,17,1193,Milk,14
44,Retailer,Mbarara,31134127,8,7602,Cheese,75
45,Retailer,Mbarara,99342628,19,1274,Butter,24
46,Retailer,Jinja,33536627,9,4545,Cheese,158
47,Retailer,Kampala,37671889,10,8309,Cheese,110
48,Wholesaler,Mbale,45544255,5,9256,Cheese,20
49,Retailer,Mbarara,84757246,10,231,Flavored Milk,51
50,Retailer,Jinja,70195040,1,6382,Cheese,75
51,Wholesaler,Gulu,73702467,4,4996,Cheese,103
52,Retailer,Mbarara,97096598,5,7500,Milk,70
53,Wholesaler,Mbale,56700554,7,2995,Milk,69
54,Retailer,Kampala,74232563,5,8896,Milk,151
55,Wholesaler,Mbarara,35503176,8,3736,Butter,129
56,Retailer,Mbarara,74029695,17,2338,Flavored Milk,142
57,Retailer,Jinja,91690023,1,2881,Butter,40
58,Wholesaler,Gulu,89829060,18,8963,Flavored Milk,57
59,Wholesaler,Gulu,28802443,12,3298,Flavored Milk,41
60,Wholesaler,Kampala,89683198,3,9442,Yogurt,66
61,Wholesaler,Mbale,84840384,14,8551,Powder Milk,171
62,Wholesaler,Kampala,94425166,16,1075,Yogurt,104
63,Wholesaler,Mbarara,99157912,18,4462,Yogurt,164
64,Wholesaler,Mbarara,59023337,10,5952,Flavored Milk,91
65,Wholesaler,Gulu,15627199,15,9774,Flavored Milk,14
66,Retailer,Mbale,83662829,10,3693,Butter,26
67,Retailer,Jinja,96862041,1,8609,Flavored Milk,126
68,Wholesaler,Mbale,77309308,19,4700,Cream,193
69,Retailer,Mbarara,9659710,2,1299,Cheese,175
70,Retailer,Jinja,15772967,13,3033,Cheese,132
71,Retailer,Mbale,77043074,16,4625,Flavored Milk,191
72,Retailer,Mbale,76812021,8,7497,Cheese,57
73,Wholesaler,Jinja,70810837,3,9181,Flavored Milk,58
74,Retailer,Mbarara,52326233,19,4159,Cream,178
75,Wholesaler,Mbale,80247979,14,4073,Yogurt,31
76,Retailer,Jinja,47738747,11,8019,Flavored Milk,194
77,Retailer,Mbarara,10288486,12,639,Yogurt,28
78,Retailer,Jinja,40877155,11,1832,Cream,122
79,Wholesaler,Jinja,69035604,11,4618,Milk,110
80,Retailer,Mbale,54700725,18,9449,Cheese,139
81,Wholesaler,Mbarara,70706799,10,4462,Cream,42
82,Retailer,Mbale,46043737,16,9088,Milk,196
83,Wholesaler,Kampala,34925566,8,4730,Cheese,98
84,Retailer,Kampala,34318947,6,9040,Cream,143
85,Wholesaler,Mbarara,90736087,19,520,Cream,20
86,Wholesaler,Jinja,27271871,13,4877,Powder Milk,36
87,Retailer,Mbale,30434344,15,5117,Powder Milk,182
88,Wholesaler,Mbale,81859865,13,3044,Powder Milk,40
89,Retailer,Mbarara,66607316,1,3179,Milk,100
90,Retailer,Mbarara,37754321,2,6217,Cream,181
91,Retailer,Kampala,74713742,13,1363,Powder Milk,178
92,Retailer,Gulu,33243358,2,6596,Flavored Milk,56
93,Retailer,Mbarara,41274203,11,9289,Powder Milk,88
94,Retailer,Gulu,33725383,13,9329,Milk,11
95,Retailer,Mbarara,83130076,10,7984,Cream,152
96,Retailer,Jinja,85517524,15,5408,Cheese,29
97,Retailer,Jinja,85016888,1,332,Butter,140
98,Retailer,Kampala,37703728,14,7659,Cheese,115
99,Retailer,Kampala,34798329,10,1448,Butter,48
100,Wholesaler,Gulu,60777723,18,2783,Flavored Milk,83
101,Wholesaler,Mbarara,34235633,11,4117,Cream,99
102,Retailer,Mbale,61050915,7,2407,Cheese,147
103,Retailer,Kampala,98827580,15,3288,Milk,177
104,Retailer,Mbale,6707806,3,8039,Flavored Milk,150
105,Retailer,Mbale,49598574,2,7260,Cheese,53
106,Retailer,Mbarara,24191841,8,837,Flavored Milk,41
107,Retailer,Gulu,92696385,8,8284,Cream,39
108,Retailer,Mbarara,27365378,11,5834,Cream,138
109,Retailer,Kampala,19833479,16,4693,Butter,62
110,Wholesaler,Mbale,35012723,2,4371,Flavored Milk,85
111,Retailer,Mbarara,59183558,5,4778,Cream,53
112,Wholesaler,Mbarara,21230649,7,5690,Milk,44
113,Retailer,Mbarara,62600146,13,3460,Cheese,177
114,Retailer,Kampala,58902681,2,1408,Butter,54
115,Wholesaler,Gulu,70458523,3,9446,Flavored Milk,197
116,Retailer,Mbarara,37851197,9,587,Yogurt,133
117,Wholesaler,Kampala,66686158,10,3918,Butter,125
118,Retailer,Mbale,72269965,13,4626,Butter,133
119,Retailer,Jinja,41254895,13,4575,Milk,147
120,Wholesaler,Kampala,52630460,5,3633,Milk,56
121,Retailer,Jinja,22615610,7,7948,Flavored Milk,161
122,Wholesaler,Mbarara,67241165,17,1400,Yogurt,194
123,Retailer,Mbarara,27631985,15,9186,Butter,27
124,Wholesaler,Kampala,5469596,5,3906,Flavored Milk,194
125,Wholesaler,Jinja,39687867,7,2675,Powder Milk,81
126,Retailer,Mbarara,37072501,2,4357,Yogurt,132
127,Retailer,Mbale,16580293,18,9092,Flavored Milk,183
128,Wholesaler,Gulu,26801691,10,2975,Butter,180
129,Retailer,Gulu,17883789,1,9237,Flavored Milk,86
130,Retailer,Mbarara,57998477,14,6764,Milk,153
131,Retailer,Jinja,34520915,19,7247,Milk,151
132,Wholesaler,Mbarara,63366156,16,6056,Cheese,18
133,Wholesaler,Jinja,85535130,19,8591,Yogurt,78
134,Wholesaler,Mbale,58926843,6,1587,Powder Milk,70
135,Wholesaler,Jinja,7114732,12,2778,Butter,20
136,Wholesaler,Mbarara,17960956,3,7431,Yogurt,156
137,Wholesaler,Mbale,27279169,7,4396,Milk,73
138,Wholesaler,Kampala,38777512,3,2416,Powder Milk,47
139,Wholesaler,Gulu,42103983,17,7078,Butter,19
140,Wholesaler,Mbarara,79007063,15,6918,Cheese,25
141,Retailer,Mbarara,94503644,19,3925,Milk,78
142,Wholesaler,Mbarara,41028268,19,6091,Milk,51
143,Retailer,Mbale,79394179,11,3651,Powder Milk,53
144,Retailer,Kampala,91650561,2,4224,Yogurt,190
145,Retailer,Jinja,55263635,7,973,Cream,172
146,Wholesaler,Kampala,62426869,19,668,Flavored Milk,173
147,Wholesaler,Mbale,74676468,7,4450,Cream,159
148,Wholesaler,Mbarara,18143868,10,6392,Yogurt,33
149,Wholesaler,Gulu,47741417,12,3353,Milk,149
150,Retailer,Mbarara,57475326,18,9289,Yogurt,44
151,Wholesaler,Jinja,83166629,6,9940,Flavored Milk,59
152,Wholesaler,Gulu,16986978,8,5630,Cheese,92
153,Wholesaler,Mbarara,94885490,5,7650,Butter,87
154,Wholesaler,Gulu,8360966,3,8172,Milk,49
155,Wholesaler,Kampala,45355628,2,132,Yogurt,31
156,Retailer,Mbale,79686540,6,142,Milk,184
157,Wholesaler,Mbarara,8498352,7,6810,Butter,84
158,Retailer,Jinja,23307904,8,7425,Yogurt,75
159,Wholesaler,Kampala,66551117,4,7887,Cheese,147
160,Retailer,Mbarara,8281401,12,6774,Butter,180
161,Wholesaler,Kampala,50209152,12,3098,Flavored Milk,103
162,Wholesaler,Jinja,87855343,17,1517,Flavored Milk,162
163,Retailer,Mbarara,47780809,19,5539,Milk,119
164,Retailer,Jinja,99805260,9,2748,Flavored Milk,56
165,Retailer,Gulu,23894563,12,9033,Yogurt,144
166,Wholesaler,Jinja,84064264,17,525,Flavored Milk,113
167,Retailer,Gulu,43362253,10,8745,Cheese,165
168,Wholesaler,Mbarara,53085603,19,280,Powder Milk,89
169,Wholesaler,Gulu,96486887,11,7071,Yogurt,54
170,Retailer,Mbarara,84531618,13,9828,Powder Milk,110
171,Retailer,Mbarara,98616966,4,6883,Milk,21
172,Wholesaler,Mbale,57169641,15,2306,Milk,92
173,Wholesaler,Mbarara,25771170,12,4020,Cream,122
174,Retailer,Gulu,21820801,10,4888,Flavored Milk,20
175,Retailer,Mbale,27235982,7,433,Flavored Milk,140
176,Retailer,Mbale,93382792,2,810,Milk,70
177,Wholesaler,Mbarara,11717998,7,5293,Yogurt,65
178,Wholesaler,Jinja,53057168,8,4002,Butter,131
179,Wholesaler,Jinja,82522813,19,992,Milk,35
180,Wholesaler,Mbale,67274867,6,2745,Cream,95
181,Wholesaler,Mbarara,70554065,8,1346,Cheese,43
182,Wholesaler,Jinja,15089617,4,2197,Yogurt,192
183,Retailer,Mbarara,87662551,9,6924,Butter,153
184,Wholesaler,Mbarara,73036374,5,9881,Cream,176
185,Wholesaler,Mbale,85025739,6,4446,Cream,143
186,Wholesaler,Mbale,69332438,19,658,Butter,119
187,Retailer,Kampala,22215508,12,931,Cream,81
188,Wholesaler,Jinja,56580157,5,7366,Yogurt,189
189,Wholesaler,Jinja,12043135,5,4941,Milk,162
190,Retailer,Jinja,54024071,18,6530,Butter,65
191,Wholesaler,Gulu,89642781,6,7555,Cheese,92
192,Wholesaler,Mbarara,29522881,9,2044,Powder Milk,156
193,Wholesaler,Mbale,61785476,11,1373,Yogurt,102
194,Wholesaler,Jinja,98033027,14,7818,Flavored Milk,164
195,Wholesaler,Kampala,6361349,2,1061,Powder Milk,142
196,Retailer,Jinja,46315286,14,6953,Milk,35
197,Retailer,Mbarara,23389996,19,738,Cream,167
198,Retailer,Mbarara,49834175,10,4118,Yogurt,87
199,Wholesaler,Mbale,78384042,5,9484,Cheese,106
200,Wholesaler,Gulu,22140332,4,3497,Powder Milk,172
201,Wholesaler,Mbale,71772070,7,7947,Powder Milk,84
202,Retailer,Jinja,21237708,13,7305,Butter,190
203,Wholesaler,Kampala,7472512,10,8125,Milk,125
204,Wholesaler,Mbale,35214342,10,8682,Milk,170
205,Retailer,Gulu,78727855,4,9466,Yogurt,79
206,Wholesaler,Mbale,44445146,16,2512,Yogurt,165
207,Retailer,Mbarara,84554638,15,5173,Cheese,45
208,Retailer,Jinja,39142131,11,4228,Cream,58
209,Retailer,Jinja,39319229,19,6199,Cream,62
210,Wholesaler,Jinja,50161953,3,1802,Flavored Milk,139
211,Wholesaler,Jinja,34344255,15,4679,Yogurt,89
212,Wholesaler,Jinja,18082873,16,5966,Powder Milk,80
213,Wholesaler,Jinja,78007992,14,4596,Yogurt,30
214,Wholesaler,Kampala,75967087,5,3409,Yogurt,44
215,Wholesaler,Gulu,56409648,17,5063,Cream,183
216,Wholesaler,Jinja,83684759,18,7654,Cheese,95
217,Retailer,Gulu,60036878,19,4064,Butter,124
218,Wholesaler,Jinja,22025506,1,949,Flavored Milk,185
219,Retailer,Mbale,65042051,9,1239,Cheese,31
220,Wholesaler,Jinja,87204843,14,702,Yogurt,143
221,Wholesaler,Mbarara,13043364,11,8046,Butter,129
222,Wholesaler,Kampala,34632222,2,1032,Yogurt,170
223,Retailer,Mbale,92692581,5,625,Cheese,48
224,Retailer,Mbale,41173621,15,8574,Milk,52
225,Retailer,Mbarara,11358234,12,4357,Yogurt,162
226,Retailer,Jinja,65245893,14,8530,Cream,155
227,Wholesaler,Kampala,42058611,11,6803,Butter,50
228,Retailer,Mbale,81376078,9,7790,Flavored Milk,137
229,Wholesaler,Kampala,70572163,8,1105,Milk,127
230,Wholesaler,Mbale,73207032,12,6076,Yogurt,44
231,Retailer,Jinja,32481199,3,4419,Yogurt,33
232,Retailer,Mbale,81734453,15,1374,Butter,192
233,Retailer,Mbale,41183911,8,3645,Cream,113
234,Retailer,Gulu,57568070,7,3877,Cream,49
235,Retailer,Jinja,82760050,17,2373,Milk,96
236,Retailer,Mbarara,27790969,12,1932,Milk,38
237,Retailer,Mbarara,60840496,18,1203,Milk,147
238,Retailer,Jinja,32051252,18,3420,Yogurt,88
239,Wholesaler,Mbarara,90986668,15,8338,Milk,147
240,Retailer,Jinja,29735086,3,326,Yogurt,73
241,Retailer,Mbarara,93776601,19,5454,Yogurt,126
242,Wholesaler,Gulu,12356089,15,5342,Powder Milk,166
243,Retailer,Mbarara,9719902,16,8573,Milk,107
244,Wholesaler,Mbale,27799372,17,4248,Cheese,155
245,Wholesaler,Jinja,8736029,1,3746,Cream,139
246,Retailer,Kampala,22623670,11,3252,Flavored Milk,162
247,Wholesaler,Kampala,94794188,6,2136,Flavored Milk,94
248,Wholesaler,Jinja,57971634,9,356,Cheese,60
249,Wholesaler,Gulu,35507516,16,933,Milk,104
250,Wholesaler,Mbarara,43795320,6,6713,Yogurt,31
251,Retailer,Gulu,7654589,12,6239,Butter,18
252,Wholesaler,Kampala,37498844,19,4339,Cheese,100
253,Retailer,Jinja,71436023,13,3639,Flavored Milk,98
254,Wholesaler,Jinja,58675829,13,3691,Flavored Milk,98
255,Wholesaler,Gulu,37136324,4,7386,Yogurt,83
256,Wholesaler,Gulu,12632034,9,5158,Flavored Milk,103
257,Wholesaler,Mbarara,60619858,14,2212,Flavored Milk,132
258,Retailer,Mbale,73936780,14,6759,Yogurt,141
259,Retailer,Mbale,12694379,17,5217,Milk,158
260,Wholesaler,Mbarara,37334141,5,3191,Cream,133
261,Wholesaler,Mbale,68050261,19,6181,Powder Milk,39
262,Retailer,Kampala,49045896,2,4653,Cream,170
263,Wholesaler,Mbale,81678896,13,204,Flavored Milk,52
264,Wholesaler,Mbarara,22939324,11,3680,Powder Milk,11
265,Wholesaler,Mbale,28135452,2,8702,Powder Milk,96
266,Retailer,Jinja,24793205,1,1446,Milk,168
267,Retailer,Gulu,77552021,3,9032,Butter,141
268,Retailer,Kampala,71012336,12,6847,Milk,56
269,Wholesaler,Jinja,88082459,7,6644,Yogurt,93
270,Wholesaler,Jinja,79766373,1,3759,Yogurt,98
271,Retailer,Mbarara,81180109,9,1917,Yogurt,54
272,Retailer,Gulu,96932078,18,9930,Flavored Milk,74
273,Retailer,Gulu,91221640,6,626,Cheese,15
274,Retailer,Kampala,97888869,9,7313,Flavored Milk,16
275,Wholesaler,Mbarara,48739583,8,3814,Milk,188
276,Retailer,Kampala,99172654,18,8603,Butter,27
277,Wholesaler,Mbale,32138731,15,506,Butter,128
278,Retailer,Jinja,43828156,1,3611,Butter,50
279,Wholesaler,Kampala,84520832,14,3160,Powder Milk,116
280,Retailer,Jinja,31739480,18,3579,Butter,78
281,Retailer,Mbarara,22210127,19,4957,Powder Milk,34
282,Retailer,Mbale,40035361,19,5018,Cheese,65
283,Retailer,Mbarara,11244994,10,8591,Cream,10
284,Wholesaler,Mbale,59303440,6,4597,Butter,192
285,Retailer,Mbale,25615094,17,4133,Powder Milk,140
286,Wholesaler,Jinja,87830716,14,158,Flavored Milk,63
287,Wholesaler,Mbarara,44143024,13,7801,Butter,90
288,Wholesaler,Mbarara,29902387,8,1281,Yogurt,169
289,Wholesaler,Kampala,58422848,10,626,Milk,139
290,Retailer,Mbarara,8714886,9,290,Flavored Milk,17
291,Wholesaler,Kampala,24657945,5,7616,Cheese,118
292,Wholesaler,Gulu,60622638,4,5859,Flavored Milk,195
293,Wholesaler,Gulu,48887462,6,6771,Yogurt,62
294,Retailer,Gulu,50612306,6,420,Butter,53
295,Retailer,Mbarara,18243443,13,6104,Butter,37
296,Retailer,Mbarara,9334965,4,147,Cheese,156
297,Retailer,Kampala,54762060,8,5656,Cream,193
298,Wholesaler,Mbale,86148505,5,8206,Milk,157
299,Wholesaler,Kampala,65056664,2,9737,Butter,193
300,Retailer,Gulu,7890632,9,2505,Powder Milk,44
301,Wholesaler,Kampala,14721896,11,3496,Cheese,156
302,Wholesaler,Mbale,33146991,11,9647,Cream,113
303,Wholesaler,Mbarara,91975755,7,4861,Cream,72
304,Retailer,Kampala,74616777,14,7877,Cream,91
305,Retailer,Gulu,9146181,6,2741,Butter,16
306,Wholesaler,Gulu,80591921,4,1022,Powder Milk,164
307,Retailer,Mbarara,9188851,6,9754,Cream,48
308,Retailer,Kampala,54806120,3,7856,Flavored Milk,39
309,Retailer,Mbale,42913554,6,2973,Cheese,32
310,Retailer,Mbarara,18509125,3,5051,Cheese,93
311,Retailer,Kampala,54570574,1,858,Cheese,160
312,Wholesaler,Jinja,76417232,18,7526,Butter,56
313,Retailer,Gulu,42497615,4,6013,Cheese,185
314,Wholesaler,Mbale,93700059,6,5985,Flavored Milk,104
315,Wholesaler,Mbale,91667348,17,4280,Milk,72
316,Retailer,Mbale,61555207,18,377,Milk,129
317,Wholesaler,Gulu,16452553,6,732,Yogurt,146
318,Wholesaler,Kampala,30252552,2,173,Flavored Milk,160
319,Wholesaler,Mbarara,10421211,12,803,Flavored Milk,126
320,Retailer,Kampala,61248727,12,8164,Cheese,184
321,Retailer,Mbarara,70825554,4,1656,Cream,96
322,Wholesaler,Mbale,29109635,16,6575,Yogurt,83
323,Retailer,Kampala,38828023,10,3628,Powder Milk,75
324,Retailer,Mbale,7183721,10,4716,Powder Milk,46
325,Retailer,Jinja,72346827,7,7258,Flavored Milk,134
326,Retailer,Mbale,92914134,14,9710,Flavored Milk,175
327,Wholesaler,Mbale,32014739,7,2895,Flavored Milk,10
328,Wholesaler,Mbarara,71081925,12,2988,Butter,185
329,Retailer,Jinja,45539444,11,6369,Flavored Milk,91
330,Retailer,Mbale,93830761,17,2477,Powder Milk,44
331,Wholesaler,Mbale,69191425,11,8406,Butter,80
332,Wholesaler,Jinja,38163805,3,9751,Cream,117
333,Retailer,Jinja,90724122,19,8206,Powder Milk,95
334,Wholesaler,Kampala,86920169,4,6957,Flavored Milk,190
335,Retailer,Mbarara,97802391,8,7782,Cream,34
336,Retailer,Jinja,83073328,14,5936,Powder Milk,51
337,Wholesaler,Jinja,99186640,14,9442,Milk,160
338,Wholesaler,Gulu,31348956,16,5218,Cream,18
339,Retailer,Jinja,44113443,15,3331,Butter,164
340,Retailer,Mbarara,32281201,12,8860,Cream,60
341,Wholesaler,Mbale,71140747,16,2762,Butter,66
342,Retailer,Mbale,6765040,19,5004,Cream,91
343,Wholesaler,Mbale,74489096,5,3773,Cheese,173
344,Retailer,Mbale,33265426,12,1736,Flavored Milk,171
345,Wholesaler,Gulu,47825005,5,7490,Yogurt,22
346,Wholesaler,Jinja,67430224,10,1656,Cream,192
347,Wholesaler,Mbale,35102887,17,9595,Yogurt,183
348,Retailer,Kampala,82251706,15,4289,Yogurt,189
349,Retailer,Mbale,37926332,8,8860,Yogurt,37
350,Wholesaler,Jinja,63097775,8,5153,Milk,95
351,Retailer,Mbale,83430800,8,8595,Yogurt,120
352,Wholesaler,Gulu,69125786,10,330,Powder Milk,167
353,Wholesaler,Mbarara,37848262,13,4982,Cheese,54
354,Retailer,Mbarara,48311091,16,3600,Yogurt,47
355,Retailer,Jinja,18199751,9,2009,Cheese,29
356,Wholesaler,Mbarara,21578887,16,439,Butter,106
357,Retailer,Mbarara,57521326,10,5233,Cream,184
358,Retailer,Kampala,97384053,3,3917,Powder Milk,111
359,Wholesaler,Jinja,72630155,14,4410,Flavored Milk,68
360,Wholesaler,Jinja,9640475,13,2103,Cream,151
361,Retailer,Mbarara,72208694,4,5058,Cream,51
362,Wholesaler,Mbarara,18344485,4,8409,Yogurt,198
363,Wholesaler,Mbarara,49009393,6,6366,Cheese,68
364,Retailer,Gulu,27848439,19,2216,Powder Milk,17
365,Wholesaler,Mbale,21074206,11,8156,Cheese,66
366,Wholesaler,Gulu,18544712,8,6322,Flavored Milk,159
367,Retailer,Jinja,39873453,14,236,Butter,111
368,Retailer,Kampala,60701394,8,5232,Yogurt,93
369,Wholesaler,Mbale,35640434,14,9539,Cheese,30
370,Wholesaler,Kampala,56483847,7,2695,Cream,137
371,Retailer,Jinja,33216259,18,1266,Yogurt,165
372,Retailer,Jinja,85252958,12,4677,Powder Milk,58
373,Retailer,Kampala,96043586,14,1255,Milk,160
374,Retailer,Kampala,97083538,15,6753,Cream,63
375,Wholesaler,Kampala,90481244,18,277,Cheese,160
376,Retailer,Jinja,55973961,12,2663,Butter,77
377,Retailer,Mbarara,96425419,10,2186,Powder Milk,55
378,Wholesaler,Kampala,80920173,12,7361,Flavored Milk,165
379,Retailer,Mbale,84550237,8,7008,Cheese,104
380,Wholesaler,Jinja,55004987,6,299,Milk,106
381,Retailer,Gulu,77469457,19,2322,Flavored Milk,59
382,Retailer,Gulu,66505239,1,6088,Butter,92
383,Retailer,Mbale,7670111,13,3068,Yogurt,72
384,Wholesaler,Mbarara,74586376,16,2265,Yogurt,19
385,Wholesaler,Kampala,59284078,18,2207,Cheese,98
386,Retailer,Jinja,37462935,12,1846,Flavored Milk,174
387,Wholesaler,Kampala,58072958,5,3294,Milk,150
388,Wholesaler,Jinja,32669890,13,8096,Milk,79
389,Wholesaler,Gulu,24644182,8,346,Butter,39
390,Wholesaler,Kampala,40461705,6,1977,Powder Milk,89
391,Wholesaler,Mbale,37152369,3,2306,Flavored Milk,81
392,Wholesaler,Mbarara,19691235,4,7471,Flavored Milk,148
393,Retailer,Mbale,84115899,12,5251,Yogurt,132
394,Retailer,Mbarara,69810252,13,1507,Cream,138
395,Wholesaler,Kampala,49090140,2,3596,Butter,155
396,Retailer,Kampala,83153637,19,7411,Butter,109
397,Retailer,Mbarara,97556282,4,3714,Powder Milk,20
398,Retailer,Gulu,44203828,13,9831,Butter,93
399,Retailer,Jinja,14300940,19,7704,Flavored Milk,147
400,Wholesaler,Mbale,7181752,8,145,Cream,185
401,Retailer,Mbale,47054355,8,3982,Yogurt,70
402,Retailer,Mbale,76191428,16,9601,Butter,147
403,Wholesaler,Kampala,43293139,11,6962,Yogurt,110
404,Wholesaler,Mbale,94740652,18,6190,Powder Milk,131
405,Retailer,Jinja,88272717,4,1789,Butter,69
406,Retailer,Jinja,8887239,1,1402,Flavored Milk,123
407,Retailer,Mbarara,22446191,1,4974,Yogurt,159
408,Retailer,Kampala,15072142,14,5807,Cheese,84
409,Retailer,Jinja,49082930,4,1592,Cream,108
410,Retailer,Gulu,72240917,11,5294,Powder Milk,18
411,Wholesaler,Kampala,35602657,18,880,Butter,152
412,Retailer,Kampala,10432561,16,1655,Flavored Milk,92
413,Retailer,Jinja,36937586,17,4695,Yogurt,46
414,Wholesaler,Gulu,93040167,2,7987,Milk,79
415,Wholesaler,Mbarara,53578306,4,6902,Flavored Milk,181
416,Wholesaler,Jinja,82416831,3,6566,Flavored Milk,140
417,Wholesaler,Gulu,61500598,15,271,Milk,19
418,Retailer,Kampala,10727961,2,4001,Milk,141
419,Retailer,Gulu,53746297,19,8772,Cream,65
420,Retailer,Kampala,10086588,9,6543,Cheese,177
421,Retailer,Jinja,27890439,10,9623,Cheese,42
422,Retailer,Jinja,15603376,19,4167,Cheese,170
423,Retailer,Mbale,24092790,5,5458,Flavored Milk,197
424,Wholesaler,Mbale,41474230,14,803,Cream,158
425,Retailer,Mbale,30354831,10,1238,Flavored Milk,112
426,Wholesaler,Jinja,7839593,16,7158,Flavored Milk,128
427,Wholesaler,Mbarara,37655881,6,7537,Cheese,54
428,Retailer,Jinja,77158008,8,8650,Yogurt,66
429,Wholesaler,Gulu,98394213,2,846,Cream,177
430,Retailer,Jinja,27245973,18,5195,Flavored Milk,135
431,Wholesaler,Jinja,37424048,8,6727,Flavored Milk,136
432,Retailer,Kampala,73170863,5,910,Flavored Milk,19
433,Wholesaler,Kampala,99672046,17,4221,Cheese,83
434,Retailer,Kampala,58126965,16,8225,Butter,75
435,Retailer,Jinja,42745965,5,415,Cheese,111
436,Retailer,Mbarara,76043011,17,1564,Butter,94
437,Retailer,Gulu,47006019,4,4986,Cheese,167
438,Retailer,Gulu,94952989,1,2984,Cream,91
439,Wholesaler,Mbarara,95261441,6,9825,Yogurt,44
440,Wholesaler,Mbarara,91047037,1,548,Yogurt,62
441,Wholesaler,Gulu,59645731,4,1419,Flavored Milk,176
442,Retailer,Mbale,73630740,2,9493,Cheese,121
443,Wholesaler,Kampala,99862975,13,8940,Butter,31
444,Retailer,Kampala,97638292,14,8166,Butter,76
445,Retailer,Gulu,53723459,17,8373,Yogurt,109
446,Wholesaler,Mbarara,43480960,11,5414,Flavored Milk,89
447,Wholesaler,Mbale,5396605,3,140,Cream,109
448,Retailer,Gulu,27138201,7,521,Butter,84
449,Wholesaler,Kampala,46018999,10,6134,Cheese,129
450,Retailer,Jinja,48584385,11,9507,Flavored Milk,26
451,Retailer,Mbarara,9793480,10,4532,Powder Milk,156
452,Retailer,Jinja,51737654,8,5176,Cheese,197
453,Retailer,Gulu,59069292,5,1161,Cheese,81
454,Retailer,Kampala,62330321,2,647,Yogurt,133
455,Wholesaler,Mbale,21710511,15,9149,Cream,99
456,Wholesaler,Jinja,80215818,16,7668,Cheese,60
457,Retailer,Mbale,43274136,4,1404,Milk,185
458,Retailer,Kampala,97179161,16,7927,Flavored Milk,66
459,Wholesaler,Jinja,47433532,12,2439,Milk,147
460,Wholesaler,Mbale,21210873,14,4125,Cream,41
461,Retailer,Mbale,17369123,12,513,Cheese,88
462,Wholesaler,Jinja,76378729,16,1122,Cheese,132
463,Retailer,Kampala,88002658,16,5496,Yogurt,131
464,Wholesaler,Mbale,43391205,12,523,Yogurt,77
465,Retailer,Gulu,68319080,2,5033,Powder Milk,37
466,Wholesaler,Jinja,63776881,14,988,Yogurt,141
467,Retailer,Mbarara,89876135,11,1360,Powder Milk,198
468,Wholesaler,Mbarara,98709767,9,7241,Cream,86
469,Wholesaler,Kampala,47488295,7,2390,Cream,149
470,Retailer,Gulu,36849577,12,3570,Yogurt,24
471,Wholesaler,Mbale,87793872,17,4106,Powder Milk,38
472,Retailer,Mbarara,49753900,9,1136,Butter,96
473,Wholesaler,Kampala,84585756,6,7747,Yogurt,22
474,Retailer,Gulu,10979212,12,7154,Cheese,47
475,Wholesaler,Gulu,59220087,10,6782,Powder Milk,195
476,Retailer,Kampala,69416552,9,309,Cheese,119
477,Wholesaler,Kampala,81236457,12,1706,Powder Milk,44
478,Retailer,Mbale,60002308,1,6340,Flavored Milk,177
479,Wholesaler,Kampala,92427530,2,5963,Powder Milk,85
480,Retailer,Mbale,44944008,19,8023,Milk,119
481,Retailer,Mbale,61250597,1,641,Powder Milk,14
482,Retailer,Jinja,71251947,16,5917,Powder Milk,11
483,Wholesaler,Gulu,17642233,16,9674,Butter,39
484,Retailer,Gulu,54517927,18,5627,Butter,108
485,Wholesaler,Gulu,42358610,18,278,Cream,128
486,Retailer,Jinja,65266849,13,9610,Flavored Milk,19
487,Wholesaler,Mbale,48312991,12,1674,Flavored Milk,82
488,Retailer,Mbale,48799600,9,7140,Yogurt,133
489,Wholesaler,Kampala,92243107,5,4029,Flavored Milk,47
490,Wholesaler,Jinja,12314257,9,789,Butter,196
491,Retailer,Kampala,51040013,13,6571,Milk,103
492,Wholesaler,Jinja,46066561,16,3224,Powder Milk,128
493,Wholesaler,Kampala,51536652,10,5099,Milk,172
494,Retailer,Mbarara,49969780,16,2697,Butter,80
495,Wholesaler,Gulu,87641203,14,6486,Yogurt,149
496,Wholesaler,Gulu,42154128,2,5436,Milk,179
497,Wholesaler,Mbale,92363230,19,4621,Powder Milk,107
498,Retailer,Mbarara,33025614,11,6644,Powder Milk,186
499,Wholesaler,Gulu,30260152,19,7530,Milk,136
500,Retailer,Mbale,90852925,11,1235,Yogurt,76
501,Wholesaler,Mbarara,23476435,14,639,Milk,42
502,Wholesaler,Gulu,56618564,15,4267,Cheese,113
503,Wholesaler,Kampala,47004241,7,7698,Cream,150
504,Retailer,Jinja,74122143,15,1185,Butter,157
505,Wholesaler,Mbarara,52590513,8,3470,Milk,170
506,Wholesaler,Mbale,36831002,4,51,Milk,43
507,Retailer,Mbarara,47678233,18,941,Yogurt,59
508,Wholesaler,Mbale,32664228,14,7932,Milk,187
509,Retailer,Mbarara,58330459,18,8112,Yogurt,146
510,Retailer,Mbale,8919059,4,3603,Butter,16
511,Wholesaler,Gulu,29810051,2,6119,Cheese,146
512,Retailer,Kampala,94523839,6,9213,Flavored Milk,115
513,Wholesaler,Gulu,39418428,11,7007,Butter,163
514,Retailer,Kampala,85694639,1,4254,Milk,139
515,Retailer,Gulu,14583333,15,8521,Cream,14
516,Wholesaler,Gulu,16198969,12,5834,Cheese,122
517,Retailer,Mbarara,18913263,18,1748,Flavored Milk,75
518,Retailer,Jinja,38213868,5,2934,Flavored Milk,125
519,Retailer,Mbale,43568668,11,3629,Powder Milk,147
520,Retailer,Mbale,30578937,19,7245,Powder Milk,168
521,Retailer,Mbale,24829249,1,2301,Milk,170
522,Wholesaler,Kampala,80443070,17,4690,Powder Milk,117
523,Retailer,Mbale,62325744,8,2406,Flavored Milk,120
524,Wholesaler,Mbale,92657735,16,3464,Flavored Milk,143
525,Retailer,Mbarara,64620537,11,9250,Butter,23
526,Wholesaler,Gulu,25034062,19,5758,Powder Milk,87
527,Wholesaler,Mbale,10049025,11,2128,Powder Milk,24
528,Retailer,Jinja,7653381,15,4245,Butter,130
529,Retailer,Mbale,45600924,8,2764,Flavored Milk,180
530,Retailer,Kampala,17728218,14,6997,Yogurt,157
531,Wholesaler,Kampala,65368292,1,1388,Milk,30
532,Retailer,Kampala,96519039,10,3739,Yogurt,38
533,Wholesaler,Mbale,24179537,7,6664,Yogurt,196
534,Wholesaler,Mbarara,13929343,18,791,Flavored Milk,82
535,Wholesaler,Jinja,67082921,12,783,Milk,102
536,Retailer,Mbale,77892745,2,7889,Yogurt,181
537,Retailer,Mbarara,41358059,18,1856,Cream,171
538,Wholesaler,Mbarara,77305680,7,1803,Cream,56
539,Wholesaler,Mbale,63438963,12,7408,Cream,18
540,Retailer,Mbale,12213499,14,5907,Butter,197
541,Wholesaler,Mbarara,62035177,10,1074,Butter,121
542,Retailer,Mbarara,13230362,9,9724,Milk,39
543,Wholesaler,Mbarara,80371764,15,5814,Yogurt,26
544,Retailer,Mbale,69160193,10,5259,Cream,189
545,Wholesaler,Mbarara,10695265,19,3604,Cheese,68
546,Retailer,Kampala,81698198,19,6266,Powder Milk,128
547,Wholesaler,Mbale,58216101,12,4868,Cheese,141
548,Retailer,Kampala,65093600,12,4616,Milk,177
549,Retailer,Gulu,7268299,9,5375,Powder Milk,105
550,Wholesaler,Mbale,27548043,4,6944,Milk,144
551,Wholesaler,Gulu,92461394,1,7132,Cheese,47
552,Retailer,Mbarara,89779400,16,3418,Yogurt,41
553,Wholesaler,Mbarara,80031369,1,2679,Yogurt,78
554,Retailer,Jinja,92673232,13,6992,Flavored Milk,76
555,Wholesaler,Mbarara,57901937,3,8770,Powder Milk,65
556,Retailer,Gulu,67715174,12,4282,Milk,29
557,Retailer,Mbarara,55322856,9,6711,Yogurt,129
558,Retailer,Mbale,36148937,4,7927,Cheese,154
559,Retailer,Mbarara,24010571,2,9713,Powder Milk,153
560,Retailer,Jinja,87969934,9,6325,Cheese,20
561,Retailer,Mbarara,16101198,13,9609,Butter,150
562,Wholesaler,Gulu,73608027,14,1769,Yogurt,155
563,Wholesaler,Gulu,98012355,3,9283,Cream,23
564,Wholesaler,Mbarara,12225206,18,3537,Cream,43
565,Retailer,Gulu,98602624,9,8225,Flavored Milk,95
566,Retailer,Gulu,76082233,15,5894,Flavored Milk,134
567,Retailer,Jinja,17888043,10,8801,Powder Milk,163
568,Retailer,Mbale,9826616,17,9806,Milk,179
569,Wholesaler,Jinja,33201057,13,6525,Butter,198
570,Wholesaler,Kampala,81064080,1,5919,Powder Milk,176
571,Retailer,Jinja,38551398,11,6512,Cheese,139
572,Wholesaler,Mbarara,93353829,5,1850,Cheese,194
573,Wholesaler,Mbale,51360754,9,5125,Milk,59
574,Retailer,Mbarara,65031867,7,4312,Flavored Milk,122
575,Wholesaler,Kampala,57741401,7,196,Flavored Milk,153
576,Retailer,Mbale,32710627,2,3878,Cheese,71
577,Wholesaler,Gulu,30448900,19,2167,Cream,107
578,Retailer,Jinja,57695136,18,5497,Milk,148
579,Retailer,Mbarara,72911424,10,5064,Powder Milk,136
580,Retailer,Kampala,82617460,5,5997,Yogurt,39
581,Retailer,Gulu,52472901,16,368,Powder Milk,191
582,Wholesaler,Jinja,43390052,5,5799,Butter,164
583,Retailer,Gulu,99226177,15,304,Flavored Milk,95
584,Retailer,Jinja,37368888,16,9578,Powder Milk,90
585,Retailer,Mbale,70136884,4,5107,Flavored Milk,88
586,Wholesaler,Gulu,52470842,14,8576,Flavored Milk,146
587,Retailer,Gulu,68193412,17,4443,Yogurt,85
588,Wholesaler,Gulu,22146841,17,1094,Cream,139
589,Retailer,Mbale,39758312,16,1841,Yogurt,58
590,Wholesaler,Kampala,25111282,9,2569,Powder Milk,57
591,Wholesaler,Jinja,21183052,2,1011,Butter,64
592,Retailer,Gulu,10924555,11,3799,Flavored Milk,89
593,Wholesaler,Mbale,55603844,15,4615,Cheese,76
594,Retailer,Kampala,15699587,3,7566,Flavored Milk,124
595,Retailer,Jinja,43483441,16,2864,Butter,121
596,Retailer,Mbale,72265908,19,639,Powder Milk,168
597,Wholesaler,Jinja,94757961,6,2038,Butter,116
598,Wholesaler,Gulu,16789964,14,3915,Cheese,35
599,Retailer,Kampala,81493035,5,3039,Yogurt,119
600,Retailer,Mbale,80075801,5,5715,Cheese,75
601,Wholesaler,Kampala,58499406,6,4591,Butter,167
602,Retailer,Gulu,74115320,18,2010,Cheese,110
603,Retailer,Kampala,65798357,18,8896,Flavored Milk,10
604,Retailer,Kampala,75344423,19,1128,Butter,79
605,Wholesaler,Mbarara,46890380,2,3124,Cream,159
606,Wholesaler,Kampala,93572820,17,9597,Powder Milk,122
607,Wholesaler,Jinja,68657428,1,5079,Yogurt,63
608,Retailer,Mbale,75149013,9,9700,Yogurt,151
609,Retailer,Mbarara,68513709,13,7436,Cheese,23
610,Retailer,Mbale,60953196,4,4806,Cheese,28
611,Wholesaler,Mbale,65116885,5,6425,Cream,163
612,Retailer,Gulu,55105757,18,4745,Cream,68
613,Retailer,Gulu,87006717,10,969,Cheese,159
614,Retailer,Mbarara,86316524,4,9988,Powder Milk,15
615,Retailer,Gulu,18622818,13,1808,Flavored Milk,72
616,Wholesaler,Gulu,51213841,13,1881,Yogurt,86
617,Wholesaler,Gulu,89061828,17,9413,Butter,83
618,Retailer,Mbale,33544282,8,3328,Butter,191
619,Wholesaler,Mbarara,13742392,4,409,Yogurt,136
620,Wholesaler,Mbale,26181637,3,7636,Powder Milk,156
621,Retailer,Jinja,39610109,11,3860,Cream,104
622,Retailer,Mbale,40976223,12,1490,Cream,19
623,Wholesaler,Jinja,42098119,9,1769,Cheese,46
624,Retailer,Kampala,62156343,15,5722,Milk,154
625,Wholesaler,Kampala,8808102,13,605,Cheese,192
626,Retailer,Jinja,59037844,5,9475,Powder Milk,142
627,Wholesaler,Jinja,27863505,5,2347,Yogurt,158
628,Retailer,Mbale,63967373,19,1585,Flavored Milk,127
629,Wholesaler,Jinja,82785230,11,6332,Cheese,176
630,Wholesaler,Mbarara,86327849,9,5135,Cream,157
631,Wholesaler,Kampala,84416729,3,9151,Butter,152
632,Retailer,Kampala,8842996,18,2011,Flavored Milk,88
633,Wholesaler,Jinja,19002207,13,8192,Yogurt,62
634,Wholesaler,Gulu,20517414,12,8253,Cream,42
635,Retailer,Gulu,15362907,9,1029,Milk,131
636,Retailer,Jinja,20866875,10,322,Cheese,181
637,Wholesaler,Mbarara,83776742,13,7307,Flavored Milk,187
638,Wholesaler,Gulu,72518623,13,5194,Flavored Milk,41
639,Retailer,Jinja,66985998,9,4683,Butter,88
640,Retailer,Mbarara,18275153,10,8160,Cream,192
641,Retailer,Mbarara,92372902,19,1738,Cheese,165
642,Retailer,Mbale,80505221,6,1645,Milk,12
643,Retailer,Mbarara,87599542,7,3292,Flavored Milk,62
644,Wholesaler,Gulu,57768394,15,4733,Butter,179
645,Retailer,Gulu,84248031,19,7664,Cream,11
646,Wholesaler,Jinja,98695635,14,5889,Cheese,130
647,Wholesaler,Jinja,51366560,16,5836,Cheese,159
648,Wholesaler,Mbarara,9608903,14,9957,Cream,162
649,Retailer,Kampala,34176562,2,5179,Cream,169
650,Wholesaler,Mbale,14450365,9,9443,Cream,144
651,Wholesaler,Kampala,79493794,3,2895,Milk,71
652,Retailer,Mbarara,69940270,6,8498,Butter,40
653,Wholesaler,Mbarara,17324173,5,6188,Cream,72
654,Wholesaler,Kampala,45335508,14,359,Milk,46
655,Retailer,Mbale,11564462,15,5384,Flavored Milk,77
656,Wholesaler,Kampala,18817239,18,7247,Powder Milk,88
657,Wholesaler,Jinja,84982608,17,9330,Cream,146
658,Wholesaler,Gulu,94701265,9,1226,Yogurt,55
659,Retailer,Jinja,39878091,19,6233,Yogurt,104
660,Retailer,Gulu,94092355,9,3147,Milk,43
661,Retailer,Mbarara,74572312,16,1774,Milk,117
662,Wholesaler,Mbale,87090657,6,2678,Powder Milk,69
663,Wholesaler,Kampala,26349979,8,6194,Powder Milk,150
664,Retailer,Mbale,14412812,3,1400,Powder Milk,45
665,Wholesaler,Kampala,7338299,5,7775,Powder Milk,57
666,Wholesaler,Jinja,64118744,7,669,Cream,102
667,Retailer,Jinja,96663462,1,2598,Yogurt,15
668,Retailer,Kampala,56535561,4,9620,Flavored Milk,142
669,Wholesaler,Mbale,15740503,16,5293,Powder Milk,112
670,Wholesaler,Kampala,20383616,14,1027,Powder Milk,187
671,Wholesaler,Mbarara,17039284,1,5593,Milk,83
672,Retailer,Jinja,10602459,4,9779,Powder Milk,83
673,Retailer,Mbarara,46952337,10,5903,Flavored Milk,122
674,Retailer,Jinja,24789633,11,3822,Cream,161
675,Retailer,Jinja,95367042,7,2583,Cream,16
676,Wholesaler,Gulu,57362477,4,8719,Flavored Milk,95
677,Retailer,Mbarara,35803527,1,1944,Cream,67
678,Retailer,Mbarara,18237854,1,9874,Butter,158
679,Retailer,Gulu,39793263,17,5401,Cream,170
680,Retailer,Mbale,64331538,10,2090,Flavored Milk,53
681,Retailer,Mbarara,96909445,5,1615,Powder Milk,34
682,Wholesaler,Kampala,78613378,7,4175,Cream,104
683,Wholesaler,Gulu,80358016,8,4318,Cheese,125
684,Retailer,Mbarara,84732469,2,2889,Powder Milk,152
685,Wholesaler,Mbale,5419794,9,517,Yogurt,166
686,Retailer,Mbarara,35324040,4,3438,Cream,92
687,Retailer,Jinja,58022790,12,8226,Cream,61
688,Wholesaler,Kampala,33658541,11,6590,Yogurt,26
689,Wholesaler,Gulu,52987428,5,7297,Cream,45
690,Retailer,Jinja,27825905,12,2793,Milk,172
691,Retailer,Mbale,71724926,4,5692,Milk,177
692,Retailer,Jinja,9652328,13,9661,Butter,160
693,Wholesaler,Jinja,39074868,1,1076,Powder Milk,171
694,Retailer,Mbale,16043587,18,4681,Butter,195
695,Retailer,Jinja,8796568,4,8842,Cheese,91
696,Retailer,Gulu,97265675,4,3642,Milk,137
697,Wholesaler,Mbarara,19968453,8,1037,Yogurt,89
698,Retailer,Jinja,8036753,6,8847,Cheese,198
699,Retailer,Gulu,15166247,4,7288,Cream,165
700,Wholesaler,Mbarara,95549134,4,2797,Milk,69
701,Retailer,Mbarara,97144767,11,8380,Cheese,169
702,Retailer,Jinja,70688770,9,5700,Powder Milk,67
703,Wholesaler,Gulu,36081665,14,4275,Flavored Milk,91
704,Retailer,Jinja,5700662,4,4546,Cream,53
705,Wholesaler,Mbale,29334184,13,9486,Cream,171
706,Wholesaler,Mbarara,39217831,6,8883,Flavored Milk,158
707,Retailer,Jinja,9704250,13,486,Cheese,133
708,Retailer,Mbarara,99181535,3,1473,Milk,10
709,Retailer,Gulu,50467713,7,9378,Flavored Milk,192
710,Retailer,Kampala,93050593,1,3771,Flavored Milk,186
711,Wholesaler,Jinja,69835866,11,5724,Cheese,106
712,Retailer,Jinja,91562933,2,8299,Flavored Milk,30
713,Wholesaler,Mbarara,39144678,5,1186,Powder Milk,108
714,Retailer,Gulu,53261093,14,8941,Cream,192
715,Retailer,Mbale,51755875,13,1195,Yogurt,164
716,Retailer,Gulu,40381778,16,5629,Flavored Milk,157
717,Wholesaler,Jinja,34343834,15,9350,Powder Milk,153
718,Retailer,Mbale,28019219,3,4545,Cream,57
719,Retailer,Gulu,55648980,6,6549,Cheese,41
720,Retailer,Kampala,87085782,9,6292,Flavored Milk,41
721,Retailer,Mbarara,69868061,3,8349,Flavored Milk,190
722,Wholesaler,Gulu,42971160,13,9147,Butter,133
723,Retailer,Gulu,84111902,13,4995,Cheese,190
724,Wholesaler,Kampala,7655687,7,2042,Cheese,139
725,Wholesaler,Jinja,97738066,5,4172,Powder Milk,194
726,Wholesaler,Mbarara,36533593,8,855,Butter,31
727,Wholesaler,Gulu,26697563,8,2042,Butter,61
728,Wholesaler,Mbale,90184063,7,7546,Powder Milk,105
729,Wholesaler,Gulu,38822019,19,3650,Yogurt,195
730,Retailer,Mbarara,26888222,7,4060,Flavored Milk,171
731,Wholesaler,Gulu,42355599,4,8325,Milk,154
732,Wholesaler,Kampala,22969765,10,4408,Milk,32
733,Wholesaler,Gulu,26170351,13,5365,Butter,42
734,Retailer,Gulu,63690057,4,3370,Cheese,166
735,Retailer,Mbale,68088364,19,7599,Cheese,28
736,Wholesaler,Kampala,63970534,10,2555,Powder Milk,130
737,Retailer,Kampala,80646051,7,7878,Yogurt,78
738,Wholesaler,Gulu,85035705,5,7935,Milk,46
739,Wholesaler,Mbale,8403154,3,2506,Cream,132
740,Retailer,Gulu,75813051,2,7298,Cream,163
741,Wholesaler,Gulu,27465042,11,7918,Powder Milk,33
742,Retailer,Mbarara,93981835,10,6399,Powder Milk,63
743,Retailer,Mbarara,43662796,13,7013,Cheese,30
744,Wholesaler,Mbale,74053976,7,3112,Yogurt,106
745,Wholesaler,Jinja,31440792,10,3902,Yogurt,99
746,Retailer,Mbarara,85213595,4,5040,Butter,147
747,Wholesaler,Jinja,7339326,16,437,Milk,51
748,Wholesaler,Kampala,97364841,6,7087,Yogurt,166
749,Wholesaler,Mbarara,71098036,9,6960,Yogurt,194
750,Retailer,Mbarara,12556484,13,2053,Yogurt,172
751,Retailer,Mbale,95425424,7,9273,Cream,37
752,Wholesaler,Jinja,71242666,18,5795,Milk,149
753,Retailer,Mbarara,85303214,14,1590,Butter,67
754,Retailer,Mbarara,32352340,5,8691,Flavored Milk,136
755,Retailer,Mbale,98439189,13,3597,Cheese,181
756,Retailer,Mbale,59535910,8,9338,Cream,16
757,Retailer,Jinja,62811449,15,9101,Powder Milk,153
758,Wholesaler,Kampala,6135736,19,351,Powder Milk,102
759,Wholesaler,Kampala,82347973,9,7154,Milk,44
760,Wholesaler,Gulu,97012481,6,2069,Cream,101
761,Retailer,Mbarara,82833586,14,9122,Milk,16
762,Retailer,Jinja,65752128,10,4211,Cream,23
763,Wholesaler,Mbarara,28496376,9,279,Powder Milk,68
764,Retailer,Jinja,6865501,17,9163,Milk,71
765,Wholesaler,Jinja,54918905,13,7760,Flavored Milk,129
766,Wholesaler,Jinja,91121380,17,1882,Cheese,75
767,Wholesaler,Mbarara,32001903,19,8292,Cheese,31
768,Retailer,Mbale,98161046,13,3728,Yogurt,153
769,Retailer,Mbarara,18235072,9,7546,Powder Milk,108
770,Wholesaler,Jinja,72045394,1,4532,Powder Milk,129
771,Wholesaler,Gulu,38595842,1,8994,Powder Milk,52
772,Wholesaler,Kampala,23580353,5,5937,Yogurt,106
773,Wholesaler,Jinja,19079031,8,1528,Powder Milk,107
774,Retailer,Gulu,81378852,18,2138,Butter,125
775,Retailer,Mbale,35076560,4,6090,Cream,157
776,Wholesaler,Jinja,76531611,1,8202,Milk,147
777,Wholesaler,Gulu,46280224,15,3043,Butter,156
778,Retailer,Jinja,98755029,4,3390,Milk,21
779,Retailer,Mbarara,98114216,9,2393,Cream,147
780,Wholesaler,Gulu,96937050,10,7238,Cheese,80
781,Wholesaler,Mbarara,76742436,15,1288,Cream,193
782,Wholesaler,Mbarara,11072479,3,6906,Powder Milk,113
783,Retailer,Gulu,24322171,2,5710,Cream,20
784,Retailer,Kampala,43596460,5,4389,Butter,70
785,Retailer,Gulu,15134683,1,8424,Cheese,135
786,Wholesaler,Kampala,68425399,11,8785,Cream,175
787,Wholesaler,Jinja,99197449,12,2876,Yogurt,26
788,Retailer,Jinja,10908947,3,7141,Powder Milk,63
789,Retailer,Gulu,98036440,16,142,Cream,182
790,Wholesaler,Jinja,59408020,14,2465,Cheese,162
791,Retailer,Mbale,87297293,12,4304,Flavored Milk,115
792,Retailer,Mbarara,36468373,16,8176,Butter,168
793,Wholesaler,Mbarara,20679604,8,4583,Powder Milk,115
794,Retailer,Kampala,70083755,17,6566,Powder Milk,48
795,Wholesaler,Jinja,11678134,17,4451,Milk,29
796,Wholesaler,Kampala,75416272,7,3082,Cheese,82
797,Wholesaler,Mbarara,39443729,15,3339,Powder Milk,52
798,Wholesaler,Mbarara,54669894,9,4488,Powder Milk,125
799,Wholesaler,Jinja,83952631,4,6917,Butter,138
800,Wholesaler,Mbale,18066175,8,3284,Milk,64
801,Wholesaler,Mbale,72666579,10,6047,Powder Milk,117
802,Retailer,Jinja,14956517,15,6351,Powder Milk,112
803,Wholesaler,Jinja,33788810,18,1183,Butter,188
804,Wholesaler,Kampala,94812715,14,2112,Cream,142
805,Retailer,Jinja,91899513,5,4677,Butter,149
806,Retailer,Mbale,84522294,9,3521,Cream,23
807,Retailer,Jinja,23630194,13,518,Flavored Milk,197
808,Wholesaler,Kampala,33294486,19,1394,Cheese,112
809,Retailer,Kampala,14401594,11,9120,Cream,49
810,Wholesaler,Kampala,30386791,12,6148,Flavored Milk,117
811,Wholesaler,Kampala,61511298,3,3857,Yogurt,146
812,Wholesaler,Gulu,73284335,2,4786,Powder Milk,179
813,Wholesaler,Jinja,61912563,15,5007,Butter,51
814,Retailer,Mbarara,51221148,5,3395,Cream,42
815,Retailer,Jinja,40333614,7,638,Cheese,34
816,Wholesaler,Gulu,78179757,4,3933,Cream,127
817,Wholesaler,Kampala,77004065,5,9571,Yogurt,87
818,Wholesaler,Gulu,76776081,16,141,Powder Milk,18
819,Retailer,Mbale,18204557,15,507,Yogurt,128
820,Wholesaler,Mbale,65675025,16,1934,Flavored Milk,128
821,Wholesaler,Jinja,70218049,4,3171,Yogurt,100
822,Retailer,Jinja,96864384,6,7692,Cream,181
823,Retailer,Mbarara,33666145,18,5661,Milk,67
824,Wholesaler,Mbarara,62824936,3,8002,Milk,162
825,Retailer,Mbale,19572271,5,9645,Milk,125
826,Retailer,Kampala,46052106,2,3753,Powder Milk,41
827,Wholesaler,Gulu,83948374,16,4532,Yogurt,31
828,Retailer,Mbarara,16334437,6,2031,Powder Milk,102
829,Wholesaler,Mbarara,74916843,15,4516,Powder Milk,64
830,Retailer,Kampala,44048002,18,2281,Butter,198
831,Wholesaler,Kampala,72668285,6,9013,Cheese,117
832,Wholesaler,Jinja,21462731,13,5831,Milk,194
833,Wholesaler,Gulu,65730141,13,8446,Milk,86
834,Retailer,Kampala,22974102,1,8463,Milk,70
835,Wholesaler,Mbarara,88298984,16,9433,Flavored Milk,131
836,Retailer,Mbarara,54660819,4,3365,Flavored Milk,101
837,Wholesaler,Mbale,24971189,17,5225,Cream,76
838,Wholesaler,Kampala,57656610,18,1648,Cream,139
839,Retailer,Jinja,71937948,16,4312,Milk,123
840,Wholesaler,Gulu,94915130,1,1592,Milk,194
841,Wholesaler,Jinja,12405106,6,8383,Powder Milk,130
842,Retailer,Mbarara,67972764,11,139,Flavored Milk,170
843,Wholesaler,Jinja,37729728,6,4456,Cheese,72
844,Wholesaler,Mbarara,51818279,17,5540,Butter,153
845,Wholesaler,Mbarara,87262407,4,3756,Cheese,138
846,Wholesaler,Mbarara,20935736,14,1259,Powder Milk,94
847,Retailer,Mbarara,16423333,14,5028,Butter,73
848,Retailer,Mbarara,54176146,8,3274,Yogurt,129
849,Wholesaler,Mbale,84174334,2,4906,Yogurt,78
850,Retailer,Jinja,48275500,5,7843,Cheese,133
851,Wholesaler,Mbale,18549854,4,6289,Flavored Milk,130
852,Retailer,Mbale,77907028,10,6903,Cream,154
853,Wholesaler,Kampala,46525697,3,9601,Cream,49
854,Wholesaler,Kampala,77002728,16,1588,Milk,111
855,Wholesaler,Kampala,51160314,10,198,Yogurt,138
856,Wholesaler,Gulu,78045175,15,8115,Powder Milk,22
857,Wholesaler,Kampala,63379308,4,7749,Cream,27
858,Wholesaler,Jinja,63284858,1,1475,Flavored Milk,77
859,Retailer,Mbale,96977649,15,1767,Flavored Milk,120
860,Wholesaler,Jinja,41757460,10,9596,Butter,23
861,Retailer,Kampala,93142299,18,2685,Yogurt,142
862,Wholesaler,Gulu,14576700,16,2413,Cheese,71
863,Retailer,Gulu,65369184,9,3157,Powder Milk,170
864,Retailer,Mbale,74190867,19,5678,Flavored Milk,35
865,Retailer,Jinja,97341223,17,1551,Cheese,198
866,Wholesaler,Mbarara,84171248,10,1501,Cheese,39
867,Wholesaler,Jinja,81386619,19,8691,Powder Milk,199
868,Retailer,Kampala,15349107,8,1885,Yogurt,71
869,Wholesaler,Mbarara,14917877,19,9685,Powder Milk,90
870,Retailer,Gulu,92975334,5,5901,Cheese,79
871,Wholesaler,Mbale,66002984,2,2998,Cream,194
872,Retailer,Mbale,73288432,15,3985,Cheese,100
873,Retailer,Gulu,77788090,17,6880,Milk,45
874,Wholesaler,Kampala,47117993,10,3759,Cream,16
875,Retailer,Gulu,10829567,2,1339,Cream,74
876,Wholesaler,Kampala,41096213,9,553,Powder Milk,86
877,Retailer,Mbarara,75579014,2,8001,Cheese,50
878,Retailer,Gulu,40240582,18,5101,Milk,41
879,Wholesaler,Kampala,12238599,12,3147,Yogurt,151
880,Wholesaler,Mbarara,80138877,15,2197,Cheese,170
881,Wholesaler,Gulu,71839127,6,9707,Flavored Milk,39
882,Retailer,Mbale,44465751,18,4570,Powder Milk,15
883,Wholesaler,Gulu,78396263,13,1947,Cheese,19
884,Retailer,Jinja,81421871,4,3766,Milk,112
885,Retailer,Gulu,54787527,12,8892,Flavored Milk,29
886,Wholesaler,Jinja,99289589,9,1260,Yogurt,98
887,Wholesaler,Mbarara,84789588,2,2237,Powder Milk,133
888,Retailer,Gulu,25517295,16,8108,Butter,127
889,Retailer,Mbarara,27294487,1,3870,Butter,21
890,Wholesaler,Mbarara,56659971,4,418,Milk,31
891,Wholesaler,Kampala,22927891,15,2893,Yogurt,85
892,Wholesaler,Mbarara,68615484,1,3500,Yogurt,23
893,Wholesaler,Mbarara,12844286,15,3568,Cheese,115
894,Wholesaler,Gulu,80235855,3,6694,Butter,185
895,Retailer,Gulu,57354249,13,9878,Cheese,191
896,Retailer,Mbale,68114090,18,3910,Yogurt,45
897,Retailer,Kampala,87056921,13,1194,Milk,198
898,Retailer,Mbarara,18596252,10,3176,Milk,64
899,Wholesaler,Kampala,8370116,7,7710,Flavored Milk,23
900,Wholesaler,Jinja,81334218,8,67,Cream,11
901,Wholesaler,Mbarara,59702748,1,6049,Milk,11
902,Retailer,Kampala,50837804,18,1706,Cream,70
903,Retailer,Mbale,34639502,12,1646,Butter,116
904,Wholesaler,Mbale,76133253,18,9187,Flavored Milk,116
905,Wholesaler,Mbarara,91317871,12,1337,Butter,143
906,Retailer,Jinja,32217107,9,317,Cheese,162
907,Retailer,Mbale,86356577,2,484,Cream,32
908,Wholesaler,Mbale,87054395,14,2085,Cheese,82
909,Wholesaler,Jinja,54676733,4,2547,Milk,104
910,Retailer,Kampala,6917953,15,6490,Flavored Milk,37
911,Wholesaler,Mbale,81465487,17,6087,Butter,34
912,Wholesaler,Gulu,89793313,19,7856,Butter,108
913,Wholesaler,Mbale,84159856,6,3258,Yogurt,74
914,Retailer,Kampala,56462171,9,1663,Milk,52
915,Retailer,Kampala,87305583,17,8960,Powder Milk,49
916,Retailer,Mbarara,11091209,15,7214,Cheese,32
917,Retailer,Gulu,17575664,5,2281,Cream,186
918,Retailer,Kampala,71515927,18,6513,Powder Milk,17
919,Retailer,Jinja,19168931,4,8982,Cream,137
920,Retailer,Gulu,81142620,2,5745,Yogurt,16
921,Wholesaler,Gulu,24793851,19,9046,Cheese,30
922,Wholesaler,Jinja,87176668,5,4562,Cream,44
923,Wholesaler,Mbale,33726073,4,8010,Cheese,110
924,Wholesaler,Jinja,66416239,5,4936,Cream,108
925,Wholesaler,Jinja,33346646,19,3821,Butter,91
926,Wholesaler,Mbale,39507034,13,9968,Cheese,70
927,Wholesaler,Mbale,44017950,16,6073,Flavored Milk,83
928,Retailer,Mbale,10776902,12,5954,Cheese,167
929,Retailer,Mbale,70089644,9,3562,Cream,118
930,Wholesaler,Mbale,72033411,16,9340,Flavored Milk,77
931,Wholesaler,Jinja,6172685,14,8153,Cream,146
932,Retailer,Mbarara,15680233,1,1894,Cheese,26
933,Wholesaler,Mbarara,84591881,4,3974,Yogurt,52
934,Wholesaler,Kampala,10807290,9,4931,Cream,112
935,Retailer,Mbarara,36176619,19,584,Butter,97
936,Wholesaler,Mbarara,32036129,14,7627,Yogurt,194
937,Retailer,Jinja,23985881,12,5780,Butter,112
938,Wholesaler,Mbale,20713686,4,8526,Cream,150
939,Retailer,Mbale,46979720,7,8037,Cream,194
940,Retailer,Jinja,95260988,17,9371,Yogurt,163
941,Retailer,Mbarara,81511751,1,8745,Cream,198
942,Wholesaler,Jinja,39253876,14,4191,Milk,71
943,Retailer,Kampala,38457549,15,7986,Cheese,28
944,Wholesaler,Mbale,90092173,12,8778,Cheese,90
945,Wholesaler,Gulu,27752144,12,8303,Milk,39
946,Wholesaler,Kampala,77816113,6,5911,Milk,136
947,Wholesaler,Kampala,20074475,13,5251,Flavored Milk,22
948,Retailer,Jinja,98427797,16,2433,Yogurt,186
949,Retailer,Mbarara,20229785,14,8452,Cream,91
950,Wholesaler,Mbale,63910188,7,2497,Cheese,130
951,Wholesaler,Gulu,72157512,16,4854,Flavored Milk,125
952,Retailer,Kampala,49234354,9,3319,Cream,188
953,Wholesaler,Gulu,16762329,14,8618,Cream,120
954,Retailer,Mbarara,61140929,7,9427,Powder Milk,18
955,Wholesaler,Mbarara,20975242,12,7014,Cheese,38
956,Wholesaler,Gulu,47832976,3,7112,Cream,102
957,Retailer,Mbale,29771967,14,3548,Milk,119
958,Wholesaler,Mbarara,95167073,19,2897,Flavored Milk,145
959,Retailer,Gulu,17878118,11,7708,Powder Milk,117
960,Wholesaler,Kampala,57762577,5,7496,Flavored Milk,90
961,Wholesaler,Gulu,90956876,13,8133,Flavored Milk,24
962,Wholesaler,Gulu,40168900,10,9028,Yogurt,171
963,Retailer,Jinja,20969841,7,782,Powder Milk,189
964,Wholesaler,Mbarara,67946681,17,5113,Flavored Milk,187
965,Wholesaler,Mbale,51054775,16,7363,Cheese,14
966,Wholesaler,Mbale,7746455,8,7286,Yogurt,107
967,Wholesaler,Jinja,69836508,17,2749,Cheese,18
968,Retailer,Mbale,46697390,13,2208,Powder Milk,14
969,Retailer,Gulu,81522055,11,3714,Flavored Milk,164
970,Wholesaler,Jinja,61274073,18,9320,Flavored Milk,122
971,Retailer,Kampala,88240398,5,7861,Powder Milk,126
972,Wholesaler,Mbarara,98322808,6,8203,Cheese,93
973,Wholesaler,Mbarara,52354624,14,4669,Cream,56
974,Wholesaler,Mbarara,41746395,12,2243,Butter,71
975,Retailer,Gulu,90067376,4,4613,Flavored Milk,54
976,Retailer,Kampala,60917885,7,9826,Flavored Milk,75
977,Retailer,Jinja,57910317,11,3056,Cream,32
978,Retailer,Jinja,42423437,2,4094,Yogurt,107
979,Retailer,Mbarara,32803753,4,1260,Cheese,198
980,Retailer,Kampala,21592353,7,2036,Cream,102
981,Retailer,Kampala,45232645,1,3220,Cream,52
982,Retailer,Kampala,49985008,15,7523,Flavored Milk,172
983,Retailer,Mbale,38134366,8,1798,Cheese,167
984,Wholesaler,Mbale,65818724,5,807,Yogurt,76
985,Retailer,Mbarara,22765710,14,9419,Cheese,147
986,Retailer,Kampala,30225870,18,968,Cheese,137
987,Retailer,Kampala,41516659,3,9361,Cream,65
988,Retailer,Jinja,50027306,2,8947,Yogurt,43
989,Retailer,Jinja,96994587,16,6104,Flavored Milk,74
990,Retailer,Mbarara,85715205,14,4979,Cheese,15
991,Retailer,Kampala,30674390,16,2911,Butter,180
992,Retailer,Mbarara,37109863,11,4544,Flavored Milk,25
993,Retailer,Jinja,74884478,17,1857,Cream,142
994,Retailer,Jinja,73942465,3,9641,Yogurt,34
995,Retailer,Mbale,70774030,5,2699,Milk,36
996,Wholesaler,Mbarara,49989653,3,4473,Powder Milk,179
997,Wholesaler,Mbarara,41057672,15,1345,Butter,126
998,Retailer,Kampala,70845863,5,9862,Flavored Milk,133
999,Retailer,Kampala,33956943,3,2492,Powder Milk,64
1000,Wholesaler,Mbale,9847418,6,7689,Yogurt,116
1001,Retailer,Gulu,87625838,14,2645,Butter,35
1002,Wholesaler,Gulu,22530739,2,5187,Flavored Milk,25
1003,Wholesaler,Gulu,12875904,18,1122,Powder Milk,118
1004,Wholesaler,Mbarara,45110138,6,4125,Milk,117
1005,Wholesaler,Mbarara,24387071,5,9691,Flavored Milk,99
1006,Wholesaler,Jinja,29939386,14,3992,Milk,110
1007,Retailer,Mbarara,12794833,17,1821,Milk,165
1008,Wholesaler,Mbarara,41341087,11,5725,Cheese,167
1009,Retailer,Mbarara,81701360,1,1067,Cream,135
1010,Retailer,Mbale,83463220,10,3742,Yogurt,131
1011,Wholesaler,Mbarara,17514863,9,8760,Cheese,98
1012,Wholesaler,Kampala,10044661,12,2401,Milk,182
1013,Retailer,Kampala,60927651,1,9377,Yogurt,156
1014,Wholesaler,Jinja,46777251,18,2822,Yogurt,22
1015,Wholesaler,Mbale,50824724,12,961,Yogurt,84
1016,Retailer,Kampala,76527213,2,9057,Butter,121
1017,Retailer,Mbale,49745183,1,1023,Flavored Milk,160
1018,Wholesaler,Mbale,98268382,1,3152,Milk,23
1019,Retailer,Jinja,6767588,1,7512,Yogurt,107
1020,Wholesaler,Mbale,13599469,12,1850,Powder Milk,113
1021,Wholesaler,Mbarara,7938493,7,858,Butter,160
1022,Wholesaler,Mbale,32012397,4,5488,Butter,177
1023,Retailer,Jinja,30390200,4,5183,Powder Milk,73
1024,Retailer,Jinja,87191576,15,8811,Milk,196
1025,Retailer,Jinja,29191548,1,1019,Cheese,29
1026,Retailer,Kampala,86723570,6,4129,Butter,169
1027,Retailer,Mbarara,5878269,14,1929,Milk,87
1028,Wholesaler,Kampala,38603746,14,3369,Butter,33
1029,Wholesaler,Gulu,85710224,10,4755,Milk,55
1030,Wholesaler,Mbarara,27586349,7,6661,Yogurt,27
1031,Wholesaler,Mbale,52021225,12,437,Cream,120
1032,Retailer,Jinja,83973301,19,8117,Cheese,103
1033,Wholesaler,Gulu,19068419,9,6007,Powder Milk,185
1034,Retailer,Mbarara,50273290,3,2539,Butter,151
1035,Wholesaler,Kampala,71015278,4,7559,Powder Milk,191
1036,Retailer,Jinja,46087438,13,8757,Butter,158
1037,Retailer,Kampala,36747741,10,5987,Butter,107
1038,Wholesaler,Mbarara,7394538,14,3894,Cream,14
1039,Wholesaler,Mbarara,22145622,6,2940,Flavored Milk,137
1040,Wholesaler,Gulu,83897468,8,1492,Flavored Milk,168
1041,Wholesaler,Mbale,83480862,19,772,Cream,96
1042,Retailer,Kampala,7458020,10,8997,Powder Milk,129
1043,Wholesaler,Gulu,8774150,5,2300,Yogurt,196
1044,Wholesaler,Jinja,10076703,5,1958,Butter,181
1045,Retailer,Mbale,62430278,5,2636,Cheese,73
1046,Wholesaler,Gulu,32280809,9,8627,Flavored Milk,103
1047,Wholesaler,Kampala,92652517,9,6176,Milk,179
1048,Wholesaler,Mbarara,56454379,15,6823,Milk,130
1049,Wholesaler,Jinja,77049036,9,8240,Milk,109
1050,Wholesaler,Kampala,53641239,14,4137,Yogurt,175
1051,Retailer,Mbale,29568603,6,9733,Cream,144
1052,Wholesaler,Mbale,61852586,8,5128,Butter,68
1053,Wholesaler,Mbarara,74930961,2,8192,Butter,78
1054,Wholesaler,Mbarara,68479905,5,3368,Powder Milk,58
1055,Wholesaler,Jinja,91498785,17,3088,Flavored Milk,20
1056,Wholesaler,Jinja,62978085,10,9314,Milk,110
1057,Retailer,Mbarara,72835136,14,818,Yogurt,139
1058,Wholesaler,Mbarara,29510506,18,9228,Powder Milk,119
1059,Retailer,Mbale,27567153,1,5607,Cheese,36
1060,Retailer,Mbarara,94589289,2,5312,Butter,153
1061,Wholesaler,Gulu,57637790,4,246,Butter,73
1062,Wholesaler,Kampala,79471345,13,2357,Yogurt,186
1063,Wholesaler,Mbarara,72016445,16,1439,Powder Milk,99
1064,Wholesaler,Jinja,64666619,5,6789,Powder Milk,25
1065,Retailer,Gulu,38694080,10,5361,Flavored Milk,82
1066,Wholesaler,Jinja,13827698,17,3608,Cream,189
1067,Wholesaler,Gulu,34081358,11,3040,Yogurt,125
1068,Wholesaler,Mbarara,63659964,5,6047,Powder Milk,142
1069,Wholesaler,Kampala,60543894,15,9911,Flavored Milk,173
1070,Wholesaler,Jinja,5855860,4,9659,Powder Milk,16
1071,Wholesaler,Gulu,76307489,7,6303,Butter,70
1072,Retailer,Mbale,43540944,10,6283,Flavored Milk,105
1073,Retailer,Mbarara,8123544,4,9828,Powder Milk,166
1074,Wholesaler,Kampala,45124151,5,4717,Cream,129
1075,Wholesaler,Mbarara,8831657,5,4452,Cream,167
1076,Wholesaler,Mbale,96746821,11,6255,Flavored Milk,177
1077,Retailer,Kampala,78530398,19,9173,Cream,40
1078,Wholesaler,Mbale,89201191,5,7038,Flavored Milk,57
1079,Retailer,Mbarara,42640004,8,9784,Cream,100
1080,Wholesaler,Gulu,92893963,7,2042,Powder Milk,15
1081,Wholesaler,Mbarara,18817990,8,4109,Flavored Milk,199
1082,Wholesaler,Mbarara,63832876,13,7253,Cream,38
1083,Wholesaler,Mbarara,29517132,5,6943,Milk,146
1084,Retailer,Jinja,12348227,18,3194,Cream,191
1085,Retailer,Mbale,85691377,9,6932,Milk,93
1086,Wholesaler,Mbale,83373609,2,7520,Powder Milk,123
1087,Wholesaler,Mbale,33938498,16,9776,Milk,148
1088,Retailer,Jinja,98381259,14,2724,Milk,28
1089,Retailer,Gulu,97404800,17,4598,Yogurt,83
1090,Retailer,Mbarara,23568986,6,9102,Cream,142
1091,Retailer,Gulu,61661354,3,1602,Cheese,112
1092,Wholesaler,Jinja,5782129,17,6064,Powder Milk,79
1093,Retailer,Mbale,63428615,13,1442,Flavored Milk,104
1094,Wholesaler,Mbarara,31925599,6,8622,Yogurt,27
1095,Retailer,Kampala,46745619,8,5388,Powder Milk,30
1096,Retailer,Kampala,45413618,6,698,Milk,152
1097,Retailer,Gulu,90464336,16,6444,Flavored Milk,196
1098,Retailer,Mbale,46402657,6,4710,Cheese,15
1099,Retailer,Kampala,90451554,17,870,Powder Milk,33
1100,Wholesaler,Gulu,63745065,3,521,Flavored Milk,69
1101,Wholesaler,Jinja,29232343,12,8104,Cream,37
1102,Retailer,Gulu,53890549,6,171,Cream,83
1103,Retailer,Gulu,72732625,7,5495,Butter,32
1104,Wholesaler,Gulu,84620525,11,7745,Butter,88
1105,Retailer,Mbarara,57896175,9,4926,Powder Milk,55
1106,Retailer,Gulu,96725414,16,2845,Yogurt,121
1107,Wholesaler,Gulu,21234016,5,4266,Cheese,46
1108,Retailer,Mbarara,34354480,15,2236,Yogurt,151
1109,Retailer,Mbarara,97873686,4,2184,Flavored Milk,57
1110,Wholesaler,Jinja,20477848,5,2227,Cheese,87
1111,Wholesaler,Mbale,33364628,7,2349,Powder Milk,124
1112,Wholesaler,Kampala,30451322,3,6031,Yogurt,45
1113,Retailer,Kampala,93739056,4,1433,Flavored Milk,69
1114,Wholesaler,Gulu,8453705,15,4192,Milk,191
1115,Wholesaler,Jinja,17170987,2,2018,Flavored Milk,88
1116,Wholesaler,Gulu,7459288,5,6694,Cream,122
1117,Wholesaler,Kampala,21581075,7,2522,Yogurt,106
1118,Wholesaler,Mbarara,57274497,17,5544,Powder Milk,120
1119,Wholesaler,Mbale,6149302,8,9492,Powder Milk,57
1120,Retailer,Jinja,11380655,9,5956,Cheese,129
1121,Retailer,Mbarara,88851790,10,3160,Cheese,159
1122,Wholesaler,Mbale,41032923,11,8376,Milk,52
1123,Wholesaler,Jinja,56362060,1,8851,Yogurt,50
1124,Wholesaler,Jinja,58728507,15,9299,Cream,154
1125,Retailer,Kampala,86110003,8,6621,Powder Milk,72
1126,Retailer,Mbarara,15331789,19,3824,Powder Milk,155
1127,Retailer,Jinja,43301297,12,4705,Milk,81
1128,Retailer,Jinja,9748065,6,308,Butter,12
1129,Retailer,Mbale,89471778,10,6918,Powder Milk,63
1130,Retailer,Kampala,34353828,5,6867,Flavored Milk,128
1131,Retailer,Gulu,54935896,7,5794,Butter,151
1132,Retailer,Kampala,43155631,7,9157,Butter,43
1133,Retailer,Gulu,28113982,9,3992,Milk,136
1134,Wholesaler,Mbarara,25530638,15,287,Milk,135
1135,Wholesaler,Mbarara,17774667,6,3405,Flavored Milk,10
1136,Wholesaler,Jinja,77726653,16,8929,Milk,185
1137,Wholesaler,Mbarara,65056968,7,7954,Milk,108
1138,Retailer,Jinja,14466617,15,6651,Milk,19
1139,Retailer,Kampala,68384350,2,5756,Powder Milk,92
1140,Wholesaler,Mbarara,94941325,8,1208,Milk,148
1141,Retailer,Kampala,94042908,12,644,Milk,128
1142,Wholesaler,Kampala,97172852,11,1800,Cream,136
1143,Retailer,Mbarara,49705322,6,452,Butter,108
1144,Wholesaler,Kampala,14641647,13,9063,Butter,75
1145,Retailer,Mbarara,44695426,16,3888,Flavored Milk,12
1146,Retailer,Mbarara,5023439,8,2590,Cheese,152
1147,Wholesaler,Mbarara,81904018,17,5928,Flavored Milk,68
1148,Retailer,Gulu,82998941,13,7540,Powder Milk,114
1149,Wholesaler,Kampala,30782888,4,9939,Powder Milk,184
1150,Wholesaler,Mbale,23263925,10,5584,Powder Milk,101
1151,Wholesaler,Mbarara,26326009,16,5336,Yogurt,139
1152,Wholesaler,Kampala,43648091,17,1663,Flavored Milk,167
1153,Retailer,Jinja,89130441,8,6629,Cream,175
1154,Retailer,Mbarara,62302033,11,5701,Flavored Milk,14
1155,Retailer,Mbarara,87727325,5,3729,Milk,143
1156,Wholesaler,Mbale,60400355,16,3602,Milk,142
1157,Retailer,Gulu,62794979,8,7288,Milk,21
1158,Wholesaler,Gulu,26467164,16,5046,Cheese,141
1159,Retailer,Mbarara,28494287,4,1514,Cream,161
1160,Retailer,Kampala,27506047,6,6332,Cream,162
1161,Retailer,Jinja,31706369,8,4932,Powder Milk,35
1162,Wholesaler,Jinja,98241723,9,6295,Milk,64
1163,Retailer,Kampala,80578042,13,6661,Yogurt,135
1164,Retailer,Mbarara,54903981,17,3150,Cream,55
1165,Wholesaler,Jinja,19998645,9,4163,Butter,183
1166,Retailer,Gulu,76035291,13,4143,Yogurt,52
1167,Wholesaler,Kampala,36797603,9,8174,Cream,197
1168,Retailer,Mbale,23554398,6,4901,Cream,170
1169,Wholesaler,Mbarara,56025568,10,8928,Cheese,30
1170,Wholesaler,Kampala,77803030,5,3629,Milk,174
1171,Retailer,Jinja,5435643,7,8842,Flavored Milk,21
1172,Wholesaler,Mbarara,71649133,11,9285,Cream,110
1173,Wholesaler,Gulu,93677424,9,5495,Butter,158
1174,Wholesaler,Mbarara,98896086,10,9621,Powder Milk,150
1175,Wholesaler,Mbarara,43956314,11,4578,Cheese,126
1176,Wholesaler,Gulu,86754584,3,7616,Yogurt,42
1177,Wholesaler,Gulu,23735519,8,9283,Cream,85
1178,Retailer,Mbarara,14814615,17,1623,Milk,198
1179,Wholesaler,Gulu,85485496,7,5770,Cheese,129
1180,Wholesaler,Kampala,18464891,12,9605,Cheese,167
1181,Retailer,Gulu,51660043,16,9252,Flavored Milk,46
1182,Retailer,Gulu,56985634,15,1306,Powder Milk,91
1183,Retailer,Mbarara,54999950,13,1177,Flavored Milk,153
1184,Retailer,Kampala,18491953,18,9265,Flavored Milk,54
1185,Retailer,Mbale,26104159,18,2834,Powder Milk,138
1186,Retailer,Mbale,91032082,5,6131,Yogurt,190
1187,Retailer,Jinja,41570182,14,1099,Flavored Milk,37
1188,Wholesaler,Gulu,30832319,11,5233,Powder Milk,190
1189,Wholesaler,Gulu,84508676,3,2351,Cheese,53
1190,Retailer,Kampala,54328185,17,9396,Cream,76
1191,Wholesaler,Mbale,5058791,12,79,Cheese,116
1192,Wholesaler,Jinja,85487892,3,9028,Powder Milk,176
1193,Wholesaler,Kampala,49919407,2,9412,Cheese,19
1194,Retailer,Gulu,46764274,4,3248,Cream,60
1195,Retailer,Mbale,96808952,18,1414,Butter,118
1196,Wholesaler,Jinja,72247982,14,9783,Butter,151
1197,Retailer,Mbarara,68443782,8,4543,Powder Milk,88
1198,Wholesaler,Mbale,45822948,2,8555,Powder Milk,143
1199,Wholesaler,Jinja,94831126,19,2745,Yogurt,176
1200,Wholesaler,Kampala,61886602,10,6695,Cream,89
1201,Wholesaler,Mbarara,74835081,5,8771,Powder Milk,91
1202,Retailer,Jinja,27639736,11,5930,Flavored Milk,108
1203,Retailer,Jinja,15739924,9,8199,Cheese,185
1204,Retailer,Gulu,35461750,16,5909,Flavored Milk,162
1205,Wholesaler,Mbale,24247610,5,8553,Powder Milk,129
1206,Retailer,Gulu,22366568,15,1045,Cheese,42
1207,Wholesaler,Mbarara,46970464,14,6915,Butter,92
1208,Retailer,Jinja,12026855,9,7546,Cheese,111
1209,Wholesaler,Gulu,8804130,5,2681,Yogurt,84
1210,Wholesaler,Mbale,45859169,15,313,Milk,129
1211,Wholesaler,Mbarara,51406627,9,7734,Cream,111
1212,Retailer,Kampala,13661978,4,8262,Cheese,74
1213,Retailer,Gulu,12707410,4,9438,Powder Milk,177
1214,Retailer,Mbarara,17928708,7,5093,Yogurt,34
1215,Retailer,Kampala,73148926,15,5166,Butter,66
1216,Wholesaler,Gulu,37150748,17,3183,Butter,169
1217,Retailer,Mbarara,92624713,18,8447,Milk,55
1218,Retailer,Mbarara,47103927,7,1686,Powder Milk,109
1219,Wholesaler,Gulu,21653946,19,8872,Flavored Milk,141
1220,Wholesaler,Mbarara,26669110,10,7861,Flavored Milk,128
1221,Wholesaler,Jinja,85731495,13,4585,Cheese,160
1222,Retailer,Gulu,62866124,2,1148,Butter,89
1223,Wholesaler,Mbarara,6817820,11,339,Yogurt,84
1224,Wholesaler,Kampala,80158276,5,2654,Milk,159
1225,Wholesaler,Kampala,66294073,6,257,Flavored Milk,112
1226,Retailer,Jinja,35557241,3,8513,Cheese,135
1227,Wholesaler,Gulu,61239231,1,3728,Cheese,42
1228,Retailer,Mbarara,47697420,3,8656,Butter,50
1229,Retailer,Mbarara,10118037,3,3518,Yogurt,199
1230,Wholesaler,Kampala,33668007,4,9526,Yogurt,175
1231,Wholesaler,Jinja,81628172,7,5036,Flavored Milk,193
1232,Retailer,Kampala,83076544,15,9904,Cheese,72
1233,Wholesaler,Kampala,35977061,11,9283,Butter,94
1234,Wholesaler,Jinja,49029548,18,4140,Yogurt,192
1235,Retailer,Gulu,22704244,12,6853,Cheese,188
1236,Retailer,Mbarara,63317875,4,2344,Yogurt,99
1237,Wholesaler,Gulu,73937728,11,2511,Milk,74
1238,Retailer,Mbale,9282378,6,7995,Yogurt,114
1239,Wholesaler,Mbale,14545529,19,9585,Yogurt,66
1240,Wholesaler,Mbale,64986666,18,5723,Cheese,95
1241,Wholesaler,Jinja,73613759,15,3417,Yogurt,164
1242,Retailer,Kampala,63123477,3,993,Yogurt,194
1243,Wholesaler,Gulu,33788706,17,4206,Milk,192
1244,Wholesaler,Mbarara,77405947,1,215,Yogurt,81
1245,Wholesaler,Mbale,67012146,2,1955,Yogurt,91
1246,Retailer,Gulu,36236613,19,3106,Cheese,13
1247,Retailer,Mbale,42717406,9,9565,Butter,74
1248,Retailer,Mbale,46865206,8,400,Milk,193
1249,Retailer,Mbarara,25403207,12,3359,Yogurt,190
1250,Retailer,Jinja,20058948,15,5711,Butter,53
1251,Wholesaler,Kampala,59672053,7,981,Cheese,25
1252,Retailer,Jinja,63809323,16,3888,Milk,103
1253,Retailer,Gulu,84745296,7,9355,Powder Milk,32
1254,Retailer,Jinja,62741733,12,8108,Cheese,168
1255,Wholesaler,Gulu,36508744,17,2039,Butter,165
1256,Retailer,Gulu,78553353,11,9627,Milk,187
1257,Retailer,Kampala,81441811,4,3534,Yogurt,110
1258,Wholesaler,Mbarara,16297549,19,7936,Butter,25
1259,Retailer,Kampala,66844121,2,1166,Cheese,50
1260,Wholesaler,Jinja,17715228,2,8375,Milk,146
1261,Wholesaler,Gulu,51930266,17,9469,Butter,11
1262,Wholesaler,Mbale,28582744,9,7012,Cream,119
1263,Wholesaler,Mbale,92633315,1,6017,Powder Milk,52
1264,Wholesaler,Gulu,98187425,10,7954,Butter,75
1265,Retailer,Kampala,50881039,15,4583,Cheese,105
1266,Wholesaler,Mbarara,43822304,15,8921,Cheese,86
1267,Wholesaler,Kampala,77989186,2,2719,Yogurt,186
1268,Retailer,Gulu,17837078,14,9489,Yogurt,134
1269,Wholesaler,Gulu,52813521,4,1241,Butter,106
1270,Retailer,Mbarara,21431080,18,1180,Cheese,30
1271,Retailer,Jinja,25967851,9,1453,Cream,156
1272,Retailer,Jinja,21982748,2,5680,Butter,121
1273,Wholesaler,Mbarara,9844218,2,9572,Cream,66
1274,Wholesaler,Jinja,95127921,18,5080,Flavored Milk,86
1275,Wholesaler,Mbale,12006423,17,1431,Powder Milk,69
1276,Retailer,Jinja,66894364,9,419,Cheese,156
1277,Wholesaler,Jinja,72586427,8,5142,Cream,108
1278,Wholesaler,Jinja,62742937,2,3844,Flavored Milk,44
1279,Wholesaler,Mbale,13560871,2,6364,Cream,135
1280,Retailer,Jinja,71982145,5,5750,Flavored Milk,170
1281,Retailer,Mbale,75131352,12,9418,Cheese,76
1282,Wholesaler,Mbarara,26484799,16,8617,Yogurt,96
1283,Wholesaler,Kampala,22482130,14,2810,Butter,57
1284,Wholesaler,Mbarara,58172647,2,1993,Milk,197
1285,Wholesaler,Kampala,76619329,8,1007,Milk,54
1286,Retailer,Mbarara,56830738,4,9052,Powder Milk,84
1287,Retailer,Kampala,26416125,9,4972,Cream,77
1288,Retailer,Kampala,89614746,19,6679,Cheese,152
1289,Retailer,Gulu,65974005,2,1583,Cream,101
1290,Wholesaler,Kampala,50564076,16,6935,Yogurt,81
1291,Wholesaler,Kampala,81102390,11,8651,Yogurt,107
1292,Wholesaler,Gulu,81488447,8,103,Yogurt,24
1293,Retailer,Jinja,61298099,12,4846,Milk,160
1294,Wholesaler,Jinja,68470128,3,9340,Flavored Milk,197
1295,Retailer,Gulu,25571362,13,2446,Powder Milk,100
1296,Retailer,Mbale,41114341,2,9216,Cream,151
1297,Wholesaler,Kampala,81210813,13,7901,Milk,126
1298,Wholesaler,Kampala,22712052,8,4971,Yogurt,11
1299,Wholesaler,Gulu,86946836,15,7303,Milk,134
1300,Retailer,Gulu,45090223,9,4889,Milk,52
1301,Wholesaler,Mbale,77479471,11,2608,Powder Milk,80
1302,Retailer,Jinja,47947221,3,8380,Butter,153
1303,Wholesaler,Mbarara,76129226,7,2570,Cheese,95
1304,Retailer,Jinja,83157681,14,4687,Cream,37
1305,Retailer,Kampala,9626940,15,3877,Flavored Milk,169
1306,Wholesaler,Gulu,45997349,9,6679,Cream,80
1307,Retailer,Mbale,38001263,11,1387,Butter,116
1308,Retailer,Jinja,74777950,7,2344,Cheese,139
1309,Wholesaler,Mbale,25357412,12,2727,Yogurt,16
1310,Retailer,Jinja,86902875,19,6631,Powder Milk,47
1311,Wholesaler,Kampala,66569657,18,122,Powder Milk,185
1312,Retailer,Mbarara,87583823,13,7286,Butter,116
1313,Wholesaler,Mbale,38056678,11,7369,Cream,95
1314,Wholesaler,Mbale,43406465,1,2191,Cheese,91
1315,Retailer,Mbarara,54701669,6,4580,Powder Milk,82
1316,Retailer,Mbale,62472088,2,4602,Butter,11
1317,Retailer,Mbale,25089955,13,3551,Powder Milk,51
1318,Retailer,Jinja,52122424,13,2127,Milk,179
1319,Retailer,Jinja,81805201,19,9890,Milk,90
1320,Wholesaler,Mbarara,53519009,9,8576,Butter,157
1321,Retailer,Kampala,62585152,19,4805,Cream,15
1322,Wholesaler,Mbale,90808324,1,2665,Butter,148
1323,Wholesaler,Kampala,53890445,8,5406,Cream,83
1324,Retailer,Mbarara,72043103,14,4222,Flavored Milk,49
1325,Wholesaler,Mbarara,97201542,16,982,Yogurt,137
1326,Wholesaler,Jinja,95903495,4,685,Milk,45
1327,Wholesaler,Mbale,7969137,18,6733,Powder Milk,112
1328,Wholesaler,Gulu,9933574,14,5823,Butter,188
1329,Retailer,Mbarara,14787763,9,3279,Cheese,56
1330,Wholesaler,Mbale,34883471,15,1240,Powder Milk,107
1331,Retailer,Kampala,71139422,3,5558,Yogurt,154
1332,Retailer,Jinja,19551858,4,61,Cheese,35
1333,Wholesaler,Kampala,13766011,18,9691,Powder Milk,190
1334,Retailer,Mbarara,30130420,14,8110,Yogurt,136
1335,Retailer,Mbarara,57756167,15,498,Cheese,57
1336,Retailer,Kampala,89914592,8,7711,Milk,36
1337,Wholesaler,Mbarara,51924413,10,2546,Butter,55
1338,Retailer,Mbale,79145832,12,5935,Cream,76
1339,Retailer,Mbarara,97759636,9,476,Powder Milk,132
1340,Retailer,Jinja,87415192,8,7149,Butter,156
1341,Wholesaler,Mbale,34929513,17,9157,Flavored Milk,81
1342,Retailer,Gulu,32900535,9,3219,Powder Milk,90
1343,Wholesaler,Mbarara,78956810,13,496,Butter,74
1344,Wholesaler,Mbarara,68991840,14,2300,Cream,80
1345,Wholesaler,Jinja,14528595,5,7161,Powder Milk,45
1346,Wholesaler,Jinja,30713753,9,2731,Milk,76
1347,Wholesaler,Kampala,21028263,16,1451,Yogurt,92
1348,Wholesaler,Kampala,99581683,19,3457,Yogurt,179
1349,Retailer,Kampala,87597387,7,6811,Butter,76
1350,Wholesaler,Jinja,41667551,12,1093,Cheese,107
1351,Retailer,Kampala,22082272,2,5413,Butter,78
1352,Retailer,Kampala,22283529,18,441,Powder Milk,186
1353,Wholesaler,Gulu,57538458,18,4869,Yogurt,46
1354,Retailer,Kampala,92654980,16,6929,Cream,55
1355,Retailer,Mbarara,77016091,11,6034,Powder Milk,65
1356,Retailer,Jinja,65068218,2,1335,Flavored Milk,128
1357,Retailer,Mbale,70936289,14,6413,Yogurt,72
1358,Wholesaler,Gulu,93773571,4,5177,Cheese,87
1359,Retailer,Jinja,47120337,7,6639,Cheese,39
1360,Wholesaler,Jinja,41344040,2,8883,Flavored Milk,105
1361,Retailer,Mbarara,38358745,14,9287,Powder Milk,72
1362,Retailer,Kampala,90326057,7,4087,Powder Milk,124
1363,Wholesaler,Mbarara,30496277,9,6904,Powder Milk,118
1364,Retailer,Kampala,67853486,8,9399,Cream,85
1365,Retailer,Kampala,89496864,9,3299,Cheese,163
1366,Retailer,Jinja,43434364,7,1593,Butter,32
1367,Wholesaler,Kampala,44538026,19,841,Butter,122
1368,Retailer,Gulu,56092045,17,8678,Cream,157
1369,Wholesaler,Gulu,59636030,13,5220,Cream,111
1370,Retailer,Gulu,30076830,11,6093,Cream,55
1371,Wholesaler,Jinja,88625801,18,6148,Yogurt,168
1372,Wholesaler,Mbarara,98419506,17,7498,Milk,158
1373,Retailer,Mbale,47386132,16,7261,Butter,60
1374,Retailer,Kampala,41534063,10,4832,Butter,176
1375,Wholesaler,Mbale,19808927,4,7848,Powder Milk,72
1376,Wholesaler,Mbarara,86829406,4,4009,Cream,78
1377,Retailer,Mbarara,19839638,11,4414,Powder Milk,29
1378,Wholesaler,Jinja,22552344,8,1766,Cream,128
1379,Retailer,Gulu,46170002,9,3686,Flavored Milk,32
1380,Retailer,Gulu,16150382,16,7920,Butter,179
1381,Retailer,Mbarara,37510343,10,7411,Cream,140
1382,Retailer,Jinja,19938496,9,5721,Yogurt,36
1383,Wholesaler,Jinja,43906236,3,8430,Cream,100
1384,Retailer,Kampala,59262860,2,5776,Powder Milk,89
1385,Wholesaler,Gulu,69369922,9,7607,Flavored Milk,161
1386,Retailer,Mbarara,64798437,13,7832,Butter,18
1387,Wholesaler,Mbale,12935922,6,2768,Yogurt,139
1388,Retailer,Gulu,80469198,4,2455,Flavored Milk,143
1389,Wholesaler,Kampala,80130979,14,7937,Milk,80
1390,Wholesaler,Jinja,48191796,11,8053,Powder Milk,88
1391,Retailer,Mbarara,83459262,2,7768,Yogurt,30
1392,Retailer,Gulu,52114946,3,9144,Butter,109
1393,Retailer,Mbale,82687999,5,8582,Flavored Milk,166
1394,Retailer,Kampala,45550276,7,2931,Milk,22
1395,Wholesaler,Kampala,99203633,11,6760,Yogurt,120
1396,Retailer,Gulu,29709383,12,693,Milk,112
1397,Wholesaler,Mbale,6670411,11,70,Yogurt,112
1398,Wholesaler,Kampala,23131775,19,727,Butter,179
1399,Retailer,Mbarara,50849205,13,9341,Yogurt,118
1400,Wholesaler,Kampala,17098297,4,2700,Butter,129
1401,Wholesaler,Mbale,86664194,14,3519,Yogurt,135
1402,Wholesaler,Jinja,25236849,12,7936,Cream,138
1403,Wholesaler,Jinja,83128534,2,4233,Flavored Milk,157
1404,Retailer,Gulu,65865831,8,7136,Yogurt,180
1405,Retailer,Mbale,44364473,19,7427,Yogurt,10
1406,Retailer,Kampala,56091552,13,5734,Cheese,49
1407,Retailer,Kampala,48039181,1,2737,Cheese,16
1408,Wholesaler,Jinja,94792126,5,6646,Yogurt,172
1409,Wholesaler,Jinja,62410293,11,1466,Cheese,189
1410,Retailer,Mbarara,65254294,11,4455,Butter,43
1411,Retailer,Jinja,16424734,13,7124,Cheese,187
1412,Retailer,Mbarara,30172044,2,541,Yogurt,78
1413,Wholesaler,Kampala,7991992,19,809,Powder Milk,166
1414,Retailer,Mbarara,85307915,16,3551,Milk,123
1415,Retailer,Mbarara,60236066,5,8242,Powder Milk,121
1416,Retailer,Gulu,57259985,14,2138,Powder Milk,10
1417,Wholesaler,Jinja,84819412,19,3706,Powder Milk,82
1418,Wholesaler,Mbarara,28569518,5,4817,Powder Milk,195
1419,Wholesaler,Kampala,83010345,9,261,Milk,26
1420,Wholesaler,Mbale,23640512,12,8025,Yogurt,199
1421,Wholesaler,Mbarara,32861756,16,3772,Yogurt,114
1422,Wholesaler,Jinja,71457001,19,353,Milk,103
1423,Wholesaler,Gulu,49097518,15,4836,Cream,179
1424,Wholesaler,Kampala,96235976,17,3822,Cream,165
1425,Retailer,Gulu,53200470,15,1831,Flavored Milk,12
1426,Retailer,Mbale,34060429,3,3275,Cheese,14
1427,Wholesaler,Mbarara,64069962,17,9049,Flavored Milk,63
1428,Wholesaler,Mbarara,87911814,13,6789,Butter,175
1429,Retailer,Jinja,68296158,9,7323,Powder Milk,53
1430,Wholesaler,Mbarara,26778969,13,4253,Cream,85
1431,Wholesaler,Kampala,19206113,16,1403,Powder Milk,194
1432,Wholesaler,Mbale,34798829,19,8421,Milk,127
1433,Retailer,Gulu,58560933,14,9122,Milk,33
1434,Retailer,Mbale,93090756,8,6324,Flavored Milk,89
1435,Retailer,Mbarara,34860028,19,1880,Butter,196
1436,Retailer,Gulu,43082213,3,4748,Flavored Milk,17
1437,Retailer,Jinja,23663996,18,4052,Butter,100
1438,Wholesaler,Mbale,62651049,16,2850,Yogurt,99
1439,Retailer,Gulu,9909334,14,6952,Powder Milk,104
1440,Wholesaler,Gulu,38234349,16,4313,Yogurt,11
1441,Wholesaler,Gulu,72204720,17,272,Milk,50
1442,Retailer,Kampala,13052546,11,2287,Yogurt,193
1443,Retailer,Mbale,56124187,13,2628,Flavored Milk,57
1444,Wholesaler,Gulu,30388192,11,1828,Butter,115
1445,Wholesaler,Mbale,93902377,4,670,Milk,31
1446,Wholesaler,Gulu,59733698,14,9455,Yogurt,106
1447,Retailer,Jinja,90625284,5,4104,Milk,27
1448,Retailer,Jinja,14862008,4,7516,Milk,88
1449,Retailer,Jinja,69500562,1,5480,Butter,178
1450,Retailer,Mbarara,61598697,14,6429,Flavored Milk,76
1451,Retailer,Gulu,19062397,7,4313,Powder Milk,57
1452,Wholesaler,Mbarara,41389944,10,2290,Flavored Milk,131
1453,Retailer,Mbale,55980079,2,8093,Cheese,32
1454,Wholesaler,Mbarara,61251136,10,1412,Flavored Milk,120
1455,Wholesaler,Mbale,83877029,3,2290,Yogurt,139
1456,Wholesaler,Mbale,5805064,8,5571,Cheese,115
1457,Retailer,Mbale,37553403,10,6585,Cheese,13
1458,Retailer,Mbarara,89160324,8,6794,Cheese,163
1459,Retailer,Gulu,16844410,14,8334,Cheese,28
1460,Wholesaler,Mbarara,17518701,18,1288,Flavored Milk,58
1461,Wholesaler,Gulu,69802593,9,6542,Cream,83
1462,Wholesaler,Gulu,47412132,9,4658,Cheese,62
1463,Wholesaler,Mbale,55410592,4,7552,Yogurt,143
1464,Wholesaler,Mbarara,93696313,3,3520,Yogurt,199
1465,Wholesaler,Gulu,12961240,14,4251,Milk,138
1466,Retailer,Jinja,93999349,14,5401,Cream,153
1467,Retailer,Gulu,52752570,16,5463,Cream,189
1468,Retailer,Jinja,95669128,5,7482,Yogurt,16
1469,Retailer,Mbarara,14433341,15,6021,Powder Milk,97
1470,Wholesaler,Mbarara,32029442,9,7487,Milk,44
1471,Wholesaler,Mbarara,71013932,7,3951,Yogurt,77
1472,Retailer,Gulu,76573029,13,3678,Cheese,114
1473,Wholesaler,Kampala,23035731,8,1818,Butter,152
1474,Retailer,Gulu,46105008,12,5402,Cheese,117
1475,Retailer,Gulu,26559830,4,2951,Flavored Milk,194
1476,Retailer,Mbale,74390756,16,1591,Milk,160
1477,Wholesaler,Mbale,87889149,6,2141,Butter,87
1478,Retailer,Gulu,70932792,5,9973,Cream,134
1479,Retailer,Jinja,45411044,1,7792,Yogurt,111
1480,Retailer,Mbale,81644087,14,8333,Cheese,148
1481,Wholesaler,Gulu,75432044,9,4904,Cream,141
1482,Wholesaler,Kampala,79847840,18,8972,Milk,195
1483,Retailer,Jinja,56915398,6,5099,Milk,177
1484,Wholesaler,Mbarara,25395774,15,5607,Cream,67
1485,Wholesaler,Gulu,92232789,16,4482,Yogurt,128
1486,Wholesaler,Gulu,19858372,8,8941,Milk,97
1487,Wholesaler,Jinja,48104381,19,8037,Yogurt,131
1488,Wholesaler,Mbale,7066776,5,5070,Cream,76
1489,Wholesaler,Mbale,98203255,14,3064,Yogurt,47
1490,Wholesaler,Mbale,73442673,7,6298,Cheese,139
1491,Wholesaler,Mbarara,93001141,4,2066,Milk,96
1492,Wholesaler,Jinja,96145593,1,1027,Cream,49
1493,Wholesaler,Jinja,75195259,4,4260,Flavored Milk,65
1494,Retailer,Mbale,66531772,14,7084,Flavored Milk,44
1495,Retailer,Mbale,56630546,16,1308,Cheese,58
1496,Wholesaler,Kampala,26222003,7,1347,Cream,116
1497,Retailer,Kampala,84694214,10,7447,Cheese,105
1498,Retailer,Gulu,28423911,10,6922,Yogurt,131
1499,Wholesaler,Gulu,97691116,4,4179,Cream,104
1500,Wholesaler,Jinja,27725818,12,1782,Flavored Milk,181
1501,Wholesaler,Jinja,85157169,6,2992,Milk,40
1502,Retailer,Mbarara,56762536,13,498,Flavored Milk,134
1503,Retailer,Mbarara,40440438,1,9479,Cheese,85
1504,Wholesaler,Kampala,79966847,8,4550,Cheese,135
1505,Wholesaler,Gulu,66522599,16,8574,Cream,155
1506,Wholesaler,Kampala,94075646,5,6183,Cream,97
1507,Retailer,Kampala,20665281,7,215,Cream,45
1508,Retailer,Gulu,63302414,3,4882,Cream,199
1509,Retailer,Mbarara,6033687,2,2824,Yogurt,166
1510,Retailer,Gulu,95583857,2,9941,Milk,160
1511,Wholesaler,Mbale,36786606,10,9655,Cheese,12
1512,Wholesaler,Mbale,81073907,9,9688,Powder Milk,39
1513,Wholesaler,Mbale,38105544,18,5070,Milk,54
1514,Wholesaler,Jinja,39629523,6,7798,Flavored Milk,186
1515,Retailer,Mbarara,62892050,6,4794,Yogurt,122
1516,Retailer,Mbarara,27602385,10,9929,Cream,131
1517,Wholesaler,Jinja,7068051,9,496,Flavored Milk,28
1518,Wholesaler,Kampala,24588125,9,146,Cream,142
1519,Retailer,Mbale,20614528,3,2476,Powder Milk,65
1520,Wholesaler,Mbale,88209239,12,3307,Cheese,171
1521,Retailer,Kampala,98547479,11,4776,Cheese,82
1522,Wholesaler,Gulu,19630830,14,6901,Milk,112
1523,Wholesaler,Gulu,11075090,19,8744,Cream,185
1524,Wholesaler,Mbarara,51627417,10,8239,Cheese,35
1525,Wholesaler,Jinja,5889515,19,8306,Powder Milk,142
1526,Wholesaler,Mbarara,79883067,5,6790,Milk,97
1527,Wholesaler,Gulu,28278309,9,6764,Powder Milk,168
1528,Wholesaler,Kampala,58796428,1,711,Butter,33
1529,Retailer,Mbarara,6505859,15,8722,Cheese,94
1530,Retailer,Mbale,71309996,4,6929,Flavored Milk,31
1531,Retailer,Mbale,90383568,7,4712,Flavored Milk,111
1532,Retailer,Kampala,99259197,6,7865,Milk,159
1533,Retailer,Gulu,47823520,15,3311,Powder Milk,66
1534,Wholesaler,Mbale,48199364,6,455,Powder Milk,167
1535,Wholesaler,Mbale,87036315,7,4910,Powder Milk,122
1536,Retailer,Jinja,74908567,3,3610,Powder Milk,56
1537,Wholesaler,Mbarara,92852496,13,7906,Butter,176
1538,Retailer,Gulu,64633713,2,9359,Cheese,98
1539,Retailer,Mbarara,23247782,3,6740,Powder Milk,100
1540,Wholesaler,Gulu,5651631,13,5381,Yogurt,166
1541,Wholesaler,Mbale,10776295,9,3490,Yogurt,151
1542,Wholesaler,Jinja,35526955,19,791,Cream,13
1543,Retailer,Mbarara,70695277,18,7231,Cream,14
1544,Wholesaler,Mbale,6812146,5,7781,Flavored Milk,53
1545,Retailer,Gulu,5867595,10,2971,Cheese,100
1546,Retailer,Mbarara,67055820,14,7424,Yogurt,33
1547,Retailer,Mbarara,30165119,17,7073,Milk,37
1548,Wholesaler,Mbale,10099015,3,5611,Cheese,161
1549,Wholesaler,Mbarara,10868992,7,5684,Flavored Milk,137
1550,Retailer,Jinja,91040027,9,960,Cream,14
1551,Wholesaler,Jinja,56019341,5,4752,Butter,22
1552,Wholesaler,Mbale,75290671,4,1468,Milk,64
1553,Wholesaler,Gulu,66950209,3,5848,Milk,39
1554,Retailer,Mbale,44345859,13,7748,Powder Milk,111
1555,Retailer,Jinja,5288715,9,4088,Cheese,92
1556,Wholesaler,Kampala,5270153,7,3495,Cream,186
1557,Retailer,Kampala,12450242,8,181,Butter,122
1558,Wholesaler,Mbarara,31718147,10,5912,Milk,91
1559,Wholesaler,Mbarara,71384261,1,202,Butter,99
1560,Wholesaler,Kampala,72409238,1,2528,Flavored Milk,24
1561,Wholesaler,Jinja,6159940,19,8724,Milk,39
1562,Retailer,Mbarara,39921201,2,6166,Cream,37
1563,Retailer,Mbale,75640009,12,354,Yogurt,141
1564,Retailer,Mbale,24255978,13,2569,Cream,77
1565,Wholesaler,Jinja,76946509,14,6162,Flavored Milk,110
1566,Wholesaler,Mbarara,97172436,5,1042,Flavored Milk,152
1567,Wholesaler,Mbale,77785275,3,5697,Powder Milk,43
1568,Retailer,Mbarara,79281770,17,7647,Milk,108
1569,Wholesaler,Mbarara,43567963,1,8956,Yogurt,180
1570,Retailer,Mbale,72746964,14,1759,Butter,70
1571,Retailer,Kampala,57730135,6,8068,Yogurt,11
1572,Retailer,Mbale,51322869,17,9299,Flavored Milk,127
1573,Retailer,Jinja,8158181,4,520,Milk,61
1574,Retailer,Gulu,10363728,6,3515,Yogurt,61
1575,Retailer,Mbale,61018069,1,8982,Cream,24
1576,Wholesaler,Mbarara,52104338,9,3616,Yogurt,177
1577,Wholesaler,Mbarara,38406453,4,8754,Flavored Milk,37
1578,Retailer,Mbale,43323017,9,5284,Butter,105
1579,Retailer,Gulu,8518652,9,3335,Yogurt,107
1580,Wholesaler,Mbale,78923644,13,8601,Powder Milk,64
1581,Retailer,Gulu,87297125,17,334,Yogurt,187
1582,Retailer,Gulu,6222465,3,3327,Cheese,31
1583,Wholesaler,Jinja,74139488,6,2681,Flavored Milk,166
1584,Retailer,Mbarara,31830122,15,1807,Cheese,81
1585,Retailer,Mbarara,8856798,14,5529,Flavored Milk,149
1586,Retailer,Gulu,70655586,13,9764,Flavored Milk,47
1587,Wholesaler,Mbarara,95238500,9,5837,Cheese,129
1588,Wholesaler,Kampala,71507182,15,9487,Cream,11
1589,Wholesaler,Gulu,58679598,14,9654,Butter,149
1590,Retailer,Mbarara,41011107,4,5499,Butter,192
1591,Retailer,Kampala,80164694,11,4888,Flavored Milk,135
1592,Wholesaler,Jinja,50723043,2,9658,Cream,149
1593,Retailer,Mbarara,50034919,16,8599,Cream,118
1594,Retailer,Kampala,38354214,19,3515,Cheese,18
1595,Retailer,Mbale,18111001,16,6098,Yogurt,41
1596,Retailer,Mbale,96660376,7,6780,Flavored Milk,82
1597,Retailer,Kampala,91809808,11,4185,Powder Milk,145
1598,Wholesaler,Gulu,7762660,12,3191,Flavored Milk,125
1599,Retailer,Gulu,30841045,4,4603,Milk,165
1600,Wholesaler,Mbarara,95632469,16,246,Butter,193
1601,Retailer,Mbale,41853712,16,1924,Cheese,91
1602,Wholesaler,Gulu,23893005,7,5880,Yogurt,116
1603,Retailer,Gulu,43372961,13,6729,Powder Milk,45
1604,Wholesaler,Mbale,79406745,5,8036,Cream,126
1605,Retailer,Jinja,16942223,1,987,Yogurt,174
1606,Wholesaler,Gulu,39255909,5,2244,Powder Milk,41
1607,Retailer,Kampala,27875363,14,4175,Flavored Milk,176
1608,Wholesaler,Mbarara,55562530,11,6300,Yogurt,58
1609,Retailer,Gulu,29374405,2,8631,Yogurt,155
1610,Wholesaler,Gulu,61496835,18,8212,Flavored Milk,32
1611,Wholesaler,Jinja,80973585,15,6599,Butter,42
1612,Retailer,Kampala,31232601,14,7228,Milk,121
1613,Retailer,Mbarara,29374884,13,8588,Butter,188
1614,Wholesaler,Gulu,7125786,2,8360,Butter,180
1615,Retailer,Mbarara,48923880,19,8104,Milk,13
1616,Wholesaler,Mbale,53638538,8,4665,Flavored Milk,89
1617,Wholesaler,Gulu,94477925,17,9480,Butter,134
1618,Wholesaler,Gulu,53739837,15,2516,Cheese,11
1619,Retailer,Mbale,21117330,14,8825,Cheese,54
1620,Wholesaler,Jinja,38104820,3,2809,Milk,97
1621,Wholesaler,Gulu,22832590,17,1758,Cheese,124
1622,Retailer,Mbarara,72617241,3,5458,Flavored Milk,177
1623,Retailer,Kampala,6650024,13,6427,Yogurt,139
1624,Retailer,Mbarara,92109559,18,6454,Flavored Milk,169
1625,Retailer,Jinja,66808414,1,7126,Milk,10
1626,Wholesaler,Kampala,47125522,7,6271,Yogurt,27
1627,Wholesaler,Mbarara,18942679,5,4887,Cheese,169
1628,Wholesaler,Mbarara,49004409,2,8913,Butter,18
1629,Wholesaler,Mbale,61994888,17,1735,Cream,64
1630,Retailer,Jinja,89250838,10,2535,Cheese,76
1631,Wholesaler,Mbale,33357507,4,9938,Flavored Milk,33
1632,Wholesaler,Kampala,37749321,9,7990,Flavored Milk,130
1633,Retailer,Mbale,90854142,11,3651,Cream,20
1634,Wholesaler,Jinja,28976402,12,1503,Milk,165
1635,Wholesaler,Gulu,90406990,12,3256,Butter,25
1636,Wholesaler,Gulu,61184306,18,6762,Butter,102
1637,Wholesaler,Kampala,54584481,4,3040,Yogurt,114
1638,Wholesaler,Gulu,77922345,9,7596,Yogurt,21
1639,Wholesaler,Mbale,45938814,8,1400,Flavored Milk,130
1640,Retailer,Kampala,71206738,19,6392,Milk,99
1641,Retailer,Jinja,59372976,13,7388,Cream,141
1642,Wholesaler,Kampala,62921086,2,5484,Flavored Milk,84
1643,Wholesaler,Kampala,80221363,19,3999,Powder Milk,75
1644,Retailer,Mbarara,56146004,14,1329,Butter,40
1645,Wholesaler,Mbarara,35416016,5,6048,Butter,193
1646,Wholesaler,Kampala,91214977,10,870,Flavored Milk,187
1647,Wholesaler,Gulu,21994738,17,9585,Cream,98
1648,Retailer,Mbarara,36735616,16,6169,Butter,107
1649,Wholesaler,Jinja,63332472,17,2345,Cream,138
1650,Retailer,Mbale,27903076,1,53,Yogurt,48
1651,Wholesaler,Mbarara,65916399,15,2610,Butter,189
1652,Retailer,Kampala,35487415,17,7031,Yogurt,104
1653,Retailer,Gulu,42421124,11,80,Cheese,173
1654,Wholesaler,Mbale,11957111,5,6002,Cream,149
1655,Retailer,Mbarara,17582091,4,9894,Milk,70
1656,Wholesaler,Gulu,57047774,9,8182,Milk,81
1657,Retailer,Gulu,76727670,16,9540,Butter,148
1658,Wholesaler,Gulu,21740594,12,935,Milk,118
1659,Wholesaler,Kampala,38782984,18,7542,Powder Milk,23
1660,Retailer,Jinja,10569038,3,9442,Cheese,191
1661,Wholesaler,Gulu,72860111,15,4893,Butter,145
1662,Wholesaler,Mbale,34567052,18,4088,Yogurt,170
1663,Retailer,Mbarara,93922072,12,2340,Cheese,141
1664,Wholesaler,Mbale,76028532,13,3944,Cream,122
1665,Wholesaler,Kampala,68537591,1,4646,Powder Milk,39
1666,Retailer,Kampala,41889862,4,254,Cheese,93
1667,Retailer,Mbale,38801400,8,9725,Milk,103
1668,Wholesaler,Jinja,7028851,19,5552,Powder Milk,100
1669,Wholesaler,Kampala,41489731,5,8247,Yogurt,98
1670,Retailer,Kampala,16541802,11,7870,Flavored Milk,63
1671,Retailer,Mbale,48773479,17,8190,Cheese,143
1672,Wholesaler,Kampala,5804069,17,581,Milk,14
1673,Retailer,Jinja,96618680,2,8066,Cream,60
1674,Wholesaler,Jinja,19675229,1,276,Cream,151
1675,Wholesaler,Jinja,93149129,4,6192,Cheese,43
1676,Wholesaler,Mbarara,15142310,9,7532,Yogurt,178
1677,Wholesaler,Jinja,54179299,2,2149,Cream,98
1678,Wholesaler,Jinja,96983266,3,7363,Yogurt,176
1679,Retailer,Mbarara,66345239,6,7340,Butter,155
1680,Retailer,Gulu,8530662,13,4616,Flavored Milk,29
1681,Retailer,Kampala,69014188,15,9138,Flavored Milk,116
1682,Retailer,Jinja,14983536,11,9562,Milk,145
1683,Wholesaler,Kampala,83191199,10,2711,Flavored Milk,35
1684,Wholesaler,Mbale,64324986,3,1714,Yogurt,94
1685,Wholesaler,Kampala,20324902,9,1575,Flavored Milk,164
1686,Wholesaler,Mbarara,93394009,10,3800,Milk,169
1687,Retailer,Kampala,8622058,12,6807,Cheese,51
1688,Wholesaler,Kampala,94725565,8,3704,Flavored Milk,187
1689,Wholesaler,Kampala,26487586,17,2617,Flavored Milk,90
1690,Retailer,Gulu,35459234,5,1146,Cream,186
1691,Retailer,Gulu,90277899,8,3148,Yogurt,36
1692,Retailer,Mbale,66848013,18,3290,Yogurt,109
1693,Retailer,Mbarara,68864416,11,8017,Cream,44
1694,Wholesaler,Kampala,27528749,10,6778,Cheese,47
1695,Wholesaler,Kampala,52862956,15,5378,Cream,47
1696,Retailer,Kampala,15813740,6,7828,Powder Milk,51
1697,Wholesaler,Kampala,19848599,19,8129,Powder Milk,179
1698,Wholesaler,Gulu,99158686,17,3664,Butter,186
1699,Wholesaler,Mbale,62233936,10,897,Flavored Milk,66
1700,Retailer,Jinja,50676683,5,3666,Yogurt,109
1701,Wholesaler,Mbarara,76716605,16,2754,Butter,63
1702,Retailer,Kampala,42470485,12,6804,Flavored Milk,147
1703,Wholesaler,Mbale,83096894,5,3943,Flavored Milk,197
1704,Wholesaler,Jinja,8274073,1,3044,Butter,49
1705,Wholesaler,Mbale,54762125,2,4583,Yogurt,138
1706,Retailer,Gulu,81094603,5,1550,Cheese,129
1707,Wholesaler,Jinja,33231793,19,2492,Powder Milk,95
1708,Retailer,Mbale,93109635,15,1775,Flavored Milk,73
1709,Retailer,Gulu,75694394,1,9807,Cream,90
1710,Retailer,Mbale,94884013,11,7391,Milk,21
1711,Wholesaler,Mbale,89857468,18,9985,Milk,194
1712,Wholesaler,Jinja,66656460,3,375,Milk,98
1713,Wholesaler,Gulu,37446461,9,4467,Cream,35
1714,Wholesaler,Kampala,92208758,4,2716,Cheese,49
1715,Retailer,Mbarara,89285265,13,9451,Powder Milk,119
1716,Retailer,Jinja,96239274,9,4411,Flavored Milk,122
1717,Retailer,Gulu,69552859,3,7202,Yogurt,52
1718,Wholesaler,Mbale,31857192,16,891,Yogurt,81
1719,Retailer,Gulu,88228306,8,4828,Cream,150
1720,Wholesaler,Mbarara,64249581,7,2121,Powder Milk,99
1721,Retailer,Mbarara,56525989,17,1334,Cheese,193
1722,Wholesaler,Kampala,82065453,16,1428,Powder Milk,26
1723,Wholesaler,Kampala,16364354,18,6389,Flavored Milk,97
1724,Retailer,Mbarara,6107666,16,2708,Butter,33
1725,Retailer,Jinja,20600019,15,3611,Butter,85
1726,Retailer,Jinja,65168010,2,6057,Flavored Milk,67
1727,Retailer,Mbale,89904444,4,5502,Flavored Milk,198
1728,Wholesaler,Kampala,89376247,5,4062,Yogurt,165
1729,Retailer,Mbale,65120528,7,2028,Cheese,106
1730,Retailer,Kampala,24152956,15,4466,Cheese,60
1731,Retailer,Mbarara,80800059,17,5546,Powder Milk,97
1732,Wholesaler,Jinja,22208816,10,7924,Cream,101
1733,Wholesaler,Jinja,57406326,9,2274,Cream,120
1734,Retailer,Mbarara,83103714,16,7139,Yogurt,176
1735,Wholesaler,Mbale,91342605,3,1003,Milk,110
1736,Retailer,Mbale,98697722,9,6984,Butter,177
1737,Wholesaler,Gulu,40151544,8,5967,Flavored Milk,22
1738,Wholesaler,Kampala,26410898,7,8311,Powder Milk,156
1739,Wholesaler,Mbale,81195522,17,9336,Butter,15
1740,Wholesaler,Mbarara,14826849,5,5792,Butter,155
1741,Retailer,Mbale,42687289,7,4303,Powder Milk,18
1742,Retailer,Jinja,7865264,13,598,Cheese,90
1743,Retailer,Kampala,12408040,18,1889,Yogurt,77
1744,Wholesaler,Gulu,79247061,14,2001,Milk,63
1745,Retailer,Kampala,21820453,18,9300,Milk,135
1746,Retailer,Jinja,41564983,3,2557,Powder Milk,59
1747,Retailer,Jinja,38529114,17,9124,Powder Milk,79
1748,Wholesaler,Jinja,61527764,19,6400,Yogurt,148
1749,Wholesaler,Jinja,79719144,7,7653,Butter,192
1750,Wholesaler,Mbarara,6656094,4,2675,Yogurt,127
1751,Retailer,Gulu,79801306,15,5943,Cream,179
1752,Retailer,Jinja,16045028,8,7450,Yogurt,99
1753,Retailer,Jinja,89671425,16,2203,Cream,148
1754,Wholesaler,Mbale,31209461,1,4811,Flavored Milk,81
1755,Wholesaler,Gulu,57599432,16,7235,Flavored Milk,76
1756,Retailer,Kampala,35680402,2,3616,Butter,139
1757,Wholesaler,Gulu,91860713,2,309,Cheese,35
1758,Wholesaler,Gulu,11791679,8,9750,Milk,85
1759,Wholesaler,Gulu,99009609,12,8554,Flavored Milk,46
1760,Wholesaler,Jinja,46991207,11,1894,Butter,45
1761,Retailer,Jinja,39850613,6,7319,Powder Milk,25
1762,Wholesaler,Mbarara,87484716,19,1583,Yogurt,87
1763,Wholesaler,Kampala,96944195,18,5646,Cream,75
1764,Wholesaler,Mbale,62688718,5,4819,Flavored Milk,30
1765,Wholesaler,Gulu,48407051,15,9665,Yogurt,144
1766,Retailer,Kampala,37379055,8,2070,Yogurt,148
1767,Retailer,Kampala,36222533,6,6408,Flavored Milk,193
1768,Wholesaler,Mbarara,42254050,12,5552,Cream,181
1769,Wholesaler,Mbale,12918791,19,5293,Butter,63
1770,Wholesaler,Gulu,21446150,12,1741,Powder Milk,102
1771,Wholesaler,Mbale,18544643,12,9970,Cream,194
1772,Wholesaler,Mbarara,43632249,9,8569,Milk,67
1773,Wholesaler,Jinja,91530636,10,1638,Butter,46
1774,Retailer,Kampala,18900306,17,3803,Cheese,129
1775,Wholesaler,Gulu,87199613,18,147,Cream,185
1776,Retailer,Jinja,87056518,16,4804,Cream,199
1777,Retailer,Mbarara,61747913,4,6223,Cream,48
1778,Wholesaler,Mbale,87315179,18,9339,Cheese,113
1779,Retailer,Kampala,20050489,3,8102,Milk,77
1780,Retailer,Gulu,71791650,16,5068,Cream,77
1781,Retailer,Jinja,56014270,14,5754,Powder Milk,164
1782,Retailer,Jinja,53245656,9,7961,Cream,113
1783,Retailer,Kampala,15850780,6,8326,Cheese,69
1784,Retailer,Mbale,67922103,4,1327,Yogurt,181
1785,Wholesaler,Mbarara,81391115,2,568,Cheese,167
1786,Retailer,Mbale,24874034,10,5476,Flavored Milk,195
1787,Retailer,Mbale,84206766,11,7865,Cream,135
1788,Retailer,Mbale,46841575,7,233,Yogurt,132
1789,Wholesaler,Kampala,38247051,5,9214,Cream,45
1790,Retailer,Kampala,76296499,4,2438,Butter,142
1791,Wholesaler,Mbarara,83791493,6,4372,Powder Milk,133
1792,Retailer,Mbale,57825339,2,4982,Milk,156
1793,Wholesaler,Kampala,88175799,2,3877,Flavored Milk,149
1794,Wholesaler,Mbarara,88617772,16,2547,Flavored Milk,99
1795,Retailer,Mbarara,12669144,13,3529,Milk,197
1796,Retailer,Mbale,80210215,7,8807,Cheese,92
1797,Wholesaler,Gulu,72959126,5,1985,Milk,148
1798,Retailer,Mbale,25062346,17,6325,Milk,62
1799,Wholesaler,Gulu,46069689,13,9068,Cheese,29
1800,Wholesaler,Mbarara,77098211,15,399,Cream,82
1801,Wholesaler,Kampala,5276016,3,148,Butter,93
1802,Wholesaler,Jinja,51973231,4,1819,Powder Milk,36
1803,Wholesaler,Mbarara,33084338,15,1854,Milk,67
1804,Retailer,Kampala,99181718,18,9302,Cheese,132
1805,Wholesaler,Mbarara,48054330,3,8162,Flavored Milk,142
1806,Wholesaler,Mbale,53883690,7,4220,Milk,83
1807,Retailer,Gulu,68880780,8,451,Powder Milk,146
1808,Wholesaler,Mbarara,80302032,11,8429,Cream,86
1809,Retailer,Kampala,5636024,9,8380,Cream,134
1810,Retailer,Mbale,51732411,12,192,Milk,134
1811,Retailer,Jinja,74157013,5,270,Cream,41
1812,Wholesaler,Mbale,92779724,1,4290,Butter,191
1813,Wholesaler,Gulu,71935164,14,7051,Butter,182
1814,Wholesaler,Mbale,42689099,3,437,Flavored Milk,36
1815,Retailer,Jinja,66834054,15,6041,Butter,165
1816,Wholesaler,Kampala,53338944,10,609,Cream,27
1817,Retailer,Mbarara,28340704,10,1889,Powder Milk,96
1818,Wholesaler,Gulu,25099315,3,1821,Flavored Milk,114
1819,Retailer,Jinja,75379382,6,8606,Cream,168
1820,Wholesaler,Gulu,31797453,5,8658,Milk,50
1821,Wholesaler,Mbale,35405486,19,7726,Cheese,43
1822,Wholesaler,Gulu,92047743,14,9877,Butter,16
1823,Retailer,Jinja,76645943,17,2118,Flavored Milk,14
1824,Retailer,Mbarara,32788584,12,6807,Butter,30
1825,Wholesaler,Mbarara,59834128,9,566,Butter,143
1826,Wholesaler,Gulu,83196675,3,9462,Yogurt,182
1827,Retailer,Kampala,58364211,18,710,Milk,129
1828,Retailer,Gulu,54583218,4,3466,Butter,172
1829,Retailer,Mbale,12903232,14,8571,Cheese,115
1830,Wholesaler,Mbarara,67128680,6,427,Powder Milk,96
1831,Retailer,Mbarara,53778924,15,209,Yogurt,140
1832,Wholesaler,Mbarara,38640023,17,9505,Flavored Milk,170
1833,Retailer,Kampala,56364321,5,4224,Flavored Milk,47
1834,Wholesaler,Kampala,86968737,6,2249,Cheese,96
1835,Retailer,Jinja,12897687,5,9466,Cheese,89
1836,Retailer,Gulu,33523258,19,6326,Powder Milk,122
1837,Retailer,Gulu,35957053,14,2038,Milk,153
1838,Retailer,Mbale,53593230,4,6827,Cheese,98
1839,Retailer,Mbarara,74155280,5,6362,Flavored Milk,115
1840,Wholesaler,Kampala,44625868,11,8218,Milk,80
1841,Retailer,Mbale,75234248,2,915,Cheese,17
1842,Retailer,Mbale,86135550,2,8632,Cheese,140
1843,Retailer,Kampala,82448802,12,9650,Cream,78
1844,Wholesaler,Gulu,43641302,16,4965,Flavored Milk,137
1845,Retailer,Mbarara,59299573,17,6291,Milk,28
1846,Wholesaler,Gulu,78745070,4,7185,Yogurt,144
1847,Retailer,Mbale,16326873,14,1604,Yogurt,95
1848,Retailer,Mbarara,49664543,7,4097,Powder Milk,59
1849,Wholesaler,Jinja,30229298,15,181,Milk,143
1850,Retailer,Mbale,32237231,16,3729,Cheese,142
1851,Wholesaler,Gulu,9879177,8,6403,Cheese,70
1852,Wholesaler,Gulu,15246208,2,3126,Milk,104
1853,Retailer,Gulu,24248708,19,1571,Yogurt,67
1854,Wholesaler,Kampala,40413058,1,3319,Powder Milk,159
1855,Retailer,Mbale,10294512,4,490,Cream,194
1856,Retailer,Mbarara,79458425,11,9983,Cream,41
1857,Wholesaler,Gulu,55191668,10,1253,Butter,154
1858,Wholesaler,Gulu,98356146,18,8482,Flavored Milk,195
1859,Wholesaler,Kampala,97814677,1,3441,Milk,178
1860,Wholesaler,Mbarara,35265838,17,3771,Powder Milk,31
1861,Retailer,Mbale,81581967,16,6825,Butter,89
1862,Retailer,Jinja,94632199,12,7210,Flavored Milk,51
1863,Wholesaler,Kampala,55340661,16,7925,Butter,88
1864,Retailer,Mbale,77784073,9,9445,Butter,145
1865,Retailer,Jinja,49699126,17,1937,Flavored Milk,55
1866,Retailer,Gulu,90688032,3,4320,Butter,185
1867,Retailer,Gulu,38517259,18,8439,Yogurt,124
1868,Wholesaler,Mbarara,32294344,15,7755,Powder Milk,140
1869,Wholesaler,Jinja,91539748,15,4244,Milk,86
1870,Retailer,Gulu,10490248,16,794,Cream,39
1871,Wholesaler,Gulu,7283997,1,5596,Powder Milk,37
1872,Wholesaler,Mbarara,27966239,1,502,Cream,82
1873,Wholesaler,Mbale,89564950,4,3312,Yogurt,162
1874,Retailer,Gulu,7226954,13,7795,Yogurt,174
1875,Retailer,Kampala,17359101,4,548,Cream,188
1876,Retailer,Kampala,11558035,8,190,Flavored Milk,48
1877,Wholesaler,Mbale,80555427,13,1764,Flavored Milk,92
1878,Retailer,Jinja,17633945,8,725,Flavored Milk,76
1879,Retailer,Mbarara,28810121,14,3555,Butter,138
1880,Wholesaler,Kampala,79436375,1,3652,Butter,47
1881,Retailer,Kampala,17393740,9,6725,Cream,189
1882,Retailer,Mbale,95660532,1,9159,Milk,61
1883,Wholesaler,Jinja,19329569,7,6554,Butter,92
1884,Wholesaler,Jinja,90343395,13,4853,Milk,94
1885,Wholesaler,Mbale,82969394,15,1780,Yogurt,197
1886,Retailer,Kampala,91156509,9,6026,Milk,22
1887,Retailer,Mbarara,56249277,16,7861,Milk,26
1888,Retailer,Kampala,24727535,17,7078,Flavored Milk,93
1889,Wholesaler,Jinja,13755148,9,3768,Butter,167
1890,Wholesaler,Kampala,55465431,6,7138,Cheese,175
1891,Retailer,Mbarara,72010229,12,1674,Cheese,148
1892,Retailer,Gulu,38123321,16,1856,Flavored Milk,164
1893,Wholesaler,Kampala,61193882,15,9696,Powder Milk,47
1894,Wholesaler,Mbale,34222385,7,8595,Powder Milk,37
1895,Wholesaler,Gulu,36283284,10,2983,Powder Milk,163
1896,Wholesaler,Mbale,98263723,4,990,Yogurt,112
1897,Retailer,Mbale,92465974,3,7837,Yogurt,170
1898,Wholesaler,Mbale,19521726,18,3995,Yogurt,169
1899,Retailer,Kampala,98467256,1,7108,Milk,191
1900,Retailer,Jinja,62169536,13,4898,Cream,162
1901,Retailer,Gulu,22914701,18,8471,Butter,33
1902,Wholesaler,Mbarara,73604598,8,4902,Yogurt,177
1903,Wholesaler,Jinja,94106981,11,6509,Cheese,164
1904,Wholesaler,Kampala,85941984,10,4907,Milk,55
1905,Wholesaler,Mbale,32156595,4,7788,Yogurt,93
1906,Retailer,Mbarara,91443225,4,287,Yogurt,106
1907,Wholesaler,Gulu,56877453,4,3822,Powder Milk,78
1908,Wholesaler,Jinja,17670831,12,7785,Powder Milk,78
1909,Retailer,Jinja,64452982,8,2831,Butter,48
1910,Wholesaler,Mbarara,83016815,13,7137,Butter,166
1911,Retailer,Kampala,37552402,8,2034,Milk,84
1912,Retailer,Gulu,82570016,3,1102,Cheese,95
1913,Retailer,Mbarara,94807587,12,7708,Flavored Milk,40
1914,Retailer,Mbale,63667095,18,5304,Powder Milk,74
1915,Retailer,Gulu,13247729,15,400,Cheese,24
1916,Retailer,Jinja,79191649,14,962,Cream,92
1917,Retailer,Mbarara,72240099,9,4495,Powder Milk,83
1918,Retailer,Jinja,11606140,5,9546,Butter,18
1919,Wholesaler,Jinja,91459363,15,341,Butter,22
1920,Wholesaler,Jinja,42993103,8,9454,Flavored Milk,129
1921,Wholesaler,Kampala,22593678,3,7800,Cheese,54
1922,Wholesaler,Jinja,96281425,12,517,Cheese,99
1923,Retailer,Mbale,86654854,5,3327,Flavored Milk,143
1924,Wholesaler,Mbale,53264366,9,5411,Butter,113
1925,Retailer,Gulu,98177685,3,5353,Milk,53
1926,Wholesaler,Jinja,40025706,8,3625,Cheese,11
1927,Wholesaler,Jinja,7416551,13,6642,Yogurt,166
1928,Wholesaler,Mbarara,89764919,8,4375,Cheese,185
1929,Retailer,Kampala,98965504,5,1114,Cream,134
1930,Wholesaler,Gulu,45304034,7,4938,Cheese,21
1931,Retailer,Jinja,67309700,5,9935,Cream,123
1932,Retailer,Mbarara,88622193,9,2444,Cheese,76
1933,Wholesaler,Kampala,75149899,5,8328,Butter,187
1934,Wholesaler,Gulu,31675403,8,2970,Yogurt,20
1935,Wholesaler,Gulu,11138708,12,6908,Cream,14
1936,Retailer,Jinja,99657658,4,53,Cheese,54
1937,Wholesaler,Gulu,43788946,9,5990,Milk,126
1938,Retailer,Mbarara,67527934,14,8098,Powder Milk,184
1939,Retailer,Gulu,67814920,19,9763,Cream,143
1940,Wholesaler,Mbale,43051306,13,2027,Powder Milk,89
1941,Wholesaler,Mbarara,64818416,3,9716,Yogurt,103
1942,Retailer,Kampala,19374511,4,9372,Flavored Milk,93
1943,Retailer,Kampala,60123491,1,9122,Milk,98
1944,Retailer,Jinja,34429481,1,9643,Flavored Milk,120
1945,Wholesaler,Jinja,61455989,11,1800,Cheese,76
1946,Retailer,Mbale,77434734,16,51,Cream,184
1947,Wholesaler,Kampala,39234482,4,9386,Butter,171
1948,Retailer,Kampala,93073631,7,9880,Cheese,21
1949,Retailer,Kampala,33944126,12,8390,Cheese,36
1950,Wholesaler,Kampala,89181986,6,4297,Flavored Milk,114
1951,Retailer,Gulu,62889439,9,7782,Cheese,95
1952,Wholesaler,Mbarara,8240868,8,6085,Milk,126
1953,Wholesaler,Mbarara,86731679,14,2093,Butter,165
1954,Retailer,Mbale,58299306,15,1752,Flavored Milk,182
1955,Wholesaler,Gulu,50105783,5,5997,Yogurt,139
1956,Wholesaler,Kampala,74054052,15,1437,Powder Milk,146
1957,Retailer,Kampala,38154725,6,9905,Cheese,40
1958,Wholesaler,Jinja,82256605,1,5876,Powder Milk,173
1959,Wholesaler,Jinja,58854239,9,9492,Cream,122
1960,Wholesaler,Mbale,12355884,4,4512,Flavored Milk,114
1961,Retailer,Kampala,5579649,2,2086,Powder Milk,24
1962,Wholesaler,Mbale,21102578,6,6455,Cheese,106
1963,Retailer,Gulu,76979786,2,6839,Cream,199
1964,Retailer,Mbarara,78373114,3,6169,Cheese,40
1965,Wholesaler,Kampala,23811080,7,587,Flavored Milk,164
1966,Wholesaler,Gulu,24950354,17,9796,Milk,11
1967,Wholesaler,Kampala,90862055,9,9032,Yogurt,52
1968,Retailer,Jinja,77554758,9,6913,Cheese,124
1969,Wholesaler,Mbale,87347140,19,1998,Milk,132
1970,Wholesaler,Jinja,78113943,5,5228,Cheese,10
1971,Wholesaler,Mbarara,18440175,6,5154,Cheese,18
1972,Wholesaler,Jinja,84981958,18,4193,Milk,197
1973,Wholesaler,Kampala,13624138,1,9677,Cheese,139
1974,Retailer,Jinja,65672200,17,2898,Yogurt,110
1975,Retailer,Kampala,91254512,14,8355,Powder Milk,195
1976,Wholesaler,Mbarara,33586909,15,2393,Flavored Milk,119
1977,Wholesaler,Jinja,77460290,5,4583,Cream,149
1978,Wholesaler,Mbale,41742450,17,211,Cream,192
1979,Wholesaler,Mbale,95656287,11,8745,Powder Milk,147
1980,Retailer,Mbale,40486255,10,2684,Milk,120
1981,Wholesaler,Jinja,50131515,17,5151,Powder Milk,74
1982,Retailer,Jinja,29717510,1,5816,Butter,74
1983,Retailer,Jinja,55149267,5,9636,Cream,70
1984,Wholesaler,Kampala,22501784,16,1559,Cheese,104
1985,Retailer,Mbarara,60179372,7,2369,Flavored Milk,44
1986,Retailer,Mbale,92887255,12,6155,Yogurt,148
1987,Retailer,Kampala,56001895,8,8721,Yogurt,47
1988,Retailer,Mbale,6567692,18,8996,Butter,123
1989,Wholesaler,Kampala,68438899,1,4049,Powder Milk,48
1990,Wholesaler,Jinja,94345603,12,8445,Yogurt,158
1991,Retailer,Mbale,94382076,4,3399,Powder Milk,129
1992,Wholesaler,Jinja,34650763,12,4261,Flavored Milk,173
1993,Wholesaler,Mbale,7470352,1,441,Butter,119
1994,Wholesaler,Gulu,38904261,1,8001,Powder Milk,29
1995,Wholesaler,Kampala,90801963,3,6881,Milk,52
1996,Wholesaler,Gulu,57102474,12,2823,Powder Milk,158
1997,Retailer,Kampala,44731409,13,2466,Powder Milk,172
1998,Wholesaler,Mbarara,86254488,13,1288,Butter,73
1999,Wholesaler,Mbale,74721766,9,6762,Milk,116
2000,Wholesaler,Mbarara,6286479,18,790,Yogurt,41
2001,Wholesaler,Mbarara,8930174,1,6520,Cream,45
2002,Retailer,Kampala,37108286,6,9777,Flavored Milk,114
2003,Retailer,Gulu,84798155,5,7541,Powder Milk,78
2004,Retailer,Jinja,75043176,4,418,Cheese,118
2005,Retailer,Kampala,76967219,6,4959,Butter,189
2006,Wholesaler,Jinja,74215772,3,5269,Yogurt,141
2007,Retailer,Mbarara,30813782,17,9340,Powder Milk,16
2008,Wholesaler,Jinja,29939988,11,7654,Flavored Milk,93
2009,Wholesaler,Gulu,87901583,4,9633,Cheese,161
2010,Wholesaler,Kampala,19085170,1,6256,Butter,158
2011,Wholesaler,Gulu,63205295,4,1697,Flavored Milk,194
2012,Wholesaler,Gulu,70957736,3,9920,Yogurt,156
2013,Retailer,Kampala,92206188,10,2874,Cream,165
2014,Retailer,Gulu,70368292,1,4220,Powder Milk,169
2015,Retailer,Mbale,7113685,4,5959,Powder Milk,43
2016,Retailer,Mbale,34882098,19,3831,Powder Milk,25
2017,Wholesaler,Mbale,47040457,1,3178,Butter,47
2018,Retailer,Jinja,63371528,16,9514,Powder Milk,124
2019,Wholesaler,Gulu,41374104,19,2029,Butter,90
2020,Retailer,Kampala,35449133,18,6662,Powder Milk,128
2021,Wholesaler,Kampala,31659342,2,6072,Milk,141
2022,Wholesaler,Jinja,72457356,6,6131,Cream,65
2023,Retailer,Kampala,29531117,1,9818,Powder Milk,177
2024,Wholesaler,Mbale,40577433,19,7882,Milk,129
2025,Wholesaler,Gulu,28948500,5,9711,Butter,59
2026,Retailer,Kampala,88232828,2,9221,Flavored Milk,118
2027,Wholesaler,Kampala,43080363,1,1305,Yogurt,126
2028,Retailer,Mbarara,88369691,16,9883,Cheese,177
2029,Retailer,Mbarara,9338748,2,349,Milk,115
2030,Retailer,Mbarara,43179634,4,7859,Yogurt,91
2031,Wholesaler,Gulu,65651173,3,4571,Powder Milk,123
2032,Wholesaler,Mbale,70903115,17,3092,Butter,58
2033,Wholesaler,Mbale,80547046,15,8642,Yogurt,57
2034,Retailer,Mbale,95540747,10,1330,Yogurt,143
2035,Wholesaler,Gulu,20924646,12,9103,Cream,135
2036,Retailer,Gulu,68993202,12,4639,Cream,142
2037,Retailer,Mbarara,19894285,7,8183,Powder Milk,88
2038,Wholesaler,Kampala,61605981,10,6682,Yogurt,182
2039,Retailer,Jinja,55023528,5,2834,Butter,153
2040,Wholesaler,Jinja,47083057,11,7448,Cream,121
2041,Wholesaler,Kampala,67943978,2,6758,Milk,154
2042,Wholesaler,Mbarara,8228335,16,7223,Cheese,196
2043,Wholesaler,Kampala,24772958,12,4209,Flavored Milk,129
2044,Wholesaler,Kampala,58887722,16,9353,Milk,193
2045,Retailer,Jinja,76433706,4,9298,Cheese,110
2046,Retailer,Mbarara,48204081,2,9337,Butter,116
2047,Retailer,Gulu,53669106,10,2350,Cheese,88
2048,Wholesaler,Jinja,83099212,13,6300,Butter,172
2049,Wholesaler,Gulu,93337854,19,8019,Cheese,17
2050,Wholesaler,Mbarara,85053757,15,4041,Cream,108
2051,Retailer,Kampala,96439273,1,563,Milk,70
2052,Wholesaler,Mbale,26251068,17,4281,Powder Milk,109
2053,Retailer,Mbale,76752002,4,6602,Powder Milk,36
2054,Retailer,Mbarara,86838927,9,8362,Powder Milk,128
2055,Wholesaler,Mbale,57835801,6,9743,Butter,29
2056,Wholesaler,Gulu,60851366,3,2897,Yogurt,66
2057,Retailer,Mbale,56285266,2,1167,Powder Milk,32
2058,Wholesaler,Mbarara,86596333,18,8746,Butter,109
2059,Retailer,Mbarara,85928654,19,9865,Cream,139
2060,Wholesaler,Gulu,55364447,7,7911,Butter,164
2061,Wholesaler,Mbale,19508208,3,2288,Cheese,169
2062,Retailer,Mbale,61765332,18,6650,Butter,187
2063,Wholesaler,Kampala,63599488,19,2483,Cheese,49
2064,Retailer,Jinja,24177157,9,9044,Cream,113
2065,Wholesaler,Mbarara,68608858,16,7059,Milk,42
2066,Retailer,Kampala,15935958,6,7216,Butter,38
2067,Retailer,Mbarara,76642926,12,4423,Yogurt,42
2068,Wholesaler,Kampala,8279115,6,8196,Yogurt,109
2069,Retailer,Jinja,25151283,13,1521,Milk,154
2070,Wholesaler,Kampala,37342081,5,9068,Cream,83
2071,Wholesaler,Mbarara,40664004,13,1478,Powder Milk,74
2072,Wholesaler,Mbale,93360840,7,4924,Yogurt,131
2073,Retailer,Mbarara,47750867,12,7973,Cheese,52
2074,Retailer,Gulu,97577133,4,4356,Butter,126
2075,Wholesaler,Gulu,54535057,5,3831,Flavored Milk,136
2076,Wholesaler,Gulu,91030204,16,2367,Cream,109
2077,Retailer,Gulu,6129429,4,6738,Butter,195
2078,Wholesaler,Jinja,91627655,8,1056,Cream,100
2079,Wholesaler,Mbale,41821533,16,1687,Cream,52
2080,Retailer,Mbale,43081660,8,9086,Butter,174
2081,Wholesaler,Mbarara,76671770,17,5161,Flavored Milk,55
2082,Retailer,Kampala,21572175,14,7499,Powder Milk,34
2083,Wholesaler,Mbarara,39928772,12,3337,Cream,107
2084,Retailer,Mbarara,9016284,3,5490,Yogurt,102
2085,Wholesaler,Mbarara,74044068,2,2911,Yogurt,108
2086,Wholesaler,Mbarara,24278205,13,688,Butter,114
2087,Retailer,Mbale,76828429,11,8734,Yogurt,188
2088,Wholesaler,Kampala,65542904,12,5775,Cream,83
2089,Retailer,Mbarara,67106194,18,2225,Cream,126
2090,Wholesaler,Mbale,83748119,9,5645,Cheese,47
2091,Retailer,Mbarara,59647355,7,1535,Cream,175
2092,Retailer,Gulu,84463877,6,6631,Cheese,10
2093,Retailer,Mbarara,69683707,14,4593,Flavored Milk,63
2094,Retailer,Mbarara,71639417,18,5271,Cream,105
2095,Wholesaler,Jinja,22326850,14,8800,Butter,31
2096,Wholesaler,Gulu,69559404,5,3798,Powder Milk,198
2097,Retailer,Kampala,41790577,13,9211,Cheese,195
2098,Retailer,Mbarara,24882254,1,5082,Milk,191
2099,Retailer,Kampala,66862308,12,6476,Yogurt,28
2100,Wholesaler,Gulu,57243598,19,4059,Powder Milk,43
2101,Wholesaler,Mbarara,58320379,10,5373,Butter,53
2102,Wholesaler,Jinja,32006804,5,8327,Cheese,126
2103,Wholesaler,Mbale,82380543,6,5493,Flavored Milk,118
2104,Retailer,Jinja,24717855,12,6357,Cheese,76
2105,Retailer,Jinja,63430449,3,3178,Milk,123
2106,Retailer,Mbale,77809326,14,4351,Cheese,189
2107,Wholesaler,Mbale,29259251,4,6077,Butter,31
2108,Wholesaler,Mbale,73820502,17,5459,Flavored Milk,38
2109,Wholesaler,Mbarara,51746466,17,996,Cream,151
2110,Retailer,Kampala,81436516,14,3258,Flavored Milk,71
2111,Retailer,Kampala,28821608,15,3490,Milk,24
2112,Wholesaler,Mbale,42289700,7,1595,Butter,151
2113,Retailer,Jinja,54576216,4,3557,Milk,124
2114,Wholesaler,Gulu,93863268,17,79,Milk,159
2115,Wholesaler,Mbale,72897895,6,9713,Milk,106
2116,Retailer,Jinja,55301115,11,1459,Cheese,96
2117,Wholesaler,Jinja,77014693,12,3729,Yogurt,134
2118,Retailer,Mbarara,6238503,15,8770,Cheese,129
2119,Wholesaler,Mbarara,45370194,12,5197,Butter,16
2120,Retailer,Kampala,31640196,11,175,Powder Milk,93
2121,Retailer,Kampala,72441924,17,4958,Milk,16
2122,Retailer,Gulu,94820120,8,6692,Milk,26
2123,Wholesaler,Gulu,74063065,12,3308,Yogurt,41
2124,Wholesaler,Gulu,49623250,9,8895,Flavored Milk,134
2125,Retailer,Gulu,38478301,11,8191,Milk,88
2126,Retailer,Jinja,62887203,3,8982,Cheese,193
2127,Wholesaler,Jinja,14674031,7,2311,Cream,71
2128,Wholesaler,Kampala,12115375,3,8003,Milk,67
2129,Wholesaler,Mbarara,63864271,16,8532,Butter,120
2130,Retailer,Mbarara,11787839,10,1743,Cream,195
2131,Wholesaler,Mbale,83180369,7,5937,Yogurt,140
2132,Wholesaler,Jinja,69244116,15,4694,Powder Milk,98
2133,Retailer,Gulu,84530782,10,9561,Flavored Milk,89
2134,Wholesaler,Gulu,8480030,12,2871,Powder Milk,127
2135,Wholesaler,Mbale,11809368,18,3712,Butter,10
2136,Wholesaler,Mbarara,13775412,9,5244,Cheese,119
2137,Retailer,Gulu,6860288,9,1445,Powder Milk,76
2138,Retailer,Mbarara,49164413,4,3017,Butter,157
2139,Retailer,Mbale,96475334,5,4011,Powder Milk,71
2140,Retailer,Mbarara,81623366,7,2664,Milk,65
2141,Retailer,Mbarara,96642768,7,6920,Yogurt,190
2142,Retailer,Mbarara,29088202,11,1594,Milk,65
2143,Retailer,Gulu,47937710,10,5275,Yogurt,87
2144,Wholesaler,Kampala,35780426,11,8036,Cheese,182
2145,Wholesaler,Jinja,46597480,18,4932,Butter,88
2146,Retailer,Mbarara,6710525,12,4483,Powder Milk,105
2147,Wholesaler,Mbarara,58263473,16,7084,Yogurt,155
2148,Wholesaler,Mbarara,19411443,4,9298,Butter,57
2149,Retailer,Kampala,87336449,17,9687,Cream,47
2150,Wholesaler,Mbale,70177795,17,1146,Powder Milk,31
2151,Wholesaler,Gulu,64514865,5,1254,Cream,82
2152,Wholesaler,Kampala,13911707,13,7997,Cream,138
2153,Wholesaler,Mbarara,16244866,3,7369,Yogurt,179
2154,Wholesaler,Kampala,20265703,17,3633,Milk,134
2155,Retailer,Kampala,85570116,11,7589,Yogurt,133
2156,Retailer,Kampala,8595775,1,7190,Yogurt,84
2157,Retailer,Mbale,58894100,18,2088,Flavored Milk,166
2158,Wholesaler,Jinja,23798229,17,8229,Powder Milk,143
2159,Retailer,Gulu,42304949,9,9974,Powder Milk,65
2160,Wholesaler,Mbale,23943140,7,5976,Cream,129
2161,Wholesaler,Mbale,13541962,5,8273,Cheese,21
2162,Wholesaler,Jinja,95914261,16,3024,Powder Milk,48
2163,Wholesaler,Mbale,6516008,7,3618,Milk,117
2164,Retailer,Kampala,93222796,13,8256,Milk,149
2165,Retailer,Kampala,22135989,13,8348,Butter,42
2166,Wholesaler,Mbarara,69311923,15,3843,Yogurt,129
2167,Retailer,Mbale,90305410,17,251,Yogurt,92
2168,Wholesaler,Mbarara,78258508,17,8006,Powder Milk,190
2169,Retailer,Gulu,64524853,19,7435,Yogurt,28
2170,Retailer,Kampala,65402442,10,6057,Milk,195
2171,Wholesaler,Gulu,67874250,2,1844,Flavored Milk,94
2172,Retailer,Jinja,17280148,14,1458,Butter,137
2173,Wholesaler,Kampala,63829702,3,966,Yogurt,52
2174,Retailer,Gulu,80003664,7,4481,Flavored Milk,82
2175,Wholesaler,Jinja,72168653,11,7828,Powder Milk,182
2176,Wholesaler,Gulu,87496190,17,9926,Cheese,95
2177,Retailer,Jinja,61304970,15,6396,Milk,28
2178,Retailer,Jinja,81371361,19,3216,Cheese,174
2179,Wholesaler,Kampala,50792904,11,7394,Milk,20
2180,Retailer,Mbarara,93969292,15,114,Butter,193
2181,Retailer,Jinja,91487935,15,4698,Powder Milk,137
2182,Wholesaler,Jinja,67705064,6,4369,Cheese,162
2183,Wholesaler,Kampala,62161132,15,3700,Butter,108
2184,Retailer,Mbarara,76136740,9,6448,Cream,54
2185,Wholesaler,Mbale,24086333,5,2065,Cream,71
2186,Wholesaler,Mbale,22939709,19,9563,Butter,104
2187,Wholesaler,Mbarara,20627823,5,4074,Butter,151
2188,Retailer,Gulu,17160254,13,6364,Cheese,43
2189,Retailer,Kampala,49589701,18,8854,Cheese,107
2190,Wholesaler,Mbarara,47468047,17,8893,Cheese,69
2191,Retailer,Mbale,30297965,15,1437,Cream,73
2192,Wholesaler,Jinja,24453370,14,5229,Cream,188
2193,Retailer,Mbale,22899077,16,6648,Yogurt,51
2194,Wholesaler,Jinja,80772551,4,6529,Butter,158
2195,Wholesaler,Kampala,16391554,17,4813,Powder Milk,113
2196,Retailer,Jinja,30554655,14,4159,Yogurt,142
2197,Wholesaler,Mbarara,11125568,18,5585,Milk,75
2198,Retailer,Jinja,51418028,6,3178,Cream,123
2199,Retailer,Gulu,35195262,8,4916,Cheese,198
2200,Wholesaler,Mbarara,69041419,9,5135,Powder Milk,145
2201,Wholesaler,Kampala,35091529,1,587,Flavored Milk,75
2202,Retailer,Mbarara,40370121,13,7979,Milk,96
2203,Wholesaler,Gulu,8616177,3,5081,Butter,71
2204,Wholesaler,Kampala,26925931,6,6048,Cream,157
2205,Wholesaler,Mbale,92348733,17,7729,Cream,141
2206,Wholesaler,Gulu,13919983,8,2087,Butter,152
2207,Wholesaler,Kampala,99327766,6,9204,Powder Milk,193
2208,Retailer,Jinja,18916421,16,1293,Yogurt,29
2209,Retailer,Mbarara,49466808,1,7167,Cream,33
2210,Wholesaler,Kampala,94786519,10,8774,Cheese,18
2211,Wholesaler,Mbarara,16712724,18,3180,Cream,125
2212,Wholesaler,Jinja,25950007,14,5529,Powder Milk,158
2213,Retailer,Kampala,42145438,5,1703,Cheese,50
2214,Wholesaler,Mbale,37970681,17,8354,Cream,22
2215,Retailer,Gulu,70159528,14,8024,Milk,142
2216,Retailer,Kampala,20149375,18,9541,Powder Milk,55
2217,Retailer,Jinja,63906845,4,2354,Milk,87
2218,Wholesaler,Kampala,22244369,2,6970,Milk,80
2219,Retailer,Mbarara,74938571,7,9943,Flavored Milk,68
2220,Wholesaler,Kampala,66355590,7,3864,Flavored Milk,60
2221,Retailer,Mbale,60996904,7,8462,Butter,25
2222,Wholesaler,Kampala,96541351,13,5088,Cream,60
2223,Retailer,Gulu,93633944,19,3831,Butter,137
2224,Wholesaler,Kampala,27598405,6,2008,Butter,179
2225,Retailer,Mbarara,55552768,17,1346,Powder Milk,20
2226,Wholesaler,Kampala,71958799,18,6391,Cheese,77
2227,Wholesaler,Mbale,21798395,1,5773,Butter,130
2228,Wholesaler,Jinja,42740143,13,9274,Yogurt,189
2229,Wholesaler,Kampala,9729283,19,5132,Milk,147
2230,Retailer,Kampala,55985372,16,4372,Powder Milk,81
2231,Retailer,Gulu,41960165,10,7351,Cheese,173
2232,Wholesaler,Mbale,83813310,13,3278,Cream,54
2233,Retailer,Jinja,77114567,10,6618,Flavored Milk,15
2234,Wholesaler,Mbarara,55884414,14,1525,Milk,15
2235,Wholesaler,Kampala,98772255,9,2457,Butter,100
2236,Retailer,Jinja,39542560,11,7593,Flavored Milk,82
2237,Wholesaler,Mbarara,72411340,3,985,Flavored Milk,73
2238,Wholesaler,Mbale,28993242,8,5465,Flavored Milk,47
2239,Retailer,Mbale,8971473,12,2295,Powder Milk,198
2240,Wholesaler,Jinja,61669004,3,5739,Milk,87
2241,Wholesaler,Mbarara,70232853,7,4387,Cheese,72
2242,Wholesaler,Mbale,53193469,14,6622,Milk,120
2243,Wholesaler,Jinja,82721485,7,4000,Yogurt,80
2244,Retailer,Mbale,70544294,7,2708,Butter,29
2245,Retailer,Mbale,59506737,14,6199,Powder Milk,86
2246,Retailer,Mbale,97992628,12,7535,Cheese,73
2247,Wholesaler,Gulu,22981923,1,3333,Powder Milk,46
2248,Wholesaler,Mbarara,53069136,5,1346,Cheese,117
2249,Retailer,Jinja,66644466,11,1697,Butter,173
2250,Wholesaler,Jinja,64265247,1,8601,Cream,19
2251,Wholesaler,Mbarara,77193293,13,3502,Yogurt,171
2252,Wholesaler,Mbarara,71832184,17,9406,Flavored Milk,54
2253,Wholesaler,Mbarara,46553029,3,8142,Butter,72
2254,Retailer,Mbarara,21729528,10,5679,Flavored Milk,22
2255,Retailer,Kampala,69914051,19,3294,Butter,34
2256,Retailer,Jinja,33512713,7,7237,Milk,136
2257,Wholesaler,Kampala,9462966,3,4075,Powder Milk,53
2258,Retailer,Mbale,94267978,12,8744,Yogurt,83
2259,Retailer,Mbale,73682338,10,6420,Powder Milk,125
2260,Wholesaler,Jinja,11754510,12,4254,Yogurt,161
2261,Wholesaler,Mbale,92860116,15,9585,Butter,78
2262,Retailer,Mbarara,44270720,6,3862,Yogurt,56
2263,Retailer,Kampala,97510300,19,9052,Flavored Milk,100
2264,Retailer,Mbarara,42223271,5,7304,Yogurt,59
2265,Retailer,Mbale,95523872,2,835,Yogurt,125
2266,Wholesaler,Kampala,20246163,19,277,Powder Milk,173
2267,Retailer,Mbarara,76897528,19,4997,Yogurt,42
2268,Retailer,Jinja,78650760,4,7527,Cream,101
2269,Wholesaler,Mbarara,98366238,5,877,Cheese,113
2270,Retailer,Mbale,53909712,7,428,Cream,140
2271,Wholesaler,Kampala,82041210,4,6306,Butter,168
2272,Wholesaler,Jinja,81459806,11,9370,Milk,69
2273,Wholesaler,Kampala,44403583,3,6132,Milk,38
2274,Retailer,Jinja,50396735,5,8532,Cheese,181
2275,Retailer,Kampala,31052293,15,3598,Powder Milk,182
2276,Wholesaler,Mbale,64985718,18,7738,Cheese,125
2277,Retailer,Jinja,75321670,16,109,Milk,51
2278,Retailer,Gulu,96071735,16,5481,Flavored Milk,158
2279,Wholesaler,Kampala,99964079,10,2720,Milk,41
2280,Wholesaler,Kampala,73004583,1,3389,Milk,165
2281,Retailer,Mbarara,42892713,11,2839,Cream,184
2282,Wholesaler,Jinja,77865738,17,3704,Butter,108
2283,Retailer,Gulu,94936993,15,5598,Milk,129
2284,Retailer,Mbale,49258363,7,5152,Milk,56
2285,Retailer,Mbarara,8842043,6,7568,Cream,26
2286,Retailer,Gulu,25126195,15,2712,Yogurt,38
2287,Wholesaler,Jinja,37030003,15,251,Cheese,57
2288,Wholesaler,Gulu,48933164,7,7137,Cream,139
2289,Wholesaler,Kampala,93353774,3,8712,Milk,42
2290,Wholesaler,Kampala,13653210,14,7993,Milk,137
2291,Retailer,Mbarara,40122169,9,3076,Flavored Milk,77
2292,Retailer,Jinja,31403979,3,3406,Cream,48
2293,Wholesaler,Jinja,22831820,6,4023,Milk,142
2294,Retailer,Gulu,7094716,9,4521,Butter,128
2295,Retailer,Mbarara,66048732,1,4287,Powder Milk,77
2296,Retailer,Jinja,16378747,9,3173,Flavored Milk,61
2297,Wholesaler,Kampala,72985740,12,2357,Milk,189
2298,Wholesaler,Gulu,63994763,4,6053,Powder Milk,166
2299,Wholesaler,Mbale,31883826,16,3840,Butter,174
2300,Retailer,Kampala,60688961,5,5985,Cheese,145
2301,Wholesaler,Mbarara,74254560,17,6571,Milk,157
2302,Wholesaler,Jinja,92031997,17,3160,Cheese,178
2303,Wholesaler,Kampala,93878568,6,8589,Milk,79
2304,Wholesaler,Mbale,64776314,15,1651,Flavored Milk,45
2305,Wholesaler,Mbale,11774760,1,3827,Flavored Milk,41
2306,Wholesaler,Mbarara,23350879,13,4973,Powder Milk,14
2307,Retailer,Kampala,24882789,16,5969,Butter,113
2308,Retailer,Gulu,51540494,2,3828,Yogurt,157
2309,Wholesaler,Kampala,18951190,19,8563,Cream,77
2310,Wholesaler,Mbale,56701591,2,5913,Powder Milk,159
2311,Retailer,Mbarara,33002956,12,229,Powder Milk,168
2312,Retailer,Mbarara,16838036,12,4015,Butter,178
2313,Wholesaler,Gulu,43151861,8,9954,Milk,14
2314,Wholesaler,Mbarara,60665995,12,8270,Cheese,19
2315,Wholesaler,Mbarara,90669398,11,8979,Cheese,123
2316,Wholesaler,Mbarara,16753201,2,3769,Milk,174
2317,Retailer,Mbarara,10664109,1,6380,Yogurt,65
2318,Wholesaler,Mbarara,55434666,4,104,Yogurt,95
2319,Wholesaler,Mbale,63941581,9,6707,Yogurt,161
2320,Wholesaler,Kampala,12875728,7,9675,Milk,109
2321,Wholesaler,Jinja,9229911,10,8048,Cream,153
2322,Retailer,Mbarara,80559156,14,2114,Flavored Milk,11
2323,Retailer,Jinja,84072697,1,4233,Powder Milk,152
2324,Retailer,Jinja,82359806,5,3344,Flavored Milk,178
2325,Wholesaler,Mbale,39092321,13,3905,Milk,72
2326,Wholesaler,Mbarara,6697458,6,2801,Flavored Milk,186
2327,Retailer,Jinja,36086805,17,774,Cream,163
2328,Wholesaler,Mbarara,29653449,15,9495,Yogurt,103
2329,Wholesaler,Gulu,60584629,7,9419,Flavored Milk,75
2330,Retailer,Gulu,98472967,8,9538,Milk,127
2331,Retailer,Gulu,31841508,2,8099,Powder Milk,38
2332,Retailer,Jinja,95881881,18,9136,Flavored Milk,197
2333,Retailer,Gulu,72094028,7,2549,Flavored Milk,49
2334,Wholesaler,Mbale,47363471,16,1379,Flavored Milk,20
2335,Wholesaler,Mbale,38290525,19,5167,Flavored Milk,189
2336,Retailer,Jinja,69549534,9,2677,Powder Milk,135
2337,Wholesaler,Mbarara,80487620,12,2500,Milk,96
2338,Retailer,Kampala,61642319,14,9411,Butter,99
2339,Retailer,Mbarara,52932398,7,7107,Flavored Milk,88
2340,Wholesaler,Mbarara,97944072,2,7915,Butter,112
2341,Retailer,Mbarara,16354047,17,4344,Powder Milk,90
2342,Wholesaler,Mbarara,47945526,11,9706,Milk,108
2343,Wholesaler,Kampala,35252839,18,1780,Cheese,109
2344,Wholesaler,Gulu,23861036,12,8199,Cream,140
2345,Wholesaler,Mbarara,98726991,3,1173,Butter,20
2346,Retailer,Mbale,75920510,14,7243,Milk,37
2347,Wholesaler,Jinja,71585102,15,4671,Cheese,199
2348,Retailer,Jinja,71570999,19,1538,Flavored Milk,57
2349,Retailer,Mbale,28585963,10,314,Powder Milk,37
2350,Retailer,Mbarara,95597000,9,2079,Powder Milk,55
2351,Retailer,Kampala,38306944,10,6924,Milk,64
2352,Wholesaler,Gulu,81831458,4,9485,Yogurt,92
2353,Wholesaler,Jinja,81086315,19,3816,Cheese,128
2354,Retailer,Gulu,99434835,10,8637,Yogurt,11
2355,Retailer,Kampala,23819052,17,7106,Powder Milk,153
2356,Wholesaler,Jinja,96440758,12,9722,Powder Milk,20
2357,Retailer,Gulu,56982789,1,8349,Flavored Milk,12
2358,Wholesaler,Kampala,36035337,11,3613,Flavored Milk,192
2359,Retailer,Gulu,65127087,13,8121,Butter,51
2360,Wholesaler,Mbarara,94718650,1,7899,Powder Milk,166
2361,Retailer,Kampala,69934816,1,6085,Flavored Milk,101
2362,Retailer,Gulu,98578063,16,8009,Butter,168
2363,Wholesaler,Mbarara,56766115,7,3246,Cheese,86
2364,Retailer,Mbarara,67404690,10,1235,Yogurt,162
2365,Retailer,Kampala,70266206,16,4181,Cheese,129
2366,Wholesaler,Mbale,54582401,1,3125,Cream,143
2367,Retailer,Jinja,7845929,9,462,Yogurt,197
2368,Wholesaler,Kampala,7806299,6,8724,Milk,125
2369,Wholesaler,Mbarara,98141243,15,3897,Cheese,76
2370,Retailer,Mbarara,68621955,4,8844,Cream,159
2371,Retailer,Kampala,11641404,15,8024,Milk,50
2372,Retailer,Mbale,50023680,10,1131,Yogurt,190
2373,Retailer,Jinja,85661742,16,4405,Powder Milk,197
2374,Retailer,Gulu,67296553,13,7712,Powder Milk,48
2375,Retailer,Kampala,28062385,19,8266,Butter,64
2376,Retailer,Jinja,28441871,4,8439,Cheese,167
2377,Wholesaler,Jinja,91974380,16,2676,Cheese,80
2378,Retailer,Mbarara,69609985,11,8664,Butter,139
2379,Wholesaler,Gulu,50956810,15,1191,Butter,17
2380,Retailer,Kampala,75793559,11,6985,Flavored Milk,123
2381,Retailer,Mbarara,39916493,11,1170,Cream,72
2382,Wholesaler,Mbarara,55906310,3,4577,Powder Milk,196
2383,Retailer,Mbale,12285930,17,7156,Flavored Milk,106
2384,Retailer,Jinja,79635669,5,6743,Yogurt,165
2385,Wholesaler,Kampala,53410427,13,4953,Powder Milk,83
2386,Retailer,Kampala,88226851,10,105,Cheese,175
2387,Retailer,Kampala,76860634,5,6808,Butter,27
2388,Retailer,Mbarara,29013751,12,2313,Butter,199
2389,Wholesaler,Mbale,92482278,8,8262,Cream,106
2390,Retailer,Gulu,77585906,12,6403,Powder Milk,32
2391,Retailer,Mbarara,11660973,16,8532,Milk,133
2392,Retailer,Gulu,19140178,2,2044,Cream,177
2393,Retailer,Mbale,78615421,3,884,Cream,69
2394,Wholesaler,Jinja,6677003,18,4333,Flavored Milk,94
2395,Wholesaler,Kampala,10343170,17,5320,Powder Milk,14
2396,Retailer,Gulu,27520686,2,4359,Powder Milk,108
2397,Retailer,Mbarara,96285063,12,1551,Milk,155
2398,Wholesaler,Gulu,88187277,17,4738,Butter,175
2399,Wholesaler,Jinja,34080764,6,4186,Cheese,120
2400,Retailer,Kampala,16962723,17,69,Cheese,166
2401,Wholesaler,Gulu,39218054,2,1082,Milk,163
2402,Retailer,Jinja,74357873,8,9066,Cream,69
2403,Wholesaler,Mbarara,72017261,14,3324,Flavored Milk,173
2404,Wholesaler,Mbale,86595615,6,797,Yogurt,123
2405,Wholesaler,Mbarara,76646535,9,7054,Powder Milk,91
2406,Wholesaler,Kampala,49610123,1,1017,Cheese,166
2407,Retailer,Mbarara,56578953,5,3597,Yogurt,168
2408,Wholesaler,Mbarara,98851134,7,2848,Powder Milk,115
2409,Wholesaler,Mbarara,46531533,9,3065,Flavored Milk,150
2410,Retailer,Mbarara,52960165,14,6655,Milk,127
2411,Wholesaler,Kampala,42660253,9,1854,Cream,132
2412,Wholesaler,Jinja,39182724,4,2073,Flavored Milk,177
2413,Retailer,Gulu,57993088,15,8642,Butter,130
2414,Wholesaler,Mbale,30792704,4,4482,Flavored Milk,11
2415,Retailer,Gulu,62113528,3,9610,Milk,127
2416,Retailer,Gulu,58478461,14,3374,Milk,145
2417,Retailer,Mbale,26970451,9,7213,Flavored Milk,83
2418,Retailer,Kampala,17467440,19,1927,Powder Milk,136
2419,Wholesaler,Mbale,86193369,6,9639,Milk,127
2420,Retailer,Kampala,15340925,3,3725,Butter,117
2421,Wholesaler,Gulu,52030890,18,7011,Yogurt,52
2422,Wholesaler,Kampala,96660924,16,55,Flavored Milk,186
2423,Wholesaler,Jinja,8655980,3,5583,Milk,121
2424,Wholesaler,Mbale,87645770,2,8827,Cream,159
2425,Wholesaler,Jinja,11763975,2,9763,Powder Milk,172
2426,Wholesaler,Gulu,15103457,10,5225,Powder Milk,28
2427,Wholesaler,Mbale,88050327,15,3928,Powder Milk,141
2428,Wholesaler,Gulu,44930157,3,3519,Yogurt,28
2429,Wholesaler,Jinja,8946492,8,9063,Butter,29
2430,Wholesaler,Gulu,21126288,18,4383,Flavored Milk,13
2431,Retailer,Mbale,88843103,11,6683,Milk,58
2432,Retailer,Mbale,88781578,7,3143,Yogurt,163
2433,Retailer,Gulu,15722401,19,907,Butter,12
2434,Wholesaler,Mbale,55730967,7,7668,Cheese,61
2435,Retailer,Mbale,89794558,2,8027,Milk,137
2436,Retailer,Gulu,63605084,6,2600,Powder Milk,45
2437,Retailer,Jinja,13315951,5,1275,Powder Milk,178
2438,Wholesaler,Mbale,12669743,14,8895,Butter,188
2439,Wholesaler,Mbale,51462201,18,7503,Cream,112
2440,Wholesaler,Mbale,9777231,4,7450,Cream,25
2441,Wholesaler,Mbale,73639384,4,9581,Yogurt,56
2442,Retailer,Gulu,44800292,13,4606,Cream,89
2443,Retailer,Jinja,42626652,1,2767,Powder Milk,55
2444,Retailer,Jinja,52551667,5,3442,Flavored Milk,109
2445,Retailer,Kampala,79443565,3,8204,Yogurt,192
2446,Wholesaler,Mbale,92386857,19,9304,Powder Milk,107
2447,Wholesaler,Mbale,66312022,13,6172,Flavored Milk,133
2448,Wholesaler,Kampala,20582146,7,4578,Butter,176
2449,Retailer,Jinja,7491636,10,9850,Butter,143
2450,Wholesaler,Mbarara,60426849,3,1131,Yogurt,93
2451,Wholesaler,Mbarara,6627295,2,6689,Yogurt,70
2452,Retailer,Jinja,23501916,7,7068,Flavored Milk,18
2453,Retailer,Mbale,51328328,9,6155,Cream,148
2454,Wholesaler,Mbarara,92989697,12,4800,Milk,74
2455,Wholesaler,Gulu,48741990,10,2704,Yogurt,100
2456,Wholesaler,Gulu,84310445,19,205,Powder Milk,131
2457,Wholesaler,Kampala,86536580,13,4346,Milk,68
2458,Wholesaler,Jinja,61179830,10,3119,Milk,121
2459,Wholesaler,Jinja,7784629,5,2013,Cream,122
2460,Retailer,Mbarara,44079781,15,4644,Milk,127
2461,Retailer,Mbale,63071917,3,7713,Butter,16
2462,Retailer,Jinja,73936880,8,6353,Butter,121
2463,Wholesaler,Mbarara,86591433,6,9476,Milk,131
2464,Retailer,Mbarara,95972009,19,6192,Milk,70
2465,Wholesaler,Jinja,89388907,17,9718,Butter,66
2466,Wholesaler,Mbarara,54323130,10,3805,Flavored Milk,95
2467,Retailer,Kampala,66039982,1,880,Cream,171
2468,Wholesaler,Kampala,90039476,13,6624,Cream,93
2469,Wholesaler,Jinja,89585910,10,6171,Powder Milk,54
2470,Retailer,Mbale,67609170,12,6124,Cream,54
2471,Retailer,Kampala,55821102,2,1392,Cheese,24
2472,Retailer,Kampala,20445128,10,7729,Yogurt,146
2473,Wholesaler,Jinja,52469725,1,7379,Milk,183
2474,Retailer,Gulu,30590187,1,1894,Butter,183
2475,Retailer,Mbarara,91536634,15,511,Cream,45
2476,Wholesaler,Kampala,14967502,1,3041,Milk,55
2477,Retailer,Gulu,17935107,9,6893,Milk,51
2478,Retailer,Mbale,99026053,7,9820,Milk,167
2479,Retailer,Gulu,72943039,16,250,Cream,148
2480,Wholesaler,Jinja,76530109,16,565,Milk,127
2481,Wholesaler,Mbale,67253884,13,5921,Flavored Milk,42
2482,Wholesaler,Mbale,73485199,10,5500,Yogurt,135
2483,Wholesaler,Gulu,54330649,18,4889,Yogurt,119
2484,Retailer,Jinja,26459320,9,6540,Butter,177
2485,Wholesaler,Kampala,39978990,12,3281,Flavored Milk,79
2486,Wholesaler,Gulu,96754128,13,3746,Flavored Milk,180
2487,Retailer,Kampala,44489976,11,9517,Yogurt,119
2488,Retailer,Gulu,35851197,15,3343,Butter,176
2489,Retailer,Kampala,79684085,10,7051,Flavored Milk,134
2490,Wholesaler,Gulu,29600794,10,1679,Butter,48
2491,Wholesaler,Mbale,90802468,9,4068,Yogurt,190
2492,Wholesaler,Mbarara,44125586,3,4539,Milk,92
2493,Retailer,Mbale,45391590,16,7613,Powder Milk,168
2494,Retailer,Kampala,37471010,12,2066,Powder Milk,115
2495,Wholesaler,Jinja,96177100,17,8408,Powder Milk,72
2496,Retailer,Mbale,95270541,15,1025,Flavored Milk,34
2497,Retailer,Mbarara,59938607,3,4597,Butter,50
2498,Retailer,Kampala,55783084,5,7355,Milk,187
2499,Wholesaler,Mbale,72811009,13,909,Yogurt,68
2500,Retailer,Gulu,16833453,6,3994,Cream,186
2501,Retailer,Jinja,29990771,9,259,Cheese,39
2502,Wholesaler,Kampala,72313254,19,9850,Powder Milk,54
2503,Wholesaler,Mbale,30889380,7,263,Flavored Milk,62
2504,Retailer,Kampala,34072072,13,5947,Cream,163
2505,Retailer,Gulu,19292937,5,5832,Flavored Milk,49
2506,Wholesaler,Mbarara,20723838,16,7452,Butter,149
2507,Wholesaler,Mbale,66019334,4,9214,Yogurt,10
2508,Retailer,Kampala,44875288,5,353,Powder Milk,79
2509,Retailer,Kampala,90081133,19,7326,Yogurt,138
2510,Retailer,Kampala,79828280,6,7050,Flavored Milk,145
2511,Retailer,Mbarara,70064475,4,8224,Flavored Milk,121
2512,Wholesaler,Kampala,16957761,1,910,Powder Milk,42
2513,Retailer,Jinja,77556414,17,4097,Powder Milk,124
2514,Retailer,Jinja,79073104,9,1905,Butter,187
2515,Wholesaler,Kampala,52030586,16,7001,Butter,113
2516,Retailer,Jinja,70121667,2,2217,Cheese,143
2517,Wholesaler,Mbale,94484241,11,6009,Milk,197
2518,Retailer,Jinja,5936834,5,1683,Butter,189
2519,Retailer,Kampala,85428402,13,2524,Milk,140
2520,Wholesaler,Gulu,7755748,17,5090,Flavored Milk,88
2521,Wholesaler,Mbale,24598944,15,2427,Cheese,15
2522,Retailer,Mbarara,46711208,12,9992,Cheese,46
2523,Retailer,Kampala,80349015,6,3461,Cream,188
2524,Retailer,Mbarara,40017415,13,4709,Cream,36
2525,Wholesaler,Gulu,35518306,18,4325,Cream,115
2526,Retailer,Mbarara,50303297,15,4435,Cheese,183
2527,Wholesaler,Kampala,28430987,15,8727,Yogurt,78
2528,Wholesaler,Kampala,95501973,8,9602,Powder Milk,132
2529,Retailer,Gulu,68552972,19,7325,Cream,154
2530,Wholesaler,Kampala,34607049,14,822,Powder Milk,26
2531,Retailer,Gulu,29727338,7,1882,Flavored Milk,114
2532,Retailer,Gulu,90174980,14,7655,Yogurt,127
2533,Retailer,Kampala,82749818,5,1349,Yogurt,32
2534,Retailer,Jinja,78048328,15,8423,Cheese,48
2535,Retailer,Gulu,89111692,15,9504,Yogurt,170
2536,Wholesaler,Kampala,24616830,4,8387,Flavored Milk,19
2537,Wholesaler,Jinja,80539734,1,5213,Flavored Milk,92
2538,Retailer,Gulu,7078237,17,1889,Cream,177
2539,Retailer,Jinja,46272822,1,4644,Yogurt,82
2540,Wholesaler,Mbale,33290580,16,852,Powder Milk,152
2541,Wholesaler,Mbale,42310762,13,4000,Flavored Milk,52
2542,Wholesaler,Jinja,28783624,18,1368,Powder Milk,97
2543,Wholesaler,Gulu,70884431,10,6168,Milk,21
2544,Retailer,Kampala,5643606,18,4676,Yogurt,31
2545,Retailer,Mbarara,19667193,17,2990,Cheese,27
2546,Wholesaler,Kampala,55723926,9,7619,Cream,71
2547,Retailer,Mbarara,34222942,14,7448,Cheese,198
2548,Wholesaler,Mbarara,12340100,13,5508,Flavored Milk,197
2549,Retailer,Gulu,17233664,14,2102,Flavored Milk,88
2550,Wholesaler,Jinja,72026415,11,6504,Cheese,176
2551,Retailer,Kampala,23316187,13,6355,Milk,159
2552,Wholesaler,Jinja,42266577,17,8457,Cheese,151
2553,Wholesaler,Mbale,52440855,3,835,Yogurt,114
2554,Retailer,Gulu,33537312,1,7029,Cheese,16
2555,Wholesaler,Gulu,43858633,5,1685,Butter,172
2556,Retailer,Mbale,71808100,13,7388,Milk,43
2557,Retailer,Kampala,30929695,5,3159,Cream,72
2558,Wholesaler,Mbale,72593644,5,6103,Milk,139
2559,Retailer,Kampala,13496143,12,5054,Cheese,118
2560,Retailer,Mbarara,88901143,2,5806,Butter,182
2561,Retailer,Gulu,25583027,16,7495,Yogurt,72
2562,Retailer,Kampala,23354293,17,334,Cheese,139
2563,Retailer,Jinja,78160973,5,2463,Yogurt,191
2564,Wholesaler,Jinja,14670026,12,1693,Butter,60
2565,Retailer,Gulu,10327826,15,7285,Cream,50
2566,Retailer,Mbale,92732385,6,9369,Cheese,142
2567,Retailer,Mbale,56869324,13,9511,Cheese,94
2568,Retailer,Kampala,29850598,11,6385,Yogurt,80
2569,Retailer,Mbale,44606299,17,693,Cheese,162
2570,Wholesaler,Gulu,57981159,9,7361,Butter,10
2571,Retailer,Kampala,86547023,16,8267,Cheese,18
2572,Wholesaler,Mbarara,18754929,17,3987,Cream,117
2573,Wholesaler,Mbale,77711026,18,4857,Cream,110
2574,Wholesaler,Mbale,6359871,13,6386,Flavored Milk,131
2575,Wholesaler,Kampala,99898331,11,6574,Butter,117
2576,Retailer,Jinja,57036728,13,1075,Milk,13
2577,Wholesaler,Mbale,10668795,13,5772,Yogurt,158
2578,Wholesaler,Gulu,21468619,12,1118,Powder Milk,70
2579,Retailer,Mbale,60966516,14,9180,Powder Milk,35
2580,Retailer,Mbarara,53251440,13,4148,Butter,126
2581,Retailer,Mbale,84234211,9,8065,Powder Milk,181
2582,Wholesaler,Jinja,34429075,14,9714,Milk,174
2583,Retailer,Mbale,62837209,1,225,Milk,87
2584,Retailer,Kampala,38001783,9,8145,Butter,147
2585,Wholesaler,Mbale,74241207,4,1193,Milk,91
2586,Retailer,Jinja,26218649,12,5943,Milk,90
2587,Retailer,Kampala,71582677,14,7391,Powder Milk,84
2588,Retailer,Gulu,27271863,9,3560,Flavored Milk,56
2589,Retailer,Kampala,72181128,3,4112,Cheese,97
2590,Wholesaler,Mbarara,67312624,6,7847,Powder Milk,92
2591,Retailer,Kampala,62104737,3,1000,Powder Milk,160
2592,Retailer,Gulu,86998337,1,4486,Flavored Milk,129
2593,Wholesaler,Mbale,63140980,3,2794,Cheese,132
2594,Retailer,Kampala,86102342,14,8362,Milk,63
2595,Wholesaler,Kampala,97132094,2,4720,Cheese,196
2596,Retailer,Kampala,22386467,12,1970,Cream,156
2597,Wholesaler,Kampala,65556236,10,9926,Cream,34
2598,Wholesaler,Gulu,59748573,13,5662,Flavored Milk,76
2599,Wholesaler,Jinja,54332810,4,6469,Yogurt,150
2600,Wholesaler,Jinja,48832825,19,9210,Yogurt,30
2601,Retailer,Kampala,83919874,1,6222,Cheese,31
2602,Wholesaler,Gulu,84830202,11,5980,Cream,184
2603,Retailer,Gulu,13172993,16,3858,Yogurt,38
2604,Wholesaler,Kampala,55121218,19,4788,Butter,58
2605,Wholesaler,Mbarara,28288503,19,6545,Yogurt,116
2606,Wholesaler,Kampala,44970638,12,1154,Cheese,34
2607,Retailer,Mbarara,70970448,3,4439,Milk,160
2608,Wholesaler,Kampala,54928243,18,3934,Flavored Milk,85
2609,Retailer,Mbarara,77609135,17,782,Yogurt,58
2610,Retailer,Mbarara,90284996,5,1631,Cheese,160
2611,Retailer,Kampala,77674273,16,3729,Cream,14
2612,Retailer,Mbarara,28034165,14,3902,Flavored Milk,166
2613,Retailer,Mbale,77119868,19,2477,Butter,14
2614,Retailer,Jinja,94124716,6,373,Milk,48
2615,Retailer,Gulu,18088783,3,3749,Powder Milk,172
2616,Retailer,Mbarara,90944036,6,5231,Flavored Milk,90
2617,Retailer,Mbarara,5448250,12,7363,Powder Milk,39
2618,Wholesaler,Gulu,25173871,11,8603,Cream,193
2619,Wholesaler,Mbarara,52777266,7,2150,Flavored Milk,11
2620,Wholesaler,Gulu,72167039,1,2804,Cheese,24
2621,Wholesaler,Kampala,53172500,16,1522,Butter,60
2622,Wholesaler,Mbale,42105704,16,1156,Cream,32
2623,Retailer,Mbale,80924935,17,1853,Yogurt,35
2624,Retailer,Jinja,14367922,15,8322,Butter,20
2625,Retailer,Mbarara,82644981,9,6707,Milk,137
2626,Retailer,Jinja,94184772,5,6956,Powder Milk,33
2627,Retailer,Kampala,22343120,8,5405,Yogurt,146
2628,Retailer,Mbale,99826340,1,3038,Powder Milk,80
2629,Retailer,Kampala,52632614,7,7254,Butter,147
2630,Wholesaler,Kampala,85176475,11,5826,Milk,106
2631,Wholesaler,Mbarara,19219938,13,8566,Flavored Milk,119
2632,Wholesaler,Kampala,71891431,13,2411,Flavored Milk,81
2633,Wholesaler,Mbale,60728405,7,1284,Powder Milk,80
2634,Retailer,Jinja,28951084,11,152,Powder Milk,194
2635,Retailer,Mbale,16642716,18,4962,Flavored Milk,99
2636,Retailer,Mbarara,41369417,1,796,Cream,136
2637,Wholesaler,Mbale,61770193,12,4958,Powder Milk,132
2638,Retailer,Gulu,65225250,3,3741,Flavored Milk,152
2639,Retailer,Jinja,54767147,1,9489,Cream,42
2640,Retailer,Gulu,79490319,4,3114,Powder Milk,148
2641,Wholesaler,Gulu,88927793,6,5462,Yogurt,156
2642,Retailer,Mbarara,41250182,5,1769,Powder Milk,179
2643,Wholesaler,Kampala,20468701,11,2252,Flavored Milk,67
2644,Wholesaler,Gulu,62290806,13,5201,Yogurt,155
2645,Wholesaler,Mbale,63658747,11,6076,Yogurt,155
2646,Wholesaler,Kampala,33917703,6,7787,Butter,31
2647,Retailer,Mbale,44984148,19,5502,Flavored Milk,98
2648,Wholesaler,Mbale,6436953,15,7234,Cream,127
2649,Wholesaler,Kampala,45110840,13,1839,Cheese,189
2650,Retailer,Kampala,93356379,10,309,Powder Milk,53
2651,Retailer,Mbale,89360186,1,1968,Flavored Milk,168
2652,Wholesaler,Mbarara,42617574,13,6554,Cheese,18
2653,Retailer,Jinja,55854695,6,5568,Flavored Milk,59
2654,Wholesaler,Jinja,62031378,12,6653,Yogurt,128
2655,Wholesaler,Mbarara,47481948,17,8225,Flavored Milk,70
2656,Wholesaler,Kampala,34947411,18,7302,Flavored Milk,28
2657,Wholesaler,Mbale,66378377,8,7280,Cream,61
2658,Retailer,Jinja,64196811,14,149,Flavored Milk,64
2659,Wholesaler,Mbale,17650615,5,3955,Flavored Milk,34
2660,Retailer,Mbarara,16208800,2,2392,Butter,78
2661,Retailer,Mbale,32199607,11,8141,Powder Milk,84
2662,Retailer,Mbarara,6811992,3,3283,Butter,150
2663,Retailer,Kampala,59830232,16,5074,Yogurt,171
2664,Wholesaler,Mbarara,6271028,16,377,Yogurt,81
2665,Retailer,Mbarara,76816963,9,9593,Cheese,34
2666,Wholesaler,Jinja,53066051,13,2339,Yogurt,100
2667,Retailer,Mbale,21860302,10,1415,Butter,84
2668,Retailer,Jinja,63363383,17,1458,Yogurt,73
2669,Wholesaler,Gulu,68194958,17,9752,Cheese,91
2670,Wholesaler,Mbarara,60165087,10,269,Cheese,147
2671,Wholesaler,Gulu,44250530,8,6457,Butter,106
2672,Retailer,Jinja,74160627,7,3289,Cream,109
2673,Retailer,Mbale,66354622,14,1319,Yogurt,26
2674,Wholesaler,Jinja,13896845,18,7592,Powder Milk,14
2675,Wholesaler,Mbale,54634743,19,3867,Cheese,76
2676,Wholesaler,Mbale,60864235,18,7239,Cream,110
2677,Wholesaler,Kampala,45794080,14,6907,Cream,147
2678,Retailer,Mbarara,94092447,10,117,Yogurt,164
2679,Wholesaler,Jinja,60739730,1,9913,Yogurt,193
2680,Wholesaler,Mbale,7884509,9,8984,Powder Milk,144
2681,Wholesaler,Jinja,31203535,18,7275,Cream,122
2682,Wholesaler,Jinja,85267659,13,5433,Butter,38
2683,Retailer,Mbale,31344649,17,2062,Butter,58
2684,Wholesaler,Gulu,95718145,16,9947,Yogurt,176
2685,Retailer,Mbarara,21656913,11,9688,Flavored Milk,18
2686,Wholesaler,Mbarara,38201244,9,3119,Flavored Milk,198
2687,Wholesaler,Kampala,60852823,7,7716,Milk,87
2688,Retailer,Kampala,77427877,1,340,Milk,191
2689,Wholesaler,Kampala,88920267,9,6362,Milk,146
2690,Retailer,Mbarara,57472635,10,7777,Butter,69
2691,Retailer,Gulu,33573755,16,3729,Yogurt,61
2692,Wholesaler,Mbarara,23319836,18,3960,Powder Milk,130
2693,Retailer,Mbarara,23042581,14,4701,Powder Milk,84
2694,Retailer,Mbarara,66893219,11,402,Cheese,20
2695,Retailer,Mbarara,16104256,4,1313,Yogurt,113
2696,Retailer,Gulu,80564586,19,1876,Yogurt,172
2697,Retailer,Kampala,50870113,13,4428,Milk,84
2698,Retailer,Jinja,69569007,1,1655,Yogurt,45
2699,Retailer,Kampala,64800992,19,3448,Powder Milk,192
2700,Retailer,Kampala,33148419,15,4601,Milk,140
2701,Wholesaler,Jinja,11034589,15,3056,Yogurt,118
2702,Wholesaler,Mbarara,89805364,11,1054,Cheese,92
2703,Retailer,Gulu,34275635,5,6017,Flavored Milk,190
2704,Wholesaler,Gulu,95032493,10,6478,Flavored Milk,37
2705,Retailer,Kampala,37503123,18,2128,Butter,62
2706,Retailer,Jinja,27786905,7,2545,Cheese,63
2707,Wholesaler,Mbale,59324558,1,2311,Powder Milk,190
2708,Retailer,Mbarara,46475654,3,1787,Yogurt,74
2709,Retailer,Kampala,94340230,1,3146,Cheese,62
2710,Retailer,Gulu,76944305,17,7977,Yogurt,49
2711,Retailer,Jinja,53331548,15,2494,Cheese,50
2712,Wholesaler,Jinja,62275286,5,386,Cheese,175
2713,Retailer,Kampala,78563553,16,3033,Flavored Milk,84
2714,Retailer,Mbale,7534867,12,9209,Cheese,38
2715,Retailer,Gulu,63063248,19,7048,Butter,168
2716,Wholesaler,Kampala,91054207,14,5048,Yogurt,198
2717,Retailer,Mbale,53173267,3,8913,Milk,49
2718,Wholesaler,Jinja,79320188,19,9545,Cheese,139
2719,Wholesaler,Mbarara,44338168,1,8237,Milk,57
2720,Retailer,Gulu,60743692,1,9956,Flavored Milk,10
2721,Retailer,Gulu,80437419,10,2645,Milk,68
2722,Wholesaler,Mbale,90521623,3,3020,Butter,169
2723,Retailer,Kampala,9464878,13,3319,Butter,97
2724,Wholesaler,Jinja,64187191,6,528,Flavored Milk,11
2725,Wholesaler,Mbale,68477540,11,893,Powder Milk,68
2726,Retailer,Mbarara,18661574,6,1675,Butter,140
2727,Retailer,Mbarara,21564743,3,1930,Yogurt,58
2728,Wholesaler,Mbarara,54428045,16,8746,Powder Milk,85
2729,Wholesaler,Mbale,45111939,9,8351,Butter,43
2730,Wholesaler,Jinja,72338516,8,9647,Powder Milk,71
2731,Wholesaler,Gulu,83671804,3,4542,Cheese,43
2732,Retailer,Kampala,7767049,5,3530,Cream,32
2733,Retailer,Gulu,92699669,14,8592,Butter,28
2734,Retailer,Jinja,49819037,5,9799,Powder Milk,189
2735,Retailer,Gulu,16129309,19,3092,Yogurt,69
2736,Retailer,Mbale,23723914,5,2886,Flavored Milk,136
2737,Wholesaler,Mbarara,13818645,2,8128,Butter,105
2738,Retailer,Jinja,88581596,7,7924,Yogurt,165
2739,Retailer,Jinja,15873496,1,6614,Cheese,99
2740,Retailer,Gulu,16802553,18,3678,Cream,58
2741,Retailer,Mbale,52377997,10,5067,Milk,54
2742,Retailer,Gulu,92312053,6,8352,Milk,85
2743,Wholesaler,Gulu,44301580,7,7656,Flavored Milk,116
2744,Wholesaler,Jinja,30784989,12,1251,Flavored Milk,69
2745,Wholesaler,Gulu,32532433,18,6053,Milk,193
2746,Retailer,Mbarara,95074467,11,60,Milk,141
2747,Wholesaler,Gulu,5354100,19,9831,Flavored Milk,155
2748,Wholesaler,Mbarara,58068175,4,1551,Milk,166
2749,Retailer,Jinja,51518939,19,8370,Butter,129
2750,Retailer,Mbale,76394802,13,7955,Powder Milk,176
2751,Retailer,Mbarara,20639862,19,3653,Cream,64
2752,Wholesaler,Mbale,63340622,2,4245,Cream,195
2753,Wholesaler,Mbale,68023679,9,339,Yogurt,184
2754,Retailer,Mbarara,95511471,8,5738,Powder Milk,40
2755,Retailer,Jinja,10587182,14,7443,Flavored Milk,124
2756,Wholesaler,Kampala,31119311,9,9918,Yogurt,165
2757,Wholesaler,Mbale,58910901,13,7655,Cheese,164
2758,Retailer,Mbale,42778451,18,2743,Cheese,39
2759,Retailer,Jinja,59744352,6,9612,Butter,58
2760,Wholesaler,Jinja,82047376,3,8424,Cheese,179
2761,Retailer,Gulu,54633476,10,400,Flavored Milk,84
2762,Wholesaler,Jinja,20649149,10,3636,Butter,77
2763,Wholesaler,Mbale,22436228,10,5965,Powder Milk,109
2764,Wholesaler,Mbarara,67678713,9,9643,Butter,138
2765,Wholesaler,Kampala,58706406,12,5634,Cream,181
2766,Retailer,Gulu,88244748,8,2899,Flavored Milk,112
2767,Retailer,Mbarara,57573675,9,4485,Milk,174
2768,Wholesaler,Kampala,43017187,17,6454,Cream,170
2769,Wholesaler,Kampala,35833245,8,3977,Yogurt,158
2770,Wholesaler,Kampala,16434838,18,6564,Flavored Milk,97
2771,Wholesaler,Mbarara,79044436,17,7490,Cream,177
2772,Wholesaler,Gulu,90674814,6,5866,Milk,198
2773,Retailer,Gulu,72569151,10,6642,Milk,123
2774,Retailer,Kampala,91169710,1,5875,Cheese,22
2775,Retailer,Mbarara,65310452,1,3538,Powder Milk,122
2776,Retailer,Kampala,37994142,9,1945,Cream,175
2777,Wholesaler,Jinja,67530557,3,2958,Cream,166
2778,Wholesaler,Gulu,81011979,6,1461,Butter,190
2779,Wholesaler,Mbale,62523277,7,5507,Butter,73
2780,Wholesaler,Kampala,18763963,9,4049,Cheese,45
2781,Wholesaler,Jinja,27339211,5,5498,Cheese,113
2782,Retailer,Gulu,85465335,16,8897,Butter,120
2783,Wholesaler,Mbarara,15933006,2,6342,Flavored Milk,14
2784,Retailer,Gulu,10840210,3,8591,Flavored Milk,157
2785,Retailer,Mbarara,48086811,3,7058,Flavored Milk,148
2786,Retailer,Mbarara,63334631,10,1193,Flavored Milk,81
2787,Retailer,Kampala,47332328,3,447,Cheese,165
2788,Wholesaler,Kampala,14188036,15,695,Yogurt,186
2789,Retailer,Gulu,14227525,14,7656,Yogurt,178
2790,Retailer,Jinja,85774722,4,4182,Butter,155
2791,Retailer,Gulu,89730084,10,2284,Yogurt,167
2792,Wholesaler,Mbale,70483936,11,9725,Flavored Milk,137
2793,Wholesaler,Mbarara,26787050,11,2012,Cheese,151
2794,Wholesaler,Mbarara,44061652,8,859,Flavored Milk,65
2795,Retailer,Kampala,6715027,9,6523,Milk,82
2796,Retailer,Jinja,62343718,8,7533,Cheese,189
2797,Wholesaler,Kampala,29100496,12,4465,Milk,100
2798,Retailer,Mbale,95170588,17,6668,Milk,38
2799,Wholesaler,Gulu,48652999,15,8755,Cream,137
2800,Wholesaler,Gulu,33332095,19,8575,Butter,36
2801,Retailer,Jinja,16987581,6,4869,Milk,77
2802,Retailer,Kampala,52673049,5,57,Cream,172
2803,Retailer,Kampala,59365979,8,5865,Yogurt,100
2804,Retailer,Mbale,60746009,18,8182,Yogurt,19
2805,Wholesaler,Gulu,62217932,15,5464,Milk,136
2806,Wholesaler,Kampala,39744043,3,9540,Butter,35
2807,Wholesaler,Jinja,81166628,14,2996,Milk,80
2808,Wholesaler,Gulu,78965580,15,5786,Cream,100
2809,Wholesaler,Mbale,38627045,13,1894,Cheese,103
2810,Retailer,Jinja,93700056,9,3661,Cheese,85
2811,Wholesaler,Mbarara,90200061,17,7609,Cheese,113
2812,Wholesaler,Mbale,44076502,19,8234,Cheese,198
2813,Wholesaler,Jinja,81297301,4,5736,Milk,193
2814,Retailer,Kampala,6502228,10,3115,Flavored Milk,86
2815,Retailer,Mbarara,14265845,3,9344,Flavored Milk,50
2816,Retailer,Mbale,98293886,19,729,Powder Milk,141
2817,Retailer,Kampala,51425245,9,7240,Cheese,75
2818,Wholesaler,Mbarara,68585219,5,5397,Cream,174
2819,Wholesaler,Gulu,51392800,14,4097,Cream,43
2820,Retailer,Kampala,70392715,7,59,Powder Milk,131
2821,Retailer,Jinja,64490632,6,6513,Powder Milk,59
2822,Wholesaler,Mbale,56946911,8,5371,Butter,99
2823,Wholesaler,Mbarara,20252682,2,4266,Butter,51
2824,Retailer,Kampala,86704164,14,8915,Milk,138
2825,Retailer,Gulu,63448023,7,7784,Flavored Milk,43
2826,Retailer,Mbale,54417990,3,7556,Cream,147
2827,Retailer,Mbale,52366368,6,1506,Cream,14
2828,Wholesaler,Kampala,94721304,14,93,Milk,99
2829,Wholesaler,Gulu,12380864,12,7376,Yogurt,181
2830,Wholesaler,Mbarara,44997058,18,7826,Cream,156
2831,Retailer,Kampala,80090279,12,4620,Cream,158
2832,Retailer,Mbarara,81126747,7,2621,Cheese,130
2833,Wholesaler,Mbale,85397098,5,9657,Yogurt,171
2834,Wholesaler,Mbarara,50439584,12,8250,Yogurt,38
2835,Wholesaler,Gulu,72074048,9,5682,Powder Milk,111
2836,Wholesaler,Jinja,40672741,11,1912,Cream,49
2837,Retailer,Gulu,20236709,4,1283,Butter,124
2838,Wholesaler,Mbarara,97549410,14,3175,Cream,27
2839,Wholesaler,Kampala,61489417,12,4761,Flavored Milk,132
2840,Wholesaler,Mbale,90854411,18,2507,Powder Milk,58
2841,Wholesaler,Jinja,70221833,7,8251,Powder Milk,198
2842,Wholesaler,Kampala,97236257,1,6749,Cheese,74
2843,Wholesaler,Kampala,9634391,13,8509,Milk,173
2844,Wholesaler,Gulu,85615701,16,7207,Cheese,79
2845,Retailer,Mbarara,49982287,5,2764,Milk,16
2846,Retailer,Gulu,5716300,19,4596,Milk,70
2847,Retailer,Mbarara,67351715,9,7414,Flavored Milk,113
2848,Retailer,Gulu,94346403,9,7269,Yogurt,97
2849,Wholesaler,Kampala,23453309,12,7686,Milk,167
2850,Retailer,Mbale,7483277,18,9633,Flavored Milk,26
2851,Retailer,Mbarara,72627935,10,7591,Yogurt,181
2852,Wholesaler,Jinja,38776706,17,9324,Powder Milk,85
2853,Wholesaler,Jinja,33461914,19,8535,Powder Milk,35
2854,Retailer,Kampala,17469970,11,2885,Yogurt,154
2855,Retailer,Gulu,68738069,16,8063,Cheese,172
2856,Wholesaler,Gulu,22032888,8,8005,Cheese,183
2857,Retailer,Kampala,92671232,15,4255,Cream,117
2858,Wholesaler,Jinja,72259332,11,2204,Cheese,142
2859,Wholesaler,Jinja,89340144,7,5158,Cream,54
2860,Wholesaler,Gulu,26710368,2,3973,Cream,84
2861,Wholesaler,Mbarara,49100722,19,6134,Butter,153
2862,Retailer,Mbale,70207058,9,7312,Yogurt,67
2863,Wholesaler,Mbarara,98965731,18,3918,Butter,51
2864,Wholesaler,Jinja,72135986,13,3840,Cheese,103
2865,Retailer,Mbarara,70827525,1,9086,Flavored Milk,197
2866,Wholesaler,Mbale,8783287,19,9949,Cheese,193
2867,Retailer,Mbarara,26485408,13,2057,Milk,143
2868,Retailer,Mbarara,54476122,14,1323,Flavored Milk,29
2869,Retailer,Mbarara,81159920,17,6923,Cream,33
2870,Wholesaler,Mbarara,87410570,1,6902,Cream,100
2871,Retailer,Kampala,48381488,5,9454,Flavored Milk,61
2872,Retailer,Jinja,27557206,14,7861,Cream,147
2873,Wholesaler,Mbale,8851304,18,2314,Yogurt,162
2874,Retailer,Jinja,49994285,13,1660,Butter,115
2875,Retailer,Kampala,89018588,12,9660,Milk,182
2876,Retailer,Kampala,96156928,15,1836,Flavored Milk,10
2877,Retailer,Kampala,84016545,4,4449,Butter,34
2878,Retailer,Kampala,47293201,9,3532,Butter,121
2879,Wholesaler,Mbarara,31572549,3,6596,Milk,112
2880,Retailer,Jinja,55416051,11,8621,Milk,146
2881,Retailer,Gulu,31582567,15,6645,Cheese,179
2882,Wholesaler,Mbale,11476480,16,743,Cream,114
2883,Wholesaler,Kampala,96976745,7,9689,Cream,162
2884,Wholesaler,Jinja,94484995,7,7075,Cheese,57
2885,Retailer,Kampala,85540447,9,1805,Flavored Milk,192
2886,Wholesaler,Kampala,58630985,17,7083,Flavored Milk,75
2887,Retailer,Kampala,48444036,13,7743,Flavored Milk,33
2888,Retailer,Kampala,92797000,9,897,Cheese,91
2889,Wholesaler,Kampala,48048380,9,4111,Flavored Milk,100
2890,Wholesaler,Mbale,95732682,12,1245,Flavored Milk,181
2891,Retailer,Jinja,48034466,19,9754,Cheese,193
2892,Wholesaler,Kampala,43679258,15,5528,Cheese,44
2893,Retailer,Kampala,59128835,18,6382,Flavored Milk,43
2894,Wholesaler,Kampala,70848934,8,8204,Flavored Milk,15
2895,Wholesaler,Kampala,58175397,6,5698,Butter,186
2896,Wholesaler,Mbarara,43117639,6,3370,Yogurt,153
2897,Retailer,Mbarara,18284247,3,2507,Cheese,150
2898,Wholesaler,Gulu,17215528,3,3500,Yogurt,21
2899,Retailer,Kampala,41927978,2,8468,Cream,148
2900,Retailer,Gulu,24486482,5,1857,Cheese,56
2901,Retailer,Mbale,19643969,12,468,Powder Milk,69
2902,Retailer,Gulu,96382070,6,3205,Cream,58
2903,Wholesaler,Jinja,91736522,16,9160,Cream,61
2904,Retailer,Mbarara,30829602,5,7414,Butter,70
2905,Retailer,Mbarara,15084624,6,3868,Cream,104
2906,Wholesaler,Kampala,43280105,4,2681,Yogurt,129
2907,Retailer,Kampala,76668028,14,3724,Butter,49
2908,Wholesaler,Mbale,9859778,3,9587,Milk,99
2909,Retailer,Mbale,12620898,17,4680,Cream,80
2910,Wholesaler,Jinja,91332884,5,6918,Yogurt,190
2911,Retailer,Kampala,19547672,6,5563,Yogurt,70
2912,Wholesaler,Kampala,83640998,4,1879,Powder Milk,159
2913,Retailer,Mbale,38953536,13,9905,Yogurt,47
2914,Retailer,Mbale,32201158,8,8326,Milk,70
2915,Wholesaler,Mbale,53725395,11,3862,Cream,92
2916,Wholesaler,Mbarara,73539818,19,936,Milk,109
2917,Wholesaler,Gulu,75076293,5,7644,Cream,127
2918,Wholesaler,Gulu,27694755,5,2847,Butter,56
2919,Retailer,Kampala,40758331,3,4197,Milk,36
2920,Retailer,Mbarara,97296724,2,2181,Cheese,155
2921,Wholesaler,Mbale,95433842,3,2809,Flavored Milk,134
2922,Retailer,Kampala,70752493,15,8982,Yogurt,29
2923,Wholesaler,Mbarara,17958563,7,2926,Cream,51
2924,Wholesaler,Jinja,74200135,3,9953,Butter,50
2925,Retailer,Mbarara,7385987,15,105,Butter,81
2926,Retailer,Kampala,69593002,11,3412,Cream,67
2927,Retailer,Gulu,63703247,16,9048,Butter,49
2928,Retailer,Mbale,67146114,13,3106,Butter,128
2929,Retailer,Jinja,99006470,2,4800,Yogurt,167
2930,Retailer,Mbarara,80488447,12,9248,Butter,149
2931,Retailer,Kampala,8783424,7,5053,Yogurt,127
2932,Wholesaler,Kampala,60222713,1,7955,Butter,71
2933,Wholesaler,Mbale,77425472,14,4153,Butter,199
2934,Wholesaler,Kampala,74704037,10,6317,Flavored Milk,96
2935,Wholesaler,Kampala,90508998,3,1831,Cream,79
2936,Wholesaler,Mbale,80900100,11,1039,Cheese,108
2937,Retailer,Jinja,95169300,15,7602,Milk,152
2938,Wholesaler,Gulu,28674459,6,5249,Milk,133
2939,Wholesaler,Gulu,31921233,18,3419,Milk,16
2940,Wholesaler,Mbarara,93965975,13,427,Cheese,143
2941,Wholesaler,Jinja,23940921,15,2427,Yogurt,36
2942,Wholesaler,Mbarara,19161055,3,6095,Milk,11
2943,Wholesaler,Gulu,40921440,15,331,Milk,143
2944,Wholesaler,Mbale,85400968,1,2969,Milk,70
2945,Retailer,Kampala,72464624,10,7034,Cream,169
2946,Retailer,Gulu,97199840,18,3644,Yogurt,166
2947,Wholesaler,Jinja,37905696,8,1888,Cheese,74
2948,Retailer,Gulu,7519494,12,6620,Cheese,152
2949,Retailer,Jinja,18187867,5,8456,Powder Milk,147
2950,Retailer,Jinja,34004374,1,4780,Powder Milk,19
2951,Retailer,Jinja,68628596,8,2170,Yogurt,19
2952,Wholesaler,Mbarara,93782559,5,2920,Cream,46
2953,Retailer,Mbale,38318381,17,835,Flavored Milk,41
2954,Retailer,Gulu,30807497,15,7823,Butter,45
2955,Retailer,Mbale,56424291,4,987,Yogurt,73
2956,Wholesaler,Kampala,66630479,13,9931,Butter,152
2957,Wholesaler,Gulu,59921960,17,9498,Cheese,82
2958,Wholesaler,Mbale,82070756,13,3162,Butter,25
2959,Wholesaler,Mbale,39042408,2,6482,Powder Milk,114
2960,Wholesaler,Kampala,63739454,4,6748,Milk,92
2961,Wholesaler,Jinja,46847576,2,7487,Butter,183
2962,Wholesaler,Gulu,9895869,12,4584,Powder Milk,131
2963,Retailer,Gulu,42461463,19,9579,Butter,181
2964,Retailer,Kampala,27824403,18,5679,Cheese,85
2965,Retailer,Jinja,96842397,10,6221,Cream,44
2966,Wholesaler,Gulu,32458961,5,8511,Cream,134
2967,Wholesaler,Gulu,8602147,11,1540,Flavored Milk,60
2968,Wholesaler,Gulu,48979717,1,6091,Butter,116
2969,Wholesaler,Jinja,46748290,3,9922,Cream,195
2970,Wholesaler,Kampala,11972305,17,4819,Cheese,14
2971,Retailer,Gulu,36798638,15,6439,Milk,175
2972,Retailer,Mbale,56218449,14,8651,Butter,15
2973,Wholesaler,Jinja,36045687,15,6691,Butter,188
2974,Wholesaler,Mbarara,98539222,16,9683,Milk,151
2975,Wholesaler,Kampala,67141474,4,7205,Powder Milk,185
2976,Wholesaler,Mbale,64423621,19,9033,Cream,21
2977,Retailer,Gulu,88761781,8,5392,Powder Milk,123
2978,Wholesaler,Mbarara,89532948,6,409,Powder Milk,189
2979,Wholesaler,Kampala,56019351,16,4727,Yogurt,123
2980,Wholesaler,Jinja,83033803,3,5189,Flavored Milk,77
2981,Wholesaler,Mbarara,60217284,8,8664,Milk,116
2982,Retailer,Mbarara,61902207,5,8362,Cream,68
2983,Wholesaler,Mbale,5508102,5,2270,Powder Milk,27
2984,Wholesaler,Kampala,26136725,12,4179,Milk,190
2985,Retailer,Mbale,34511202,1,8312,Milk,40
2986,Retailer,Mbale,34982169,7,3742,Yogurt,44
2987,Retailer,Gulu,38525122,11,4680,Milk,13
2988,Wholesaler,Jinja,36971777,10,8255,Yogurt,18
2989,Wholesaler,Mbarara,17953919,3,5475,Flavored Milk,118
2990,Retailer,Kampala,60212187,8,3950,Yogurt,152
2991,Retailer,Jinja,30321942,1,8512,Flavored Milk,51
2992,Retailer,Jinja,93074659,8,5942,Flavored Milk,196
2993,Retailer,Kampala,99789509,11,5663,Flavored Milk,94
2994,Retailer,Jinja,41180618,7,9825,Cheese,105
2995,Retailer,Gulu,71280869,16,572,Flavored Milk,121
2996,Wholesaler,Jinja,35008181,7,2867,Yogurt,41
2997,Wholesaler,Gulu,74531344,13,5000,Cheese,89
2998,Wholesaler,Mbarara,5828267,10,2889,Cream,54
2999,Retailer,Mbarara,41447149,17,7939,Cream,14
3000,Retailer,Mbale,54908705,3,7541,Milk,168
3001,Retailer,Gulu,70934620,7,8064,Cream,162
3002,Retailer,Mbarara,68078971,11,7741,Milk,193
3003,Retailer,Jinja,54573941,13,492,Butter,10
3004,Retailer,Kampala,66547100,5,6444,Flavored Milk,70
3005,Wholesaler,Kampala,92470404,19,8052,Cream,76
3006,Wholesaler,Gulu,88278793,15,9463,Butter,76
3007,Retailer,Mbale,73349385,1,944,Flavored Milk,179
3008,Wholesaler,Jinja,32390216,5,2303,Cream,105
3009,Retailer,Gulu,18803901,13,2060,Flavored Milk,103
3010,Wholesaler,Kampala,91246612,10,6907,Cream,68
3011,Retailer,Gulu,33117324,5,5043,Powder Milk,187
3012,Retailer,Jinja,14280521,1,4685,Yogurt,43
3013,Wholesaler,Mbarara,24002725,10,7858,Yogurt,121
3014,Wholesaler,Jinja,81822730,18,7047,Milk,77
3015,Retailer,Mbarara,63076867,8,9287,Cheese,191
3016,Retailer,Mbarara,20181881,3,4883,Milk,151
3017,Wholesaler,Mbarara,72732973,19,2984,Flavored Milk,169
3018,Wholesaler,Gulu,48468285,19,8712,Powder Milk,116
3019,Retailer,Kampala,21291583,2,421,Cheese,90
3020,Wholesaler,Gulu,24606750,17,7048,Butter,17
3021,Retailer,Kampala,78785011,16,1453,Flavored Milk,172
3022,Retailer,Jinja,70916321,10,4652,Yogurt,33
3023,Retailer,Mbale,62601897,16,3996,Milk,12
3024,Retailer,Jinja,89239206,5,4723,Milk,90
3025,Wholesaler,Gulu,66261926,3,1057,Butter,45
3026,Wholesaler,Gulu,76552694,3,717,Milk,188
3027,Wholesaler,Kampala,74217415,2,1496,Milk,113
3028,Wholesaler,Gulu,25984205,4,4016,Cream,90
3029,Wholesaler,Mbarara,84441650,18,4418,Cheese,194
3030,Wholesaler,Gulu,94028713,2,5367,Flavored Milk,68
3031,Wholesaler,Kampala,76231052,6,7296,Cheese,103
3032,Retailer,Kampala,30609269,3,3079,Cheese,31
3033,Wholesaler,Mbarara,23430026,3,8282,Milk,174
3034,Wholesaler,Kampala,88089913,2,5942,Cream,135
3035,Retailer,Mbale,34286346,3,7240,Flavored Milk,21
3036,Wholesaler,Jinja,42501697,17,4854,Milk,158
3037,Wholesaler,Gulu,93968380,14,6429,Powder Milk,152
3038,Retailer,Mbale,60230827,7,8367,Cream,21
3039,Wholesaler,Gulu,74976909,6,827,Powder Milk,95
3040,Wholesaler,Mbale,56563480,8,9077,Cream,112
3041,Wholesaler,Gulu,86216815,19,9120,Milk,65
3042,Retailer,Mbarara,54081434,19,4539,Cheese,115
3043,Wholesaler,Kampala,8957127,12,6320,Powder Milk,153
3044,Wholesaler,Kampala,39395152,5,7331,Yogurt,42
3045,Retailer,Mbarara,21902155,5,9078,Powder Milk,126
3046,Wholesaler,Mbale,55171045,14,8766,Yogurt,180
3047,Retailer,Jinja,8715217,17,9493,Cream,58
3048,Retailer,Mbale,90475294,16,7738,Cheese,87
3049,Wholesaler,Kampala,69804388,4,4291,Cheese,27
3050,Retailer,Jinja,79235461,8,7380,Milk,153
3051,Retailer,Gulu,17409000,3,8976,Flavored Milk,177
3052,Wholesaler,Jinja,35305102,5,6921,Powder Milk,116
3053,Retailer,Mbale,77493040,7,218,Milk,199
3054,Retailer,Mbarara,21874955,18,9390,Milk,99
3055,Wholesaler,Gulu,96450664,8,8541,Butter,88
3056,Wholesaler,Mbale,8170064,11,5083,Milk,109
3057,Wholesaler,Gulu,33874464,14,571,Flavored Milk,164
3058,Retailer,Jinja,37550620,18,8859,Milk,127
3059,Wholesaler,Kampala,95009717,13,9959,Cheese,129
3060,Retailer,Mbale,22260190,6,8543,Flavored Milk,136
3061,Retailer,Mbarara,16638717,13,8894,Powder Milk,90
3062,Retailer,Jinja,69896413,1,3351,Cheese,151
3063,Retailer,Mbale,55963532,11,4209,Cream,164
3064,Retailer,Mbarara,81310351,7,2329,Butter,63
3065,Retailer,Mbale,8070508,10,9864,Butter,97
3066,Retailer,Jinja,79469393,2,1731,Flavored Milk,197
3067,Wholesaler,Mbale,33391266,16,141,Powder Milk,177
3068,Wholesaler,Gulu,16661228,5,3756,Cream,182
3069,Retailer,Jinja,9397458,16,1010,Yogurt,108
3070,Retailer,Mbale,74148876,16,4209,Cream,77
3071,Wholesaler,Kampala,16424242,15,893,Yogurt,177
3072,Retailer,Mbale,41415811,9,268,Flavored Milk,50
3073,Wholesaler,Gulu,88509809,1,8945,Flavored Milk,198
3074,Wholesaler,Mbarara,56336472,9,6078,Cream,10
3075,Wholesaler,Mbarara,25896933,11,296,Cream,18
3076,Retailer,Mbarara,31152178,5,5159,Cheese,84
3077,Retailer,Kampala,60824248,6,8298,Butter,89
3078,Wholesaler,Gulu,68588515,8,6174,Flavored Milk,102
3079,Wholesaler,Jinja,63935619,15,6375,Milk,152
3080,Wholesaler,Mbarara,65127110,16,6357,Cheese,68
3081,Wholesaler,Gulu,91411897,18,1962,Butter,19
3082,Wholesaler,Mbale,66229263,12,4271,Cheese,186
3083,Retailer,Kampala,96140410,4,7424,Butter,148
3084,Wholesaler,Gulu,40617071,16,316,Milk,39
3085,Retailer,Gulu,81227460,11,3532,Butter,32
3086,Wholesaler,Jinja,5435926,7,9922,Cheese,31
3087,Retailer,Gulu,76488291,15,1581,Cream,188
3088,Retailer,Jinja,47800664,17,4614,Butter,51
3089,Retailer,Kampala,89215212,15,4278,Cheese,38
3090,Retailer,Kampala,96629190,10,7205,Flavored Milk,182
3091,Retailer,Mbale,64516907,4,9261,Milk,170
3092,Retailer,Jinja,50385448,17,367,Cheese,176
3093,Wholesaler,Jinja,79159169,4,9842,Yogurt,74
3094,Retailer,Mbarara,79904998,11,760,Yogurt,187
3095,Wholesaler,Mbarara,51610556,4,8692,Powder Milk,121
3096,Retailer,Mbale,86036433,12,1793,Powder Milk,95
3097,Retailer,Kampala,5125312,10,1373,Butter,57
3098,Wholesaler,Mbarara,93185278,14,2730,Flavored Milk,46
3099,Retailer,Gulu,67636418,18,4287,Flavored Milk,95
3100,Wholesaler,Kampala,49681598,6,3101,Yogurt,170
3101,Wholesaler,Gulu,72792148,5,4714,Butter,143
3102,Wholesaler,Jinja,52007101,2,2754,Flavored Milk,100
3103,Wholesaler,Kampala,16456413,13,5725,Flavored Milk,79
3104,Retailer,Mbale,48498762,14,6837,Cream,64
3105,Retailer,Jinja,51169198,3,2690,Butter,181
3106,Wholesaler,Jinja,21060216,11,7426,Cheese,59
3107,Retailer,Gulu,20918680,4,8188,Yogurt,63
3108,Retailer,Jinja,76212930,13,5412,Powder Milk,114
3109,Wholesaler,Mbarara,29093853,8,744,Cream,25
3110,Retailer,Kampala,6852119,8,4303,Flavored Milk,137
3111,Wholesaler,Mbarara,33384127,13,8581,Cream,56
3112,Wholesaler,Gulu,40761964,10,1818,Cream,194
3113,Retailer,Gulu,68200803,13,8333,Cheese,139
3114,Retailer,Kampala,57891222,13,221,Cheese,174
3115,Retailer,Jinja,55250869,17,2799,Cheese,102
3116,Wholesaler,Mbale,56105727,6,3152,Cheese,32
3117,Wholesaler,Gulu,46171637,2,670,Milk,150
3118,Retailer,Kampala,98748291,17,5264,Milk,124
3119,Retailer,Mbale,78416113,12,9230,Powder Milk,74
3120,Retailer,Jinja,10553130,6,126,Butter,57
3121,Retailer,Gulu,24222174,5,2248,Yogurt,16
3122,Wholesaler,Kampala,45061724,5,4287,Butter,168
3123,Retailer,Kampala,88620282,9,8472,Cream,182
3124,Wholesaler,Kampala,9671651,3,6077,Milk,65
3125,Wholesaler,Gulu,97668264,5,5905,Butter,31
3126,Retailer,Mbale,66475400,7,2594,Butter,72
3127,Retailer,Kampala,63430292,12,2907,Cheese,89
3128,Retailer,Jinja,97355570,7,1603,Flavored Milk,37
3129,Wholesaler,Kampala,43649026,10,6324,Milk,181
3130,Retailer,Mbale,70160792,8,3790,Milk,112
3131,Retailer,Gulu,13177372,17,9203,Butter,151
3132,Wholesaler,Kampala,23289663,5,1677,Flavored Milk,94
3133,Retailer,Kampala,50119347,15,1124,Butter,156
3134,Wholesaler,Jinja,65348298,9,3254,Yogurt,197
3135,Retailer,Jinja,19344432,11,1078,Milk,86
3136,Wholesaler,Kampala,12844505,13,697,Cheese,11
3137,Retailer,Kampala,40117887,18,5353,Cheese,60
3138,Retailer,Jinja,98979599,17,3212,Cheese,87
3139,Wholesaler,Mbale,77808439,9,952,Powder Milk,171
3140,Wholesaler,Mbarara,54561481,10,4117,Powder Milk,91
3141,Retailer,Mbarara,21578590,5,9745,Milk,60
3142,Wholesaler,Kampala,26369054,11,5126,Milk,156
3143,Wholesaler,Jinja,98181731,15,2947,Cheese,173
3144,Wholesaler,Gulu,66245705,2,9587,Cream,127
3145,Wholesaler,Gulu,6238297,14,5612,Milk,163
3146,Retailer,Mbarara,99882172,5,8223,Cheese,172
3147,Retailer,Mbale,65269099,6,8731,Yogurt,72
3148,Wholesaler,Mbarara,10941309,15,5302,Yogurt,113
3149,Wholesaler,Kampala,16901448,4,7901,Yogurt,141
3150,Wholesaler,Mbale,98172806,10,8667,Butter,94
3151,Wholesaler,Gulu,30519639,19,7278,Butter,12
3152,Retailer,Jinja,9337803,9,5731,Flavored Milk,14
3153,Retailer,Jinja,75688059,10,5645,Flavored Milk,166
3154,Wholesaler,Kampala,44028051,4,7440,Flavored Milk,128
3155,Wholesaler,Mbarara,26956309,4,4041,Yogurt,28
3156,Wholesaler,Kampala,64365903,6,9649,Yogurt,124
3157,Retailer,Jinja,79809884,8,6512,Yogurt,154
3158,Wholesaler,Gulu,65358047,16,6418,Milk,43
3159,Retailer,Jinja,80832786,8,8664,Milk,29
3160,Wholesaler,Mbale,77165750,16,9456,Yogurt,165
3161,Retailer,Jinja,52725620,6,3992,Cheese,82
3162,Wholesaler,Jinja,65264211,17,1850,Flavored Milk,147
3163,Retailer,Mbale,47063059,1,2427,Butter,158
3164,Wholesaler,Mbarara,38316871,19,7373,Flavored Milk,125
3165,Wholesaler,Jinja,92246457,18,2153,Cheese,13
3166,Wholesaler,Kampala,8414057,17,1321,Powder Milk,31
3167,Retailer,Jinja,49388684,17,5070,Milk,80
3168,Wholesaler,Kampala,70103080,12,484,Cream,199
3169,Retailer,Mbale,55519109,12,3648,Yogurt,21
3170,Retailer,Jinja,9976494,6,3821,Milk,148
3171,Wholesaler,Mbale,90214223,7,8776,Milk,159
3172,Wholesaler,Mbale,79500164,8,8622,Cheese,166
3173,Wholesaler,Mbarara,79561588,3,2200,Milk,198
3174,Retailer,Jinja,46586610,17,4174,Milk,70
3175,Wholesaler,Kampala,57786145,8,5652,Cream,36
3176,Retailer,Kampala,20148805,11,5217,Flavored Milk,184
3177,Retailer,Jinja,25962682,18,5536,Flavored Milk,93
3178,Wholesaler,Mbarara,29987424,16,4099,Powder Milk,151
3179,Wholesaler,Mbarara,78518542,13,596,Cheese,16
3180,Wholesaler,Mbarara,76005862,9,4472,Cream,152
3181,Wholesaler,Kampala,12462974,19,9993,Yogurt,183
3182,Wholesaler,Mbale,19131460,7,4874,Cream,165
3183,Wholesaler,Mbarara,51519129,17,3165,Flavored Milk,180
3184,Retailer,Kampala,70467631,8,268,Cream,19
3185,Retailer,Kampala,82211088,8,175,Powder Milk,188
3186,Retailer,Mbale,85372842,3,9570,Milk,12
3187,Wholesaler,Jinja,97485614,16,9465,Powder Milk,112
3188,Retailer,Jinja,13322063,12,4230,Powder Milk,53
3189,Retailer,Mbarara,65146018,15,5210,Butter,63
3190,Retailer,Mbarara,78077669,4,2820,Flavored Milk,171
3191,Retailer,Mbale,91424884,7,9816,Powder Milk,98
3192,Retailer,Mbarara,44455446,11,1992,Powder Milk,34
3193,Wholesaler,Mbale,24022412,5,4507,Butter,79
3194,Wholesaler,Kampala,38699552,13,1304,Yogurt,54
3195,Retailer,Mbarara,77450652,11,1037,Milk,77
3196,Retailer,Kampala,74576884,5,7287,Flavored Milk,35
3197,Retailer,Gulu,79529121,8,8161,Cream,35
3198,Wholesaler,Mbale,67210401,17,8005,Yogurt,163
3199,Wholesaler,Gulu,12466202,11,5403,Cream,199
3200,Retailer,Mbarara,86215118,19,9559,Cream,121
3201,Wholesaler,Kampala,86210248,18,1421,Cheese,101
3202,Wholesaler,Mbarara,18465881,10,410,Yogurt,198
3203,Retailer,Gulu,76885058,5,8154,Cheese,139
3204,Wholesaler,Mbarara,19484323,1,8599,Cheese,50
3205,Wholesaler,Jinja,59553134,17,7834,Flavored Milk,182
3206,Retailer,Gulu,89880957,17,8138,Butter,23
3207,Wholesaler,Mbarara,53636499,1,7779,Cheese,174
3208,Wholesaler,Kampala,54997886,1,2833,Milk,139
3209,Retailer,Mbarara,26114648,9,113,Flavored Milk,14
3210,Wholesaler,Kampala,76757867,4,2278,Powder Milk,111
3211,Wholesaler,Jinja,53656141,9,3899,Powder Milk,139
3212,Retailer,Mbarara,89201130,14,6382,Cheese,138
3213,Retailer,Jinja,69847003,15,3988,Flavored Milk,185
3214,Retailer,Gulu,64735517,16,1565,Milk,31
3215,Wholesaler,Kampala,79797330,16,8821,Flavored Milk,50
3216,Retailer,Gulu,18413733,13,6363,Cream,162
3217,Wholesaler,Kampala,7380201,14,7836,Flavored Milk,55
3218,Retailer,Jinja,94873939,9,2208,Cream,103
3219,Wholesaler,Mbale,67575074,9,2175,Powder Milk,18
3220,Retailer,Mbarara,76885013,4,6446,Cheese,198
3221,Retailer,Jinja,84022158,10,2333,Yogurt,110
3222,Retailer,Kampala,49802186,3,6286,Flavored Milk,56
3223,Retailer,Kampala,14925557,9,7859,Cheese,83
3224,Wholesaler,Kampala,67345313,19,3155,Powder Milk,12
3225,Retailer,Kampala,5757624,16,3602,Milk,17
3226,Retailer,Mbarara,79102981,16,3525,Cream,162
3227,Wholesaler,Gulu,8586203,17,1888,Milk,45
3228,Retailer,Mbale,60924963,18,8463,Yogurt,52
3229,Wholesaler,Mbarara,58211062,10,8103,Milk,187
3230,Retailer,Kampala,96151816,19,945,Cheese,72
3231,Retailer,Mbarara,64725972,15,5659,Yogurt,171
3232,Retailer,Jinja,97561569,15,5963,Cream,147
3233,Wholesaler,Kampala,23373470,11,3461,Powder Milk,36
3234,Retailer,Mbale,6140188,8,3058,Cheese,98
3235,Retailer,Kampala,65345450,16,9226,Powder Milk,22
3236,Retailer,Mbale,86860010,10,9874,Powder Milk,60
3237,Wholesaler,Mbale,54992074,9,3720,Yogurt,77
3238,Wholesaler,Gulu,41066080,15,2940,Yogurt,133
3239,Retailer,Gulu,27249657,5,6335,Cheese,153
3240,Wholesaler,Mbarara,91102461,2,1458,Yogurt,149
3241,Retailer,Mbarara,42133952,16,3922,Cheese,34
3242,Retailer,Mbale,72339069,18,4727,Milk,186
3243,Retailer,Kampala,55023871,16,9577,Cream,153
3244,Retailer,Jinja,28835896,5,7496,Milk,112
3245,Retailer,Jinja,7649527,1,6539,Cream,11
3246,Retailer,Kampala,25425984,19,3508,Flavored Milk,82
3247,Retailer,Kampala,93037141,10,4447,Butter,132
3248,Wholesaler,Gulu,80180469,13,5933,Butter,136
3249,Wholesaler,Jinja,48528707,11,8138,Milk,86
3250,Wholesaler,Mbale,87818624,15,7456,Flavored Milk,87
3251,Wholesaler,Mbarara,21692146,2,3650,Butter,85
3252,Wholesaler,Gulu,17911817,6,7121,Cheese,172
3253,Wholesaler,Jinja,62275966,11,5518,Cheese,159
3254,Wholesaler,Kampala,23690803,15,5057,Yogurt,57
3255,Retailer,Jinja,23235171,9,9617,Butter,123
3256,Retailer,Mbale,16476147,12,6347,Powder Milk,73
3257,Retailer,Gulu,7133916,4,9775,Cheese,159
3258,Retailer,Kampala,27506094,14,4740,Butter,82
3259,Wholesaler,Mbale,78593518,3,5736,Yogurt,56
3260,Wholesaler,Mbarara,88076570,17,3546,Milk,49
3261,Retailer,Gulu,94327256,13,3522,Flavored Milk,115
3262,Retailer,Mbale,30475023,8,7276,Powder Milk,190
3263,Wholesaler,Mbale,48305359,12,9407,Yogurt,127
3264,Retailer,Kampala,38375075,12,4611,Yogurt,12
3265,Retailer,Mbarara,46103576,12,7664,Yogurt,104
3266,Retailer,Mbale,68740712,2,2408,Flavored Milk,110
3267,Retailer,Gulu,34453248,10,8300,Cheese,143
3268,Wholesaler,Mbale,12515588,9,7307,Butter,151
3269,Retailer,Jinja,22677715,1,6263,Milk,92
3270,Retailer,Gulu,63365892,4,8426,Cream,195
3271,Wholesaler,Gulu,74743523,14,7655,Milk,91
3272,Wholesaler,Mbale,47313692,16,2669,Powder Milk,130
3273,Retailer,Kampala,25537583,18,9922,Flavored Milk,144
3274,Wholesaler,Gulu,33401711,2,627,Milk,166
3275,Retailer,Jinja,27220161,6,5293,Powder Milk,12
3276,Retailer,Kampala,53547040,3,8312,Powder Milk,22
3277,Wholesaler,Kampala,53219279,19,605,Flavored Milk,173
3278,Retailer,Kampala,24172770,13,901,Flavored Milk,114
3279,Retailer,Gulu,30902190,17,9460,Butter,98
3280,Retailer,Kampala,31394429,14,3690,Butter,101
3281,Retailer,Mbale,58326698,11,1962,Flavored Milk,175
3282,Wholesaler,Kampala,69564688,16,2780,Butter,84
3283,Wholesaler,Jinja,38212547,11,5469,Cheese,69
3284,Retailer,Mbarara,90890883,18,2415,Yogurt,135
3285,Wholesaler,Jinja,97940210,2,7588,Milk,82
3286,Retailer,Gulu,66835936,8,316,Milk,31
3287,Retailer,Kampala,30536845,14,3966,Cream,158
3288,Retailer,Kampala,36377303,2,7378,Milk,132
3289,Retailer,Mbale,10516362,13,9642,Milk,42
3290,Retailer,Kampala,75266267,10,2376,Cheese,13
3291,Wholesaler,Jinja,11381062,8,2851,Cheese,181
3292,Retailer,Gulu,59808176,7,5602,Yogurt,138
3293,Wholesaler,Mbarara,88113584,13,2084,Flavored Milk,199
3294,Wholesaler,Kampala,80210974,19,7503,Butter,159
3295,Retailer,Mbarara,47403538,15,1034,Yogurt,68
3296,Retailer,Kampala,40570193,2,4149,Cream,46
3297,Retailer,Gulu,57779248,5,6513,Milk,160
3298,Retailer,Jinja,90962459,19,1125,Butter,170
3299,Retailer,Gulu,87841990,1,1073,Cream,122
3300,Wholesaler,Mbarara,70355877,7,3947,Yogurt,159
3301,Retailer,Kampala,58164024,18,7020,Milk,136
3302,Retailer,Mbarara,37131752,1,8521,Yogurt,199
3303,Wholesaler,Jinja,88347966,1,1161,Milk,127
3304,Wholesaler,Gulu,64604504,7,9425,Powder Milk,191
3305,Retailer,Mbarara,18812660,17,5130,Milk,195
3306,Wholesaler,Mbarara,33392790,6,8031,Powder Milk,149
3307,Retailer,Jinja,55221896,12,2125,Cheese,121
3308,Wholesaler,Kampala,61164545,15,3992,Milk,155
3309,Wholesaler,Mbarara,71706568,13,321,Yogurt,197
3310,Retailer,Jinja,13089410,12,9365,Butter,134
3311,Wholesaler,Kampala,75208399,2,9469,Cheese,109
3312,Wholesaler,Kampala,83934488,18,239,Powder Milk,10
3313,Wholesaler,Gulu,8858414,4,8787,Butter,130
3314,Wholesaler,Jinja,54622364,10,4064,Powder Milk,98
3315,Wholesaler,Kampala,65574571,11,8192,Cream,29
3316,Wholesaler,Gulu,84056039,6,4993,Flavored Milk,26
3317,Retailer,Mbale,85158757,6,4916,Butter,186
3318,Retailer,Jinja,5091810,9,818,Flavored Milk,159
3319,Wholesaler,Mbale,19512058,13,5216,Cream,123
3320,Retailer,Kampala,77521193,5,9252,Flavored Milk,170
3321,Retailer,Jinja,9639885,6,7639,Cheese,35
3322,Retailer,Gulu,90300212,4,4848,Butter,36
3323,Wholesaler,Kampala,96522807,6,514,Powder Milk,197
3324,Retailer,Jinja,91073446,18,2650,Milk,171
3325,Wholesaler,Jinja,51487238,13,966,Cheese,96
3326,Retailer,Mbale,12378631,3,9694,Cheese,89
3327,Wholesaler,Kampala,28298089,10,6176,Milk,189
3328,Wholesaler,Gulu,43382514,4,7201,Butter,64
3329,Retailer,Gulu,18986962,15,115,Powder Milk,70
3330,Retailer,Kampala,61552366,12,9967,Cheese,187
3331,Wholesaler,Kampala,57129984,15,9741,Flavored Milk,23
3332,Retailer,Mbarara,74840169,10,1954,Milk,135
3333,Retailer,Mbale,90443621,12,7243,Powder Milk,118
3334,Retailer,Kampala,62600501,8,4621,Yogurt,131
3335,Wholesaler,Kampala,87486924,3,6766,Cheese,60
3336,Wholesaler,Mbarara,59988393,7,9128,Powder Milk,122
3337,Retailer,Mbarara,56289515,18,7023,Flavored Milk,164
3338,Retailer,Jinja,69150167,3,3858,Butter,177
3339,Retailer,Gulu,32212127,15,7615,Butter,77
3340,Wholesaler,Mbale,49781469,2,7911,Milk,18
3341,Wholesaler,Jinja,70241413,15,2010,Flavored Milk,193
3342,Retailer,Kampala,8103781,13,2797,Milk,48
3343,Retailer,Mbarara,21909408,10,93,Cheese,152
3344,Retailer,Gulu,94172598,8,3892,Milk,98
3345,Retailer,Jinja,6218710,16,4755,Yogurt,27
3346,Retailer,Gulu,60532600,16,1938,Milk,61
3347,Retailer,Mbarara,33326765,2,3948,Milk,198
3348,Wholesaler,Jinja,13118606,9,5933,Cheese,46
3349,Retailer,Jinja,57149499,8,8961,Flavored Milk,89
3350,Wholesaler,Gulu,45187798,11,740,Powder Milk,190
3351,Retailer,Mbarara,82285367,1,6892,Powder Milk,149
3352,Retailer,Kampala,80121443,11,8351,Yogurt,162
3353,Wholesaler,Jinja,53899896,18,4608,Milk,88
3354,Wholesaler,Kampala,45567550,15,8756,Cheese,34
3355,Wholesaler,Mbarara,90488893,9,7770,Cheese,158
3356,Wholesaler,Jinja,83361984,9,8878,Powder Milk,131
3357,Retailer,Jinja,62395458,1,3378,Cheese,97
3358,Wholesaler,Kampala,50558541,7,5362,Flavored Milk,144
3359,Retailer,Mbale,68129040,12,676,Milk,186
3360,Wholesaler,Kampala,81910625,10,119,Butter,48
3361,Retailer,Kampala,35092782,19,7599,Powder Milk,84
3362,Retailer,Mbale,64132229,16,5663,Cream,106
3363,Retailer,Mbarara,22288429,6,4369,Cream,58
3364,Retailer,Mbarara,9709042,11,6011,Powder Milk,171
3365,Retailer,Jinja,25632290,19,4027,Yogurt,153
3366,Retailer,Gulu,45184551,19,7550,Butter,105
3367,Wholesaler,Gulu,85649038,18,8109,Flavored Milk,152
3368,Retailer,Jinja,44812302,15,6834,Cream,49
3369,Wholesaler,Gulu,87251663,16,1684,Powder Milk,16
3370,Wholesaler,Kampala,78730450,14,2593,Milk,110
3371,Retailer,Kampala,11761444,8,7403,Butter,49
3372,Wholesaler,Mbale,89789233,8,818,Butter,79
3373,Retailer,Mbale,79981186,2,5814,Cream,112
3374,Wholesaler,Jinja,60875459,6,2653,Powder Milk,101
3375,Retailer,Jinja,30179722,13,1041,Butter,31
3376,Wholesaler,Jinja,64648232,13,9970,Yogurt,110
3377,Retailer,Kampala,90015456,12,9771,Milk,196
3378,Retailer,Gulu,46633051,2,538,Cheese,142
3379,Retailer,Jinja,74577183,12,8229,Milk,155
3380,Retailer,Jinja,62573240,17,4202,Cream,20
3381,Wholesaler,Kampala,99349320,6,561,Powder Milk,128
3382,Retailer,Kampala,23559690,7,5747,Butter,17
3383,Wholesaler,Kampala,76434032,6,784,Milk,29
3384,Wholesaler,Gulu,59488666,4,5728,Cheese,68
3385,Wholesaler,Jinja,12492427,9,3359,Yogurt,100
3386,Retailer,Mbarara,10705365,5,8612,Milk,162
3387,Wholesaler,Mbarara,34590932,10,4751,Milk,195
3388,Wholesaler,Jinja,62868983,15,1909,Yogurt,124
3389,Wholesaler,Jinja,34284508,8,7769,Yogurt,28
3390,Retailer,Jinja,48176500,4,966,Powder Milk,134
3391,Retailer,Jinja,88425063,5,6959,Butter,139
3392,Wholesaler,Gulu,98400849,7,7314,Butter,115
3393,Retailer,Mbarara,65220590,6,6731,Powder Milk,195
3394,Retailer,Mbale,25047091,13,2712,Yogurt,75
3395,Wholesaler,Mbarara,96241740,19,4742,Cheese,16
3396,Wholesaler,Mbarara,66205402,10,9479,Butter,60
3397,Retailer,Kampala,96485629,15,1385,Cheese,104
3398,Wholesaler,Jinja,95071135,3,5100,Yogurt,170
3399,Retailer,Jinja,23216808,18,811,Milk,84
3400,Retailer,Jinja,87048898,14,2181,Powder Milk,113
3401,Retailer,Kampala,9468298,3,4864,Cream,22
3402,Retailer,Gulu,61334509,11,9190,Yogurt,147
3403,Retailer,Gulu,40541321,10,351,Yogurt,122
3404,Retailer,Mbale,62547771,17,7790,Flavored Milk,68
3405,Wholesaler,Gulu,7453664,13,3744,Yogurt,47
3406,Wholesaler,Gulu,69987014,2,2751,Butter,29
3407,Retailer,Jinja,54307790,13,9717,Cream,23
3408,Retailer,Mbarara,19626073,19,8855,Milk,49
3409,Retailer,Gulu,96937674,5,6264,Cheese,144
3410,Wholesaler,Gulu,27700671,16,5694,Flavored Milk,15
3411,Retailer,Kampala,8567269,10,5570,Cream,177
3412,Wholesaler,Mbale,58607669,12,718,Powder Milk,190
3413,Retailer,Kampala,85117961,13,2178,Butter,18
3414,Retailer,Jinja,39155540,16,6788,Milk,115
3415,Wholesaler,Mbarara,94115741,1,267,Cream,74
3416,Wholesaler,Mbale,24295239,9,8990,Cheese,157
3417,Retailer,Kampala,46644503,16,4270,Milk,143
3418,Retailer,Gulu,17664146,19,8442,Butter,105
3419,Retailer,Gulu,21382210,15,2671,Powder Milk,48
3420,Wholesaler,Mbale,57700046,18,5189,Powder Milk,132
3421,Wholesaler,Gulu,65419448,12,771,Milk,30
3422,Wholesaler,Kampala,28042601,14,9193,Yogurt,46
3423,Wholesaler,Kampala,56270705,3,1931,Milk,21
3424,Wholesaler,Gulu,31298479,4,1482,Yogurt,24
3425,Wholesaler,Gulu,46285777,6,5231,Cream,158
3426,Retailer,Jinja,47561765,16,2370,Powder Milk,94
3427,Retailer,Mbarara,10859824,13,7000,Butter,101
3428,Wholesaler,Mbale,38934877,12,7227,Flavored Milk,109
3429,Retailer,Kampala,99020044,12,8940,Yogurt,183
3430,Retailer,Mbale,16585761,2,671,Powder Milk,118
3431,Wholesaler,Jinja,37038970,13,509,Cream,95
3432,Retailer,Kampala,80953227,3,9326,Milk,147
3433,Wholesaler,Jinja,65500395,13,7275,Powder Milk,91
3434,Wholesaler,Jinja,32628247,2,8541,Milk,75
3435,Retailer,Gulu,38268867,19,9517,Milk,127
3436,Wholesaler,Mbale,94021347,9,9672,Powder Milk,126
3437,Wholesaler,Mbale,29953329,1,8191,Butter,176
3438,Wholesaler,Gulu,23029359,13,5425,Cheese,31
3439,Wholesaler,Mbale,96487824,2,3502,Milk,95
3440,Wholesaler,Gulu,46858352,15,7362,Milk,179
3441,Wholesaler,Kampala,49505154,19,5975,Yogurt,143
3442,Wholesaler,Jinja,27753509,16,1871,Flavored Milk,119
3443,Wholesaler,Jinja,12527382,11,6481,Powder Milk,189
3444,Retailer,Mbale,24214668,15,1038,Milk,174
3445,Retailer,Mbarara,30595784,6,8455,Cream,15
3446,Retailer,Jinja,38585000,14,581,Butter,82
3447,Wholesaler,Gulu,77238663,6,2967,Cheese,166
3448,Wholesaler,Mbarara,97962575,19,6935,Cheese,110
3449,Retailer,Mbarara,75219919,5,3669,Cream,188
3450,Retailer,Jinja,54595642,11,6614,Cheese,86
3451,Retailer,Jinja,21101147,4,3110,Butter,36
3452,Wholesaler,Jinja,89116146,9,9850,Cheese,174
3453,Retailer,Gulu,61512439,9,2574,Powder Milk,183
3454,Retailer,Mbarara,11786413,17,739,Cheese,107
3455,Wholesaler,Mbale,84694131,8,1150,Yogurt,34
3456,Retailer,Gulu,40748013,15,8360,Cheese,174
3457,Wholesaler,Kampala,10952973,9,5351,Yogurt,160
3458,Wholesaler,Jinja,82005549,5,8747,Yogurt,163
3459,Wholesaler,Mbarara,66295595,4,7867,Yogurt,85
3460,Retailer,Gulu,30604773,18,2250,Butter,129
3461,Retailer,Kampala,19605907,9,9283,Milk,189
3462,Wholesaler,Gulu,77273388,3,546,Flavored Milk,12
3463,Retailer,Gulu,91094383,9,4224,Cream,82
3464,Retailer,Mbale,18932158,9,8300,Cream,120
3465,Retailer,Mbale,61950625,4,5580,Powder Milk,88
3466,Retailer,Gulu,98755322,7,7019,Powder Milk,81
3467,Wholesaler,Kampala,55836546,7,1703,Cheese,165
3468,Retailer,Mbarara,7672969,8,7296,Flavored Milk,43
3469,Wholesaler,Mbarara,53193363,1,9948,Milk,93
3470,Wholesaler,Jinja,70124545,9,293,Yogurt,74
3471,Retailer,Jinja,64872410,12,2305,Yogurt,38
3472,Wholesaler,Mbarara,20912095,6,7049,Cream,13
3473,Retailer,Gulu,87352393,13,9916,Yogurt,128
3474,Retailer,Gulu,90498000,5,6793,Cream,199
3475,Wholesaler,Mbale,49521657,19,2742,Yogurt,175
3476,Wholesaler,Mbale,8736437,1,6123,Cheese,139
3477,Wholesaler,Jinja,48680608,18,8280,Milk,122
3478,Wholesaler,Mbarara,33613381,8,3297,Cream,101
3479,Retailer,Gulu,88045798,8,6671,Milk,85
3480,Retailer,Mbarara,40720174,15,1665,Cream,134
3481,Retailer,Kampala,58748497,19,69,Cream,53
3482,Wholesaler,Mbarara,14224007,10,270,Milk,123
3483,Wholesaler,Kampala,98659480,16,3821,Flavored Milk,114
3484,Wholesaler,Mbale,45254174,11,7371,Powder Milk,104
3485,Retailer,Mbale,62431036,12,6656,Cream,126
3486,Wholesaler,Jinja,76802371,16,7626,Yogurt,110
3487,Retailer,Mbarara,70913619,16,8492,Butter,41
3488,Wholesaler,Mbarara,62157403,3,7878,Powder Milk,140
3489,Retailer,Kampala,84870887,9,556,Milk,26
3490,Retailer,Mbale,26373632,8,4791,Flavored Milk,128
3491,Wholesaler,Kampala,13746087,10,9110,Cheese,149
3492,Wholesaler,Mbale,17571435,13,4637,Yogurt,73
3493,Retailer,Kampala,58910550,18,6488,Flavored Milk,87
3494,Retailer,Mbale,40038136,13,6650,Powder Milk,50
3495,Wholesaler,Kampala,72109678,13,9411,Butter,11
3496,Wholesaler,Mbale,7565644,15,5407,Butter,190
3497,Retailer,Kampala,63089615,13,789,Cheese,43
3498,Wholesaler,Mbarara,14407193,16,8665,Milk,134
3499,Retailer,Jinja,25975345,8,3105,Milk,97
3500,Retailer,Kampala,78974976,19,4437,Flavored Milk,121
3501,Wholesaler,Jinja,99779856,10,2253,Cream,49
3502,Wholesaler,Mbarara,20804175,12,3972,Powder Milk,64
3503,Wholesaler,Mbarara,46398948,14,2007,Flavored Milk,135
3504,Wholesaler,Mbale,8775092,6,5376,Powder Milk,83
3505,Wholesaler,Jinja,63899833,9,1839,Milk,188
3506,Retailer,Gulu,90712421,7,6451,Milk,14
3507,Retailer,Mbale,35098270,6,634,Flavored Milk,65
3508,Wholesaler,Jinja,41841909,1,6228,Yogurt,127
3509,Wholesaler,Kampala,90719265,14,3250,Powder Milk,158
3510,Wholesaler,Kampala,36151922,6,1392,Powder Milk,67
3511,Retailer,Mbarara,78861427,12,4240,Butter,102
3512,Wholesaler,Gulu,70505627,17,9450,Butter,40
3513,Wholesaler,Kampala,58600731,5,4835,Cheese,183
3514,Retailer,Jinja,74035322,11,9407,Butter,164
3515,Retailer,Jinja,74370380,5,4806,Powder Milk,116
3516,Wholesaler,Kampala,91108683,12,6075,Cream,168
3517,Wholesaler,Jinja,57757041,3,7505,Flavored Milk,178
3518,Wholesaler,Jinja,58436337,9,1112,Yogurt,54
3519,Retailer,Mbarara,92252216,6,8767,Flavored Milk,173
3520,Wholesaler,Gulu,8075702,2,4552,Milk,11
3521,Wholesaler,Mbarara,21749112,2,9624,Powder Milk,71
3522,Wholesaler,Gulu,18960373,12,5031,Milk,158
3523,Retailer,Jinja,20265729,8,6662,Powder Milk,171
3524,Retailer,Gulu,35813959,2,5018,Butter,95
3525,Wholesaler,Jinja,16055209,9,6116,Yogurt,22
3526,Wholesaler,Jinja,47091656,16,5450,Powder Milk,28
3527,Retailer,Mbarara,82083323,15,5734,Cheese,170
3528,Retailer,Mbarara,68444087,14,6888,Flavored Milk,133
3529,Retailer,Mbale,34929201,4,7403,Cheese,111
3530,Retailer,Kampala,60951431,4,2037,Cheese,113
3531,Retailer,Mbale,43984834,11,4117,Cheese,58
3532,Retailer,Mbale,82754124,18,5118,Cheese,12
3533,Retailer,Gulu,18640584,5,4154,Flavored Milk,175
3534,Retailer,Jinja,64816414,2,8927,Milk,80
3535,Retailer,Jinja,97168152,15,7856,Flavored Milk,24
3536,Wholesaler,Jinja,12004211,11,6704,Milk,47
3537,Wholesaler,Kampala,10092331,17,3784,Milk,162
3538,Wholesaler,Gulu,69588918,16,6854,Flavored Milk,70
3539,Retailer,Gulu,31924270,15,1291,Flavored Milk,187
3540,Wholesaler,Jinja,10791070,3,3550,Flavored Milk,19
3541,Retailer,Mbale,90067500,15,9903,Powder Milk,109
3542,Retailer,Kampala,58661502,19,5780,Milk,110
3543,Wholesaler,Mbale,66789790,13,5580,Flavored Milk,187
3544,Retailer,Mbarara,74107182,16,3311,Yogurt,132
3545,Wholesaler,Gulu,8905592,12,7314,Butter,51
3546,Wholesaler,Gulu,50409205,17,3893,Butter,189
3547,Wholesaler,Mbale,93554898,16,4875,Yogurt,183
3548,Retailer,Kampala,9725805,9,2031,Butter,49
3549,Wholesaler,Gulu,52463005,6,697,Milk,195
3550,Retailer,Mbale,33145289,19,3973,Flavored Milk,33
3551,Wholesaler,Kampala,95147184,13,2032,Flavored Milk,78
3552,Wholesaler,Mbale,7506332,8,5305,Cream,94
3553,Wholesaler,Kampala,73085137,12,2069,Powder Milk,177
3554,Retailer,Jinja,59385547,9,9064,Flavored Milk,157
3555,Retailer,Kampala,22778224,4,4724,Yogurt,38
3556,Retailer,Mbarara,47744381,13,8121,Yogurt,46
3557,Wholesaler,Jinja,28803146,2,7030,Milk,29
3558,Wholesaler,Mbale,51231479,3,2882,Yogurt,155
3559,Retailer,Jinja,53830039,5,9262,Powder Milk,13
3560,Retailer,Jinja,59221878,18,9323,Flavored Milk,148
3561,Retailer,Mbale,86511576,14,7152,Powder Milk,95
3562,Retailer,Mbale,67897390,2,6041,Cream,61
3563,Retailer,Mbarara,29526088,15,4258,Milk,52
3564,Retailer,Mbale,19915851,8,3725,Milk,151
3565,Wholesaler,Gulu,18379696,16,1829,Flavored Milk,131
3566,Retailer,Gulu,36423177,3,4746,Cheese,182
3567,Wholesaler,Mbarara,14253294,5,4587,Flavored Milk,165
3568,Wholesaler,Kampala,42798780,4,8469,Milk,141
3569,Retailer,Kampala,71016305,12,923,Cheese,153
3570,Retailer,Gulu,32872264,19,4816,Flavored Milk,175
3571,Wholesaler,Mbale,21622312,15,3478,Flavored Milk,160
3572,Retailer,Mbarara,95077883,13,9533,Cheese,86
3573,Retailer,Kampala,92963079,5,5654,Cheese,157
3574,Wholesaler,Kampala,91710594,12,9269,Butter,92
3575,Wholesaler,Jinja,23660177,19,3599,Powder Milk,158
3576,Wholesaler,Gulu,20963106,2,8362,Cream,179
3577,Retailer,Mbale,42818512,7,8983,Cheese,78
3578,Wholesaler,Mbarara,28362275,5,3931,Yogurt,23
3579,Retailer,Kampala,49131124,11,9751,Cheese,79
3580,Wholesaler,Jinja,75074779,18,9484,Milk,14
3581,Wholesaler,Gulu,79080369,18,4839,Cream,161
3582,Wholesaler,Gulu,85021902,7,7495,Cheese,166
3583,Retailer,Mbarara,72285115,10,4402,Flavored Milk,11
3584,Retailer,Kampala,67505045,14,7521,Yogurt,15
3585,Wholesaler,Mbarara,49867141,11,7109,Cream,43
3586,Wholesaler,Mbarara,37316335,2,5699,Cream,31
3587,Wholesaler,Jinja,26454024,13,9954,Cheese,141
3588,Retailer,Gulu,85952595,13,5058,Yogurt,122
3589,Wholesaler,Mbale,82027018,9,7367,Powder Milk,143
3590,Retailer,Gulu,63031233,17,8835,Cream,76
3591,Wholesaler,Gulu,93391103,15,1083,Cream,86
3592,Wholesaler,Jinja,18288227,16,261,Butter,99
3593,Wholesaler,Mbale,71140548,10,6107,Yogurt,125
3594,Wholesaler,Kampala,63912006,12,9647,Flavored Milk,96
3595,Wholesaler,Mbale,20325125,5,5558,Butter,77
3596,Wholesaler,Kampala,16070741,17,5067,Cheese,171
3597,Retailer,Mbale,30983689,10,8172,Powder Milk,110
3598,Wholesaler,Mbarara,45969261,6,8175,Cream,171
3599,Retailer,Mbale,47153127,6,6529,Powder Milk,66
3600,Wholesaler,Jinja,85494012,12,9163,Cream,174
3601,Wholesaler,Kampala,19379629,19,4112,Powder Milk,143
3602,Retailer,Gulu,79231853,2,7398,Yogurt,80
3603,Wholesaler,Jinja,91698707,13,7992,Butter,182
3604,Retailer,Kampala,45882262,11,7995,Cheese,178
3605,Retailer,Kampala,67172828,15,3288,Powder Milk,112
3606,Wholesaler,Gulu,34999368,13,1543,Powder Milk,142
3607,Retailer,Mbarara,85031496,3,1627,Powder Milk,69
3608,Retailer,Jinja,82089813,14,1647,Powder Milk,154
3609,Wholesaler,Gulu,23043582,8,2478,Cheese,118
3610,Retailer,Gulu,57965561,9,362,Yogurt,110
3611,Wholesaler,Mbarara,88068086,15,6736,Powder Milk,192
3612,Wholesaler,Jinja,76607776,18,4125,Powder Milk,18
3613,Wholesaler,Gulu,40141010,8,53,Yogurt,141
3614,Wholesaler,Mbarara,10565902,11,7111,Butter,179
3615,Retailer,Jinja,5951712,5,9127,Yogurt,183
3616,Wholesaler,Mbale,95537161,15,5268,Cheese,83
3617,Wholesaler,Kampala,26976128,15,241,Flavored Milk,105
3618,Retailer,Mbarara,12119402,7,2430,Cream,138
3619,Wholesaler,Kampala,58574364,18,1285,Butter,96
3620,Wholesaler,Mbale,65036112,12,7812,Flavored Milk,124
3621,Retailer,Gulu,98421379,12,7981,Powder Milk,154
3622,Retailer,Gulu,93111900,4,2453,Flavored Milk,125
3623,Retailer,Jinja,64059382,11,6071,Cheese,137
3624,Retailer,Mbarara,77808838,6,7470,Flavored Milk,100
3625,Retailer,Mbarara,11336555,10,6784,Milk,88
3626,Retailer,Jinja,70888204,15,8503,Butter,127
3627,Retailer,Kampala,7858885,1,2419,Cheese,16
3628,Wholesaler,Gulu,77140788,17,2517,Yogurt,142
3629,Retailer,Gulu,78904693,3,4477,Cream,189
3630,Retailer,Mbarara,67295597,11,1309,Cheese,125
3631,Retailer,Mbarara,69348931,18,2104,Yogurt,112
3632,Wholesaler,Jinja,45061336,10,583,Cheese,62
3633,Wholesaler,Mbale,77393174,9,2169,Milk,128
3634,Retailer,Kampala,88402189,7,1573,Butter,12
3635,Retailer,Mbale,72316796,11,3507,Powder Milk,71
3636,Retailer,Mbale,72238053,8,2639,Powder Milk,41
3637,Wholesaler,Mbarara,47943638,2,4469,Flavored Milk,11
3638,Wholesaler,Mbarara,39586734,5,7142,Cream,89
3639,Retailer,Mbarara,92182823,9,6794,Cheese,133
3640,Wholesaler,Mbale,19326308,1,1990,Butter,90
3641,Retailer,Kampala,31780674,17,3786,Butter,62
3642,Wholesaler,Mbarara,40958242,10,122,Butter,149
3643,Wholesaler,Gulu,19892044,8,2937,Butter,133
3644,Retailer,Kampala,51058657,18,5407,Butter,142
3645,Retailer,Gulu,61165824,10,9229,Cream,13
3646,Retailer,Kampala,31896715,9,1395,Flavored Milk,65
3647,Retailer,Mbarara,63095698,4,9273,Powder Milk,89
3648,Wholesaler,Jinja,21847624,2,2056,Flavored Milk,54
3649,Wholesaler,Mbarara,83867355,19,9472,Cheese,197
3650,Wholesaler,Mbale,62452877,10,8652,Powder Milk,157
3651,Retailer,Mbale,10614810,17,1869,Powder Milk,62
3652,Wholesaler,Kampala,14704081,3,6844,Yogurt,82
3653,Retailer,Mbale,25449065,19,7263,Cheese,25
3654,Wholesaler,Mbarara,25682536,19,3142,Cream,102
3655,Retailer,Gulu,86117924,19,5339,Butter,122
3656,Retailer,Mbarara,43106857,19,2641,Yogurt,39
3657,Wholesaler,Kampala,89450392,15,7633,Powder Milk,29
3658,Retailer,Mbale,76027020,18,2552,Cream,115
3659,Retailer,Gulu,77984885,17,8903,Cream,96
3660,Wholesaler,Jinja,69174806,10,9471,Cheese,189
3661,Retailer,Gulu,37646563,14,9598,Yogurt,45
3662,Retailer,Gulu,21404064,19,3142,Powder Milk,31
3663,Retailer,Mbarara,92566036,18,7111,Flavored Milk,138
3664,Wholesaler,Jinja,83416225,11,1723,Butter,30
3665,Wholesaler,Kampala,97615479,11,9330,Cream,185
3666,Retailer,Kampala,61863843,12,6052,Yogurt,14
3667,Wholesaler,Gulu,80018384,8,7358,Milk,129
3668,Retailer,Gulu,59713353,16,6709,Butter,177
3669,Retailer,Mbale,7541526,8,549,Flavored Milk,91
3670,Retailer,Jinja,69648235,14,375,Flavored Milk,88
3671,Retailer,Gulu,7336506,18,6083,Cheese,54
3672,Retailer,Mbale,17731777,4,937,Cream,168
3673,Wholesaler,Jinja,75862562,17,9237,Powder Milk,152
3674,Retailer,Kampala,28102349,13,3723,Milk,67
3675,Wholesaler,Mbale,94588472,5,7985,Yogurt,190
3676,Wholesaler,Jinja,20489518,3,978,Cream,54
3677,Retailer,Mbale,22765868,9,4453,Cheese,179
3678,Retailer,Gulu,97245160,18,5476,Flavored Milk,161
3679,Wholesaler,Mbarara,93238721,19,8040,Yogurt,47
3680,Wholesaler,Kampala,87313746,19,9896,Flavored Milk,60
3681,Wholesaler,Gulu,47214735,16,674,Flavored Milk,33
3682,Retailer,Gulu,13679146,1,4394,Milk,100
3683,Wholesaler,Jinja,24441643,5,2421,Butter,170
3684,Retailer,Mbale,69929624,15,4749,Yogurt,156
3685,Retailer,Kampala,35754945,12,8300,Milk,34
3686,Retailer,Gulu,6990170,1,5166,Powder Milk,79
3687,Wholesaler,Jinja,65245505,14,6287,Cream,58
3688,Retailer,Kampala,85274706,18,9519,Flavored Milk,26
3689,Retailer,Mbale,6758185,18,8928,Flavored Milk,158
3690,Retailer,Gulu,99685647,6,7677,Milk,52
3691,Retailer,Gulu,90493900,1,4660,Powder Milk,91
3692,Retailer,Gulu,60809967,17,582,Yogurt,159
3693,Wholesaler,Kampala,67668031,18,4547,Flavored Milk,72
3694,Retailer,Kampala,24661681,15,3902,Powder Milk,33
3695,Retailer,Kampala,85452039,12,3454,Yogurt,42
3696,Wholesaler,Kampala,16454391,13,2818,Milk,26
3697,Retailer,Jinja,28714225,2,2705,Flavored Milk,185
3698,Wholesaler,Mbarara,64895980,4,2190,Cheese,53
3699,Retailer,Jinja,40209146,3,7774,Cheese,162
3700,Wholesaler,Gulu,96846054,19,623,Flavored Milk,116
3701,Wholesaler,Jinja,84862779,8,1615,Butter,108
3702,Retailer,Mbale,9631444,12,486,Flavored Milk,197
3703,Retailer,Kampala,77788983,12,3639,Flavored Milk,38
3704,Retailer,Mbale,10254200,10,1448,Flavored Milk,21
3705,Wholesaler,Mbale,90910001,1,9796,Milk,109
3706,Wholesaler,Gulu,39143845,5,7741,Flavored Milk,136
3707,Wholesaler,Kampala,43733992,11,3316,Flavored Milk,146
3708,Retailer,Mbale,55290513,9,6458,Milk,95
3709,Wholesaler,Gulu,34485483,14,3547,Flavored Milk,62
3710,Wholesaler,Kampala,69680354,3,5006,Cheese,70
3711,Retailer,Mbarara,80949402,5,2024,Cheese,168
3712,Wholesaler,Gulu,70023492,9,9108,Cream,122
3713,Wholesaler,Jinja,99886089,18,9295,Powder Milk,57
3714,Retailer,Kampala,5636984,6,5460,Cream,117
3715,Wholesaler,Mbale,98814457,7,7792,Cream,88
3716,Retailer,Mbale,93213385,16,2584,Flavored Milk,56
3717,Retailer,Jinja,97256226,8,7623,Milk,170
3718,Retailer,Jinja,57939252,10,8269,Flavored Milk,76
3719,Retailer,Mbale,33147823,5,3267,Flavored Milk,73
3720,Retailer,Kampala,54130643,11,2385,Powder Milk,131
3721,Wholesaler,Gulu,69340682,13,4726,Yogurt,154
3722,Wholesaler,Jinja,10253996,2,6445,Cream,53
3723,Retailer,Jinja,42698907,14,7379,Powder Milk,14
3724,Retailer,Jinja,68343671,9,2207,Butter,103
3725,Wholesaler,Mbarara,99919995,10,2741,Milk,199
3726,Retailer,Kampala,33158915,10,6591,Cream,88
3727,Retailer,Kampala,86439797,10,3392,Butter,48
3728,Retailer,Kampala,43076452,19,1605,Yogurt,179
3729,Wholesaler,Kampala,83053074,11,325,Butter,111
3730,Wholesaler,Kampala,98407012,11,2786,Flavored Milk,101
3731,Retailer,Mbale,34502452,3,9589,Cheese,30
3732,Retailer,Jinja,9279565,19,3139,Milk,184
3733,Wholesaler,Mbale,79324830,1,7628,Milk,83
3734,Wholesaler,Mbarara,19900731,12,8018,Flavored Milk,37
3735,Retailer,Gulu,17391651,15,2222,Powder Milk,158
3736,Retailer,Jinja,41208043,14,202,Cream,122
3737,Wholesaler,Mbarara,14989989,3,1654,Cream,37
3738,Wholesaler,Mbale,45001234,13,6851,Cream,95
3739,Wholesaler,Gulu,99274345,18,7774,Butter,111
3740,Retailer,Mbarara,15817558,16,1876,Milk,28
3741,Wholesaler,Gulu,47152731,6,8488,Powder Milk,72
3742,Retailer,Mbarara,34832067,10,5559,Cream,125
3743,Wholesaler,Mbale,78059003,17,1420,Cream,189
3744,Wholesaler,Gulu,35959633,17,5372,Yogurt,47
3745,Wholesaler,Mbarara,45798142,8,5178,Cream,55
3746,Wholesaler,Mbale,45230448,4,5861,Yogurt,161
3747,Retailer,Jinja,12290414,15,1741,Butter,101
3748,Retailer,Mbale,68593074,1,6724,Yogurt,182
3749,Wholesaler,Mbale,42629656,7,3440,Cream,18
3750,Retailer,Jinja,39899153,10,2448,Cheese,18
3751,Wholesaler,Mbale,69988933,7,9912,Flavored Milk,30
3752,Wholesaler,Jinja,38044690,1,86,Cream,33
3753,Wholesaler,Jinja,98495860,17,1677,Milk,104
3754,Wholesaler,Jinja,83580683,12,2389,Powder Milk,102
3755,Retailer,Mbarara,31064704,17,6210,Flavored Milk,49
3756,Wholesaler,Gulu,83561412,15,1421,Butter,189
3757,Wholesaler,Mbarara,85560576,16,726,Flavored Milk,141
3758,Retailer,Jinja,96433070,14,5122,Milk,140
3759,Wholesaler,Gulu,55409002,3,302,Cream,150
3760,Wholesaler,Gulu,49467025,19,2914,Powder Milk,30
3761,Wholesaler,Jinja,64888877,12,1666,Milk,17
3762,Retailer,Gulu,13195962,19,2281,Butter,129
3763,Wholesaler,Gulu,51327240,18,6483,Milk,119
3764,Retailer,Mbarara,92155588,14,810,Yogurt,138
3765,Wholesaler,Gulu,12017206,9,3336,Powder Milk,23
3766,Wholesaler,Jinja,66900291,3,6351,Powder Milk,85
3767,Retailer,Kampala,77813440,12,7116,Flavored Milk,45
3768,Wholesaler,Kampala,10886813,17,6884,Cheese,159
3769,Wholesaler,Kampala,61514359,5,442,Cheese,126
3770,Retailer,Jinja,90200044,8,8672,Cheese,173
3771,Retailer,Kampala,51028992,19,1046,Butter,54
3772,Retailer,Mbarara,73182530,4,7198,Cheese,153
3773,Retailer,Jinja,20006485,15,9333,Powder Milk,20
3774,Retailer,Jinja,95813383,19,1150,Cream,76
3775,Wholesaler,Jinja,20851281,15,8343,Powder Milk,107
3776,Retailer,Gulu,47384792,14,9134,Flavored Milk,162
3777,Wholesaler,Gulu,36727279,16,2310,Milk,99
3778,Wholesaler,Gulu,26880915,10,2230,Yogurt,168
3779,Wholesaler,Mbale,78125534,14,5366,Cream,122
3780,Retailer,Mbarara,60833373,11,1830,Cheese,99
3781,Retailer,Jinja,87692175,2,6483,Cheese,98
3782,Wholesaler,Jinja,9064833,19,9521,Cream,20
3783,Retailer,Gulu,77558835,3,4058,Cheese,89
3784,Retailer,Jinja,49099125,4,7423,Yogurt,93
3785,Retailer,Jinja,34403984,11,3336,Flavored Milk,115
3786,Retailer,Kampala,25766728,13,4567,Cream,125
3787,Wholesaler,Jinja,7520983,18,2678,Cream,175
3788,Wholesaler,Mbale,95299174,18,588,Cheese,11
3789,Retailer,Gulu,94917319,19,1830,Milk,63
3790,Wholesaler,Mbarara,41787009,12,6655,Butter,102
3791,Retailer,Mbarara,93809737,1,2398,Yogurt,16
3792,Retailer,Kampala,40067252,6,5457,Flavored Milk,186
3793,Wholesaler,Mbarara,19486679,3,7219,Powder Milk,49
3794,Wholesaler,Mbarara,37331759,17,2010,Milk,54
3795,Wholesaler,Gulu,64069391,3,3141,Yogurt,191
3796,Retailer,Gulu,45695378,1,7147,Powder Milk,198
3797,Wholesaler,Mbale,20662494,3,3612,Yogurt,141
3798,Retailer,Kampala,31631050,4,5131,Butter,116
3799,Wholesaler,Mbarara,46711237,6,4951,Butter,43
3800,Wholesaler,Mbale,78246021,7,2354,Powder Milk,17
3801,Retailer,Kampala,54167007,8,2535,Powder Milk,41
3802,Retailer,Mbarara,38188015,13,7978,Flavored Milk,155
3803,Retailer,Mbarara,20522316,4,8225,Cheese,177
3804,Retailer,Gulu,22710146,6,698,Cream,84
3805,Retailer,Jinja,39909943,11,7940,Powder Milk,193
3806,Retailer,Kampala,61843816,1,3865,Butter,46
3807,Retailer,Mbarara,94656503,8,6329,Flavored Milk,192
3808,Retailer,Kampala,83612389,2,9793,Yogurt,45
3809,Wholesaler,Mbale,95135032,8,9544,Cream,19
3810,Retailer,Mbale,18374288,9,2682,Cheese,79
3811,Retailer,Jinja,87605857,4,7953,Milk,127
3812,Wholesaler,Mbarara,93878661,17,1318,Yogurt,171
3813,Retailer,Gulu,46770729,7,1823,Cream,104
3814,Wholesaler,Mbarara,22238538,10,7070,Flavored Milk,81
3815,Wholesaler,Kampala,92498010,5,3677,Milk,154
3816,Retailer,Mbale,53451375,10,1216,Cream,132
3817,Wholesaler,Kampala,41937239,12,2598,Yogurt,70
3818,Retailer,Jinja,91064666,6,1600,Butter,155
3819,Wholesaler,Mbale,79659893,1,2190,Flavored Milk,198
3820,Wholesaler,Gulu,56274615,3,5552,Milk,45
3821,Wholesaler,Mbale,10200148,7,6058,Powder Milk,190
3822,Retailer,Mbarara,79878394,11,6472,Butter,170
3823,Retailer,Mbarara,48043698,12,5896,Powder Milk,160
3824,Wholesaler,Mbale,49378743,9,3570,Powder Milk,47
3825,Wholesaler,Jinja,17137696,1,7978,Milk,167
3826,Retailer,Mbarara,10200441,4,7175,Cheese,153
3827,Retailer,Mbarara,96291823,2,8862,Cream,191
3828,Wholesaler,Gulu,8935377,2,5457,Cream,196
3829,Wholesaler,Mbale,63619543,17,2573,Cheese,113
3830,Retailer,Mbarara,58065088,2,4817,Flavored Milk,101
3831,Retailer,Jinja,58268741,4,8412,Milk,15
3832,Retailer,Kampala,61029714,11,5694,Cream,142
3833,Retailer,Mbale,71344789,19,2469,Cheese,101
3834,Retailer,Gulu,84174522,13,9658,Yogurt,10
3835,Wholesaler,Mbarara,7113415,18,6127,Yogurt,23
3836,Retailer,Jinja,72019972,19,7727,Cheese,92
3837,Wholesaler,Mbale,64950003,15,988,Cream,40
3838,Retailer,Jinja,29322632,12,4980,Powder Milk,188
3839,Wholesaler,Jinja,20182638,11,6402,Powder Milk,130
3840,Retailer,Gulu,29192596,1,6993,Cheese,88
3841,Retailer,Mbale,55941211,16,7661,Flavored Milk,156
3842,Wholesaler,Mbarara,52606061,13,8114,Powder Milk,111
3843,Wholesaler,Gulu,14163907,6,3227,Flavored Milk,41
3844,Retailer,Mbarara,6330295,6,5401,Yogurt,66
3845,Retailer,Kampala,64791063,10,5150,Butter,40
3846,Retailer,Jinja,36272071,2,3846,Milk,67
3847,Retailer,Kampala,18286003,3,2934,Butter,163
3848,Retailer,Jinja,89695612,6,9973,Flavored Milk,57
3849,Wholesaler,Gulu,38552417,16,1322,Powder Milk,132
3850,Wholesaler,Mbarara,71028051,6,6457,Butter,50
3851,Retailer,Mbarara,82055183,13,1802,Flavored Milk,162
3852,Wholesaler,Gulu,88609249,4,7720,Cream,184
3853,Wholesaler,Mbale,88897437,15,7480,Butter,191
3854,Wholesaler,Kampala,41111773,6,1741,Yogurt,130
3855,Retailer,Kampala,64400562,1,9499,Flavored Milk,194
3856,Wholesaler,Mbarara,80190680,9,8673,Yogurt,70
3857,Retailer,Mbarara,29712574,12,5223,Butter,141
3858,Wholesaler,Mbarara,42592504,11,3955,Cheese,168
3859,Retailer,Gulu,32842413,13,6096,Cheese,129
3860,Wholesaler,Mbale,73163006,1,6130,Milk,105
3861,Retailer,Kampala,62269866,19,6206,Cream,121
3862,Retailer,Jinja,89714088,4,6864,Cheese,50
3863,Wholesaler,Gulu,94968710,5,6734,Cream,35
3864,Retailer,Kampala,50420462,17,2154,Milk,28
3865,Retailer,Mbale,28457875,5,5149,Butter,96
3866,Retailer,Gulu,23401488,19,9426,Milk,34
3867,Retailer,Kampala,56826946,3,486,Milk,56
3868,Retailer,Gulu,83367982,11,4375,Milk,17
3869,Retailer,Kampala,78741613,2,7058,Cream,12
3870,Retailer,Kampala,44045401,14,8863,Yogurt,42
3871,Retailer,Mbale,18076897,6,8876,Cream,121
3872,Wholesaler,Jinja,71243789,19,2043,Cream,165
3873,Wholesaler,Mbale,75630663,1,2725,Milk,31
3874,Retailer,Kampala,40870006,7,5911,Powder Milk,108
3875,Retailer,Gulu,10004122,2,2390,Flavored Milk,107
3876,Wholesaler,Mbale,31535817,19,9651,Butter,39
3877,Wholesaler,Jinja,31851000,1,3866,Yogurt,56
3878,Wholesaler,Kampala,33090993,9,9070,Flavored Milk,173
3879,Retailer,Mbale,88229774,17,2331,Butter,68
3880,Wholesaler,Mbale,41411236,10,7513,Cream,23
3881,Retailer,Mbale,35416213,6,5872,Yogurt,82
3882,Retailer,Mbale,38249068,3,8778,Cream,114
3883,Wholesaler,Gulu,9436529,15,9644,Butter,23
3884,Retailer,Jinja,7960191,6,9046,Cheese,193
3885,Retailer,Jinja,55181889,3,6732,Butter,161
3886,Retailer,Kampala,99057388,10,9093,Cheese,58
3887,Retailer,Mbarara,26179742,12,8147,Cream,180
3888,Wholesaler,Gulu,42587677,1,605,Cheese,12
3889,Wholesaler,Kampala,54588067,16,8117,Powder Milk,32
3890,Retailer,Kampala,79787950,17,5391,Butter,157
3891,Retailer,Mbale,50123175,10,5093,Cream,118
3892,Wholesaler,Mbarara,17165901,12,7450,Cream,152
3893,Retailer,Mbarara,83853790,19,6079,Cheese,52
3894,Wholesaler,Gulu,96191834,8,6868,Powder Milk,80
3895,Retailer,Mbarara,73596308,8,2144,Yogurt,170
3896,Retailer,Kampala,88200226,10,3528,Cheese,64
3897,Wholesaler,Mbarara,13218809,10,2980,Milk,135
3898,Wholesaler,Mbarara,16676238,18,8495,Yogurt,91
3899,Wholesaler,Jinja,33634327,10,3570,Cream,50
3900,Wholesaler,Kampala,87963000,7,108,Powder Milk,155
3901,Retailer,Mbarara,49964495,4,3752,Yogurt,140
3902,Wholesaler,Mbarara,62352547,1,9963,Yogurt,12
3903,Retailer,Mbale,7504696,11,2657,Cream,109
3904,Wholesaler,Mbarara,44203207,19,5160,Milk,153
3905,Wholesaler,Mbarara,44342658,5,8506,Milk,180
3906,Retailer,Jinja,18860333,8,1757,Milk,32
3907,Wholesaler,Kampala,78116067,2,2343,Milk,152
3908,Wholesaler,Gulu,42787608,2,2534,Powder Milk,136
3909,Wholesaler,Kampala,77171683,14,2785,Milk,67
3910,Wholesaler,Mbale,76850762,9,3505,Powder Milk,177
3911,Retailer,Kampala,61668797,10,987,Powder Milk,127
3912,Retailer,Mbarara,73972111,13,927,Flavored Milk,175
3913,Wholesaler,Mbale,34977782,1,8788,Cream,126
3914,Wholesaler,Kampala,61954165,14,2512,Flavored Milk,91
3915,Wholesaler,Mbale,26334032,2,4543,Milk,111
3916,Retailer,Gulu,53732605,4,6185,Powder Milk,143
3917,Retailer,Kampala,44022761,19,8031,Yogurt,117
3918,Retailer,Mbarara,93218903,1,2265,Cheese,55
3919,Retailer,Mbale,49519312,4,5776,Cheese,15
3920,Wholesaler,Jinja,11442799,11,5997,Flavored Milk,132
3921,Wholesaler,Mbale,53693587,13,8471,Milk,101
3922,Wholesaler,Jinja,53222933,18,1477,Butter,157
3923,Retailer,Mbarara,96868869,10,6337,Cheese,28
3924,Wholesaler,Gulu,51884749,5,1749,Cream,23
3925,Retailer,Jinja,34987850,1,2195,Cream,74
3926,Retailer,Gulu,7809355,14,8248,Powder Milk,105
3927,Wholesaler,Mbale,99660205,16,7008,Cream,166
3928,Wholesaler,Mbarara,88819396,18,4322,Powder Milk,168
3929,Wholesaler,Jinja,75609535,3,9471,Cheese,162
3930,Retailer,Mbale,7153619,3,1873,Yogurt,55
3931,Retailer,Kampala,94988661,4,4034,Cheese,189
3932,Wholesaler,Mbale,97083129,7,8872,Flavored Milk,25
3933,Wholesaler,Gulu,17625998,13,8511,Cream,117
3934,Retailer,Mbarara,76151961,9,3821,Milk,148
3935,Wholesaler,Mbarara,38116768,3,550,Milk,27
3936,Retailer,Mbale,24865117,17,5656,Powder Milk,117
3937,Retailer,Kampala,51994455,15,7989,Cheese,193
3938,Wholesaler,Gulu,18825494,10,5657,Butter,193
3939,Wholesaler,Mbale,40698818,15,2800,Flavored Milk,194
3940,Wholesaler,Mbale,50411961,1,1362,Powder Milk,78
3941,Wholesaler,Mbarara,65619107,10,2203,Cheese,129
3942,Retailer,Gulu,81200879,7,4786,Flavored Milk,97
3943,Retailer,Kampala,13360085,7,658,Butter,99
3944,Retailer,Mbarara,27160909,3,5154,Powder Milk,25
3945,Wholesaler,Mbale,57753948,7,1713,Cream,111
3946,Retailer,Mbarara,27343729,9,3344,Flavored Milk,143
3947,Wholesaler,Mbarara,86549775,8,5974,Powder Milk,189
3948,Wholesaler,Jinja,16953633,3,2047,Flavored Milk,134
3949,Wholesaler,Mbarara,17181385,5,6072,Flavored Milk,129
3950,Wholesaler,Mbarara,65537286,13,3235,Cream,192
3951,Wholesaler,Gulu,77933336,13,1581,Powder Milk,85
3952,Wholesaler,Mbarara,83527770,8,4266,Milk,82
3953,Retailer,Kampala,94911630,18,7434,Cream,186
3954,Wholesaler,Mbale,16871583,7,3756,Butter,193
3955,Retailer,Gulu,57926088,10,7309,Powder Milk,50
3956,Retailer,Mbarara,7345286,10,4552,Milk,115
3957,Wholesaler,Kampala,38673210,11,8917,Yogurt,193
3958,Wholesaler,Mbale,99258167,12,9896,Cheese,130
3959,Wholesaler,Gulu,31229730,13,5054,Powder Milk,98
3960,Retailer,Kampala,98732944,8,3594,Milk,127
3961,Wholesaler,Mbarara,22958998,17,3868,Powder Milk,165
3962,Retailer,Jinja,79573575,14,8137,Powder Milk,168
3963,Wholesaler,Jinja,78974017,17,7132,Powder Milk,192
3964,Wholesaler,Gulu,95403806,19,3493,Cream,189
3965,Retailer,Kampala,21777400,16,5759,Flavored Milk,75
3966,Retailer,Mbale,57917939,9,1097,Yogurt,55
3967,Wholesaler,Kampala,19393208,10,9573,Butter,117
3968,Retailer,Jinja,9004959,9,2710,Butter,13
3969,Retailer,Gulu,13376924,1,7980,Powder Milk,159
3970,Retailer,Mbarara,94731975,3,7108,Milk,182
3971,Retailer,Kampala,27970334,11,6316,Cream,165
3972,Retailer,Jinja,42164989,7,9005,Powder Milk,147
3973,Wholesaler,Mbale,34148530,18,8127,Flavored Milk,186
3974,Wholesaler,Gulu,40835752,13,3458,Flavored Milk,104
3975,Retailer,Mbarara,31748821,18,6351,Powder Milk,115
3976,Wholesaler,Kampala,98985029,16,7544,Butter,89
3977,Wholesaler,Mbale,65716605,16,1734,Flavored Milk,60
3978,Retailer,Mbarara,57117994,10,919,Cheese,180
3979,Wholesaler,Jinja,83267069,9,5173,Milk,143
3980,Retailer,Jinja,42260150,8,9155,Milk,130
3981,Retailer,Mbale,73932875,19,5925,Flavored Milk,162
3982,Wholesaler,Jinja,41844734,3,7262,Butter,13
3983,Retailer,Gulu,82903247,9,6777,Cream,161
3984,Retailer,Mbale,51741016,2,9872,Powder Milk,193
3985,Retailer,Jinja,73434010,19,592,Cheese,100
3986,Retailer,Kampala,92495255,8,2253,Cheese,192
3987,Retailer,Jinja,89655947,18,2985,Powder Milk,63
3988,Wholesaler,Gulu,63605044,8,801,Cream,12
3989,Wholesaler,Mbarara,7668844,5,2161,Cheese,184
3990,Retailer,Mbarara,67481518,6,8662,Yogurt,39
3991,Retailer,Jinja,39398287,10,7326,Flavored Milk,85
3992,Wholesaler,Mbarara,38538464,15,9728,Cheese,50
3993,Retailer,Jinja,34938741,4,5749,Cream,115
3994,Wholesaler,Gulu,27244960,3,596,Flavored Milk,192
3995,Retailer,Mbarara,15194714,9,5011,Butter,68
3996,Retailer,Kampala,25580306,16,2607,Butter,49
3997,Retailer,Jinja,81366063,16,1621,Powder Milk,54
3998,Retailer,Mbarara,30881421,15,6634,Butter,159
3999,Retailer,Gulu,92934872,9,8695,Yogurt,24
4000,Retailer,Gulu,53692709,17,2741,Butter,26
4001,Retailer,Kampala,82000123,12,7010,Flavored Milk,196
4002,Wholesaler,Gulu,57149813,8,9999,Milk,117
4003,Wholesaler,Gulu,35403158,14,4824,Milk,34
4004,Wholesaler,Mbarara,95896132,18,109,Flavored Milk,52
4005,Retailer,Jinja,10592811,12,9659,Milk,188
4006,Retailer,Mbale,6388963,14,6261,Cheese,70
4007,Retailer,Gulu,75737461,5,1388,Milk,182
4008,Retailer,Gulu,50732548,1,8708,Cream,140
4009,Retailer,Mbale,39548262,13,7051,Yogurt,173
4010,Retailer,Gulu,49924780,14,7998,Butter,37
4011,Retailer,Mbarara,62277667,2,2521,Milk,116
4012,Wholesaler,Mbarara,56592428,16,8961,Milk,133
4013,Retailer,Mbale,86819267,5,9477,Cream,182
4014,Wholesaler,Gulu,81580169,1,8804,Powder Milk,93
4015,Wholesaler,Gulu,68884096,12,9224,Yogurt,158
4016,Retailer,Jinja,16453095,19,4570,Powder Milk,36
4017,Retailer,Gulu,10284326,10,8151,Yogurt,92
4018,Wholesaler,Mbarara,96475492,12,1780,Milk,109
4019,Wholesaler,Kampala,77478274,19,4389,Cheese,85
4020,Retailer,Kampala,18021806,16,7929,Milk,44
4021,Retailer,Kampala,36450526,17,8087,Cheese,185
4022,Wholesaler,Kampala,20440592,13,7850,Powder Milk,106
4023,Retailer,Gulu,67224470,7,3097,Cream,109
4024,Retailer,Gulu,21860620,3,9599,Butter,160
4025,Retailer,Jinja,14747246,5,5275,Flavored Milk,22
4026,Wholesaler,Gulu,77448410,4,1835,Butter,167
4027,Wholesaler,Kampala,26480114,15,2012,Milk,157
4028,Wholesaler,Mbale,64957139,17,7296,Milk,15
4029,Retailer,Mbale,50478334,12,9430,Cheese,156
4030,Retailer,Mbarara,50058347,14,6015,Yogurt,83
4031,Wholesaler,Mbarara,99026135,4,2728,Powder Milk,19
4032,Wholesaler,Gulu,66108598,17,6155,Powder Milk,193
4033,Wholesaler,Mbale,78619688,11,5357,Powder Milk,30
4034,Retailer,Kampala,48526018,6,3173,Cheese,136
4035,Wholesaler,Kampala,18632125,4,3193,Yogurt,65
4036,Wholesaler,Kampala,10805802,13,2850,Yogurt,66
4037,Retailer,Gulu,33600505,15,373,Cream,139
4038,Retailer,Gulu,93533069,18,2252,Yogurt,48
4039,Retailer,Jinja,30243009,17,6252,Yogurt,70
4040,Wholesaler,Kampala,20593665,19,7492,Milk,182
4041,Retailer,Kampala,12285862,10,1844,Flavored Milk,119
4042,Retailer,Gulu,14842280,5,2392,Powder Milk,165
4043,Wholesaler,Gulu,56044163,12,3095,Flavored Milk,155
4044,Retailer,Jinja,64098593,15,1357,Butter,23
4045,Wholesaler,Jinja,48603666,4,1505,Butter,192
4046,Wholesaler,Mbarara,97381433,8,9204,Butter,68
4047,Retailer,Mbale,35736164,17,9959,Cheese,118
4048,Retailer,Kampala,85286920,6,5441,Butter,156
4049,Retailer,Kampala,95055191,16,2589,Powder Milk,50
4050,Retailer,Jinja,65116445,5,3668,Cream,149
4051,Retailer,Jinja,99675401,14,2428,Butter,157
4052,Retailer,Mbarara,79140338,2,9116,Butter,171
4053,Wholesaler,Mbale,76273769,17,2255,Cream,134
4054,Wholesaler,Mbarara,11485355,6,1189,Milk,45
4055,Retailer,Mbale,72915815,11,3641,Butter,30
4056,Wholesaler,Kampala,33057391,2,4764,Cream,65
4057,Retailer,Mbarara,10229907,1,4764,Flavored Milk,50
4058,Wholesaler,Jinja,66706213,5,9787,Milk,136
4059,Wholesaler,Mbarara,26862507,8,4717,Yogurt,178
4060,Wholesaler,Mbarara,85063803,4,8507,Cheese,180
4061,Retailer,Kampala,30414769,19,8343,Milk,115
4062,Wholesaler,Jinja,86939622,5,7904,Milk,95
4063,Retailer,Jinja,61090884,5,7208,Flavored Milk,47
4064,Wholesaler,Gulu,74280991,16,4023,Cream,155
4065,Wholesaler,Gulu,9254970,18,9776,Powder Milk,17
4066,Wholesaler,Gulu,61986125,11,2319,Powder Milk,157
4067,Wholesaler,Kampala,21482429,17,2533,Butter,194
4068,Wholesaler,Mbarara,94760973,3,1263,Yogurt,115
4069,Retailer,Jinja,34944893,18,4785,Cream,155
4070,Retailer,Jinja,20697178,4,4479,Flavored Milk,117
4071,Wholesaler,Mbarara,81384309,19,9148,Cream,197
4072,Wholesaler,Jinja,98829465,9,9823,Cream,139
4073,Wholesaler,Mbarara,56969547,5,9846,Flavored Milk,179
4074,Wholesaler,Kampala,10931143,4,6045,Milk,73
4075,Retailer,Kampala,60011657,16,619,Yogurt,53
4076,Wholesaler,Kampala,54945743,10,8145,Cream,188
4077,Retailer,Mbarara,46516313,9,1595,Flavored Milk,110
4078,Wholesaler,Mbarara,46439367,16,958,Powder Milk,115
4079,Retailer,Mbale,51456296,17,4512,Cheese,74
4080,Wholesaler,Jinja,20762220,18,4133,Cream,74
4081,Wholesaler,Jinja,24848924,15,3390,Cheese,127
4082,Retailer,Mbale,49163923,9,6997,Flavored Milk,133
4083,Wholesaler,Mbale,13742608,6,7089,Milk,191
4084,Wholesaler,Kampala,74248914,6,7162,Cream,117
4085,Wholesaler,Mbale,17213648,11,2475,Cheese,104
4086,Retailer,Mbarara,33394342,3,7205,Milk,176
4087,Wholesaler,Gulu,11830971,12,9255,Butter,145
4088,Wholesaler,Mbarara,33718528,15,6720,Butter,76
4089,Retailer,Mbale,23298483,7,1922,Cream,120
4090,Retailer,Jinja,5361116,18,4959,Milk,85
4091,Retailer,Mbarara,25792589,15,8447,Flavored Milk,58
4092,Wholesaler,Jinja,77805392,8,865,Butter,173
4093,Wholesaler,Mbarara,5451420,9,115,Powder Milk,16
4094,Wholesaler,Jinja,49442081,15,2101,Cream,24
4095,Retailer,Mbarara,28686362,16,52,Cream,94
4096,Wholesaler,Jinja,39377022,3,7476,Butter,162
4097,Wholesaler,Gulu,55799853,5,374,Powder Milk,194
4098,Retailer,Kampala,35948896,3,6184,Cheese,47
4099,Retailer,Mbarara,31206310,2,654,Flavored Milk,46
4100,Retailer,Gulu,6136045,2,4941,Milk,131
4101,Retailer,Kampala,50840013,4,2632,Butter,25
4102,Retailer,Mbarara,79977518,3,3172,Cream,10
4103,Wholesaler,Gulu,91010500,9,8026,Flavored Milk,184
4104,Retailer,Gulu,84451700,12,3164,Butter,189
4105,Wholesaler,Gulu,96815521,9,396,Cheese,46
4106,Wholesaler,Mbale,72911581,19,3493,Flavored Milk,54
4107,Retailer,Jinja,47161015,12,2304,Yogurt,151
4108,Retailer,Kampala,32784447,16,8352,Cream,194
4109,Retailer,Jinja,43821448,1,72,Cheese,171
4110,Wholesaler,Jinja,60503834,10,3866,Milk,168
4111,Retailer,Jinja,58908379,10,1757,Flavored Milk,92
4112,Retailer,Gulu,61123241,4,6765,Powder Milk,181
4113,Retailer,Jinja,65257049,11,6103,Butter,32
4114,Retailer,Mbale,69127651,11,3865,Powder Milk,103
4115,Retailer,Mbarara,8426695,11,8988,Flavored Milk,90
4116,Wholesaler,Gulu,15823313,6,564,Milk,75
4117,Wholesaler,Kampala,96821523,15,6337,Powder Milk,148
4118,Wholesaler,Mbarara,40755833,2,3089,Powder Milk,186
4119,Retailer,Mbarara,81571900,3,5911,Powder Milk,67
4120,Retailer,Mbarara,29154783,5,2906,Cream,38
4121,Retailer,Jinja,8304623,11,2391,Flavored Milk,92
4122,Wholesaler,Jinja,87418129,12,8566,Butter,188
4123,Retailer,Gulu,77601152,3,6386,Cream,138
4124,Retailer,Jinja,88649585,9,3412,Powder Milk,142
4125,Retailer,Jinja,29542035,3,7856,Cheese,124
4126,Wholesaler,Jinja,41290035,2,3540,Cheese,43
4127,Retailer,Gulu,52280120,6,2557,Butter,134
4128,Wholesaler,Gulu,99452958,6,8198,Cream,87
4129,Retailer,Mbale,74009051,17,5217,Yogurt,28
4130,Wholesaler,Mbale,13345474,8,3228,Yogurt,97
4131,Wholesaler,Mbale,60074476,1,7481,Cheese,177
4132,Wholesaler,Mbale,34254166,8,3374,Powder Milk,90
4133,Retailer,Mbarara,61908678,15,9804,Milk,104
4134,Retailer,Mbarara,57211063,18,1594,Flavored Milk,81
4135,Wholesaler,Mbale,46587772,13,5901,Cream,154
4136,Wholesaler,Mbale,69413719,8,8767,Butter,47
4137,Retailer,Kampala,32956516,18,6222,Milk,180
4138,Retailer,Mbarara,98983276,13,4683,Cream,49
4139,Wholesaler,Kampala,45442546,14,9991,Powder Milk,182
4140,Retailer,Kampala,88202403,15,6336,Flavored Milk,177
4141,Retailer,Jinja,36938519,6,9082,Cream,129
4142,Retailer,Gulu,80625317,1,2315,Cheese,97
4143,Retailer,Mbarara,86664940,7,8954,Cream,99
4144,Wholesaler,Mbale,67829118,1,8308,Butter,39
4145,Retailer,Mbale,68623196,15,9002,Milk,172
4146,Retailer,Gulu,23561380,6,6337,Flavored Milk,181
4147,Wholesaler,Mbarara,32902316,5,5310,Cheese,141
4148,Wholesaler,Mbale,66268376,12,8706,Cheese,142
4149,Retailer,Mbale,81127497,3,4241,Flavored Milk,185
4150,Retailer,Jinja,50581602,14,4949,Yogurt,75
4151,Retailer,Kampala,77530486,6,1517,Cream,104
4152,Retailer,Mbale,92168152,4,4902,Cream,36
4153,Wholesaler,Mbarara,75875308,15,6151,Yogurt,161
4154,Wholesaler,Gulu,38854047,17,7597,Flavored Milk,65
4155,Wholesaler,Jinja,35457466,5,2810,Flavored Milk,54
4156,Retailer,Mbarara,66756427,6,6471,Flavored Milk,77
4157,Retailer,Jinja,62396585,10,1443,Cheese,165
4158,Retailer,Kampala,83590809,9,3743,Powder Milk,14
4159,Retailer,Mbale,47289808,4,5428,Cream,117
4160,Wholesaler,Mbarara,5332744,9,1749,Powder Milk,56
4161,Wholesaler,Gulu,32112924,8,1170,Cream,142
4162,Retailer,Kampala,5642624,3,5379,Butter,14
4163,Wholesaler,Kampala,25431953,1,1621,Cheese,185
4164,Retailer,Jinja,26976756,5,778,Cream,130
4165,Retailer,Kampala,75397267,3,665,Cheese,82
4166,Wholesaler,Mbarara,20010232,4,420,Yogurt,56
4167,Retailer,Jinja,14527912,19,6817,Flavored Milk,199
4168,Retailer,Kampala,77118497,15,5388,Cheese,164
4169,Wholesaler,Gulu,16159922,19,4992,Cheese,13
4170,Retailer,Mbarara,7323426,16,9189,Flavored Milk,186
4171,Retailer,Gulu,82214178,8,1169,Powder Milk,100
4172,Wholesaler,Gulu,78473833,14,9697,Butter,74
4173,Retailer,Jinja,7003509,5,6381,Yogurt,105
4174,Wholesaler,Mbale,45336671,1,7069,Milk,89
4175,Retailer,Jinja,69415781,19,2472,Powder Milk,96
4176,Wholesaler,Mbarara,53435653,5,7640,Cheese,70
4177,Wholesaler,Mbarara,85629617,3,9582,Butter,157
4178,Wholesaler,Jinja,68498444,17,9760,Milk,109
4179,Retailer,Mbale,99442349,7,5875,Cream,128
4180,Wholesaler,Jinja,87321652,17,6810,Powder Milk,118
4181,Wholesaler,Mbarara,51147430,13,8952,Cream,145
4182,Wholesaler,Mbale,77303948,14,4620,Powder Milk,91
4183,Wholesaler,Mbarara,99725038,12,623,Flavored Milk,22
4184,Wholesaler,Mbale,67279051,11,557,Milk,174
4185,Retailer,Mbale,35275488,1,6785,Flavored Milk,52
4186,Retailer,Jinja,76162779,3,2272,Cream,101
4187,Retailer,Jinja,40878146,12,7738,Powder Milk,193
4188,Retailer,Jinja,98073817,9,1344,Powder Milk,187
4189,Retailer,Mbale,47428725,2,9939,Powder Milk,29
4190,Retailer,Mbale,72325633,14,837,Butter,57
4191,Retailer,Mbarara,83268483,5,4717,Powder Milk,109
4192,Wholesaler,Gulu,33006513,3,2283,Milk,28
4193,Retailer,Jinja,54973467,12,8828,Yogurt,78
4194,Wholesaler,Mbarara,57241880,12,3700,Butter,26
4195,Wholesaler,Mbarara,48342766,7,3299,Milk,165
4196,Retailer,Kampala,89709761,1,6121,Cheese,45
4197,Wholesaler,Jinja,53651561,3,4086,Milk,175
4198,Wholesaler,Mbarara,16502497,11,8797,Cream,91
4199,Wholesaler,Kampala,70740381,13,1759,Milk,79
4200,Wholesaler,Jinja,16767036,10,5262,Yogurt,125
4201,Retailer,Mbale,53525716,19,1560,Butter,163
4202,Retailer,Kampala,28794155,4,5953,Cheese,10
4203,Retailer,Mbale,81185956,5,8217,Powder Milk,90
4204,Retailer,Gulu,83265771,11,7602,Butter,139
4205,Retailer,Gulu,63511574,9,3556,Butter,173
4206,Retailer,Gulu,68262688,13,6128,Cheese,193
4207,Retailer,Gulu,85811387,17,6482,Cream,44
4208,Retailer,Mbarara,31521434,15,3683,Cheese,136
4209,Retailer,Gulu,31604271,13,1511,Yogurt,36
4210,Retailer,Mbarara,5549690,11,5964,Cream,193
4211,Wholesaler,Mbarara,86515733,1,6402,Flavored Milk,55
4212,Retailer,Jinja,43122593,8,2221,Yogurt,157
4213,Wholesaler,Mbarara,98280783,5,7978,Cream,17
4214,Wholesaler,Mbarara,27387603,16,8644,Cream,102
4215,Wholesaler,Gulu,57101785,4,8525,Powder Milk,81
4216,Wholesaler,Mbarara,18392581,19,6856,Cheese,123
4217,Retailer,Mbale,54457132,18,6165,Milk,100
4218,Wholesaler,Gulu,61830486,2,8482,Milk,35
4219,Retailer,Kampala,62016873,13,4706,Butter,112
4220,Retailer,Gulu,56000868,16,8942,Butter,71
4221,Wholesaler,Mbarara,55946375,8,2720,Flavored Milk,103
4222,Retailer,Mbale,49377252,19,4410,Cream,170
4223,Wholesaler,Gulu,19778517,3,2598,Flavored Milk,70
4224,Wholesaler,Mbale,96782661,19,2376,Flavored Milk,157
4225,Retailer,Kampala,96471861,17,2846,Flavored Milk,77
4226,Retailer,Kampala,17530719,9,7096,Milk,38
4227,Wholesaler,Jinja,28589520,17,2256,Cream,55
4228,Retailer,Jinja,10245733,1,5229,Cheese,174
4229,Retailer,Gulu,44397264,4,1660,Powder Milk,110
4230,Retailer,Jinja,97322710,15,8729,Powder Milk,99
4231,Wholesaler,Mbale,79844848,12,514,Flavored Milk,190
4232,Wholesaler,Jinja,87084796,17,4373,Cream,142
4233,Retailer,Mbale,85489648,12,8907,Yogurt,97
4234,Retailer,Jinja,25029855,16,5525,Powder Milk,136
4235,Retailer,Jinja,86145214,13,9731,Flavored Milk,116
4236,Retailer,Jinja,53320190,11,7015,Milk,75
4237,Retailer,Mbarara,13796166,15,848,Butter,152
4238,Wholesaler,Mbarara,35905237,16,2850,Yogurt,55
4239,Retailer,Jinja,98582268,6,3290,Flavored Milk,194
4240,Wholesaler,Mbale,8143053,11,3405,Milk,17
4241,Retailer,Gulu,93475535,15,3979,Butter,174
4242,Wholesaler,Kampala,68403778,5,909,Flavored Milk,110
4243,Retailer,Mbarara,53145800,3,8605,Milk,194
4244,Wholesaler,Jinja,84373358,2,7738,Milk,151
4245,Retailer,Kampala,57374868,1,5072,Cheese,142
4246,Wholesaler,Mbarara,48997789,15,7634,Milk,82
4247,Wholesaler,Gulu,44437789,2,6452,Flavored Milk,132
4248,Wholesaler,Mbale,44940091,6,9157,Cream,52
4249,Wholesaler,Jinja,6235369,12,1824,Milk,186
4250,Wholesaler,Gulu,60544233,16,3415,Yogurt,132
4251,Wholesaler,Mbarara,37604895,14,8064,Milk,181
4252,Retailer,Jinja,31479382,4,8392,Milk,193
4253,Wholesaler,Kampala,48682306,8,7475,Powder Milk,57
4254,Retailer,Mbale,30113728,12,3071,Yogurt,167
4255,Retailer,Mbarara,70766648,14,4287,Flavored Milk,170
4256,Retailer,Mbale,10343046,13,6444,Butter,174
4257,Retailer,Jinja,23904752,5,3867,Cheese,187
4258,Retailer,Gulu,6418038,12,9312,Powder Milk,16
4259,Wholesaler,Mbale,34785987,10,810,Butter,180
4260,Wholesaler,Kampala,20090206,19,4501,Flavored Milk,49
4261,Wholesaler,Mbarara,33350529,13,4677,Flavored Milk,41
4262,Retailer,Kampala,29835903,9,2789,Powder Milk,114
4263,Wholesaler,Mbale,19238580,11,7489,Yogurt,192
4264,Wholesaler,Gulu,36649982,5,5598,Butter,103
4265,Wholesaler,Gulu,21813633,13,6841,Milk,120
4266,Wholesaler,Kampala,84819166,10,7966,Yogurt,98
4267,Wholesaler,Jinja,66397738,18,6895,Yogurt,86
4268,Retailer,Jinja,99697237,15,6917,Cheese,18
4269,Wholesaler,Gulu,56560137,12,9158,Yogurt,146
4270,Retailer,Kampala,26286387,4,3993,Butter,73
4271,Retailer,Kampala,61774493,5,3510,Flavored Milk,182
4272,Retailer,Kampala,62595616,8,1542,Powder Milk,100
4273,Retailer,Mbale,67557778,5,3671,Cheese,198
4274,Retailer,Jinja,79660952,1,8968,Powder Milk,104
4275,Wholesaler,Jinja,75592185,18,9851,Powder Milk,102
4276,Wholesaler,Mbale,49769654,19,5068,Milk,103
4277,Wholesaler,Mbarara,95930876,19,8212,Cream,175
4278,Retailer,Mbale,90015797,10,6800,Butter,183
4279,Wholesaler,Kampala,92556653,9,4891,Milk,133
4280,Wholesaler,Mbale,31060032,1,9181,Cream,79
4281,Retailer,Kampala,63109279,3,7518,Cream,112
4282,Retailer,Gulu,77751000,13,137,Yogurt,73
4283,Retailer,Kampala,84738428,6,612,Butter,104
4284,Retailer,Jinja,90951592,6,1318,Powder Milk,172
4285,Wholesaler,Mbale,51253392,18,9732,Cream,21
4286,Retailer,Kampala,31551372,5,5611,Cheese,57
4287,Retailer,Mbarara,36855845,17,6095,Powder Milk,72
4288,Wholesaler,Gulu,94290406,3,9814,Cheese,182
4289,Wholesaler,Mbarara,57775489,5,4704,Milk,15
4290,Retailer,Mbarara,43121503,3,3221,Flavored Milk,54
4291,Wholesaler,Mbarara,76696441,13,7562,Cream,99
4292,Retailer,Gulu,42610599,15,7902,Powder Milk,110
4293,Retailer,Gulu,20671607,17,2850,Cheese,169
4294,Wholesaler,Gulu,37861829,15,6896,Milk,113
4295,Wholesaler,Gulu,27915025,5,5088,Flavored Milk,140
4296,Retailer,Mbarara,19830257,14,9499,Butter,136
4297,Retailer,Jinja,70279349,11,4938,Cheese,139
4298,Retailer,Jinja,36000810,14,4830,Cheese,29
4299,Wholesaler,Gulu,19899842,7,1193,Powder Milk,48
4300,Retailer,Mbale,29620143,3,6753,Powder Milk,149
4301,Retailer,Kampala,8003780,10,797,Milk,198
4302,Retailer,Mbale,26595887,11,7144,Cheese,45
4303,Retailer,Mbale,98054246,6,6495,Cream,101
4304,Retailer,Mbale,54687639,5,3538,Milk,18
4305,Wholesaler,Jinja,6341915,13,9387,Cheese,53
4306,Retailer,Kampala,88605807,12,2154,Milk,84
4307,Retailer,Mbale,77082736,19,3906,Cream,62
4308,Retailer,Gulu,47701089,19,5169,Cream,39
4309,Retailer,Jinja,34513935,5,5308,Cheese,124
4310,Wholesaler,Gulu,20219555,9,2818,Butter,75
4311,Wholesaler,Gulu,57664081,4,4109,Powder Milk,47
4312,Wholesaler,Mbale,99360133,15,1858,Butter,47
4313,Retailer,Gulu,71838747,3,5530,Cream,170
4314,Retailer,Kampala,73066081,7,459,Milk,64
4315,Wholesaler,Gulu,92811944,14,695,Cream,85
4316,Wholesaler,Mbale,23123006,14,1601,Butter,125
4317,Wholesaler,Gulu,11058435,9,5412,Milk,94
4318,Retailer,Jinja,88482765,3,1163,Powder Milk,32
4319,Retailer,Jinja,80398212,9,3637,Cream,151
4320,Wholesaler,Jinja,74627992,4,111,Milk,105
4321,Wholesaler,Mbarara,30695078,17,9477,Powder Milk,58
4322,Wholesaler,Jinja,66584519,6,1777,Yogurt,122
4323,Retailer,Jinja,45750734,16,4642,Butter,123
4324,Retailer,Mbarara,73503546,18,8218,Yogurt,54
4325,Retailer,Jinja,39158418,13,3016,Cream,164
4326,Wholesaler,Mbale,28634442,7,3410,Powder Milk,105
4327,Wholesaler,Jinja,24114643,3,5712,Powder Milk,58
4328,Retailer,Jinja,47994614,6,8120,Yogurt,11
4329,Wholesaler,Mbarara,66988643,3,9654,Cream,197
4330,Retailer,Mbale,37572301,12,9975,Powder Milk,112
4331,Wholesaler,Gulu,73006329,5,6750,Cheese,68
4332,Wholesaler,Kampala,37328192,17,3680,Milk,69
4333,Wholesaler,Mbale,90597543,10,3919,Flavored Milk,31
4334,Wholesaler,Gulu,31872832,7,5250,Yogurt,98
4335,Retailer,Mbale,55736882,4,2089,Cheese,115
4336,Wholesaler,Gulu,49044668,10,7504,Butter,183
4337,Retailer,Gulu,83621499,7,1357,Flavored Milk,62
4338,Retailer,Mbale,85898906,11,6684,Powder Milk,28
4339,Retailer,Mbarara,78593905,8,1774,Milk,58
4340,Wholesaler,Mbale,39357083,8,5720,Cheese,26
4341,Retailer,Mbale,86032944,5,4740,Flavored Milk,136
4342,Retailer,Gulu,9667423,5,2505,Milk,164
4343,Retailer,Kampala,16952672,7,991,Milk,28
4344,Wholesaler,Gulu,6224233,4,7142,Flavored Milk,39
4345,Wholesaler,Jinja,9347320,2,5345,Cheese,87
4346,Retailer,Mbale,20631489,19,7738,Powder Milk,183
4347,Wholesaler,Mbale,54344354,2,3111,Flavored Milk,115
4348,Retailer,Mbarara,72815621,16,9526,Yogurt,73
4349,Retailer,Gulu,33965662,12,8637,Milk,41
4350,Wholesaler,Mbarara,80159243,15,3813,Butter,190
4351,Retailer,Mbale,7867893,10,7744,Powder Milk,160
4352,Wholesaler,Gulu,57485490,6,9332,Cream,45
4353,Wholesaler,Gulu,81242843,13,2938,Cream,19
4354,Retailer,Jinja,45368274,6,9964,Flavored Milk,68
4355,Wholesaler,Jinja,7390785,2,4493,Flavored Milk,111
4356,Wholesaler,Kampala,35431882,14,4056,Milk,127
4357,Retailer,Jinja,9011179,18,1136,Milk,166
4358,Retailer,Gulu,37825956,6,6549,Flavored Milk,20
4359,Wholesaler,Jinja,90113530,19,1354,Cream,175
4360,Wholesaler,Kampala,96991935,14,6560,Butter,88
4361,Retailer,Mbale,69025914,13,1064,Milk,169
4362,Wholesaler,Jinja,78589111,8,8462,Milk,100
4363,Wholesaler,Gulu,64671333,5,5898,Yogurt,111
4364,Wholesaler,Mbale,41078488,13,9368,Cheese,189
4365,Wholesaler,Gulu,36423273,6,8714,Yogurt,138
4366,Wholesaler,Mbale,86626531,19,5170,Butter,23
4367,Wholesaler,Gulu,5046475,11,465,Cream,140
4368,Wholesaler,Jinja,86691834,16,1918,Cheese,39
4369,Retailer,Jinja,73107908,5,4162,Cream,168
4370,Retailer,Kampala,99382112,12,1583,Flavored Milk,138
4371,Retailer,Mbale,87712644,17,7972,Cream,183
4372,Retailer,Kampala,34119055,2,1512,Butter,151
4373,Retailer,Mbarara,38019070,10,7748,Butter,173
4374,Wholesaler,Jinja,84898084,15,1915,Yogurt,183
4375,Wholesaler,Mbale,45727836,19,4059,Cheese,192
4376,Wholesaler,Kampala,62820049,17,9978,Butter,173
4377,Wholesaler,Kampala,99609797,19,8023,Cheese,180
4378,Retailer,Mbarara,93006196,19,7760,Cream,114
4379,Wholesaler,Kampala,85113617,13,8713,Powder Milk,52
4380,Wholesaler,Gulu,42253279,13,3227,Cream,152
4381,Retailer,Jinja,63446715,16,2915,Flavored Milk,47
4382,Wholesaler,Kampala,5380457,3,3247,Cheese,98
4383,Wholesaler,Kampala,27668334,4,2511,Yogurt,53
4384,Retailer,Mbarara,11741150,7,7832,Cream,118
4385,Wholesaler,Gulu,16301559,3,3631,Yogurt,64
4386,Wholesaler,Kampala,49741365,9,8742,Butter,64
4387,Wholesaler,Jinja,82040138,8,8044,Cheese,87
4388,Wholesaler,Jinja,68458969,18,170,Cream,195
4389,Wholesaler,Kampala,25220635,14,1825,Yogurt,116
4390,Retailer,Gulu,66143194,5,656,Milk,66
4391,Retailer,Jinja,52472978,3,8179,Yogurt,193
4392,Retailer,Jinja,11670264,10,7425,Flavored Milk,139
4393,Retailer,Gulu,32935514,11,869,Milk,133
4394,Retailer,Gulu,72176122,17,833,Cheese,171
4395,Retailer,Kampala,18692051,8,1896,Powder Milk,58
4396,Wholesaler,Mbale,43597775,9,7610,Butter,73
4397,Retailer,Mbarara,7162790,8,441,Milk,96
4398,Retailer,Mbale,92911211,2,7930,Yogurt,145
4399,Wholesaler,Mbale,31996828,4,1182,Cream,78
4400,Wholesaler,Jinja,63078158,16,4495,Cream,195
4401,Retailer,Gulu,51900647,9,5368,Butter,180
4402,Wholesaler,Jinja,37157814,9,5612,Powder Milk,71
4403,Retailer,Mbarara,79303472,5,4489,Powder Milk,130
4404,Wholesaler,Kampala,57244416,3,726,Butter,61
4405,Retailer,Mbarara,37058356,14,6301,Butter,42
4406,Wholesaler,Jinja,72913214,15,644,Butter,29
4407,Wholesaler,Jinja,18990759,6,3374,Cheese,196
4408,Retailer,Jinja,26640557,16,6218,Cheese,197
4409,Retailer,Jinja,79853151,10,6476,Cheese,121
4410,Retailer,Mbale,70278426,14,7780,Cream,193
4411,Retailer,Kampala,29189490,12,2984,Yogurt,46
4412,Retailer,Mbale,14842055,9,5083,Cheese,197
4413,Wholesaler,Jinja,61852914,19,6813,Butter,115
4414,Retailer,Gulu,52996982,12,6136,Milk,114
4415,Retailer,Mbale,60467096,13,4383,Milk,60
4416,Wholesaler,Jinja,8456211,13,889,Powder Milk,38
4417,Wholesaler,Jinja,43233020,17,2560,Milk,146
4418,Retailer,Kampala,22275197,2,4737,Milk,95
4419,Wholesaler,Mbarara,72976278,9,2937,Milk,49
4420,Wholesaler,Mbale,22585560,8,3093,Powder Milk,180
4421,Retailer,Mbale,70766639,7,1681,Flavored Milk,109
4422,Wholesaler,Mbale,80664059,5,1455,Cream,32
4423,Wholesaler,Jinja,65500702,19,7682,Milk,112
4424,Retailer,Kampala,79826821,3,6165,Milk,17
4425,Retailer,Jinja,13563455,13,6545,Milk,83
4426,Wholesaler,Jinja,38918643,6,2539,Cream,73
4427,Wholesaler,Gulu,33826807,11,4540,Powder Milk,160
4428,Retailer,Kampala,84167166,4,55,Yogurt,102
4429,Wholesaler,Mbale,98729511,3,2631,Flavored Milk,129
4430,Wholesaler,Mbarara,63960147,4,8461,Cream,118
4431,Wholesaler,Mbale,28888104,3,8253,Milk,105
4432,Retailer,Jinja,28906357,13,2892,Powder Milk,193
4433,Wholesaler,Kampala,14766892,15,5554,Powder Milk,151
4434,Wholesaler,Kampala,89531289,12,6897,Cheese,89
4435,Retailer,Kampala,21611041,15,8699,Cream,112
4436,Wholesaler,Gulu,16919094,11,8408,Cream,26
4437,Wholesaler,Mbale,45068720,11,7333,Yogurt,29
4438,Retailer,Gulu,10693847,13,2023,Powder Milk,124
4439,Retailer,Mbarara,27334732,12,2245,Powder Milk,21
4440,Retailer,Jinja,65180409,6,7624,Flavored Milk,133
4441,Retailer,Gulu,83186861,19,8193,Cheese,131
4442,Wholesaler,Gulu,81652378,19,7602,Cheese,81
4443,Wholesaler,Jinja,40027294,3,3878,Yogurt,178
4444,Retailer,Kampala,73254182,16,5135,Powder Milk,94
4445,Retailer,Jinja,35962647,9,4787,Cheese,169
4446,Wholesaler,Mbale,76182048,14,289,Butter,174
4447,Retailer,Jinja,85121357,3,9158,Yogurt,119
4448,Wholesaler,Kampala,66669996,3,3002,Yogurt,27
4449,Retailer,Jinja,27250401,7,905,Butter,38
4450,Wholesaler,Gulu,26092752,19,3288,Yogurt,144
4451,Retailer,Mbarara,20392148,3,603,Cheese,49
4452,Retailer,Gulu,87066527,1,8184,Cheese,110
4453,Wholesaler,Mbarara,35103234,12,9470,Cream,129
4454,Retailer,Jinja,57036558,6,8436,Cheese,143
4455,Wholesaler,Mbale,47742151,7,7388,Butter,157
4456,Wholesaler,Jinja,39795871,2,6044,Cream,64
4457,Wholesaler,Kampala,49067621,18,9667,Cheese,193
4458,Wholesaler,Jinja,30446041,15,2743,Butter,82
4459,Wholesaler,Mbarara,22371711,15,2021,Butter,190
4460,Retailer,Gulu,44876253,10,5452,Butter,97
4461,Retailer,Mbale,46409288,17,8741,Cream,134
4462,Wholesaler,Jinja,12264888,18,4164,Yogurt,170
4463,Retailer,Jinja,51904607,18,3823,Flavored Milk,31
4464,Wholesaler,Gulu,23330122,15,3697,Powder Milk,59
4465,Retailer,Mbale,58289685,6,7959,Butter,36
4466,Retailer,Jinja,35416488,9,2916,Cheese,57
4467,Retailer,Jinja,6423249,11,736,Butter,75
4468,Retailer,Mbarara,18863761,15,2117,Powder Milk,150
4469,Wholesaler,Mbarara,93331812,3,5957,Milk,139
4470,Wholesaler,Kampala,74851217,19,497,Yogurt,55
4471,Retailer,Gulu,83115339,1,9366,Cheese,80
4472,Retailer,Mbale,99515203,17,343,Yogurt,137
4473,Wholesaler,Jinja,14201194,11,4210,Yogurt,20
4474,Retailer,Jinja,84425434,18,2596,Milk,35
4475,Wholesaler,Kampala,94941042,11,8317,Butter,58
4476,Wholesaler,Jinja,25122757,7,7094,Cheese,72
4477,Wholesaler,Gulu,16630166,1,3825,Flavored Milk,30
4478,Retailer,Kampala,49472887,12,9541,Yogurt,186
4479,Wholesaler,Gulu,51351213,4,4228,Powder Milk,88
4480,Retailer,Kampala,39016243,8,3584,Flavored Milk,89
4481,Wholesaler,Jinja,66504502,15,2103,Flavored Milk,18
4482,Retailer,Kampala,68658847,11,7162,Cream,158
4483,Retailer,Mbarara,27101547,8,1749,Butter,190
4484,Retailer,Mbale,61611982,12,2568,Flavored Milk,125
4485,Wholesaler,Jinja,61335705,3,9979,Cheese,129
4486,Wholesaler,Mbale,69337449,4,5618,Butter,64
4487,Retailer,Jinja,42848714,12,6882,Powder Milk,50
4488,Retailer,Mbale,98365832,8,8611,Flavored Milk,15
4489,Retailer,Mbarara,55055946,10,3789,Butter,10
4490,Wholesaler,Mbale,37138433,1,4423,Cheese,104
4491,Wholesaler,Kampala,50403116,13,389,Yogurt,142
4492,Wholesaler,Mbale,86704602,7,2912,Milk,35
4493,Wholesaler,Jinja,57329717,3,663,Butter,10
4494,Retailer,Gulu,14093433,16,1153,Powder Milk,10
4495,Retailer,Mbale,91729433,12,9034,Milk,102
4496,Wholesaler,Mbale,36998335,5,6796,Cream,47
4497,Wholesaler,Mbale,87089724,18,8308,Yogurt,50
4498,Retailer,Jinja,86217300,8,4561,Powder Milk,165
4499,Wholesaler,Mbale,78806919,12,7362,Cheese,142
4500,Wholesaler,Jinja,37969856,3,5455,Powder Milk,158
4501,Wholesaler,Jinja,26293753,16,620,Yogurt,72
4502,Wholesaler,Gulu,53231948,10,8781,Milk,95
4503,Wholesaler,Kampala,88152091,17,5406,Cheese,93
4504,Wholesaler,Jinja,8988485,10,166,Powder Milk,149
4505,Retailer,Mbarara,98016814,3,7274,Flavored Milk,143
4506,Wholesaler,Mbale,60276502,2,3081,Flavored Milk,166
4507,Wholesaler,Mbarara,75310511,14,3506,Butter,118
4508,Retailer,Mbale,61770787,9,3101,Flavored Milk,113
4509,Retailer,Gulu,82789179,17,9876,Powder Milk,198
4510,Retailer,Jinja,10658553,4,8483,Milk,44
4511,Wholesaler,Kampala,10166664,15,8706,Flavored Milk,84
4512,Retailer,Jinja,58255765,13,7857,Butter,134
4513,Wholesaler,Mbale,19254771,19,7352,Cheese,61
4514,Wholesaler,Kampala,21412281,9,1928,Flavored Milk,42
4515,Wholesaler,Jinja,57233931,4,4931,Butter,162
4516,Retailer,Kampala,49959221,8,4686,Flavored Milk,23
4517,Retailer,Mbale,42623915,15,2584,Cream,62
4518,Retailer,Gulu,73004040,14,3859,Flavored Milk,70
4519,Retailer,Gulu,82288052,3,8813,Powder Milk,22
4520,Retailer,Jinja,19124295,17,5655,Milk,24
4521,Wholesaler,Mbarara,35684041,8,7783,Butter,64
4522,Wholesaler,Mbale,68404334,14,3691,Butter,190
4523,Wholesaler,Jinja,94488296,13,706,Yogurt,56
4524,Wholesaler,Jinja,93842815,15,3201,Yogurt,182
4525,Retailer,Gulu,22514025,11,9190,Butter,106
4526,Retailer,Kampala,17904572,15,4160,Powder Milk,84
4527,Wholesaler,Mbale,67390152,12,7257,Milk,24
4528,Retailer,Kampala,96034458,9,356,Flavored Milk,30
4529,Retailer,Mbale,17616424,15,8946,Cheese,45
4530,Wholesaler,Mbarara,92697887,1,4542,Powder Milk,162
4531,Wholesaler,Gulu,31226802,12,8919,Flavored Milk,53
4532,Retailer,Mbarara,41316160,6,8452,Cheese,138
4533,Retailer,Jinja,33931648,1,4544,Milk,51
4534,Wholesaler,Gulu,26021613,19,1446,Yogurt,196
4535,Wholesaler,Jinja,67919610,13,3510,Butter,42
4536,Wholesaler,Mbarara,96226058,6,4403,Milk,112
4537,Retailer,Mbale,91378886,17,2212,Cheese,169
4538,Wholesaler,Jinja,85208705,13,7726,Powder Milk,162
4539,Wholesaler,Kampala,37352398,9,4594,Butter,49
4540,Retailer,Mbale,33554997,8,3198,Cheese,195
4541,Retailer,Mbale,91978350,15,877,Flavored Milk,106
4542,Retailer,Mbarara,61246361,18,2705,Flavored Milk,124
4543,Retailer,Mbarara,76346983,2,6761,Powder Milk,111
4544,Retailer,Gulu,63074153,2,8741,Flavored Milk,73
4545,Wholesaler,Gulu,40215282,11,9303,Butter,156
4546,Wholesaler,Kampala,57454434,1,7914,Yogurt,37
4547,Retailer,Mbale,12662579,18,7575,Yogurt,89
4548,Retailer,Kampala,65420219,7,5220,Cheese,121
4549,Retailer,Kampala,38302584,17,3546,Yogurt,179
4550,Retailer,Mbarara,74220586,16,6144,Yogurt,95
4551,Retailer,Kampala,98620831,7,4272,Cheese,187
4552,Wholesaler,Kampala,74286279,7,9368,Cheese,115
4553,Wholesaler,Jinja,63082795,2,2039,Cheese,57
4554,Wholesaler,Gulu,40294153,5,6629,Butter,194
4555,Wholesaler,Gulu,93192830,14,5554,Cream,18
4556,Retailer,Mbale,43466902,8,4230,Cheese,167
4557,Wholesaler,Gulu,31009219,12,1432,Butter,155
4558,Retailer,Mbale,26005861,7,4217,Butter,182
4559,Retailer,Jinja,55861533,6,3216,Butter,119
4560,Retailer,Gulu,66303272,13,2685,Cream,92
4561,Wholesaler,Jinja,52589380,12,5595,Cheese,87
4562,Retailer,Gulu,74865172,17,9271,Yogurt,75
4563,Wholesaler,Gulu,73233029,16,5259,Powder Milk,148
4564,Wholesaler,Jinja,57850544,1,9860,Powder Milk,99
4565,Retailer,Kampala,58200080,7,9477,Cream,81
4566,Retailer,Kampala,78222143,3,5432,Yogurt,24
4567,Retailer,Kampala,67176597,6,4033,Cream,118
4568,Wholesaler,Kampala,38750416,3,1455,Cheese,49
4569,Retailer,Gulu,71891213,3,7787,Yogurt,150
4570,Wholesaler,Mbarara,85681697,8,6250,Cream,95
4571,Retailer,Jinja,16881497,14,5792,Cheese,42
4572,Retailer,Mbarara,95547451,9,6761,Cream,135
4573,Wholesaler,Mbarara,7488322,5,9789,Butter,139
4574,Wholesaler,Mbale,48486209,15,1934,Flavored Milk,118
4575,Wholesaler,Kampala,39061915,17,5222,Milk,119
4576,Wholesaler,Gulu,34556294,10,2234,Cream,171
4577,Wholesaler,Kampala,67621699,8,6367,Powder Milk,25
4578,Wholesaler,Kampala,8175920,18,7053,Cream,23
4579,Retailer,Mbarara,96426341,6,8460,Cheese,55
4580,Retailer,Mbale,65772819,17,7480,Butter,59
4581,Wholesaler,Kampala,48835592,4,4400,Flavored Milk,122
4582,Retailer,Jinja,41605179,15,9053,Butter,142
4583,Wholesaler,Jinja,69671006,10,8511,Milk,52
4584,Retailer,Kampala,85697341,13,6417,Powder Milk,155
4585,Retailer,Mbarara,64939107,1,4749,Yogurt,57
4586,Wholesaler,Mbarara,68626393,9,9428,Yogurt,163
4587,Wholesaler,Gulu,21960411,5,1783,Butter,151
4588,Wholesaler,Mbale,72419268,11,3017,Milk,198
4589,Retailer,Mbarara,9383305,4,122,Butter,30
4590,Wholesaler,Gulu,62756945,16,5043,Yogurt,64
4591,Retailer,Jinja,50575950,18,6167,Butter,125
4592,Wholesaler,Jinja,97443132,8,7935,Flavored Milk,117
4593,Retailer,Jinja,40491168,2,5092,Milk,11
4594,Retailer,Kampala,60234564,17,8111,Yogurt,140
4595,Wholesaler,Mbale,19956836,10,680,Powder Milk,22
4596,Retailer,Gulu,53619879,13,5653,Powder Milk,30
4597,Retailer,Mbale,61602197,15,927,Butter,170
4598,Wholesaler,Kampala,16677909,9,8998,Milk,157
4599,Retailer,Gulu,69910771,8,4343,Butter,134
4600,Wholesaler,Gulu,63547214,6,9692,Yogurt,155
4601,Wholesaler,Mbarara,75081808,4,2590,Milk,47
4602,Wholesaler,Mbale,44440946,18,131,Yogurt,34
4603,Wholesaler,Mbale,17913404,3,1381,Flavored Milk,175
4604,Retailer,Mbarara,26332012,4,9964,Flavored Milk,152
4605,Retailer,Jinja,68007422,13,8005,Powder Milk,166
4606,Retailer,Kampala,24120761,11,406,Cheese,106
4607,Wholesaler,Mbale,68972538,8,9561,Milk,41
4608,Retailer,Mbarara,28684821,14,629,Flavored Milk,52
4609,Retailer,Gulu,18495465,14,695,Cheese,22
4610,Wholesaler,Mbarara,63903248,16,6313,Powder Milk,87
4611,Wholesaler,Jinja,78662404,14,8549,Milk,34
4612,Retailer,Kampala,81128849,1,283,Yogurt,58
4613,Wholesaler,Jinja,92582096,2,1084,Butter,97
4614,Wholesaler,Gulu,28944899,1,6067,Butter,129
4615,Wholesaler,Gulu,66540230,11,5171,Yogurt,145
4616,Wholesaler,Gulu,81481368,6,1785,Flavored Milk,165
4617,Retailer,Gulu,57172644,15,4327,Butter,135
4618,Wholesaler,Mbarara,33106407,12,991,Yogurt,20
4619,Wholesaler,Gulu,91970410,5,399,Cheese,192
4620,Wholesaler,Gulu,7309842,12,1455,Cheese,19
4621,Wholesaler,Mbarara,13835250,14,7514,Yogurt,68
4622,Wholesaler,Gulu,12267784,14,1595,Milk,74
4623,Wholesaler,Jinja,40764758,19,4370,Flavored Milk,142
4624,Wholesaler,Jinja,28822942,5,9993,Flavored Milk,89
4625,Wholesaler,Mbale,9399775,3,1796,Yogurt,157
4626,Retailer,Jinja,78985267,18,7946,Butter,101
4627,Wholesaler,Kampala,14343902,6,1404,Powder Milk,142
4628,Retailer,Kampala,28838736,9,7380,Flavored Milk,121
4629,Wholesaler,Kampala,45989807,7,4338,Flavored Milk,167
4630,Wholesaler,Mbarara,36640377,18,9410,Cheese,96
4631,Wholesaler,Jinja,9054613,2,4816,Cheese,171
4632,Wholesaler,Kampala,83648349,10,6007,Cheese,122
4633,Retailer,Mbale,13950975,12,6885,Powder Milk,127
4634,Wholesaler,Mbarara,81155316,2,2635,Flavored Milk,101
4635,Wholesaler,Mbale,10167282,13,4757,Flavored Milk,10
4636,Retailer,Jinja,8521188,8,950,Powder Milk,121
4637,Retailer,Gulu,60040633,7,3391,Cream,164
4638,Wholesaler,Mbale,33036229,3,7744,Flavored Milk,128
4639,Retailer,Gulu,16316001,8,177,Butter,129
4640,Retailer,Mbarara,73309303,1,1725,Butter,43
4641,Retailer,Mbale,23550495,15,1827,Butter,104
4642,Wholesaler,Mbale,97432408,1,5215,Cream,41
4643,Wholesaler,Mbarara,22129996,12,8475,Milk,125
4644,Wholesaler,Mbarara,97929342,11,633,Flavored Milk,183
4645,Retailer,Kampala,41927717,16,1516,Powder Milk,194
4646,Wholesaler,Jinja,71078145,4,8744,Flavored Milk,31
4647,Retailer,Mbale,91894969,2,6800,Powder Milk,166
4648,Wholesaler,Mbale,8370186,3,1205,Cream,107
4649,Wholesaler,Mbarara,43522122,4,9741,Yogurt,54
4650,Retailer,Mbarara,92205847,18,8010,Yogurt,182
4651,Wholesaler,Jinja,92871949,12,985,Milk,76
4652,Retailer,Mbarara,47928492,1,405,Yogurt,30
4653,Retailer,Gulu,49681319,3,2044,Butter,158
4654,Wholesaler,Gulu,10966958,4,5206,Milk,197
4655,Retailer,Gulu,49163499,6,6331,Milk,38
4656,Wholesaler,Gulu,40947510,17,9687,Milk,42
4657,Wholesaler,Jinja,39310823,8,7459,Cheese,176
4658,Retailer,Mbale,98522724,18,5414,Cream,199
4659,Wholesaler,Gulu,50024505,16,4024,Yogurt,99
4660,Retailer,Mbarara,65453194,6,2554,Flavored Milk,135
4661,Wholesaler,Gulu,24433379,19,2196,Cheese,54
4662,Wholesaler,Jinja,91057546,8,7719,Powder Milk,195
4663,Wholesaler,Mbarara,79277064,4,7354,Butter,82
4664,Wholesaler,Gulu,50289925,9,1260,Cheese,91
4665,Wholesaler,Mbale,38766903,8,6229,Butter,138
4666,Retailer,Mbarara,24672609,19,8871,Cream,20
4667,Retailer,Mbarara,40578681,1,4932,Flavored Milk,169
4668,Retailer,Mbale,79063982,4,6874,Flavored Milk,116
4669,Retailer,Mbarara,7367396,10,6248,Yogurt,186
4670,Retailer,Gulu,92755615,8,9736,Powder Milk,100
4671,Retailer,Mbarara,9534075,3,1157,Cheese,167
4672,Wholesaler,Gulu,58027723,12,5036,Flavored Milk,69
4673,Wholesaler,Mbale,42017324,9,3484,Cream,147
4674,Retailer,Kampala,61456400,3,8073,Butter,111
4675,Retailer,Mbale,20167107,4,2865,Flavored Milk,158
4676,Wholesaler,Gulu,80148905,6,7111,Yogurt,15
4677,Wholesaler,Jinja,20513632,9,2085,Butter,175
4678,Wholesaler,Mbale,14159210,2,6857,Milk,134
4679,Retailer,Jinja,34091695,2,7023,Powder Milk,125
4680,Retailer,Jinja,16378794,18,219,Yogurt,195
4681,Retailer,Gulu,80009288,3,8873,Cream,17
4682,Wholesaler,Gulu,8541478,3,9046,Cream,79
4683,Wholesaler,Kampala,44651506,18,5065,Cream,171
4684,Retailer,Mbarara,65214493,6,6947,Cream,186
4685,Retailer,Mbale,30830769,1,3084,Yogurt,49
4686,Wholesaler,Gulu,60536252,15,4530,Milk,95
4687,Wholesaler,Mbale,51623507,11,3462,Powder Milk,38
4688,Wholesaler,Jinja,5753830,10,5038,Cream,18
4689,Wholesaler,Mbarara,32299368,4,7180,Flavored Milk,30
4690,Retailer,Kampala,45716587,14,3919,Yogurt,41
4691,Wholesaler,Mbale,37720252,2,6149,Milk,81
4692,Wholesaler,Mbarara,21939414,13,841,Powder Milk,192
4693,Wholesaler,Kampala,57733429,16,3891,Milk,180
4694,Retailer,Mbale,87293049,12,3406,Powder Milk,19
4695,Retailer,Mbarara,18771577,5,7572,Yogurt,186
4696,Wholesaler,Gulu,43429796,19,4975,Cheese,96
4697,Wholesaler,Mbale,70888824,3,5124,Cream,93
4698,Wholesaler,Mbarara,20824086,2,6750,Yogurt,150
4699,Retailer,Kampala,80999142,17,2144,Cream,95
4700,Retailer,Mbarara,40557019,11,6300,Powder Milk,50
4701,Retailer,Gulu,14615935,1,8857,Cheese,40
4702,Wholesaler,Mbale,26194813,19,5302,Flavored Milk,118
4703,Retailer,Mbale,7187090,8,7053,Milk,41
4704,Wholesaler,Mbale,28819631,11,4346,Butter,182
4705,Wholesaler,Gulu,31697277,8,2351,Yogurt,22
4706,Wholesaler,Kampala,14854420,17,5319,Butter,130
4707,Retailer,Mbale,45729559,6,9814,Flavored Milk,162
4708,Wholesaler,Kampala,47302489,7,554,Yogurt,127
4709,Retailer,Mbarara,49185010,13,1995,Butter,115
4710,Retailer,Kampala,60054334,7,1911,Flavored Milk,24
4711,Wholesaler,Kampala,8214194,11,3772,Cheese,73
4712,Wholesaler,Mbale,61460027,10,3733,Flavored Milk,197
4713,Retailer,Jinja,43041635,8,453,Yogurt,126
4714,Wholesaler,Jinja,71287001,10,4381,Powder Milk,17
4715,Retailer,Gulu,24016992,11,9861,Powder Milk,154
4716,Wholesaler,Gulu,24369338,17,2956,Cream,14
4717,Retailer,Jinja,96416675,11,4778,Cream,150
4718,Retailer,Mbarara,32151683,16,7759,Powder Milk,30
4719,Retailer,Mbale,65509831,5,1619,Yogurt,126
4720,Retailer,Mbale,72778326,10,189,Yogurt,133
4721,Wholesaler,Mbarara,15618693,5,4733,Flavored Milk,124
4722,Wholesaler,Mbarara,48297334,9,6780,Yogurt,53
4723,Retailer,Jinja,45009642,3,5112,Cream,62
4724,Retailer,Gulu,32866083,3,4715,Flavored Milk,165
4725,Wholesaler,Mbarara,92385085,10,2222,Powder Milk,75
4726,Wholesaler,Gulu,88083373,7,6129,Cream,158
4727,Wholesaler,Kampala,74808276,2,3470,Milk,114
4728,Wholesaler,Mbale,61435386,8,6327,Milk,135
4729,Wholesaler,Jinja,56297272,12,1299,Cream,129
4730,Wholesaler,Mbale,90573091,9,6114,Cream,66
4731,Retailer,Jinja,96758699,11,2747,Milk,64
4732,Wholesaler,Kampala,40561860,19,2803,Butter,139
4733,Wholesaler,Mbale,98888936,17,4984,Milk,103
4734,Retailer,Kampala,36836606,13,6515,Milk,74
4735,Wholesaler,Jinja,11630293,1,3934,Flavored Milk,119
4736,Wholesaler,Mbarara,94879619,1,7304,Flavored Milk,140
4737,Wholesaler,Mbale,8964847,8,144,Powder Milk,196
4738,Wholesaler,Kampala,66537345,13,4341,Cream,14
4739,Wholesaler,Mbale,31536591,6,5830,Yogurt,75
4740,Retailer,Mbale,70152975,3,5133,Yogurt,99
4741,Wholesaler,Mbale,55519604,16,9917,Yogurt,155
4742,Retailer,Gulu,41515319,10,8254,Powder Milk,146
4743,Retailer,Kampala,51614007,7,2351,Flavored Milk,159
4744,Wholesaler,Kampala,11123477,3,4133,Flavored Milk,165
4745,Retailer,Mbale,54383402,14,6169,Milk,197
4746,Wholesaler,Mbarara,60929152,16,6274,Cheese,149
4747,Retailer,Mbale,12374655,4,422,Flavored Milk,46
4748,Retailer,Gulu,14691582,13,4539,Powder Milk,128
4749,Wholesaler,Jinja,10457469,1,5901,Cheese,107
4750,Wholesaler,Gulu,76950545,5,6078,Flavored Milk,179
4751,Wholesaler,Mbarara,74679473,18,8659,Powder Milk,63
4752,Wholesaler,Mbale,73875827,12,866,Flavored Milk,179
4753,Wholesaler,Kampala,95891891,11,3662,Butter,131
4754,Retailer,Mbale,62789897,9,7797,Cheese,76
4755,Retailer,Mbarara,53587328,7,6400,Cream,65
4756,Retailer,Kampala,80339393,14,7489,Cream,55
4757,Retailer,Gulu,45436400,3,1382,Butter,14
4758,Retailer,Jinja,28618325,16,6411,Milk,65
4759,Retailer,Jinja,33341215,7,805,Butter,160
4760,Retailer,Mbale,45828828,1,3575,Butter,71
4761,Wholesaler,Gulu,71427042,6,1846,Powder Milk,150
4762,Wholesaler,Mbarara,97378064,6,3109,Cream,68
4763,Retailer,Jinja,70521303,10,2227,Milk,37
4764,Retailer,Gulu,66273835,12,2100,Cheese,15
4765,Wholesaler,Mbale,47085021,19,2039,Yogurt,198
4766,Wholesaler,Kampala,7372009,6,7568,Flavored Milk,70
4767,Wholesaler,Mbale,95321222,14,8796,Powder Milk,182
4768,Wholesaler,Mbale,89386921,3,5859,Cheese,102
4769,Retailer,Gulu,28953201,10,5663,Milk,21
4770,Wholesaler,Jinja,21797950,9,8507,Butter,172
4771,Retailer,Gulu,56796325,19,9164,Yogurt,71
4772,Retailer,Kampala,80044806,15,8775,Butter,121
4773,Retailer,Gulu,59079931,9,6026,Flavored Milk,14
4774,Wholesaler,Mbarara,50043824,19,1743,Milk,75
4775,Wholesaler,Mbale,13795165,8,2101,Yogurt,77
4776,Retailer,Jinja,64283979,4,2970,Cheese,95
4777,Retailer,Kampala,68976112,5,4895,Cheese,118
4778,Retailer,Mbale,77298541,19,4217,Milk,123
4779,Wholesaler,Gulu,43147242,14,6281,Milk,89
4780,Retailer,Mbarara,70666177,18,4673,Powder Milk,75
4781,Wholesaler,Gulu,17104436,19,9127,Butter,178
4782,Retailer,Mbale,23724065,6,6796,Yogurt,164
4783,Retailer,Kampala,85403535,5,6189,Flavored Milk,85
4784,Retailer,Jinja,19801056,11,1508,Milk,14
4785,Wholesaler,Mbale,80939411,5,3845,Yogurt,142
4786,Wholesaler,Kampala,32036487,8,3460,Powder Milk,95
4787,Retailer,Mbale,19925234,5,4074,Cream,150
4788,Wholesaler,Mbarara,35333465,11,6319,Milk,89
4789,Retailer,Gulu,37717024,13,612,Milk,99
4790,Wholesaler,Jinja,65054973,6,6142,Cheese,146
4791,Wholesaler,Kampala,84758652,5,7042,Cream,185
4792,Wholesaler,Jinja,36055652,18,7058,Yogurt,41
4793,Retailer,Jinja,67023069,10,7846,Cheese,92
4794,Wholesaler,Jinja,63152714,16,5709,Powder Milk,45
4795,Wholesaler,Kampala,60567284,14,6134,Cheese,152
4796,Retailer,Kampala,43187560,15,3021,Cream,146
4797,Retailer,Jinja,86907777,3,394,Powder Milk,25
4798,Retailer,Gulu,54134988,3,6661,Cream,15
4799,Retailer,Mbale,51091473,12,7174,Yogurt,81
4800,Wholesaler,Jinja,31276504,15,6334,Powder Milk,170
4801,Wholesaler,Mbarara,88045035,11,2766,Powder Milk,119
4802,Wholesaler,Jinja,40830596,10,9914,Cheese,109
4803,Wholesaler,Kampala,74720634,15,5710,Cream,179
4804,Wholesaler,Mbale,73169907,18,7282,Butter,68
4805,Retailer,Mbarara,82474625,14,4943,Cream,45
4806,Wholesaler,Mbale,99887747,6,1169,Flavored Milk,43
4807,Wholesaler,Mbale,45902155,14,2312,Flavored Milk,139
4808,Wholesaler,Mbarara,73811843,16,792,Butter,22
4809,Retailer,Jinja,48147178,2,5051,Milk,180
4810,Retailer,Jinja,11045000,19,5353,Cheese,66
4811,Wholesaler,Jinja,63294473,5,7380,Flavored Milk,16
4812,Retailer,Gulu,80548122,11,832,Yogurt,196
4813,Retailer,Jinja,10901326,11,146,Powder Milk,68
4814,Retailer,Mbarara,55572329,19,8828,Powder Milk,120
4815,Retailer,Gulu,10151701,18,6711,Milk,125
4816,Retailer,Jinja,32654917,8,4961,Flavored Milk,60
4817,Retailer,Gulu,75161696,12,2288,Cream,12
4818,Retailer,Mbarara,31281884,9,9158,Cheese,164
4819,Wholesaler,Jinja,34224468,3,3399,Flavored Milk,63
4820,Wholesaler,Kampala,63950325,6,2538,Cheese,103
4821,Retailer,Mbarara,98361395,1,3843,Milk,43
4822,Wholesaler,Mbale,6224541,17,7867,Cream,32
4823,Wholesaler,Mbale,27294164,3,2887,Cream,57
4824,Retailer,Mbarara,15065663,18,2436,Cream,64
4825,Wholesaler,Mbale,66221475,18,7446,Powder Milk,26
4826,Retailer,Mbarara,23619958,2,1891,Butter,88
4827,Retailer,Kampala,62845433,4,9444,Powder Milk,71
4828,Retailer,Mbarara,51907199,1,5416,Cheese,134
4829,Wholesaler,Jinja,88482197,10,8114,Cheese,70
4830,Wholesaler,Jinja,62676973,5,4819,Milk,198
4831,Wholesaler,Gulu,67181331,5,8971,Milk,53
4832,Wholesaler,Mbale,47448405,9,366,Yogurt,80
4833,Retailer,Mbale,75170683,14,7503,Powder Milk,134
4834,Retailer,Mbarara,96893863,13,125,Powder Milk,137
4835,Wholesaler,Mbale,23582154,13,5119,Milk,12
4836,Retailer,Jinja,94912990,1,253,Flavored Milk,76
4837,Retailer,Kampala,90636839,17,7945,Cheese,121
4838,Wholesaler,Mbarara,94421900,8,6617,Cream,108
4839,Retailer,Mbale,55430993,3,7510,Butter,145
4840,Wholesaler,Jinja,74060117,17,3825,Milk,163
4841,Retailer,Gulu,47327327,12,8128,Cream,129
4842,Wholesaler,Mbale,58095097,18,6974,Cheese,152
4843,Retailer,Kampala,93698329,14,7630,Butter,142
4844,Retailer,Kampala,65812209,11,5608,Yogurt,150
4845,Wholesaler,Mbale,11117984,16,4405,Flavored Milk,112
4846,Wholesaler,Mbale,29839089,4,3101,Yogurt,149
4847,Wholesaler,Jinja,85623398,18,2713,Milk,72
4848,Wholesaler,Mbale,80508762,7,8673,Flavored Milk,145
4849,Retailer,Gulu,68726115,11,7434,Yogurt,43
4850,Retailer,Jinja,47156031,16,3212,Cheese,31
4851,Wholesaler,Mbarara,10295016,16,8439,Milk,59
4852,Retailer,Gulu,63837534,3,5128,Powder Milk,149
4853,Wholesaler,Jinja,57373630,9,88,Yogurt,159
4854,Wholesaler,Jinja,38490693,8,8970,Flavored Milk,100
4855,Retailer,Kampala,23240435,7,3215,Flavored Milk,195
4856,Retailer,Jinja,71652309,17,4829,Powder Milk,91
4857,Wholesaler,Gulu,96889694,11,6236,Cream,28
4858,Wholesaler,Mbale,79605155,4,2174,Butter,132
4859,Wholesaler,Gulu,88487682,4,7449,Flavored Milk,142
4860,Retailer,Mbarara,11261600,5,4184,Flavored Milk,25
4861,Retailer,Jinja,26360346,8,6344,Cream,122
4862,Retailer,Jinja,30570044,10,3821,Milk,178
4863,Retailer,Jinja,32632298,17,5588,Flavored Milk,28
4864,Wholesaler,Jinja,14232640,6,3307,Butter,117
4865,Wholesaler,Kampala,18788075,9,6511,Flavored Milk,31
4866,Wholesaler,Kampala,6653816,10,5438,Butter,154
4867,Wholesaler,Mbale,46359368,8,7950,Cream,44
4868,Wholesaler,Jinja,12805956,15,1294,Cheese,176
4869,Wholesaler,Mbarara,77600236,18,707,Butter,82
4870,Retailer,Mbale,47590939,5,1749,Milk,64
4871,Retailer,Jinja,88195927,18,4506,Yogurt,142
4872,Wholesaler,Kampala,16434476,1,6118,Powder Milk,82
4873,Wholesaler,Mbarara,26063674,2,8097,Yogurt,124
4874,Retailer,Mbale,12283657,10,6013,Cheese,20
4875,Retailer,Mbarara,39725545,6,6285,Milk,87
4876,Retailer,Jinja,34015445,19,4585,Cheese,119
4877,Retailer,Gulu,76295078,11,7323,Cheese,177
4878,Wholesaler,Mbarara,87003003,18,2026,Flavored Milk,93
4879,Wholesaler,Mbarara,10411582,16,7987,Flavored Milk,106
4880,Wholesaler,Kampala,81483582,8,3719,Milk,141
4881,Wholesaler,Jinja,90270899,4,4242,Yogurt,136
4882,Wholesaler,Mbarara,41135590,11,987,Butter,89
4883,Retailer,Jinja,25691539,10,5646,Flavored Milk,195
4884,Wholesaler,Kampala,7506953,16,1339,Milk,124
4885,Retailer,Jinja,26807192,12,4720,Milk,73
4886,Wholesaler,Kampala,66618612,3,2200,Cream,76
4887,Wholesaler,Kampala,19096539,11,7471,Yogurt,105
4888,Wholesaler,Mbale,6255372,16,8754,Milk,43
4889,Wholesaler,Jinja,30538958,3,1566,Powder Milk,122
4890,Wholesaler,Gulu,65929723,10,1454,Milk,98
4891,Retailer,Mbale,47950843,16,4542,Yogurt,195
4892,Retailer,Kampala,64080453,7,6220,Flavored Milk,144
4893,Retailer,Gulu,38379379,15,2403,Yogurt,172
4894,Wholesaler,Mbarara,6798795,15,630,Cheese,166
4895,Wholesaler,Mbarara,15110482,10,3379,Flavored Milk,34
4896,Retailer,Mbale,15114527,3,8343,Cheese,37
4897,Wholesaler,Gulu,37125514,6,4600,Milk,78
4898,Wholesaler,Jinja,17673253,18,3013,Cheese,164
4899,Retailer,Gulu,43858208,5,348,Yogurt,85
4900,Wholesaler,Mbale,12779457,16,4166,Yogurt,91
4901,Retailer,Jinja,74238838,13,94,Cream,145
4902,Wholesaler,Jinja,97950798,3,7697,Butter,175
4903,Retailer,Mbarara,14277375,15,2593,Cream,128
4904,Wholesaler,Gulu,20639651,6,3909,Cream,103
4905,Wholesaler,Jinja,57813710,4,4828,Powder Milk,146
4906,Retailer,Mbale,89931529,15,4444,Cream,121
4907,Wholesaler,Mbarara,65950032,18,3602,Milk,52
4908,Wholesaler,Jinja,84656289,9,3205,Yogurt,34
4909,Retailer,Gulu,85027251,4,337,Flavored Milk,103
4910,Wholesaler,Mbarara,19816407,16,3755,Cream,75
4911,Retailer,Gulu,94995593,18,566,Cream,26
4912,Wholesaler,Gulu,80657538,5,2251,Cream,118
4913,Wholesaler,Gulu,56410491,13,6627,Yogurt,144
4914,Wholesaler,Mbarara,11068452,6,8152,Flavored Milk,31
4915,Wholesaler,Jinja,62441284,19,3708,Milk,19
4916,Retailer,Kampala,29731675,12,6972,Powder Milk,99
4917,Wholesaler,Jinja,47340093,15,4336,Butter,150
4918,Retailer,Mbarara,92620971,9,3986,Butter,51
4919,Wholesaler,Kampala,29612301,7,9411,Cheese,37
4920,Wholesaler,Kampala,56573990,14,1040,Yogurt,109
4921,Wholesaler,Kampala,30568650,19,5021,Milk,196
4922,Wholesaler,Mbale,59733668,16,7771,Cheese,20
4923,Retailer,Mbarara,85582343,4,1901,Milk,146
4924,Retailer,Mbale,60990091,12,8239,Milk,90
4925,Retailer,Kampala,50930322,18,2759,Cheese,64
4926,Retailer,Mbale,21956719,8,4057,Milk,14
4927,Wholesaler,Mbale,85813438,17,2671,Cheese,78
4928,Retailer,Mbarara,26213927,3,2228,Cream,47
4929,Retailer,Gulu,91924486,4,888,Cream,75
4930,Wholesaler,Mbale,20969885,10,9797,Powder Milk,73
4931,Wholesaler,Mbale,84457361,16,9464,Yogurt,162
4932,Wholesaler,Kampala,17833879,2,4984,Cheese,189
4933,Wholesaler,Kampala,58476741,12,9675,Yogurt,175
4934,Retailer,Kampala,18407929,16,8154,Cream,86
4935,Retailer,Jinja,75338290,10,7388,Butter,28
4936,Wholesaler,Mbale,89617666,5,1218,Cheese,108
4937,Wholesaler,Kampala,72662256,12,7398,Cream,34
4938,Wholesaler,Mbarara,73108661,3,997,Powder Milk,57
4939,Retailer,Jinja,76580082,12,210,Butter,82
4940,Retailer,Gulu,82853882,1,2677,Cheese,198
4941,Wholesaler,Mbale,73024046,2,2585,Milk,44
4942,Wholesaler,Mbale,54002489,11,2322,Butter,188
4943,Retailer,Mbarara,91891909,12,3513,Flavored Milk,152
4944,Wholesaler,Gulu,48902059,7,4854,Flavored Milk,58
4945,Wholesaler,Gulu,42201714,1,210,Flavored Milk,167
4946,Retailer,Jinja,29790565,13,1834,Butter,158
4947,Wholesaler,Mbale,39658186,13,6648,Yogurt,98
4948,Retailer,Kampala,89767667,2,3232,Cheese,95
4949,Wholesaler,Mbarara,9997907,10,3674,Milk,178
4950,Wholesaler,Mbarara,36163913,1,9008,Milk,140
4951,Retailer,Mbarara,25377625,7,2077,Cream,134
4952,Retailer,Mbarara,86671002,13,8426,Butter,82
4953,Wholesaler,Kampala,49562019,2,1946,Flavored Milk,161
4954,Retailer,Kampala,25624570,7,2454,Powder Milk,120
4955,Wholesaler,Jinja,82854219,17,2589,Cream,154
4956,Wholesaler,Mbale,95191738,5,782,Milk,114
4957,Retailer,Kampala,57072726,11,9863,Powder Milk,97
4958,Wholesaler,Jinja,45429222,11,627,Cream,17
4959,Wholesaler,Gulu,67137977,11,2211,Powder Milk,143
4960,Retailer,Mbale,91435720,17,8619,Milk,18
4961,Retailer,Kampala,21466526,19,3898,Yogurt,24
4962,Wholesaler,Gulu,82935640,8,1358,Milk,73
4963,Retailer,Jinja,19191120,14,891,Cream,187
4964,Retailer,Kampala,74163433,10,2221,Milk,133
4965,Retailer,Kampala,77427348,7,8397,Cheese,20
4966,Retailer,Gulu,68853837,2,6303,Milk,104
4967,Wholesaler,Kampala,54117478,17,9944,Cheese,129
4968,Wholesaler,Mbarara,94330449,1,3435,Cream,183
4969,Wholesaler,Kampala,14478366,13,4871,Flavored Milk,54
4970,Retailer,Mbale,89080741,19,5863,Yogurt,86
4971,Retailer,Gulu,83585363,14,1463,Cream,103
4972,Retailer,Mbale,94898669,18,94,Powder Milk,68
4973,Retailer,Jinja,6506164,14,1736,Cream,162
4974,Retailer,Mbale,92083180,15,5286,Milk,149
4975,Retailer,Mbarara,63265054,14,6675,Yogurt,94
4976,Retailer,Mbarara,83358922,5,2775,Cream,35
4977,Wholesaler,Mbale,35078577,16,9665,Powder Milk,123
4978,Wholesaler,Jinja,47324800,5,8059,Cream,46
4979,Retailer,Kampala,35650257,13,4064,Cream,32
4980,Retailer,Mbarara,97854571,16,5830,Yogurt,74
4981,Retailer,Mbale,25473824,15,4645,Powder Milk,54
4982,Wholesaler,Mbale,61860789,5,8315,Powder Milk,83
4983,Wholesaler,Mbale,17081663,6,3068,Yogurt,172
4984,Retailer,Kampala,5894737,13,6342,Butter,111
4985,Retailer,Gulu,14788590,16,1610,Cheese,185
4986,Wholesaler,Jinja,98030558,10,9133,Powder Milk,37
4987,Wholesaler,Gulu,99238079,2,9488,Powder Milk,138
4988,Wholesaler,Jinja,72365925,13,522,Powder Milk,81
4989,Wholesaler,Jinja,46292238,17,5485,Powder Milk,50
4990,Retailer,Mbale,56674542,1,2267,Yogurt,32
4991,Wholesaler,Mbarara,87671301,4,8942,Powder Milk,169
4992,Wholesaler,Mbale,83816903,18,102,Flavored Milk,96
4993,Retailer,Kampala,9035541,6,3037,Milk,16
4994,Wholesaler,Jinja,43419648,12,8380,Cream,192
4995,Wholesaler,Mbarara,81450041,13,9639,Powder Milk,81
4996,Wholesaler,Jinja,97146230,2,2187,Yogurt,52
4997,Retailer,Jinja,30986903,17,877,Cream,151
4998,Wholesaler,Mbale,30223764,10,8214,Powder Milk,23
4999,Retailer,Mbarara,39734700,19,1298,Yogurt,109
5000,Retailer,Mbarara,64875398,5,4885,Powder Milk,178
5001,Wholesaler,Jinja,7945979,12,8427,Milk,120
5002,Wholesaler,Mbarara,34776844,18,3492,Powder Milk,100
5003,Wholesaler,Mbarara,11939691,9,7452,Flavored Milk,93
5004,Wholesaler,Mbale,99174479,11,3243,Powder Milk,111
5005,Retailer,Gulu,22613837,4,4978,Powder Milk,23
5006,Wholesaler,Kampala,68270258,10,9654,Cream,37
5007,Wholesaler,Gulu,68982703,1,7646,Cream,39
5008,Wholesaler,Mbarara,44135545,2,2966,Yogurt,88
5009,Retailer,Jinja,5664990,9,9257,Yogurt,63
5010,Wholesaler,Kampala,23231011,18,4587,Powder Milk,196
5011,Wholesaler,Kampala,31517988,16,7101,Flavored Milk,149
5012,Retailer,Jinja,44932072,14,5695,Yogurt,123
5013,Retailer,Kampala,21415607,4,4311,Cream,129
5014,Wholesaler,Jinja,25209909,2,1985,Flavored Milk,84
5015,Wholesaler,Kampala,18284176,12,8091,Yogurt,176
5016,Wholesaler,Gulu,71173170,5,9710,Milk,79
5017,Wholesaler,Kampala,27878185,4,4588,Flavored Milk,76
5018,Wholesaler,Mbale,80142813,15,4476,Milk,24
5019,Retailer,Jinja,42408043,3,1408,Milk,141
5020,Retailer,Kampala,26315510,17,1819,Yogurt,107
5021,Wholesaler,Jinja,37818502,8,9431,Cream,111
5022,Wholesaler,Mbale,19803473,12,1242,Flavored Milk,181
5023,Retailer,Kampala,88908178,8,2866,Butter,176
5024,Wholesaler,Kampala,84868750,5,6317,Milk,114
5025,Wholesaler,Mbale,10361382,6,7075,Cream,95
5026,Wholesaler,Mbale,90679083,5,4906,Milk,46
5027,Wholesaler,Mbale,81883708,8,5267,Milk,195
5028,Wholesaler,Jinja,61354470,18,1092,Yogurt,169
5029,Retailer,Mbale,41744440,4,5293,Yogurt,132
5030,Wholesaler,Jinja,68709943,4,8467,Milk,165
5031,Wholesaler,Gulu,68971253,5,6805,Cream,141
5032,Wholesaler,Kampala,76329147,15,6517,Powder Milk,19
5033,Retailer,Kampala,76624573,6,4027,Yogurt,36
5034,Retailer,Mbarara,24517481,16,1933,Yogurt,93
5035,Retailer,Gulu,56339569,14,590,Yogurt,173
5036,Retailer,Mbale,20185135,14,8887,Cheese,14
5037,Wholesaler,Mbale,92343782,16,5135,Flavored Milk,187
5038,Retailer,Gulu,39524472,4,4851,Cream,169
5039,Wholesaler,Mbale,26504730,11,4776,Yogurt,108
5040,Wholesaler,Mbarara,33379113,19,7072,Cheese,160
5041,Retailer,Jinja,53149382,19,1738,Cheese,198
5042,Retailer,Kampala,44899268,8,9096,Yogurt,138
5043,Retailer,Gulu,34756110,10,6684,Cream,40
5044,Retailer,Kampala,57025961,5,454,Powder Milk,28
5045,Retailer,Jinja,68340935,16,3393,Cheese,63
5046,Wholesaler,Gulu,15751688,3,7861,Butter,137
5047,Retailer,Jinja,15967562,10,7068,Cheese,171
5048,Retailer,Mbale,18258493,13,8761,Flavored Milk,141
5049,Retailer,Mbale,53132603,7,1457,Cheese,185
5050,Wholesaler,Mbale,15503829,12,9062,Yogurt,57
5051,Retailer,Jinja,29500577,14,7080,Cream,58
5052,Wholesaler,Jinja,6084258,10,7409,Powder Milk,197
5053,Retailer,Jinja,61583562,9,4580,Milk,126
5054,Retailer,Kampala,50462459,12,7978,Cream,181
5055,Wholesaler,Jinja,11156393,3,4117,Cream,171
5056,Retailer,Mbale,46758714,13,6256,Butter,65
5057,Wholesaler,Mbarara,63609294,6,2231,Cheese,83
5058,Wholesaler,Jinja,14432621,6,3282,Powder Milk,15
5059,Wholesaler,Mbarara,87619633,19,8666,Butter,85
5060,Retailer,Mbale,63775466,7,1601,Cream,122
5061,Retailer,Jinja,66152743,4,407,Cream,135
5062,Retailer,Kampala,50904661,5,1644,Flavored Milk,45
5063,Wholesaler,Kampala,93399501,1,5178,Cream,172
5064,Retailer,Mbarara,80463553,18,9252,Cheese,34
5065,Wholesaler,Kampala,57043167,17,8438,Cheese,186
5066,Retailer,Kampala,64794415,9,9275,Butter,64
5067,Wholesaler,Kampala,72377888,9,9103,Cheese,178
5068,Wholesaler,Mbale,94622829,10,398,Cream,66
5069,Wholesaler,Kampala,38643689,17,1708,Cheese,159
5070,Retailer,Gulu,16246632,13,8816,Milk,181
5071,Wholesaler,Jinja,56079398,4,1869,Butter,166
5072,Wholesaler,Kampala,60909089,18,6521,Yogurt,80
5073,Wholesaler,Kampala,95705546,18,5931,Cream,57
5074,Wholesaler,Kampala,57448877,9,6705,Yogurt,113
5075,Wholesaler,Gulu,29198116,3,9172,Flavored Milk,12
5076,Wholesaler,Kampala,34085992,7,4058,Milk,94
5077,Retailer,Kampala,42351878,15,6093,Butter,182
5078,Retailer,Jinja,77588344,9,533,Butter,29
5079,Wholesaler,Gulu,26307002,9,3962,Milk,82
5080,Retailer,Gulu,87505967,4,407,Milk,173
5081,Retailer,Kampala,52666773,18,8495,Flavored Milk,69
5082,Wholesaler,Gulu,76707823,17,9076,Yogurt,87
5083,Wholesaler,Mbarara,55236478,6,1240,Powder Milk,27
5084,Wholesaler,Gulu,33314150,7,9945,Butter,106
5085,Retailer,Gulu,49656777,10,4614,Powder Milk,75
5086,Wholesaler,Gulu,23747348,10,6029,Milk,40
5087,Retailer,Mbale,28081413,6,8734,Butter,18
5088,Wholesaler,Mbale,54352432,6,3459,Yogurt,157
5089,Retailer,Mbale,17715233,19,8293,Butter,157
5090,Wholesaler,Gulu,26125562,8,8503,Powder Milk,56
5091,Wholesaler,Mbarara,33630691,9,1958,Butter,10
5092,Retailer,Gulu,94704904,1,3696,Milk,92
5093,Retailer,Kampala,42679798,16,7765,Milk,109
5094,Retailer,Mbarara,56950277,6,2427,Milk,151
5095,Retailer,Mbale,6705950,8,4386,Yogurt,138
5096,Retailer,Jinja,93806224,15,5454,Cream,19
5097,Retailer,Mbarara,68144884,12,6008,Cream,186
5098,Wholesaler,Mbale,26086314,10,1675,Cream,151
5099,Retailer,Mbarara,66450683,16,5468,Cheese,197
5100,Wholesaler,Mbarara,63456099,15,9470,Yogurt,51
5101,Wholesaler,Gulu,99495515,11,4436,Milk,133
5102,Retailer,Kampala,65859938,7,6404,Flavored Milk,196
5103,Wholesaler,Jinja,97485027,8,1439,Butter,34
5104,Retailer,Mbale,36970487,11,5959,Butter,173
5105,Retailer,Mbarara,85344300,9,1537,Powder Milk,104
5106,Wholesaler,Jinja,13365970,7,6551,Butter,44
5107,Wholesaler,Mbarara,80253244,15,9158,Cream,148
5108,Retailer,Kampala,75294968,15,760,Powder Milk,19
5109,Retailer,Jinja,46905108,16,1936,Butter,17
5110,Wholesaler,Mbale,62861494,3,2266,Flavored Milk,114
5111,Wholesaler,Mbarara,21338494,16,1370,Powder Milk,160
5112,Wholesaler,Kampala,79788165,15,7956,Milk,143
5113,Wholesaler,Jinja,65829845,1,4495,Cheese,133
5114,Retailer,Mbarara,42776354,14,4881,Cream,73
5115,Retailer,Mbarara,92744314,11,7867,Butter,55
5116,Retailer,Mbale,30385112,3,7034,Powder Milk,113
5117,Retailer,Kampala,39421776,9,8642,Cheese,47
5118,Wholesaler,Gulu,6617243,6,800,Powder Milk,162
5119,Wholesaler,Mbarara,63772938,16,5644,Yogurt,95
5120,Retailer,Jinja,15681545,11,7221,Yogurt,11
5121,Retailer,Mbale,63706199,18,7541,Cream,33
5122,Retailer,Mbale,15459557,17,1937,Butter,110
5123,Retailer,Mbarara,37636368,17,3735,Milk,76
5124,Retailer,Mbarara,62460664,3,1468,Flavored Milk,99
5125,Retailer,Mbarara,71979627,19,2653,Powder Milk,103
5126,Retailer,Gulu,75275875,15,3821,Butter,102
5127,Retailer,Mbarara,35982498,10,5150,Yogurt,80
5128,Retailer,Kampala,48230789,8,9887,Yogurt,198
5129,Wholesaler,Jinja,46603449,17,3537,Powder Milk,146
5130,Retailer,Mbarara,44986139,4,9055,Powder Milk,182
5131,Wholesaler,Gulu,54115368,8,5960,Powder Milk,25
5132,Wholesaler,Jinja,47466783,2,6358,Cream,128
5133,Retailer,Mbale,82439129,8,4783,Cheese,117
5134,Retailer,Mbarara,79941322,7,3219,Flavored Milk,151
5135,Wholesaler,Jinja,60586483,9,1073,Powder Milk,163
5136,Wholesaler,Mbale,25692376,18,9751,Cream,183
5137,Retailer,Gulu,85092190,17,1443,Powder Milk,110
5138,Wholesaler,Kampala,14743916,1,5289,Butter,195
5139,Retailer,Mbarara,30570806,12,2396,Milk,39
5140,Retailer,Kampala,77448370,4,905,Cheese,133
5141,Retailer,Gulu,31022130,17,9408,Flavored Milk,65
5142,Wholesaler,Jinja,67570023,7,2804,Cheese,103
5143,Wholesaler,Jinja,22154477,3,1715,Cream,41
5144,Retailer,Gulu,54157301,1,4088,Powder Milk,87
5145,Wholesaler,Gulu,78022248,19,3737,Milk,32
5146,Wholesaler,Mbarara,67398544,2,1166,Powder Milk,26
5147,Wholesaler,Mbale,87970149,6,4592,Yogurt,131
5148,Wholesaler,Kampala,22850211,11,783,Cream,161
5149,Wholesaler,Kampala,56069347,4,2971,Powder Milk,184
5150,Wholesaler,Jinja,97766674,1,9948,Butter,148
5151,Wholesaler,Jinja,59574507,11,3548,Butter,50
5152,Retailer,Mbarara,93216632,16,9366,Cream,24
5153,Wholesaler,Gulu,46061697,6,4767,Milk,100
5154,Wholesaler,Kampala,58147600,11,4904,Powder Milk,61
5155,Wholesaler,Mbarara,80212317,8,1908,Butter,171
5156,Wholesaler,Jinja,92746030,1,5523,Butter,69
5157,Wholesaler,Jinja,99362889,14,2563,Powder Milk,66
5158,Wholesaler,Kampala,14559266,2,5010,Cheese,42
5159,Wholesaler,Jinja,74876540,6,3565,Milk,158
5160,Wholesaler,Jinja,93551358,9,2366,Cream,161
5161,Retailer,Mbale,46404403,14,2064,Cheese,29
5162,Wholesaler,Gulu,68464227,8,2217,Butter,122
5163,Wholesaler,Jinja,37728117,3,3078,Cream,77
5164,Wholesaler,Mbale,66818464,10,9385,Cream,110
5165,Wholesaler,Mbarara,80777984,18,4281,Powder Milk,110
5166,Retailer,Jinja,63416081,9,3198,Cream,197
5167,Retailer,Mbarara,25381110,9,7571,Flavored Milk,183
5168,Retailer,Jinja,75425909,19,9177,Powder Milk,42
5169,Retailer,Kampala,48620206,13,50,Flavored Milk,40
5170,Retailer,Mbale,42401974,1,8318,Cheese,171
5171,Retailer,Mbale,52017563,17,7661,Yogurt,31
5172,Retailer,Kampala,11808052,4,2678,Powder Milk,115
5173,Retailer,Gulu,38207957,4,6184,Yogurt,39
5174,Retailer,Mbale,15492474,16,623,Milk,14
5175,Retailer,Mbarara,38661112,16,1598,Flavored Milk,178
5176,Retailer,Mbale,79263989,15,8427,Cream,182
5177,Retailer,Gulu,46302571,6,6095,Flavored Milk,70
5178,Retailer,Mbarara,68491147,5,3542,Cheese,126
5179,Retailer,Mbarara,88295887,10,8275,Cream,22
5180,Retailer,Kampala,71911844,7,7889,Powder Milk,146
5181,Retailer,Jinja,19510972,7,9862,Butter,172
5182,Wholesaler,Kampala,61550671,10,5739,Milk,27
5183,Retailer,Jinja,76081936,10,1946,Cheese,136
5184,Wholesaler,Kampala,20148732,15,2505,Yogurt,149
5185,Retailer,Jinja,94197406,6,5466,Powder Milk,128
5186,Retailer,Mbale,35623566,2,5433,Butter,178
5187,Wholesaler,Mbarara,93141900,8,1455,Cream,153
5188,Retailer,Jinja,10892391,15,4588,Milk,22
5189,Wholesaler,Mbale,20117530,18,1236,Powder Milk,133
5190,Wholesaler,Gulu,54974548,5,2189,Butter,155
5191,Wholesaler,Kampala,54146601,4,2728,Yogurt,85
5192,Retailer,Gulu,65364486,10,3844,Cheese,127
5193,Retailer,Mbale,16709705,19,2769,Cheese,107
5194,Retailer,Gulu,30484163,14,8098,Flavored Milk,188
5195,Wholesaler,Gulu,68785002,13,4652,Powder Milk,42
5196,Wholesaler,Mbale,79654947,10,4500,Cream,91
5197,Retailer,Mbarara,24497130,6,4007,Cheese,76
5198,Retailer,Jinja,67520258,13,6119,Flavored Milk,63
5199,Retailer,Kampala,93673017,11,8729,Cheese,15
5200,Retailer,Jinja,83702317,15,328,Milk,45
5201,Retailer,Kampala,50821610,2,2641,Powder Milk,64
5202,Wholesaler,Jinja,11314975,15,8891,Cream,136
5203,Wholesaler,Gulu,16273018,19,404,Yogurt,187
5204,Wholesaler,Mbarara,89059777,17,2292,Powder Milk,80
5205,Retailer,Gulu,50630857,18,4949,Powder Milk,103
5206,Wholesaler,Mbarara,25601461,6,6286,Butter,152
5207,Wholesaler,Mbale,68627857,15,2530,Yogurt,31
5208,Wholesaler,Kampala,22033296,17,607,Yogurt,58
5209,Wholesaler,Kampala,59603979,9,3536,Flavored Milk,175
5210,Wholesaler,Mbale,93612218,12,211,Flavored Milk,145
5211,Retailer,Jinja,7430735,5,6294,Milk,145
5212,Wholesaler,Mbale,78053727,14,748,Butter,109
5213,Retailer,Mbale,87181281,8,3594,Cheese,46
5214,Retailer,Mbarara,16475087,17,3827,Cheese,87
5215,Retailer,Mbale,68959143,9,2255,Yogurt,130
5216,Retailer,Kampala,91279549,3,541,Powder Milk,162
5217,Retailer,Gulu,78377222,7,2042,Milk,191
5218,Wholesaler,Mbarara,92349571,12,1082,Powder Milk,30
5219,Wholesaler,Mbarara,10588138,3,3333,Butter,110
5220,Retailer,Jinja,72478079,9,6066,Cheese,136
5221,Retailer,Gulu,97151539,14,4969,Yogurt,196
5222,Retailer,Mbarara,5296518,18,6024,Milk,168
5223,Wholesaler,Mbale,47922257,11,9027,Butter,15
5224,Retailer,Mbarara,99020035,4,1883,Powder Milk,179
5225,Wholesaler,Mbarara,86066864,8,1041,Yogurt,128
5226,Retailer,Mbarara,90729404,18,7034,Yogurt,189
5227,Wholesaler,Jinja,79197308,13,6396,Cream,184
5228,Retailer,Mbarara,73036426,4,1833,Powder Milk,165
5229,Wholesaler,Mbarara,68145619,10,5234,Milk,173
5230,Retailer,Jinja,50507466,8,1234,Milk,137
5231,Wholesaler,Gulu,62716174,12,1718,Milk,49
5232,Wholesaler,Kampala,66894385,19,6883,Milk,150
5233,Wholesaler,Jinja,22341935,12,5874,Butter,186
5234,Wholesaler,Jinja,9520907,2,621,Milk,141
5235,Wholesaler,Mbarara,8498345,8,4350,Milk,107
5236,Wholesaler,Mbarara,74186331,13,3788,Milk,131
5237,Wholesaler,Kampala,86912239,1,633,Cream,110
5238,Retailer,Mbarara,10887495,3,7373,Butter,73
5239,Retailer,Mbale,39288474,2,8549,Cheese,107
5240,Retailer,Mbarara,37470421,8,8303,Yogurt,89
5241,Retailer,Mbarara,59990145,3,7590,Flavored Milk,32
5242,Retailer,Mbale,51177493,15,5629,Powder Milk,195
5243,Wholesaler,Kampala,38043007,2,4620,Cream,96
5244,Wholesaler,Mbale,79290240,17,5741,Yogurt,152
5245,Wholesaler,Jinja,43957948,6,2009,Butter,98
5246,Wholesaler,Mbale,38505549,1,8080,Powder Milk,102
5247,Wholesaler,Gulu,85436760,4,5176,Milk,109
5248,Retailer,Jinja,33550243,19,3812,Butter,136
5249,Retailer,Mbarara,66168770,7,2836,Cream,88
5250,Retailer,Jinja,66373828,14,1592,Cream,110
5251,Retailer,Kampala,94255232,14,1725,Cheese,108
5252,Wholesaler,Kampala,93740277,10,83,Flavored Milk,183
5253,Wholesaler,Mbale,68652882,7,2849,Cheese,48
5254,Wholesaler,Jinja,64062496,16,7546,Milk,56
5255,Retailer,Mbarara,23253417,4,1905,Butter,46
5256,Wholesaler,Kampala,67340661,7,6973,Butter,178
5257,Retailer,Mbarara,25863435,15,2735,Milk,101
5258,Wholesaler,Gulu,57399329,17,1107,Milk,182
5259,Wholesaler,Kampala,14886607,3,6988,Flavored Milk,39
5260,Retailer,Mbale,58658983,16,4551,Cheese,77
5261,Wholesaler,Gulu,39567597,2,7647,Milk,16
5262,Wholesaler,Jinja,53365582,7,6621,Milk,106
5263,Retailer,Mbarara,73106799,16,4438,Cheese,56
5264,Wholesaler,Kampala,91771338,9,6072,Milk,56
5265,Retailer,Gulu,47524579,12,2677,Powder Milk,88
5266,Wholesaler,Gulu,53945565,1,3870,Flavored Milk,135
5267,Wholesaler,Kampala,82976930,14,7297,Flavored Milk,108
5268,Wholesaler,Jinja,93229320,11,3693,Cream,110
5269,Wholesaler,Jinja,94417425,18,6241,Cheese,197
5270,Wholesaler,Mbale,81701202,5,3812,Cream,142
5271,Wholesaler,Jinja,58464038,15,6037,Yogurt,185
5272,Wholesaler,Mbale,73197571,7,8848,Flavored Milk,96
5273,Wholesaler,Gulu,63922821,14,2405,Butter,159
5274,Retailer,Kampala,13523890,8,1383,Butter,104
5275,Retailer,Jinja,75499744,4,4058,Yogurt,160
5276,Wholesaler,Mbale,24649887,3,2523,Flavored Milk,101
5277,Wholesaler,Gulu,21368591,12,6193,Cream,182
5278,Retailer,Jinja,14370698,18,3783,Milk,61
5279,Wholesaler,Mbarara,12161493,15,2136,Powder Milk,183
5280,Wholesaler,Gulu,60085091,11,3400,Yogurt,47
5281,Retailer,Jinja,64590294,11,8617,Milk,177
5282,Wholesaler,Gulu,11412953,12,2002,Powder Milk,152
5283,Wholesaler,Kampala,58797372,19,3760,Butter,122
5284,Retailer,Kampala,69274619,17,1743,Powder Milk,149
5285,Wholesaler,Kampala,77190686,6,8313,Yogurt,86
5286,Wholesaler,Mbarara,13261636,8,1824,Flavored Milk,76
5287,Retailer,Kampala,98498805,15,623,Butter,194
5288,Wholesaler,Mbarara,9013221,10,6535,Flavored Milk,130
5289,Retailer,Kampala,38746365,15,4714,Milk,28
5290,Wholesaler,Gulu,75797336,12,5109,Flavored Milk,99
5291,Wholesaler,Jinja,83436859,11,5412,Powder Milk,39
5292,Retailer,Jinja,39930785,18,4116,Yogurt,101
5293,Retailer,Kampala,28799051,5,6521,Milk,27
5294,Wholesaler,Jinja,12854741,12,6163,Yogurt,72
5295,Retailer,Kampala,14997704,5,8394,Powder Milk,16
5296,Retailer,Kampala,72176187,10,5424,Milk,197
5297,Wholesaler,Mbale,44689811,14,8970,Cream,97
5298,Wholesaler,Mbale,96641116,16,9794,Cream,125
5299,Wholesaler,Mbale,27822620,5,3713,Yogurt,72
5300,Retailer,Mbarara,38293420,11,6744,Butter,194
5301,Retailer,Mbale,62356314,19,6191,Cream,97
5302,Retailer,Kampala,71279478,8,6336,Yogurt,84
5303,Retailer,Gulu,50744080,19,6210,Butter,132
5304,Wholesaler,Mbale,51099588,18,9241,Powder Milk,48
5305,Retailer,Mbale,6801708,12,7192,Cheese,180
5306,Wholesaler,Gulu,66092620,13,5071,Flavored Milk,193
5307,Retailer,Kampala,61539433,18,6920,Cream,147
5308,Wholesaler,Mbarara,93259982,15,6358,Milk,116
5309,Wholesaler,Mbale,56832398,15,9376,Flavored Milk,29
5310,Wholesaler,Gulu,32378705,12,4792,Powder Milk,115
5311,Retailer,Kampala,77406785,9,3195,Butter,176
5312,Wholesaler,Jinja,47268556,19,8193,Cream,108
5313,Wholesaler,Mbarara,42292010,12,2765,Butter,124
5314,Retailer,Gulu,17122670,5,8595,Butter,165
5315,Wholesaler,Gulu,60547125,10,5443,Yogurt,167
5316,Retailer,Gulu,6186737,7,9544,Flavored Milk,67
5317,Retailer,Mbale,18418985,11,4132,Cream,79
5318,Wholesaler,Jinja,79723083,8,3781,Butter,71
5319,Wholesaler,Mbarara,62604744,7,8751,Cheese,138
5320,Retailer,Kampala,13250682,16,1587,Powder Milk,162
5321,Wholesaler,Kampala,83387178,16,8142,Butter,176
5322,Retailer,Jinja,29635898,14,227,Cream,148
5323,Retailer,Gulu,24774793,15,2426,Flavored Milk,68
5324,Retailer,Gulu,93489750,9,7788,Butter,174
5325,Wholesaler,Gulu,43022934,16,9042,Butter,166
5326,Retailer,Gulu,95182244,16,6881,Milk,107
5327,Wholesaler,Gulu,21490657,5,3293,Butter,91
5328,Wholesaler,Jinja,87735724,3,3716,Flavored Milk,146
5329,Wholesaler,Mbale,36485362,13,987,Powder Milk,55
5330,Wholesaler,Mbarara,30199848,8,3077,Milk,146
5331,Retailer,Gulu,44807086,17,2070,Milk,80
5332,Wholesaler,Mbale,73162791,5,7252,Butter,112
5333,Retailer,Kampala,25887479,6,2024,Butter,51
5334,Retailer,Jinja,94621229,2,9760,Cheese,171
5335,Wholesaler,Mbale,12160516,14,1308,Cream,37
5336,Retailer,Gulu,48640405,4,7102,Cream,109
5337,Retailer,Gulu,23722856,3,3160,Flavored Milk,70
5338,Wholesaler,Gulu,50703633,9,9484,Powder Milk,49
5339,Retailer,Mbale,33009548,18,2803,Cream,191
5340,Retailer,Gulu,99209713,12,5844,Flavored Milk,68
5341,Retailer,Mbale,46639680,9,2725,Yogurt,182
5342,Retailer,Gulu,70151092,18,469,Powder Milk,176
5343,Wholesaler,Kampala,12907761,13,8894,Yogurt,179
5344,Retailer,Kampala,57509665,14,2921,Flavored Milk,148
5345,Retailer,Mbarara,80511354,10,917,Butter,175
5346,Retailer,Gulu,89000963,3,8415,Milk,66
5347,Retailer,Gulu,33523913,7,8054,Cheese,132
5348,Wholesaler,Mbale,12697691,18,4782,Butter,149
5349,Retailer,Mbale,82180961,16,9801,Powder Milk,179
5350,Wholesaler,Gulu,47940710,17,4177,Powder Milk,146
5351,Retailer,Mbarara,45496110,6,4642,Milk,159
5352,Wholesaler,Gulu,27430970,12,2292,Powder Milk,175
5353,Wholesaler,Mbale,48745618,19,2538,Flavored Milk,66
5354,Wholesaler,Gulu,13755817,3,1562,Cream,76
5355,Wholesaler,Mbale,32774391,3,5666,Powder Milk,39
5356,Wholesaler,Gulu,49798131,18,2821,Butter,130
5357,Retailer,Jinja,13203491,11,1693,Powder Milk,163
5358,Retailer,Mbale,62711210,6,73,Cheese,63
5359,Retailer,Mbarara,91123138,19,2387,Cream,41
5360,Wholesaler,Jinja,74084816,5,2993,Powder Milk,31
5361,Retailer,Gulu,52506758,13,8072,Cream,145
5362,Wholesaler,Mbale,89067473,5,4776,Yogurt,118
5363,Wholesaler,Jinja,48196397,3,1766,Milk,75
5364,Retailer,Mbarara,38434693,19,7144,Butter,23
5365,Retailer,Mbale,86905182,17,4183,Cheese,142
5366,Wholesaler,Jinja,32929692,3,6579,Butter,22
5367,Wholesaler,Jinja,88140232,15,794,Flavored Milk,96
5368,Retailer,Jinja,79952565,17,4227,Milk,133
5369,Retailer,Kampala,18813922,13,8235,Flavored Milk,86
5370,Retailer,Gulu,64255888,14,5990,Powder Milk,92
5371,Retailer,Mbale,82184827,16,99,Flavored Milk,33
5372,Wholesaler,Mbale,65862027,11,6862,Powder Milk,44
5373,Retailer,Mbale,95676286,17,6267,Yogurt,77
5374,Retailer,Jinja,53709043,5,3099,Flavored Milk,163
5375,Retailer,Gulu,59752303,15,5275,Cheese,83
5376,Wholesaler,Mbarara,7087356,18,7918,Milk,175
5377,Wholesaler,Mbale,54416087,16,3939,Yogurt,43
5378,Wholesaler,Gulu,83864457,14,8001,Cream,43
5379,Wholesaler,Gulu,9909881,14,9864,Butter,28
5380,Retailer,Kampala,29531485,13,7685,Flavored Milk,12
5381,Wholesaler,Mbale,84107337,1,5825,Butter,125
5382,Retailer,Jinja,30837823,6,3405,Yogurt,45
5383,Retailer,Gulu,54368102,11,9255,Butter,13
5384,Retailer,Gulu,66275190,11,8395,Cheese,131
5385,Retailer,Mbarara,66514779,16,6311,Yogurt,163
5386,Wholesaler,Kampala,33678261,3,2364,Milk,140
5387,Wholesaler,Gulu,45880497,17,3506,Milk,137
5388,Wholesaler,Gulu,58512778,14,7458,Cream,186
5389,Retailer,Jinja,22890880,2,4316,Milk,18
5390,Retailer,Jinja,72038032,9,8858,Milk,55
5391,Retailer,Mbarara,49199523,8,3099,Yogurt,23
5392,Retailer,Mbarara,91439469,11,4693,Yogurt,12
5393,Retailer,Mbarara,37665915,7,5354,Powder Milk,11
5394,Wholesaler,Jinja,29300936,2,1975,Yogurt,95
5395,Retailer,Jinja,92173563,4,6895,Flavored Milk,170
5396,Wholesaler,Kampala,11745755,14,6860,Powder Milk,109
5397,Retailer,Mbale,60127904,13,2507,Yogurt,147
5398,Retailer,Mbale,81455170,13,6932,Yogurt,120
5399,Wholesaler,Kampala,24498930,13,7870,Cream,62
5400,Wholesaler,Mbale,93305287,5,9853,Yogurt,181
5401,Retailer,Jinja,40082097,12,4291,Milk,175
5402,Retailer,Mbale,37306373,6,3159,Cheese,158
5403,Retailer,Jinja,81749427,14,5295,Milk,172
5404,Retailer,Kampala,88374649,8,9869,Powder Milk,92
5405,Wholesaler,Mbarara,35202460,8,8013,Cream,31
5406,Retailer,Kampala,83730123,7,4490,Cheese,29
5407,Wholesaler,Mbale,57345136,17,7660,Cream,109
5408,Retailer,Jinja,6847634,11,2048,Cheese,119
5409,Wholesaler,Mbale,89075024,10,1181,Cream,77
5410,Wholesaler,Mbale,36292075,13,2042,Cheese,105
5411,Retailer,Mbarara,98943711,10,8097,Cream,17
5412,Wholesaler,Mbale,97815778,14,8755,Powder Milk,60
5413,Retailer,Mbarara,26249997,9,5090,Powder Milk,163
5414,Wholesaler,Jinja,21025904,7,762,Milk,60
5415,Retailer,Jinja,86358261,7,264,Flavored Milk,163
5416,Wholesaler,Mbarara,30843343,18,5796,Cream,56
5417,Retailer,Kampala,37038411,16,8845,Butter,52
5418,Retailer,Jinja,75904059,8,7031,Flavored Milk,146
5419,Wholesaler,Kampala,59217313,16,3819,Milk,172
5420,Wholesaler,Jinja,52230855,19,4917,Cheese,156
5421,Wholesaler,Jinja,76505300,15,8911,Butter,185
5422,Wholesaler,Gulu,72455279,15,1130,Flavored Milk,89
5423,Retailer,Mbale,5375631,6,9667,Cream,165
5424,Wholesaler,Mbale,60684147,9,524,Powder Milk,12
5425,Retailer,Kampala,27579854,15,9373,Cream,155
5426,Wholesaler,Mbale,85519811,7,912,Powder Milk,22
5427,Retailer,Kampala,11769497,8,9053,Yogurt,164
5428,Retailer,Jinja,6718478,18,4322,Powder Milk,49
5429,Retailer,Gulu,51715453,16,8728,Flavored Milk,48
5430,Retailer,Gulu,20316611,15,8933,Milk,67
5431,Wholesaler,Jinja,31564808,3,3158,Butter,66
5432,Wholesaler,Mbarara,13347234,1,317,Yogurt,33
5433,Retailer,Mbarara,73730212,13,9026,Cream,128
5434,Wholesaler,Mbale,68482926,12,3923,Powder Milk,31
5435,Wholesaler,Kampala,30689083,9,6581,Powder Milk,60
5436,Retailer,Gulu,54811585,2,2451,Cream,85
5437,Wholesaler,Mbale,99758082,9,4959,Butter,175
5438,Wholesaler,Jinja,5074745,8,2366,Butter,136
5439,Wholesaler,Gulu,33786027,5,8226,Cream,70
5440,Retailer,Kampala,57104260,13,7659,Flavored Milk,58
5441,Wholesaler,Kampala,40663305,2,1251,Powder Milk,32
5442,Retailer,Mbarara,11400334,10,5236,Cheese,13
5443,Wholesaler,Mbale,41215309,6,326,Powder Milk,85
5444,Wholesaler,Jinja,84841837,7,5377,Flavored Milk,46
5445,Wholesaler,Gulu,86466252,3,8548,Yogurt,102
5446,Retailer,Kampala,75072285,14,680,Milk,143
5447,Retailer,Gulu,31836903,16,2635,Powder Milk,165
5448,Wholesaler,Jinja,46905607,6,6711,Flavored Milk,145
5449,Retailer,Gulu,70399293,8,7491,Cheese,157
5450,Wholesaler,Mbale,9127901,1,7450,Cheese,153
5451,Retailer,Mbarara,52127888,15,1187,Flavored Milk,150
5452,Retailer,Gulu,99736098,17,7018,Yogurt,88
5453,Wholesaler,Mbarara,44131072,18,1763,Cheese,71
5454,Wholesaler,Jinja,78538800,3,9290,Cheese,120
5455,Wholesaler,Mbarara,77224825,6,9825,Powder Milk,129
5456,Wholesaler,Gulu,53621527,17,3401,Powder Milk,62
5457,Retailer,Gulu,33977967,13,8143,Cream,131
5458,Retailer,Kampala,79206512,17,6265,Yogurt,37
5459,Retailer,Gulu,88379544,16,9193,Yogurt,27
5460,Wholesaler,Mbarara,85436865,17,1274,Yogurt,16
5461,Wholesaler,Kampala,69884440,1,5495,Cream,30
5462,Retailer,Gulu,79872166,16,8274,Yogurt,50
5463,Wholesaler,Gulu,5192888,6,146,Flavored Milk,176
5464,Retailer,Jinja,18370336,8,4408,Flavored Milk,117
5465,Retailer,Kampala,95987664,1,3191,Butter,147
5466,Retailer,Jinja,67319482,2,8030,Cream,40
5467,Retailer,Jinja,24108254,15,221,Butter,51
5468,Retailer,Jinja,19516617,5,4903,Cream,68
5469,Wholesaler,Mbale,37579397,15,9142,Butter,127
5470,Wholesaler,Jinja,41752998,10,8983,Cheese,113
5471,Wholesaler,Mbarara,55098904,5,5481,Yogurt,175
5472,Retailer,Gulu,27400932,3,7587,Flavored Milk,52
5473,Retailer,Mbale,84689279,6,8632,Flavored Milk,139
5474,Retailer,Jinja,55611357,15,1008,Yogurt,143
5475,Retailer,Gulu,81449809,18,4720,Butter,86
5476,Wholesaler,Kampala,21112343,14,8585,Powder Milk,166
5477,Wholesaler,Kampala,54033022,10,3531,Cream,167
5478,Retailer,Gulu,40813936,4,1619,Cheese,98
5479,Retailer,Mbarara,46465399,11,7981,Flavored Milk,177
5480,Retailer,Gulu,7796890,7,8697,Milk,108
5481,Wholesaler,Gulu,73026522,15,5592,Cheese,46
5482,Wholesaler,Mbale,65651062,9,8685,Cheese,127
5483,Wholesaler,Kampala,50721106,15,3531,Butter,144
5484,Retailer,Kampala,37907750,12,7981,Yogurt,187
5485,Retailer,Jinja,65430486,18,5743,Cream,155
5486,Wholesaler,Gulu,84963494,6,1467,Cream,145
5487,Retailer,Gulu,23529899,18,5906,Milk,109
5488,Wholesaler,Mbarara,73486190,18,7726,Butter,64
5489,Retailer,Kampala,44903082,6,7061,Yogurt,114
5490,Wholesaler,Mbarara,95203618,15,6759,Cream,185
5491,Retailer,Mbale,64951246,19,720,Milk,83
5492,Wholesaler,Jinja,41732303,5,5463,Powder Milk,67
5493,Wholesaler,Mbarara,57550752,4,6051,Powder Milk,113
5494,Wholesaler,Kampala,23146350,17,2334,Flavored Milk,25
5495,Wholesaler,Mbale,8891390,10,5490,Milk,162
5496,Wholesaler,Gulu,22588363,12,8341,Butter,38
5497,Wholesaler,Mbale,86457766,5,2837,Milk,17
5498,Retailer,Mbarara,61635306,7,7907,Milk,109
5499,Retailer,Kampala,53401308,12,457,Milk,132
5500,Retailer,Mbarara,33388400,2,1027,Flavored Milk,192
5501,Wholesaler,Gulu,40082114,17,5603,Powder Milk,61
5502,Wholesaler,Gulu,95435012,13,8384,Powder Milk,100
5503,Retailer,Kampala,15106171,5,7502,Yogurt,86
5504,Wholesaler,Jinja,22007937,5,8961,Milk,163
5505,Wholesaler,Mbale,22035545,12,9701,Cream,115
5506,Wholesaler,Mbale,9550470,12,8659,Cheese,34
5507,Wholesaler,Gulu,53708347,7,9346,Cream,101
5508,Wholesaler,Mbarara,80604420,6,594,Butter,82
5509,Retailer,Mbarara,70728558,10,7203,Cheese,130
5510,Retailer,Jinja,38418335,19,7010,Cream,35
5511,Retailer,Mbarara,38061801,16,7594,Yogurt,99
5512,Retailer,Mbale,80442709,2,6352,Butter,184
5513,Retailer,Mbarara,21500752,4,5955,Yogurt,95
5514,Wholesaler,Jinja,76392467,9,9014,Cream,138
5515,Wholesaler,Mbale,28962858,5,9935,Butter,149
5516,Wholesaler,Mbarara,99269831,1,9310,Powder Milk,161
5517,Wholesaler,Mbale,31975214,11,4273,Powder Milk,39
5518,Retailer,Gulu,59870369,19,1623,Cheese,23
5519,Retailer,Gulu,83623024,3,5022,Cheese,160
5520,Retailer,Gulu,19208564,1,3843,Cream,139
5521,Wholesaler,Mbarara,85913947,4,7569,Flavored Milk,140
5522,Retailer,Jinja,64405900,9,2703,Cream,15
5523,Wholesaler,Mbale,23438044,16,590,Cream,158
5524,Retailer,Kampala,8474119,7,2261,Cream,29
5525,Retailer,Gulu,54769902,5,9800,Yogurt,158
5526,Wholesaler,Gulu,13923820,13,8372,Cheese,49
5527,Wholesaler,Kampala,56884817,11,5593,Butter,162
5528,Retailer,Kampala,45386097,14,3870,Milk,124
5529,Retailer,Mbarara,61479920,17,2281,Cream,133
5530,Wholesaler,Mbale,8774764,12,9067,Milk,80
5531,Retailer,Gulu,87684348,19,2768,Milk,42
5532,Retailer,Jinja,15157794,5,7740,Flavored Milk,60
5533,Wholesaler,Mbarara,80435356,8,1072,Cream,99
5534,Retailer,Mbarara,40167223,2,5404,Cheese,99
5535,Wholesaler,Jinja,33775110,17,4276,Yogurt,126
5536,Retailer,Jinja,41543164,2,8938,Yogurt,88
5537,Wholesaler,Jinja,70566539,3,9279,Cream,29
5538,Retailer,Kampala,7370979,18,863,Cream,28
5539,Wholesaler,Gulu,40774615,15,3887,Flavored Milk,193
5540,Retailer,Kampala,22992538,5,8900,Butter,65
5541,Wholesaler,Gulu,39131423,17,1133,Powder Milk,10
5542,Retailer,Kampala,57225466,14,3024,Cream,176
5543,Retailer,Mbale,70359967,1,9425,Cheese,46
5544,Retailer,Gulu,45586591,14,5616,Cheese,27
5545,Retailer,Mbarara,81369881,9,6731,Butter,88
5546,Retailer,Gulu,88579978,5,2674,Butter,143
5547,Retailer,Gulu,42366637,4,5555,Cheese,110
5548,Retailer,Gulu,61364625,1,7599,Cheese,31
5549,Retailer,Mbale,57417151,3,2782,Milk,20
5550,Retailer,Kampala,86571174,11,2047,Cream,81
5551,Wholesaler,Mbarara,72970180,16,9490,Cream,18
5552,Wholesaler,Kampala,91571407,11,7725,Cream,150
5553,Retailer,Kampala,45549514,10,7827,Yogurt,140
5554,Wholesaler,Jinja,48309301,12,4393,Milk,144
5555,Retailer,Mbale,27900847,5,8253,Milk,55
5556,Retailer,Jinja,62679562,10,3657,Yogurt,67
5557,Wholesaler,Mbale,33382377,13,8978,Flavored Milk,37
5558,Retailer,Kampala,67666326,19,559,Powder Milk,40
5559,Retailer,Kampala,71887286,7,9510,Flavored Milk,61
5560,Wholesaler,Mbale,40486959,16,6144,Flavored Milk,146
5561,Wholesaler,Kampala,85823433,6,5795,Flavored Milk,100
5562,Retailer,Kampala,38715793,10,4866,Butter,17
5563,Wholesaler,Mbarara,84611115,10,3092,Milk,117
5564,Wholesaler,Jinja,8126919,11,4960,Butter,95
5565,Retailer,Jinja,51075898,10,6622,Cream,27
5566,Wholesaler,Jinja,49149529,14,1108,Butter,129
5567,Wholesaler,Gulu,79464258,15,4350,Yogurt,58
5568,Retailer,Mbarara,78881146,7,9131,Flavored Milk,20
5569,Wholesaler,Jinja,8111027,13,5553,Cheese,126
5570,Wholesaler,Jinja,57704727,11,3002,Flavored Milk,139
5571,Retailer,Mbarara,65992642,7,5746,Milk,166
5572,Retailer,Kampala,39999778,11,7660,Butter,192
5573,Retailer,Jinja,15481040,14,2794,Milk,62
5574,Wholesaler,Kampala,17510408,17,9750,Butter,163
5575,Retailer,Jinja,37485667,16,7687,Butter,188
5576,Retailer,Mbale,43215646,1,3083,Butter,101
5577,Wholesaler,Gulu,42684214,9,6084,Cheese,15
5578,Retailer,Jinja,50078113,9,9374,Cream,109
5579,Retailer,Mbale,5177367,10,1251,Flavored Milk,21
5580,Retailer,Mbarara,72794555,19,298,Butter,171
5581,Retailer,Mbale,35193529,15,8053,Yogurt,130
5582,Wholesaler,Mbarara,43578154,16,5326,Powder Milk,136
5583,Retailer,Jinja,47569345,11,8471,Powder Milk,46
5584,Retailer,Mbarara,7475476,17,2725,Butter,134
5585,Wholesaler,Mbale,70015834,19,9526,Flavored Milk,174
5586,Retailer,Gulu,65794532,13,2925,Flavored Milk,17
5587,Wholesaler,Kampala,50105606,6,8562,Cream,174
5588,Wholesaler,Kampala,22449877,15,7344,Cream,129
5589,Wholesaler,Gulu,24159619,16,77,Cheese,125
5590,Retailer,Kampala,29829965,4,559,Butter,183
5591,Wholesaler,Jinja,96969633,8,690,Yogurt,40
5592,Wholesaler,Jinja,49929302,7,3300,Cheese,148
5593,Wholesaler,Mbale,49750763,17,3797,Cheese,173
5594,Retailer,Mbale,46484777,16,2769,Butter,154
5595,Retailer,Mbarara,78941952,2,3953,Butter,25
5596,Retailer,Mbale,37487630,17,5055,Cheese,39
5597,Retailer,Jinja,13296287,4,9553,Cheese,48
5598,Retailer,Mbale,34755213,14,3386,Cheese,53
5599,Retailer,Kampala,75036712,8,9732,Milk,125
5600,Retailer,Mbarara,27628948,5,1468,Cheese,46
5601,Wholesaler,Mbarara,13297142,5,7649,Flavored Milk,163
5602,Wholesaler,Jinja,94273582,5,9700,Powder Milk,158
5603,Wholesaler,Mbale,19405881,5,3509,Yogurt,101
5604,Wholesaler,Kampala,93741446,3,4954,Yogurt,28
5605,Retailer,Mbale,16088611,6,7362,Powder Milk,109
5606,Wholesaler,Gulu,85064084,1,7392,Butter,148
5607,Wholesaler,Mbale,19909415,8,9579,Cream,156
5608,Wholesaler,Jinja,45689102,13,5298,Cheese,78
5609,Wholesaler,Mbale,15622864,6,3131,Yogurt,139
5610,Retailer,Mbarara,51139169,18,396,Yogurt,34
5611,Retailer,Kampala,32913451,18,166,Flavored Milk,124
5612,Retailer,Jinja,55801954,16,9662,Flavored Milk,99
5613,Wholesaler,Gulu,67639142,8,3132,Milk,39
5614,Retailer,Kampala,67712525,17,1681,Powder Milk,26
5615,Wholesaler,Kampala,76839926,8,2049,Milk,94
5616,Retailer,Mbarara,28334586,15,8109,Yogurt,155
5617,Retailer,Mbarara,65686365,10,7319,Butter,120
5618,Retailer,Mbarara,50774211,1,8182,Yogurt,101
5619,Retailer,Jinja,74477118,9,6148,Butter,85
5620,Retailer,Mbale,97650638,17,9048,Cream,49
5621,Wholesaler,Kampala,95972774,1,7053,Yogurt,143
5622,Retailer,Mbale,52480226,9,1741,Flavored Milk,97
5623,Wholesaler,Mbale,28929836,14,2754,Cheese,180
5624,Wholesaler,Mbarara,25088905,5,5590,Yogurt,154
5625,Wholesaler,Mbale,68466550,6,3485,Milk,179
5626,Wholesaler,Kampala,61368699,5,8452,Cream,156
5627,Wholesaler,Kampala,16821079,4,9932,Cream,120
5628,Retailer,Gulu,28367643,16,1827,Butter,64
5629,Retailer,Jinja,83195733,16,3197,Butter,101
5630,Retailer,Mbale,25134226,10,8107,Yogurt,166
5631,Retailer,Jinja,12161778,14,2549,Butter,122
5632,Wholesaler,Jinja,63161108,13,736,Milk,191
5633,Retailer,Jinja,93889855,4,5116,Flavored Milk,17
5634,Retailer,Jinja,66729861,14,9171,Cheese,17
5635,Wholesaler,Kampala,44572127,9,9556,Cheese,78
5636,Wholesaler,Mbale,31128257,3,2883,Butter,52
5637,Retailer,Gulu,44477818,10,2295,Yogurt,107
5638,Retailer,Jinja,42270267,15,1235,Butter,59
5639,Wholesaler,Gulu,62361096,19,2514,Cream,13
5640,Retailer,Kampala,17428557,2,8625,Milk,117
5641,Retailer,Kampala,29693554,2,1571,Powder Milk,45
5642,Retailer,Mbarara,32289226,9,1029,Yogurt,142
5643,Retailer,Jinja,80837007,4,4227,Flavored Milk,28
5644,Wholesaler,Mbarara,47244105,5,3660,Milk,179
5645,Wholesaler,Gulu,44654867,2,7521,Flavored Milk,119
5646,Wholesaler,Mbale,52965519,7,5750,Yogurt,152
5647,Retailer,Mbarara,22900155,19,7623,Flavored Milk,195
5648,Retailer,Kampala,76460025,6,2003,Milk,23
5649,Retailer,Jinja,34981816,16,5596,Milk,57
5650,Retailer,Gulu,5096847,14,9726,Butter,81
5651,Retailer,Kampala,62416397,12,933,Powder Milk,113
5652,Wholesaler,Mbale,37388763,6,4873,Yogurt,84
5653,Retailer,Jinja,84365393,13,173,Cheese,117
5654,Retailer,Mbale,71173337,15,575,Cream,119
5655,Wholesaler,Mbale,78924965,14,2136,Powder Milk,91
5656,Retailer,Jinja,5259718,8,6461,Cheese,72
5657,Wholesaler,Jinja,98175724,11,6149,Flavored Milk,64
5658,Wholesaler,Mbale,69272481,9,9618,Cheese,41
5659,Wholesaler,Gulu,39101958,12,4456,Cheese,173
5660,Wholesaler,Jinja,14793504,6,4185,Cream,118
5661,Wholesaler,Kampala,15929954,19,8076,Milk,94
5662,Retailer,Mbarara,48556787,3,4926,Milk,121
5663,Wholesaler,Gulu,78366641,1,8822,Milk,115
5664,Wholesaler,Jinja,9804070,15,2043,Cheese,66
5665,Retailer,Jinja,15727579,15,4575,Flavored Milk,53
5666,Retailer,Gulu,13130911,5,8698,Yogurt,171
5667,Wholesaler,Mbarara,24681323,11,9693,Cream,188
5668,Retailer,Mbale,25643127,1,253,Butter,101
5669,Retailer,Kampala,91950025,10,4263,Flavored Milk,147
5670,Wholesaler,Jinja,26221014,11,5973,Cream,121
5671,Wholesaler,Mbarara,73655539,7,6415,Cream,149
5672,Retailer,Kampala,55487438,17,5042,Milk,178
5673,Wholesaler,Gulu,6922870,12,6256,Flavored Milk,140
5674,Wholesaler,Jinja,33253482,4,7551,Yogurt,74
5675,Retailer,Mbale,65451327,12,7509,Powder Milk,110
5676,Wholesaler,Gulu,21251552,3,2242,Milk,49
5677,Wholesaler,Jinja,55835517,18,5099,Yogurt,111
5678,Wholesaler,Mbarara,30327158,12,2759,Powder Milk,39
5679,Wholesaler,Kampala,86130918,19,9424,Butter,114
5680,Wholesaler,Kampala,21242059,13,2878,Flavored Milk,52
5681,Retailer,Jinja,99592883,16,9200,Butter,190
5682,Retailer,Gulu,37540643,8,4124,Cream,100
5683,Wholesaler,Mbale,8905566,6,6000,Cheese,39
5684,Retailer,Mbarara,31385332,10,118,Flavored Milk,50
5685,Wholesaler,Jinja,41555553,10,1687,Cream,53
5686,Wholesaler,Mbarara,87290953,6,5713,Powder Milk,46
5687,Wholesaler,Kampala,17765642,8,8443,Cheese,126
5688,Wholesaler,Mbale,99469304,18,8507,Yogurt,143
5689,Wholesaler,Mbarara,87641229,17,6301,Cheese,92
5690,Retailer,Jinja,72537410,10,3175,Powder Milk,133
5691,Retailer,Mbale,17663224,2,7144,Powder Milk,174
5692,Wholesaler,Gulu,71775712,12,7555,Yogurt,10
5693,Retailer,Jinja,44348614,10,6383,Butter,19
5694,Wholesaler,Mbarara,99930691,9,288,Milk,35
5695,Retailer,Mbale,56264422,16,5096,Butter,154
5696,Wholesaler,Jinja,48940399,7,8067,Cream,73
5697,Retailer,Mbale,24235069,9,340,Cheese,164
5698,Wholesaler,Mbale,5396873,6,6514,Yogurt,77
5699,Wholesaler,Mbale,67479694,10,1858,Cheese,27
5700,Retailer,Mbarara,34730191,7,1004,Powder Milk,92
5701,Retailer,Jinja,85153765,18,7082,Cream,119
5702,Wholesaler,Kampala,91128503,11,1980,Cream,187
5703,Retailer,Kampala,70516515,1,7039,Milk,99
5704,Wholesaler,Mbarara,57342682,19,8525,Flavored Milk,29
5705,Retailer,Mbarara,23072021,5,9048,Flavored Milk,130
5706,Retailer,Mbale,8225045,6,7829,Flavored Milk,71
5707,Wholesaler,Jinja,75531856,7,5180,Cheese,84
5708,Retailer,Jinja,35596588,4,6635,Flavored Milk,196
5709,Retailer,Gulu,5614113,16,2726,Yogurt,34
5710,Wholesaler,Gulu,16278175,10,3621,Milk,133
5711,Retailer,Kampala,98582835,15,3809,Cream,92
5712,Wholesaler,Gulu,91312005,13,9860,Powder Milk,105
5713,Wholesaler,Gulu,39673333,8,5171,Butter,74
5714,Wholesaler,Kampala,69621408,13,9050,Powder Milk,76
5715,Wholesaler,Kampala,24708679,7,3836,Yogurt,67
5716,Wholesaler,Gulu,41328817,17,991,Milk,49
5717,Retailer,Jinja,48005948,4,8281,Butter,184
5718,Wholesaler,Gulu,89558004,7,1388,Flavored Milk,109
5719,Wholesaler,Mbale,96828195,16,4702,Butter,180
5720,Retailer,Mbale,78395204,2,1371,Cream,145
5721,Retailer,Mbale,27127812,14,1704,Cheese,112
5722,Retailer,Mbarara,58149641,14,3118,Cheese,71
5723,Wholesaler,Mbale,69933415,8,4788,Flavored Milk,171
5724,Wholesaler,Jinja,75079097,6,6643,Flavored Milk,17
5725,Wholesaler,Mbarara,36478923,7,8636,Yogurt,34
5726,Retailer,Mbarara,97233565,7,841,Yogurt,163
5727,Wholesaler,Mbale,91550043,2,6726,Powder Milk,191
5728,Retailer,Gulu,23838954,4,793,Cream,178
5729,Wholesaler,Kampala,19488140,13,6574,Cheese,89
5730,Retailer,Gulu,68381166,10,6624,Milk,81
5731,Wholesaler,Gulu,98376048,9,243,Yogurt,72
5732,Wholesaler,Mbarara,91857557,15,7944,Milk,84
5733,Wholesaler,Mbarara,93926517,12,4324,Powder Milk,16
5734,Retailer,Mbarara,54256721,10,3947,Cheese,107
5735,Retailer,Jinja,55218522,19,8459,Yogurt,94
5736,Wholesaler,Jinja,73825927,5,3632,Milk,78
5737,Wholesaler,Kampala,41809162,7,5133,Powder Milk,59
5738,Wholesaler,Mbarara,28753436,11,8179,Milk,180
5739,Retailer,Mbale,73901224,16,5393,Yogurt,131
5740,Wholesaler,Mbarara,46960441,13,7567,Flavored Milk,26
5741,Wholesaler,Jinja,27953028,4,7839,Powder Milk,158
5742,Wholesaler,Mbarara,48103662,16,3953,Powder Milk,15
5743,Wholesaler,Jinja,87813685,13,1835,Butter,118
5744,Retailer,Mbarara,39061343,1,8012,Flavored Milk,84
5745,Retailer,Mbale,51487506,4,9424,Powder Milk,91
5746,Wholesaler,Kampala,40514208,15,573,Butter,47
5747,Wholesaler,Mbale,39095285,16,3346,Milk,72
5748,Retailer,Jinja,9725421,4,7006,Yogurt,137
5749,Retailer,Gulu,20804663,17,4529,Powder Milk,149
5750,Wholesaler,Mbale,56808875,11,7761,Cheese,159
5751,Retailer,Mbarara,49037416,5,5735,Yogurt,12
5752,Retailer,Kampala,24900167,13,6697,Flavored Milk,156
5753,Wholesaler,Mbarara,74981485,12,8610,Butter,180
5754,Retailer,Mbarara,62095519,3,7844,Yogurt,96
5755,Retailer,Mbale,99629345,4,5640,Butter,130
5756,Wholesaler,Kampala,22615164,10,4433,Flavored Milk,142
5757,Wholesaler,Gulu,7767584,9,448,Flavored Milk,38
5758,Retailer,Mbarara,96639017,10,2201,Yogurt,107
5759,Wholesaler,Kampala,9343975,13,5480,Powder Milk,117
5760,Retailer,Gulu,69045181,1,3930,Cheese,142
5761,Wholesaler,Mbarara,21943676,12,176,Powder Milk,182
5762,Retailer,Kampala,28449719,11,2137,Cream,191
5763,Wholesaler,Mbale,79785776,8,1820,Cheese,161
5764,Retailer,Mbarara,89618872,14,7075,Butter,112
5765,Retailer,Mbarara,12166511,14,8488,Yogurt,158
5766,Retailer,Kampala,83077129,17,5975,Milk,41
5767,Wholesaler,Mbarara,50384376,19,3368,Flavored Milk,142
5768,Wholesaler,Gulu,71020843,17,2131,Powder Milk,199
5769,Retailer,Mbarara,68742986,6,2107,Butter,155
5770,Retailer,Jinja,92244476,14,5337,Flavored Milk,44
5771,Wholesaler,Gulu,85979455,18,5953,Butter,111
5772,Wholesaler,Kampala,22948981,17,5385,Yogurt,89
5773,Wholesaler,Gulu,32354099,6,3039,Butter,108
5774,Wholesaler,Jinja,6817324,5,7625,Butter,97
5775,Wholesaler,Jinja,49004385,13,5771,Cream,142
5776,Wholesaler,Mbarara,21540666,16,7128,Milk,18
5777,Retailer,Mbarara,63576518,9,389,Butter,141
5778,Wholesaler,Mbale,98010400,12,2778,Cheese,42
5779,Retailer,Gulu,48620925,10,1641,Butter,100
5780,Wholesaler,Mbale,44015224,13,7893,Butter,159
5781,Wholesaler,Jinja,38277948,19,5833,Yogurt,196
5782,Retailer,Mbarara,39145372,16,3211,Butter,20
5783,Retailer,Mbarara,81903027,17,9550,Cream,78
5784,Wholesaler,Mbarara,43633291,16,8225,Milk,147
5785,Retailer,Kampala,83922884,14,4679,Yogurt,140
5786,Retailer,Jinja,42600075,16,6951,Cream,152
5787,Retailer,Mbarara,41612514,15,2347,Flavored Milk,132
5788,Retailer,Jinja,93217043,12,5500,Cheese,119
5789,Wholesaler,Mbarara,47679739,5,7340,Cheese,174
5790,Retailer,Gulu,91818703,11,4994,Flavored Milk,177
5791,Wholesaler,Jinja,19034973,5,9751,Butter,26
5792,Wholesaler,Mbale,81552136,11,5368,Milk,157
5793,Wholesaler,Kampala,36820073,2,3857,Milk,141
5794,Wholesaler,Mbale,44887932,19,62,Milk,171
5795,Retailer,Jinja,58618991,17,4084,Milk,104
5796,Retailer,Mbarara,31217405,19,5580,Cream,171
5797,Wholesaler,Jinja,92331155,12,9822,Butter,76
5798,Wholesaler,Kampala,54392063,5,3483,Flavored Milk,37
5799,Wholesaler,Jinja,61655800,12,4683,Cream,114
5800,Wholesaler,Mbarara,79135363,16,2101,Cream,125
5801,Retailer,Mbale,32833645,1,3926,Flavored Milk,173
5802,Wholesaler,Gulu,44557604,2,5958,Cheese,172
5803,Retailer,Mbale,61989304,10,6180,Flavored Milk,178
5804,Wholesaler,Mbarara,85168484,2,6477,Milk,68
5805,Wholesaler,Mbarara,81921490,10,1873,Butter,83
5806,Wholesaler,Kampala,42132114,18,3480,Cream,154
5807,Wholesaler,Jinja,88009296,1,2790,Yogurt,39
5808,Retailer,Jinja,7453969,5,1838,Yogurt,191
5809,Retailer,Mbale,81011985,12,2002,Milk,61
5810,Retailer,Gulu,90745528,17,9193,Powder Milk,160
5811,Wholesaler,Gulu,30791527,19,3470,Cheese,28
5812,Wholesaler,Kampala,91353224,18,3077,Cream,46
5813,Retailer,Mbarara,59023452,13,3151,Yogurt,196
5814,Retailer,Kampala,97344873,3,5923,Powder Milk,116
5815,Wholesaler,Jinja,31939164,10,3638,Milk,45
5816,Wholesaler,Mbarara,24582017,14,3895,Cream,77
5817,Retailer,Kampala,60967355,8,5787,Cream,163
5818,Wholesaler,Mbale,86403536,10,9389,Cream,113
5819,Wholesaler,Jinja,36840248,2,1467,Butter,130
5820,Retailer,Gulu,30173623,13,3959,Yogurt,164
5821,Wholesaler,Kampala,56116140,5,4795,Milk,199
5822,Retailer,Jinja,38115550,11,2822,Yogurt,199
5823,Wholesaler,Jinja,24705947,1,5225,Butter,189
5824,Retailer,Gulu,42700586,10,6325,Flavored Milk,53
5825,Wholesaler,Gulu,19414191,13,2299,Flavored Milk,42
5826,Retailer,Gulu,66465395,4,3908,Butter,119
5827,Retailer,Kampala,97021158,10,1675,Butter,99
5828,Retailer,Gulu,18132347,12,2799,Flavored Milk,72
5829,Retailer,Mbale,83981981,14,2655,Butter,81
5830,Wholesaler,Jinja,38398498,3,1897,Cream,89
5831,Wholesaler,Gulu,37478447,2,7257,Butter,43
5832,Retailer,Jinja,32283890,19,8820,Butter,120
5833,Wholesaler,Mbarara,20530195,11,1186,Flavored Milk,36
5834,Wholesaler,Mbarara,55603407,7,3183,Flavored Milk,173
5835,Wholesaler,Gulu,74556749,18,1207,Powder Milk,141
5836,Wholesaler,Jinja,45077017,14,7502,Yogurt,115
5837,Wholesaler,Mbarara,31555561,7,9891,Flavored Milk,62
5838,Retailer,Gulu,29426290,7,7325,Yogurt,46
5839,Retailer,Jinja,93976234,9,5463,Cream,109
5840,Retailer,Gulu,77669393,12,4422,Cream,88
5841,Retailer,Jinja,13913042,6,5661,Flavored Milk,187
5842,Wholesaler,Mbarara,9178236,7,1636,Cheese,122
5843,Wholesaler,Gulu,95062441,4,2373,Yogurt,79
5844,Retailer,Mbarara,8580509,16,283,Butter,163
5845,Wholesaler,Gulu,45608318,7,9507,Cheese,99
5846,Wholesaler,Kampala,58587198,8,7966,Powder Milk,129
5847,Retailer,Mbarara,12572830,8,81,Flavored Milk,34
5848,Wholesaler,Mbarara,15674487,3,9613,Flavored Milk,170
5849,Retailer,Mbale,8566375,9,9001,Powder Milk,174
5850,Retailer,Mbarara,22424028,19,3253,Cheese,175
5851,Wholesaler,Jinja,63284165,13,5944,Milk,36
5852,Wholesaler,Gulu,87291840,7,1844,Cream,22
5853,Retailer,Kampala,54742259,15,811,Butter,160
5854,Retailer,Jinja,72079447,19,4130,Yogurt,96
5855,Wholesaler,Jinja,37305509,2,331,Cheese,108
5856,Retailer,Jinja,53802721,12,4121,Yogurt,97
5857,Retailer,Jinja,80352946,8,4675,Flavored Milk,192
5858,Retailer,Kampala,46369734,8,6028,Milk,174
5859,Wholesaler,Mbale,56867466,13,9057,Powder Milk,149
5860,Retailer,Mbarara,83336522,1,4609,Milk,63
5861,Wholesaler,Jinja,21491299,10,1520,Yogurt,29
5862,Retailer,Mbarara,9516499,9,3337,Powder Milk,155
5863,Wholesaler,Mbarara,42040207,2,4309,Cream,16
5864,Retailer,Jinja,91584510,19,5756,Flavored Milk,99
5865,Wholesaler,Mbale,53047556,14,560,Powder Milk,103
5866,Wholesaler,Mbarara,23156887,10,8011,Cream,139
5867,Wholesaler,Gulu,90094767,10,8796,Powder Milk,63
5868,Retailer,Mbarara,88739630,8,6834,Milk,17
5869,Retailer,Jinja,12331556,14,9548,Butter,170
5870,Retailer,Kampala,67809056,13,5543,Flavored Milk,183
5871,Wholesaler,Mbarara,46980499,6,308,Cheese,179
5872,Retailer,Mbale,8284469,13,6638,Cheese,128
5873,Wholesaler,Gulu,89106901,3,9466,Cheese,137
5874,Retailer,Gulu,53973672,13,1715,Butter,72
5875,Wholesaler,Kampala,55416633,19,9645,Flavored Milk,126
5876,Wholesaler,Kampala,91674108,16,1915,Powder Milk,118
5877,Wholesaler,Mbarara,86458196,4,815,Yogurt,97
5878,Retailer,Jinja,14656868,3,8306,Yogurt,170
5879,Retailer,Mbale,80233525,15,3499,Flavored Milk,78
5880,Retailer,Gulu,57951322,15,2755,Butter,133
5881,Wholesaler,Kampala,5199269,18,5815,Flavored Milk,13
5882,Wholesaler,Mbale,95426274,7,5024,Yogurt,115
5883,Retailer,Jinja,84584037,5,245,Flavored Milk,116
5884,Retailer,Gulu,16622631,8,1433,Cheese,195
5885,Retailer,Gulu,16983163,10,2485,Cream,166
5886,Wholesaler,Jinja,53544581,1,1500,Powder Milk,30
5887,Wholesaler,Gulu,28702863,11,8464,Flavored Milk,163
5888,Wholesaler,Jinja,91808539,3,7974,Powder Milk,95
5889,Wholesaler,Gulu,63587087,3,7108,Milk,50
5890,Wholesaler,Mbarara,50756826,15,7366,Flavored Milk,87
5891,Retailer,Jinja,65913908,17,5678,Yogurt,171
5892,Wholesaler,Mbale,71222768,18,491,Cream,181
5893,Wholesaler,Mbarara,26574653,8,9679,Yogurt,138
5894,Wholesaler,Mbale,70682205,13,2417,Cream,169
5895,Wholesaler,Gulu,29762389,10,4915,Powder Milk,169
5896,Wholesaler,Mbale,41904978,3,9124,Yogurt,60
5897,Retailer,Mbarara,83286110,14,7209,Cheese,127
5898,Wholesaler,Jinja,20782546,13,500,Yogurt,33
5899,Wholesaler,Kampala,79984321,3,7089,Milk,181
5900,Wholesaler,Mbale,27311590,13,5248,Flavored Milk,85
5901,Retailer,Kampala,97404807,9,8984,Butter,93
5902,Retailer,Mbale,43699372,16,7336,Yogurt,46
5903,Retailer,Mbale,86799093,8,9786,Flavored Milk,93
5904,Wholesaler,Jinja,39734874,12,3400,Cheese,75
5905,Retailer,Gulu,96632974,12,2879,Flavored Milk,23
5906,Wholesaler,Mbarara,48735691,19,2663,Yogurt,154
5907,Wholesaler,Mbarara,45769262,17,1965,Yogurt,97
5908,Retailer,Mbarara,61611014,15,7262,Powder Milk,24
5909,Wholesaler,Gulu,35701584,18,9490,Cream,70
5910,Wholesaler,Kampala,79682585,7,577,Yogurt,186
5911,Wholesaler,Mbarara,93924900,13,4869,Milk,107
5912,Retailer,Kampala,43813523,19,7929,Flavored Milk,126
5913,Wholesaler,Gulu,40738249,16,8482,Powder Milk,145
5914,Wholesaler,Gulu,43412957,11,8606,Cream,12
5915,Retailer,Jinja,14848221,5,1258,Butter,84
5916,Wholesaler,Mbarara,14595209,2,4170,Milk,164
5917,Wholesaler,Jinja,74596030,1,6526,Butter,146
5918,Retailer,Mbarara,53009153,16,3011,Yogurt,24
5919,Wholesaler,Gulu,36475557,5,4826,Butter,41
5920,Wholesaler,Gulu,18589855,7,2467,Butter,20
5921,Wholesaler,Mbale,60043234,9,1666,Milk,140
5922,Wholesaler,Mbale,90804850,4,9277,Milk,35
5923,Wholesaler,Gulu,94473350,19,8961,Flavored Milk,16
5924,Retailer,Gulu,67519622,15,4732,Butter,101
5925,Retailer,Kampala,95991770,7,9215,Milk,192
5926,Retailer,Kampala,89363616,18,6875,Flavored Milk,48
5927,Retailer,Jinja,23026678,5,1896,Butter,13
5928,Wholesaler,Mbale,72555782,13,1421,Cream,39
5929,Wholesaler,Mbale,7356869,3,1516,Butter,175
5930,Wholesaler,Gulu,22440076,6,8932,Powder Milk,60
5931,Wholesaler,Gulu,45898479,12,137,Yogurt,45
5932,Wholesaler,Jinja,9674892,18,2562,Cream,104
5933,Retailer,Mbale,87825426,18,8735,Milk,122
5934,Retailer,Kampala,10218354,4,1295,Cheese,126
5935,Wholesaler,Mbarara,5320956,14,6166,Cream,69
5936,Wholesaler,Jinja,52718034,14,9383,Powder Milk,60
5937,Wholesaler,Mbarara,55340849,1,4281,Milk,186
5938,Retailer,Kampala,90842559,11,1027,Powder Milk,24
5939,Wholesaler,Kampala,51157285,9,8783,Yogurt,100
5940,Wholesaler,Mbarara,33130049,18,6772,Powder Milk,133
5941,Wholesaler,Jinja,45952882,5,9644,Powder Milk,93
5942,Retailer,Mbarara,78072793,10,9052,Flavored Milk,165
5943,Wholesaler,Jinja,16604758,15,4557,Cream,162
5944,Retailer,Jinja,10397902,10,3542,Milk,173
5945,Retailer,Gulu,20325317,16,4975,Cream,13
5946,Retailer,Mbale,17624519,4,1183,Butter,30
5947,Retailer,Mbale,44221816,4,4915,Cheese,100
5948,Retailer,Kampala,82939633,8,7819,Flavored Milk,78
5949,Retailer,Gulu,8666608,6,8810,Cream,147
5950,Wholesaler,Mbale,82084786,11,3050,Milk,59
5951,Wholesaler,Jinja,46686514,13,9563,Flavored Milk,19
5952,Wholesaler,Jinja,29895487,19,7716,Cream,99
5953,Retailer,Mbarara,8835351,11,6754,Butter,153
5954,Wholesaler,Mbarara,34427711,2,7415,Powder Milk,175
5955,Retailer,Jinja,97011760,3,6682,Cheese,76
5956,Retailer,Jinja,42515386,15,1817,Cream,29
5957,Retailer,Mbarara,55082595,13,2124,Cream,120
5958,Wholesaler,Mbale,89872006,10,1191,Butter,78
5959,Retailer,Kampala,67346308,5,1127,Cheese,34
5960,Retailer,Mbarara,45586629,11,4649,Flavored Milk,98
5961,Wholesaler,Mbale,16934285,14,6170,Powder Milk,63
5962,Wholesaler,Mbale,12702137,15,8393,Powder Milk,21
5963,Retailer,Mbale,22988865,13,4882,Milk,74
5964,Retailer,Gulu,51045400,3,8720,Cheese,191
5965,Wholesaler,Gulu,44764446,9,1735,Butter,76
5966,Wholesaler,Mbale,52326321,8,3541,Cheese,158
5967,Wholesaler,Jinja,22616753,15,1421,Cream,142
5968,Retailer,Gulu,98124556,1,5509,Flavored Milk,195
5969,Wholesaler,Mbarara,27410619,2,3473,Powder Milk,88
5970,Wholesaler,Gulu,33442257,9,9938,Flavored Milk,141
5971,Wholesaler,Jinja,57683728,17,4026,Flavored Milk,28
5972,Retailer,Kampala,73903148,9,1448,Cream,90
5973,Wholesaler,Gulu,32879899,1,5411,Milk,64
5974,Wholesaler,Mbale,29711115,8,1451,Flavored Milk,70
5975,Wholesaler,Mbale,24150754,5,9950,Milk,110
5976,Wholesaler,Mbale,91082133,11,1462,Cream,161
5977,Wholesaler,Kampala,15086528,6,6480,Cream,156
5978,Retailer,Jinja,67286333,17,3280,Yogurt,33
5979,Retailer,Mbarara,18662464,18,7571,Cheese,63
5980,Retailer,Jinja,98494403,18,5899,Powder Milk,158
5981,Wholesaler,Kampala,58488607,5,6106,Powder Milk,90
5982,Retailer,Mbale,90918265,5,4772,Butter,28
5983,Retailer,Jinja,8391628,19,8159,Powder Milk,190
5984,Retailer,Mbarara,15511021,13,1314,Milk,187
5985,Wholesaler,Mbale,86027758,7,2309,Powder Milk,160
5986,Wholesaler,Mbarara,54679568,14,412,Milk,46
5987,Retailer,Gulu,76465982,8,6326,Powder Milk,37
5988,Retailer,Mbarara,81549638,3,9774,Butter,89
5989,Wholesaler,Mbale,11670326,4,6470,Cheese,80
5990,Wholesaler,Gulu,35590002,10,5434,Flavored Milk,158
5991,Retailer,Mbale,89497910,4,6798,Cheese,30
5992,Wholesaler,Mbale,34373698,18,9625,Milk,178
5993,Retailer,Gulu,13620209,12,7881,Cream,44
5994,Wholesaler,Mbarara,37207769,15,716,Flavored Milk,119
5995,Retailer,Kampala,83601571,13,2862,Yogurt,10
5996,Retailer,Kampala,32010365,12,2525,Butter,101
5997,Wholesaler,Kampala,92008921,8,7023,Cheese,100
5998,Retailer,Kampala,91371266,9,3150,Flavored Milk,79
5999,Retailer,Jinja,52137131,9,3451,Butter,141
6000,Retailer,Kampala,59932534,17,5065,Cheese,10
6001,Wholesaler,Gulu,98578283,1,2601,Milk,158
6002,Wholesaler,Kampala,31028624,6,2201,Milk,108
6003,Wholesaler,Mbale,35305957,7,6687,Cream,101
6004,Retailer,Kampala,77910830,9,437,Milk,91
6005,Wholesaler,Mbarara,16295041,10,5914,Yogurt,125
6006,Retailer,Gulu,65480135,4,3211,Powder Milk,134
6007,Retailer,Gulu,17457997,16,2430,Milk,61
6008,Wholesaler,Jinja,54182178,12,8618,Milk,108
6009,Wholesaler,Mbale,68652457,9,4385,Powder Milk,62
6010,Retailer,Gulu,29932710,3,1330,Milk,94
6011,Retailer,Mbarara,56631421,9,793,Flavored Milk,89
6012,Wholesaler,Kampala,77477770,17,7406,Cream,65
6013,Wholesaler,Gulu,46076670,14,3536,Butter,112
6014,Wholesaler,Mbarara,92557215,5,8073,Yogurt,96
6015,Retailer,Kampala,82257471,1,1118,Cheese,42
6016,Retailer,Jinja,47539404,1,9250,Powder Milk,32
6017,Retailer,Gulu,47774634,3,7021,Cream,15
6018,Retailer,Gulu,71354192,9,7576,Cream,94
6019,Retailer,Mbarara,53153102,6,8584,Powder Milk,184
6020,Wholesaler,Mbale,94218034,9,680,Powder Milk,195
6021,Wholesaler,Jinja,74063439,4,347,Yogurt,14
6022,Retailer,Mbale,35899698,19,8198,Butter,86
6023,Retailer,Gulu,57869644,5,8939,Cream,92
6024,Wholesaler,Mbale,32434787,5,5366,Milk,18
6025,Wholesaler,Kampala,73405873,14,1555,Powder Milk,12
6026,Wholesaler,Jinja,75639184,10,2875,Milk,198
6027,Wholesaler,Mbale,17314973,16,8620,Cheese,55
6028,Retailer,Kampala,23411148,6,8947,Powder Milk,193
6029,Wholesaler,Mbarara,5095672,14,2464,Cream,48
6030,Retailer,Mbale,86810413,18,5706,Yogurt,22
6031,Wholesaler,Jinja,33535325,9,9012,Yogurt,50
6032,Wholesaler,Kampala,29956681,7,9336,Cream,148
6033,Wholesaler,Mbale,96883106,18,5197,Cream,50
6034,Retailer,Mbarara,57997057,10,4494,Cheese,84
6035,Retailer,Mbale,24398749,2,7597,Yogurt,184
6036,Wholesaler,Kampala,46971410,13,9473,Yogurt,186
6037,Retailer,Mbale,52729958,6,1496,Yogurt,44
6038,Retailer,Jinja,36705986,9,2452,Powder Milk,172
6039,Wholesaler,Gulu,49843096,8,5692,Cheese,76
6040,Wholesaler,Kampala,65836342,10,1876,Powder Milk,141
6041,Retailer,Kampala,62366521,16,7968,Cheese,33
6042,Retailer,Kampala,8446997,15,3897,Butter,103
6043,Retailer,Kampala,17518821,13,1142,Yogurt,105
6044,Wholesaler,Mbale,92511565,18,4727,Butter,122
6045,Wholesaler,Jinja,34551285,6,1770,Flavored Milk,93
6046,Retailer,Mbarara,18458049,9,932,Flavored Milk,173
6047,Wholesaler,Jinja,65087519,18,173,Yogurt,65
6048,Wholesaler,Kampala,9866602,7,3540,Milk,13
6049,Retailer,Mbale,50428404,5,5847,Cream,177
6050,Retailer,Mbale,7792199,11,652,Flavored Milk,180
6051,Wholesaler,Kampala,33251609,13,3881,Milk,67
6052,Wholesaler,Mbale,37030922,3,5510,Butter,71
6053,Retailer,Kampala,9955121,1,8546,Yogurt,144
6054,Wholesaler,Jinja,62315774,4,6996,Cream,146
6055,Wholesaler,Gulu,49613440,19,3278,Butter,31
6056,Retailer,Mbale,65390275,18,9493,Powder Milk,13
6057,Retailer,Kampala,11960219,6,9178,Butter,137
6058,Wholesaler,Kampala,55552650,10,6558,Cheese,173
6059,Wholesaler,Mbale,7255025,7,2363,Yogurt,44
6060,Wholesaler,Mbarara,95075694,12,3339,Cheese,42
6061,Retailer,Kampala,61433666,8,7046,Butter,144
6062,Wholesaler,Mbale,52663078,13,4894,Milk,114
6063,Wholesaler,Kampala,14920614,18,2248,Yogurt,192
6064,Retailer,Mbarara,91275344,14,8927,Yogurt,130
6065,Retailer,Gulu,33823667,11,4285,Flavored Milk,184
6066,Wholesaler,Mbarara,93331098,10,8296,Milk,199
6067,Retailer,Jinja,82254647,6,3262,Powder Milk,73
6068,Retailer,Mbale,43698895,13,4219,Milk,130
6069,Wholesaler,Mbarara,59130946,10,3256,Butter,180
6070,Retailer,Gulu,85358185,12,691,Butter,27
6071,Retailer,Kampala,81143614,1,4889,Butter,12
6072,Wholesaler,Mbale,15419501,18,6219,Flavored Milk,68
6073,Retailer,Mbarara,81943919,13,7705,Milk,125
6074,Wholesaler,Gulu,72586074,4,111,Cheese,199
6075,Wholesaler,Mbarara,17280105,6,1273,Milk,48
6076,Retailer,Jinja,24988840,18,542,Cheese,73
6077,Retailer,Mbale,76504375,5,6872,Yogurt,90
6078,Retailer,Kampala,74642168,18,6661,Cheese,69
6079,Wholesaler,Gulu,76932491,5,1189,Cream,114
6080,Retailer,Mbarara,76796765,7,5540,Yogurt,179
6081,Wholesaler,Mbale,57704694,9,6844,Powder Milk,118
6082,Retailer,Mbarara,46708883,3,1305,Powder Milk,14
6083,Retailer,Mbale,55055293,12,2545,Cream,55
6084,Retailer,Jinja,82435475,14,3335,Butter,141
6085,Wholesaler,Mbarara,13152629,8,2305,Cream,23
6086,Retailer,Jinja,62675194,12,9243,Milk,20
6087,Retailer,Gulu,83482279,7,1175,Butter,197
6088,Wholesaler,Jinja,73123869,9,3931,Milk,31
6089,Wholesaler,Mbale,78459527,12,4155,Cheese,115
6090,Retailer,Gulu,44862273,4,1196,Milk,14
6091,Retailer,Mbarara,97424077,5,836,Cheese,190
6092,Retailer,Mbarara,94153841,9,308,Milk,149
6093,Wholesaler,Mbale,40115535,7,3899,Cream,158
6094,Wholesaler,Kampala,58898547,14,6480,Cream,88
6095,Wholesaler,Kampala,71249374,17,6224,Cream,33
6096,Wholesaler,Mbarara,69475108,1,4666,Cream,22
6097,Retailer,Mbale,5253267,15,8230,Yogurt,105
6098,Wholesaler,Kampala,28789462,15,765,Cheese,35
6099,Wholesaler,Jinja,26829983,1,1693,Cream,49
6100,Wholesaler,Mbarara,16901737,15,173,Butter,35
6101,Retailer,Jinja,38552592,2,1823,Butter,182
6102,Retailer,Mbale,18980605,4,9163,Butter,39
6103,Wholesaler,Jinja,18691084,17,2227,Butter,73
6104,Wholesaler,Kampala,41196300,16,6939,Yogurt,120
6105,Retailer,Kampala,74268176,18,1553,Yogurt,82
6106,Retailer,Gulu,34703001,16,5711,Flavored Milk,97
6107,Retailer,Mbarara,17999131,8,7144,Flavored Milk,133
6108,Retailer,Mbale,77694057,6,2174,Cream,175
6109,Retailer,Mbarara,65650028,2,3304,Flavored Milk,155
6110,Retailer,Jinja,92844970,19,2463,Powder Milk,146
6111,Retailer,Mbale,61475042,13,4437,Cream,193
6112,Retailer,Mbale,80570453,6,6139,Flavored Milk,137
6113,Wholesaler,Kampala,67632063,6,5883,Milk,47
6114,Wholesaler,Jinja,42697481,13,206,Powder Milk,158
6115,Wholesaler,Kampala,9921802,1,9365,Cheese,80
6116,Wholesaler,Kampala,68242277,9,5053,Butter,149
6117,Wholesaler,Gulu,9957792,12,5803,Milk,45
6118,Wholesaler,Kampala,91143173,12,967,Powder Milk,131
6119,Retailer,Mbarara,97507839,4,6303,Cream,20
6120,Retailer,Mbale,12301126,19,1752,Yogurt,137
6121,Wholesaler,Kampala,13867829,16,1715,Butter,36
6122,Wholesaler,Mbarara,30453062,12,5439,Cheese,83
6123,Retailer,Jinja,36090881,1,7213,Cheese,90
6124,Retailer,Mbale,45380731,4,5857,Cream,116
6125,Retailer,Jinja,26042176,9,2161,Cream,74
6126,Wholesaler,Mbarara,33177469,7,3764,Yogurt,171
6127,Retailer,Jinja,57377942,10,7033,Butter,136
6128,Wholesaler,Jinja,68312491,13,5160,Flavored Milk,43
6129,Wholesaler,Jinja,98716102,8,2447,Butter,73
6130,Retailer,Kampala,52287093,10,5504,Butter,26
6131,Retailer,Kampala,91085212,10,1605,Cheese,188
6132,Wholesaler,Kampala,48486857,8,4552,Yogurt,114
6133,Retailer,Mbale,67779068,15,393,Butter,193
6134,Retailer,Mbarara,20242810,1,1594,Milk,98
6135,Wholesaler,Kampala,89508906,15,4046,Milk,117
6136,Retailer,Jinja,92667297,17,6898,Cream,185
6137,Wholesaler,Jinja,22817607,13,8280,Yogurt,199
6138,Wholesaler,Jinja,36081782,12,4432,Flavored Milk,193
6139,Retailer,Jinja,85191621,3,8096,Powder Milk,148
6140,Wholesaler,Gulu,40334528,19,5036,Butter,157
6141,Wholesaler,Mbale,89336695,5,3473,Powder Milk,77
6142,Retailer,Mbarara,61972256,3,9270,Butter,171
6143,Retailer,Mbarara,26124455,5,285,Cheese,51
6144,Retailer,Kampala,41640714,9,8043,Butter,178
6145,Wholesaler,Gulu,89683889,6,9210,Powder Milk,199
6146,Wholesaler,Mbarara,66339785,16,5274,Flavored Milk,154
6147,Retailer,Mbale,17250219,10,1280,Butter,21
6148,Wholesaler,Jinja,75903283,16,288,Butter,77
6149,Retailer,Kampala,25068886,3,4974,Cream,50
6150,Retailer,Mbale,64039887,18,101,Cheese,151
6151,Wholesaler,Mbarara,61451691,11,9622,Milk,13
6152,Retailer,Gulu,65417886,19,1106,Milk,135
6153,Wholesaler,Kampala,94494533,15,8263,Cream,86
6154,Wholesaler,Mbarara,36398334,11,8548,Flavored Milk,83
6155,Retailer,Kampala,97710884,10,7659,Yogurt,151
6156,Wholesaler,Mbarara,62910656,9,2659,Yogurt,18
6157,Retailer,Jinja,58087081,3,3650,Cheese,180
6158,Wholesaler,Gulu,80366232,9,2015,Powder Milk,157
6159,Wholesaler,Jinja,65101246,18,6582,Powder Milk,10
6160,Wholesaler,Mbarara,10590317,12,3628,Butter,117
6161,Retailer,Mbale,63488440,16,5611,Cheese,102
6162,Wholesaler,Jinja,30451106,4,2593,Powder Milk,81
6163,Retailer,Mbale,34572773,1,554,Milk,26
6164,Wholesaler,Mbarara,52678276,13,8378,Cream,98
6165,Wholesaler,Gulu,33770032,8,5134,Flavored Milk,29
6166,Retailer,Mbale,34356811,6,9544,Yogurt,68
6167,Retailer,Mbarara,16281220,8,4064,Cream,150
6168,Retailer,Mbale,17298749,19,6357,Butter,130
6169,Retailer,Jinja,14743147,12,3664,Cream,86
6170,Retailer,Mbarara,6399347,1,5192,Yogurt,184
6171,Wholesaler,Jinja,47201352,4,6121,Milk,59
6172,Wholesaler,Kampala,28280866,13,4856,Butter,103
6173,Retailer,Mbarara,43540480,17,556,Milk,177
6174,Wholesaler,Mbale,94755374,19,9775,Yogurt,144
6175,Wholesaler,Kampala,77275977,19,4053,Yogurt,64
6176,Wholesaler,Jinja,13273635,5,8949,Milk,60
6177,Retailer,Jinja,45630201,11,9865,Butter,85
6178,Wholesaler,Mbale,59887475,7,7661,Milk,139
6179,Wholesaler,Kampala,82294160,3,1757,Butter,23
6180,Wholesaler,Gulu,7714636,11,8543,Cheese,115
6181,Retailer,Mbale,83069759,17,2494,Cheese,154
6182,Wholesaler,Jinja,32796869,11,8559,Butter,86
6183,Wholesaler,Mbarara,31317156,15,5956,Milk,138
6184,Retailer,Kampala,43913663,19,3005,Cream,128
6185,Retailer,Gulu,24627823,8,2977,Cream,120
6186,Wholesaler,Mbarara,61832080,16,907,Butter,10
6187,Wholesaler,Kampala,54618180,15,2770,Yogurt,120
6188,Retailer,Mbale,17765189,3,3072,Cream,35
6189,Retailer,Mbale,35935412,6,8918,Milk,125
6190,Retailer,Kampala,79795488,3,428,Powder Milk,183
6191,Retailer,Gulu,55794717,5,8458,Butter,22
6192,Retailer,Kampala,27538132,1,6108,Yogurt,43
6193,Retailer,Mbarara,20818537,14,7468,Flavored Milk,71
6194,Retailer,Mbarara,68466576,12,5013,Yogurt,82
6195,Wholesaler,Mbale,63845082,13,4901,Powder Milk,60
6196,Retailer,Kampala,59583810,14,3039,Butter,50
6197,Retailer,Mbale,63564828,12,3880,Milk,64
6198,Wholesaler,Gulu,40831745,13,5453,Milk,165
6199,Retailer,Mbarara,28820636,6,9748,Cheese,103
6200,Retailer,Jinja,64666724,15,6900,Powder Milk,198
6201,Wholesaler,Jinja,75091707,16,9532,Butter,144
6202,Retailer,Kampala,56815680,9,1989,Yogurt,11
6203,Wholesaler,Kampala,48878330,8,4744,Yogurt,11
6204,Wholesaler,Jinja,35623225,5,7375,Powder Milk,165
6205,Wholesaler,Kampala,94796995,15,7765,Butter,63
6206,Wholesaler,Mbarara,85177517,7,8477,Yogurt,103
6207,Retailer,Gulu,67450321,17,7677,Cream,67
6208,Wholesaler,Gulu,16524385,16,4245,Flavored Milk,184
6209,Wholesaler,Mbale,71239796,11,2836,Powder Milk,70
6210,Retailer,Mbarara,53131535,7,1427,Cheese,113
6211,Wholesaler,Kampala,70893275,11,2805,Milk,177
6212,Wholesaler,Kampala,15755035,2,2133,Yogurt,27
6213,Wholesaler,Mbale,81065142,2,4459,Flavored Milk,151
6214,Wholesaler,Mbale,26980757,6,6620,Butter,34
6215,Retailer,Kampala,98225719,3,4662,Yogurt,147
6216,Wholesaler,Kampala,14655749,1,6157,Powder Milk,109
6217,Retailer,Mbarara,10404888,16,4154,Butter,57
6218,Retailer,Mbale,9281385,14,3599,Flavored Milk,185
6219,Wholesaler,Mbarara,92085249,17,4202,Flavored Milk,198
6220,Wholesaler,Kampala,32710790,18,7707,Cream,62
6221,Wholesaler,Jinja,33915060,4,5528,Milk,146
6222,Wholesaler,Jinja,99086608,3,2691,Butter,148
6223,Retailer,Kampala,76840107,8,5075,Cheese,36
6224,Retailer,Mbale,36065729,4,7814,Milk,68
6225,Retailer,Jinja,15230534,15,2162,Butter,195
6226,Wholesaler,Mbale,16238064,13,3550,Cream,150
6227,Retailer,Jinja,75461394,14,6037,Butter,148
6228,Wholesaler,Mbale,93367563,14,7674,Cream,66
6229,Wholesaler,Jinja,20555848,5,9251,Flavored Milk,119
6230,Wholesaler,Mbale,93562202,5,1679,Powder Milk,115
6231,Wholesaler,Mbarara,97875725,13,9091,Flavored Milk,33
6232,Wholesaler,Mbale,36833473,4,7411,Butter,186
6233,Retailer,Mbarara,20554644,18,6310,Powder Milk,177
6234,Retailer,Mbarara,15409275,6,6972,Powder Milk,88
6235,Wholesaler,Kampala,12577044,5,7216,Flavored Milk,93
6236,Retailer,Mbarara,80463535,3,528,Cream,11
6237,Wholesaler,Gulu,61083797,3,1360,Cream,191
6238,Wholesaler,Mbarara,75261936,3,2193,Cream,152
6239,Wholesaler,Mbale,24729537,2,463,Butter,57
6240,Retailer,Mbarara,63520658,18,9898,Butter,107
6241,Wholesaler,Mbale,77459623,10,3986,Powder Milk,191
6242,Wholesaler,Mbale,25719703,7,8237,Milk,55
6243,Retailer,Gulu,10160467,14,1444,Milk,194
6244,Retailer,Mbarara,55246373,10,2673,Cheese,192
6245,Retailer,Mbarara,10707723,16,2340,Milk,197
6246,Wholesaler,Jinja,75806488,6,688,Yogurt,104
6247,Wholesaler,Jinja,38975933,17,402,Yogurt,167
6248,Retailer,Kampala,19506454,6,189,Flavored Milk,165
6249,Wholesaler,Mbale,55185713,18,8493,Powder Milk,189
6250,Retailer,Gulu,19073338,10,8910,Yogurt,106
6251,Retailer,Jinja,62629087,10,3892,Milk,178
6252,Wholesaler,Mbarara,40109938,9,8558,Powder Milk,122
6253,Wholesaler,Kampala,71669630,15,4068,Cheese,30
6254,Retailer,Gulu,14466968,11,2976,Butter,96
6255,Retailer,Mbarara,50782716,7,6942,Cheese,51
6256,Retailer,Mbarara,87881725,18,7292,Milk,22
6257,Retailer,Mbale,94936770,2,1102,Milk,54
6258,Wholesaler,Mbale,39607704,2,3613,Milk,99
6259,Retailer,Jinja,76658843,13,9365,Flavored Milk,191
6260,Retailer,Jinja,21811851,11,1393,Yogurt,156
6261,Retailer,Mbarara,17185113,19,619,Milk,164
6262,Wholesaler,Mbarara,93401071,1,7740,Butter,177
6263,Wholesaler,Jinja,27965124,17,3966,Yogurt,144
6264,Retailer,Jinja,21674698,18,9242,Yogurt,34
6265,Wholesaler,Mbarara,32274793,8,2973,Flavored Milk,186
6266,Wholesaler,Gulu,60046626,13,4595,Cheese,113
6267,Wholesaler,Mbarara,53551898,4,3975,Powder Milk,173
6268,Retailer,Gulu,65424360,19,3302,Yogurt,80
6269,Retailer,Gulu,74328491,3,7608,Yogurt,128
6270,Wholesaler,Mbarara,63632165,6,3442,Milk,93
6271,Retailer,Kampala,57652178,6,2667,Butter,161
6272,Retailer,Jinja,45697268,6,5985,Milk,198
6273,Wholesaler,Mbale,98381046,8,4405,Butter,101
6274,Wholesaler,Mbarara,75335351,17,2063,Yogurt,122
6275,Retailer,Gulu,21231612,10,1977,Butter,78
6276,Wholesaler,Mbarara,38091743,5,5382,Milk,61
6277,Retailer,Jinja,19144301,19,6308,Milk,173
6278,Retailer,Gulu,89090715,11,4597,Cheese,188
6279,Wholesaler,Mbale,72125155,10,6965,Flavored Milk,42
6280,Retailer,Mbale,58324177,3,3769,Cheese,62
6281,Retailer,Mbale,17804959,10,9793,Yogurt,47
6282,Wholesaler,Kampala,66428753,2,1732,Butter,181
6283,Wholesaler,Gulu,35233714,9,434,Milk,14
6284,Wholesaler,Gulu,56474759,5,4758,Milk,127
6285,Retailer,Kampala,26471789,17,3086,Milk,40
6286,Wholesaler,Gulu,24662373,6,7073,Powder Milk,146
6287,Wholesaler,Kampala,51145921,11,4702,Milk,41
6288,Wholesaler,Mbarara,89440316,5,4495,Powder Milk,178
6289,Wholesaler,Jinja,95937963,7,439,Yogurt,14
6290,Retailer,Mbale,38632132,7,2968,Flavored Milk,188
6291,Retailer,Kampala,35206738,4,2163,Cheese,63
6292,Wholesaler,Kampala,79271814,10,1192,Powder Milk,37
6293,Retailer,Kampala,71943526,18,795,Cheese,180
6294,Wholesaler,Mbarara,31161598,1,6201,Powder Milk,21
6295,Wholesaler,Kampala,85850009,14,1780,Milk,26
6296,Retailer,Jinja,13359341,6,4435,Milk,17
6297,Retailer,Jinja,79396890,11,4173,Butter,27
6298,Wholesaler,Mbale,86997930,14,3280,Milk,126
6299,Wholesaler,Mbarara,23679259,3,2564,Cheese,19
6300,Retailer,Jinja,60143315,16,1819,Butter,48
6301,Wholesaler,Gulu,5714335,16,8349,Cream,50
6302,Retailer,Gulu,58374866,7,2536,Butter,117
6303,Wholesaler,Gulu,10788797,8,4348,Milk,53
6304,Wholesaler,Kampala,89763794,4,9018,Cream,52
6305,Retailer,Kampala,81738583,12,8042,Cream,184
6306,Retailer,Gulu,19988215,12,6494,Butter,120
6307,Retailer,Mbale,81957392,10,6071,Flavored Milk,185
6308,Retailer,Mbale,31740727,12,6096,Milk,28
6309,Retailer,Kampala,53865399,11,8679,Flavored Milk,30
6310,Retailer,Gulu,97278545,11,9276,Milk,12
6311,Retailer,Mbale,51327435,15,886,Powder Milk,113
6312,Wholesaler,Kampala,98938984,6,4752,Flavored Milk,65
6313,Wholesaler,Gulu,59465366,11,691,Cream,136
6314,Wholesaler,Mbarara,52178743,2,3224,Milk,180
6315,Retailer,Gulu,31434479,9,1858,Cheese,138
6316,Retailer,Gulu,63276945,11,7703,Powder Milk,97
6317,Retailer,Jinja,67871439,16,6303,Powder Milk,45
6318,Wholesaler,Jinja,59047715,13,3925,Powder Milk,15
6319,Retailer,Mbarara,63582934,13,8884,Milk,83
6320,Retailer,Mbarara,42277141,18,8944,Cheese,55
6321,Wholesaler,Gulu,61206758,1,2898,Yogurt,160
6322,Retailer,Mbale,77683040,10,3662,Powder Milk,29
6323,Wholesaler,Mbarara,48334679,19,7112,Yogurt,190
6324,Wholesaler,Gulu,64012156,17,9964,Milk,175
6325,Retailer,Kampala,32922230,1,9090,Powder Milk,44
6326,Retailer,Jinja,6951420,1,2604,Cheese,171
6327,Retailer,Mbale,46068768,17,6370,Cheese,187
6328,Wholesaler,Gulu,53287710,15,1512,Powder Milk,56
6329,Wholesaler,Kampala,26995175,2,6012,Cream,45
6330,Wholesaler,Jinja,68508665,11,6861,Butter,25
6331,Retailer,Kampala,30753974,2,560,Butter,117
6332,Retailer,Gulu,53980039,9,2206,Powder Milk,186
6333,Retailer,Mbarara,44220564,19,2969,Cream,74
6334,Retailer,Jinja,42111960,2,5241,Flavored Milk,72
6335,Wholesaler,Kampala,74699679,16,6682,Butter,61
6336,Wholesaler,Mbarara,96913780,9,8974,Milk,82
6337,Wholesaler,Mbale,15336700,4,1287,Butter,69
6338,Wholesaler,Gulu,76593645,13,1530,Butter,110
6339,Retailer,Gulu,61527981,15,2060,Cream,26
6340,Retailer,Jinja,79835401,2,6947,Milk,47
6341,Retailer,Kampala,94082683,18,5679,Milk,38
6342,Wholesaler,Mbale,12961650,9,4807,Cream,40
6343,Wholesaler,Jinja,53273784,1,7540,Flavored Milk,196
6344,Retailer,Jinja,72973884,3,2785,Cheese,63
6345,Retailer,Kampala,66457480,17,4249,Butter,111
6346,Wholesaler,Mbale,26147859,11,7336,Powder Milk,190
6347,Retailer,Kampala,47237359,8,6250,Powder Milk,35
6348,Wholesaler,Gulu,72480743,12,627,Yogurt,150
6349,Wholesaler,Mbarara,16344646,11,8129,Cheese,194
6350,Wholesaler,Gulu,72037514,13,868,Milk,28
6351,Retailer,Gulu,87147045,15,7238,Powder Milk,120
6352,Retailer,Jinja,61472302,17,4224,Cream,36
6353,Wholesaler,Gulu,77023826,12,1939,Butter,22
6354,Retailer,Mbale,68452653,19,608,Flavored Milk,61
6355,Wholesaler,Gulu,81979781,11,2983,Cream,107
6356,Wholesaler,Mbale,43931255,10,9861,Yogurt,195
6357,Wholesaler,Kampala,61463753,17,6881,Cheese,28
6358,Wholesaler,Jinja,5299519,13,5999,Butter,92
6359,Retailer,Mbale,31915501,16,7693,Milk,12
6360,Wholesaler,Gulu,50461327,17,119,Cheese,76
6361,Wholesaler,Jinja,62825900,5,1239,Cream,35
6362,Retailer,Jinja,98853386,9,2952,Cream,15
6363,Wholesaler,Mbale,50741858,4,4390,Yogurt,150
6364,Wholesaler,Mbale,98850951,9,8925,Milk,36
6365,Retailer,Mbarara,69420443,16,5945,Yogurt,114
6366,Retailer,Mbarara,74883138,7,7600,Butter,97
6367,Retailer,Jinja,67234036,14,5747,Cheese,19
6368,Wholesaler,Mbarara,17426803,14,3960,Flavored Milk,25
6369,Retailer,Gulu,90379420,7,8312,Cream,32
6370,Retailer,Kampala,92715508,16,6034,Butter,56
6371,Wholesaler,Jinja,79005952,18,7765,Powder Milk,21
6372,Wholesaler,Kampala,58833299,6,9504,Butter,165
6373,Wholesaler,Mbarara,9131029,7,7797,Flavored Milk,86
6374,Wholesaler,Mbale,85214577,19,2205,Flavored Milk,27
6375,Wholesaler,Jinja,92162114,8,8006,Powder Milk,67
6376,Retailer,Mbarara,56038465,1,9613,Powder Milk,139
6377,Retailer,Gulu,76193987,17,1965,Milk,183
6378,Retailer,Jinja,34019400,19,7968,Yogurt,154
6379,Wholesaler,Jinja,54349605,7,4401,Butter,96
6380,Wholesaler,Mbale,39162959,18,7518,Milk,73
6381,Wholesaler,Jinja,66443207,6,7117,Powder Milk,96
6382,Retailer,Mbale,72166806,6,5314,Milk,63
6383,Retailer,Mbarara,24932219,1,5845,Butter,180
6384,Wholesaler,Gulu,45992419,10,9789,Yogurt,87
6385,Retailer,Gulu,72747330,8,4505,Flavored Milk,192
6386,Wholesaler,Jinja,27711310,7,7741,Butter,23
6387,Retailer,Jinja,69372325,9,1263,Yogurt,181
6388,Retailer,Mbarara,52999230,1,6489,Flavored Milk,47
6389,Retailer,Mbale,52071953,11,9102,Cream,195
6390,Wholesaler,Gulu,47580502,3,9231,Cream,114
6391,Retailer,Mbale,50939946,18,2973,Cream,186
6392,Retailer,Mbarara,87674818,6,1482,Cheese,25
6393,Wholesaler,Gulu,36323820,11,390,Butter,91
6394,Retailer,Gulu,98625343,5,7431,Cream,83
6395,Wholesaler,Kampala,28101456,4,1248,Powder Milk,39
6396,Wholesaler,Mbarara,30729977,8,9709,Butter,77
6397,Wholesaler,Mbarara,67225209,10,4346,Powder Milk,80
6398,Wholesaler,Kampala,66158253,3,8236,Yogurt,89
6399,Wholesaler,Mbale,72906950,13,4243,Milk,124
6400,Retailer,Kampala,5542118,17,8163,Milk,46
6401,Wholesaler,Mbarara,89452793,5,9533,Yogurt,64
6402,Wholesaler,Mbale,28801527,8,4984,Butter,176
6403,Wholesaler,Gulu,33913195,19,8593,Butter,194
6404,Wholesaler,Kampala,56809291,18,6660,Powder Milk,186
6405,Retailer,Mbale,75886919,1,9543,Butter,106
6406,Wholesaler,Mbale,43148904,4,3137,Cheese,108
6407,Retailer,Mbale,41134561,18,6123,Powder Milk,121
6408,Wholesaler,Kampala,69534829,14,505,Milk,127
6409,Retailer,Gulu,27275612,11,5903,Cream,171
6410,Wholesaler,Mbale,59793487,9,3300,Cheese,66
6411,Wholesaler,Kampala,57902020,13,9399,Butter,106
6412,Retailer,Mbarara,64962372,17,307,Cream,71
6413,Wholesaler,Kampala,62964061,15,531,Milk,48
6414,Retailer,Kampala,75630004,2,4780,Cream,83
6415,Wholesaler,Kampala,20984305,6,1446,Powder Milk,76
6416,Retailer,Mbale,7941937,7,5468,Butter,199
6417,Wholesaler,Kampala,93417028,2,5221,Powder Milk,38
6418,Wholesaler,Mbarara,21424682,13,6123,Butter,40
6419,Retailer,Mbale,47317964,10,7109,Yogurt,69
6420,Wholesaler,Mbarara,64009368,16,6505,Milk,48
6421,Wholesaler,Jinja,46604657,9,6252,Butter,10
6422,Wholesaler,Kampala,83814477,8,6228,Flavored Milk,65
6423,Wholesaler,Mbale,57340269,15,697,Flavored Milk,110
6424,Wholesaler,Mbale,15086873,7,1661,Cream,195
6425,Wholesaler,Kampala,77049745,19,3934,Cream,100
6426,Retailer,Gulu,21019069,4,5032,Powder Milk,158
6427,Retailer,Gulu,99737491,9,3636,Butter,191
6428,Retailer,Mbarara,37521286,19,7723,Cream,180
6429,Wholesaler,Kampala,51389051,2,6130,Yogurt,191
6430,Retailer,Kampala,16685326,7,808,Powder Milk,139
6431,Wholesaler,Jinja,19960464,19,682,Butter,151
6432,Wholesaler,Gulu,59705546,6,7898,Cream,115
6433,Wholesaler,Gulu,81930138,15,379,Cream,140
6434,Wholesaler,Kampala,43304212,7,5496,Flavored Milk,151
6435,Retailer,Mbarara,7414430,6,8251,Milk,14
6436,Wholesaler,Kampala,42539249,1,1034,Cream,90
6437,Retailer,Mbarara,39901240,14,718,Yogurt,176
6438,Wholesaler,Gulu,83002819,1,491,Butter,138
6439,Retailer,Jinja,87625466,6,2975,Cream,129
6440,Retailer,Mbale,75387259,18,4070,Flavored Milk,52
6441,Retailer,Gulu,43239056,17,5727,Cream,101
6442,Retailer,Mbarara,5067824,2,8515,Cream,196
6443,Retailer,Kampala,83486205,8,4763,Milk,87
6444,Retailer,Gulu,7453843,2,9268,Flavored Milk,24
6445,Wholesaler,Jinja,92677720,16,2423,Powder Milk,55
6446,Retailer,Mbarara,62427414,4,9799,Yogurt,16
6447,Wholesaler,Kampala,33039630,2,3176,Powder Milk,179
6448,Retailer,Mbale,32204384,5,2983,Cheese,124
6449,Wholesaler,Mbarara,67713106,17,8689,Butter,16
6450,Retailer,Kampala,51659384,2,3418,Powder Milk,184
6451,Retailer,Mbale,65370958,14,6566,Milk,97
6452,Wholesaler,Kampala,80160616,7,3856,Yogurt,99
6453,Retailer,Mbale,85085199,15,5305,Cream,28
6454,Retailer,Mbale,39604091,18,8116,Cream,62
6455,Retailer,Mbale,29906991,13,8311,Yogurt,99
6456,Wholesaler,Kampala,91040341,12,4635,Cream,25
6457,Retailer,Mbale,83225804,2,4648,Cream,71
6458,Wholesaler,Mbarara,98775781,12,5867,Cheese,74
6459,Retailer,Jinja,53709840,6,166,Cheese,121
6460,Retailer,Jinja,37683140,1,1863,Butter,188
6461,Wholesaler,Mbale,88550640,1,953,Powder Milk,45
6462,Retailer,Jinja,61838752,15,8735,Butter,172
6463,Retailer,Jinja,69014724,16,6255,Powder Milk,33
6464,Wholesaler,Mbale,28196230,7,3908,Powder Milk,78
6465,Retailer,Mbale,90275055,14,2733,Cream,128
6466,Wholesaler,Mbarara,65445969,19,4225,Yogurt,166
6467,Wholesaler,Gulu,84085701,19,3780,Powder Milk,138
6468,Wholesaler,Kampala,35530625,13,6678,Butter,194
6469,Retailer,Mbale,70225342,12,5191,Butter,132
6470,Wholesaler,Mbale,61591564,1,5493,Cheese,146
6471,Wholesaler,Jinja,69580905,12,1590,Yogurt,109
6472,Retailer,Mbarara,60734388,4,8138,Flavored Milk,24
6473,Wholesaler,Jinja,12212979,15,8009,Flavored Milk,83
6474,Retailer,Mbale,93155402,16,675,Milk,153
6475,Retailer,Mbale,54329945,15,6022,Cheese,185
6476,Retailer,Jinja,46896084,8,6212,Milk,45
6477,Retailer,Mbale,77230567,19,6847,Yogurt,62
6478,Wholesaler,Gulu,18842231,15,4908,Cream,88
6479,Wholesaler,Kampala,46860981,18,887,Flavored Milk,140
6480,Wholesaler,Kampala,73514256,11,2065,Cream,156
6481,Wholesaler,Kampala,78352143,9,5206,Flavored Milk,50
6482,Wholesaler,Gulu,72901417,1,8313,Flavored Milk,46
6483,Retailer,Mbale,27102541,9,7284,Milk,196
6484,Wholesaler,Jinja,57054514,12,4798,Cream,145
6485,Wholesaler,Mbarara,51187331,2,113,Butter,97
6486,Wholesaler,Mbale,40646255,11,8271,Milk,23
6487,Retailer,Gulu,20594711,14,4702,Cream,198
6488,Retailer,Gulu,27448814,2,6839,Flavored Milk,44
6489,Wholesaler,Kampala,45467259,15,7233,Cheese,153
6490,Retailer,Mbale,16642742,18,2375,Cheese,80
6491,Wholesaler,Kampala,94909842,14,5900,Powder Milk,172
6492,Wholesaler,Mbarara,95988675,12,4422,Cream,17
6493,Retailer,Kampala,99077320,10,6414,Milk,197
6494,Retailer,Mbarara,85671200,14,4815,Powder Milk,21
6495,Wholesaler,Gulu,72415552,15,7241,Powder Milk,186
6496,Wholesaler,Kampala,69989811,5,2929,Milk,119
6497,Retailer,Kampala,97899746,2,2238,Powder Milk,89
6498,Wholesaler,Jinja,73584649,6,2831,Yogurt,124
6499,Retailer,Gulu,32277963,12,2195,Milk,77
6500,Wholesaler,Jinja,51287505,2,325,Powder Milk,172
6501,Retailer,Mbarara,21525065,4,1316,Powder Milk,54
6502,Wholesaler,Mbarara,44309201,7,6626,Milk,50
6503,Wholesaler,Gulu,25005015,16,4154,Flavored Milk,70
6504,Retailer,Mbarara,5819072,1,2369,Powder Milk,85
6505,Wholesaler,Gulu,57766941,1,81,Butter,152
6506,Wholesaler,Mbarara,35421070,14,901,Flavored Milk,108
6507,Retailer,Mbale,10010631,11,8846,Butter,76
6508,Wholesaler,Kampala,75518521,12,5918,Flavored Milk,196
6509,Wholesaler,Mbale,55968552,11,7770,Cream,11
6510,Wholesaler,Gulu,45172431,6,1857,Flavored Milk,131
6511,Retailer,Gulu,62940180,12,6245,Yogurt,143
6512,Retailer,Mbale,65284046,12,6381,Powder Milk,194
6513,Retailer,Kampala,41592317,10,6113,Cream,25
6514,Wholesaler,Kampala,96835780,8,7461,Butter,32
6515,Wholesaler,Jinja,70816364,19,3612,Flavored Milk,104
6516,Wholesaler,Mbarara,35243782,7,3248,Flavored Milk,123
6517,Wholesaler,Jinja,85146842,14,4554,Butter,50
6518,Retailer,Kampala,46674712,4,8035,Cream,167
6519,Wholesaler,Mbale,75813141,1,6784,Yogurt,128
6520,Wholesaler,Mbarara,96145740,8,7039,Butter,131
6521,Wholesaler,Mbale,7843408,5,2997,Yogurt,64
6522,Retailer,Jinja,63326760,8,4173,Cream,141
6523,Wholesaler,Gulu,66969451,8,4833,Yogurt,119
6524,Wholesaler,Mbale,50393292,7,5649,Cheese,109
6525,Wholesaler,Jinja,16114056,19,121,Yogurt,37
6526,Wholesaler,Jinja,10069060,4,9378,Cheese,187
6527,Wholesaler,Jinja,10108454,6,5566,Powder Milk,37
6528,Retailer,Gulu,92583107,12,8284,Milk,132
6529,Wholesaler,Gulu,87431555,18,4410,Yogurt,190
6530,Wholesaler,Gulu,18715428,12,1881,Butter,35
6531,Wholesaler,Mbarara,11248227,18,95,Cheese,176
6532,Wholesaler,Gulu,26208249,3,8224,Cream,22
6533,Wholesaler,Gulu,68382454,10,7442,Cream,80
6534,Wholesaler,Gulu,60688098,7,6121,Milk,63
6535,Wholesaler,Mbale,13364056,3,1725,Powder Milk,22
6536,Wholesaler,Gulu,83969927,19,7318,Milk,129
6537,Wholesaler,Mbarara,97356156,13,6431,Yogurt,68
6538,Wholesaler,Jinja,35269457,4,6794,Butter,13
6539,Retailer,Mbale,21527089,10,9511,Yogurt,89
6540,Retailer,Kampala,85446009,6,6884,Flavored Milk,194
6541,Retailer,Gulu,76304523,1,3073,Milk,69
6542,Retailer,Jinja,86895288,6,2840,Flavored Milk,56
6543,Wholesaler,Jinja,58012024,8,6393,Flavored Milk,86
6544,Retailer,Mbale,80168864,15,1062,Cheese,14
6545,Retailer,Kampala,32475670,8,4639,Cream,45
6546,Wholesaler,Mbarara,80219774,6,3557,Flavored Milk,28
6547,Retailer,Jinja,71278411,19,4852,Milk,39
6548,Retailer,Jinja,79705930,14,2121,Milk,120
6549,Wholesaler,Jinja,34570956,2,7580,Butter,50
6550,Wholesaler,Jinja,37553122,7,2367,Yogurt,185
6551,Wholesaler,Mbale,65478746,8,5397,Butter,37
6552,Retailer,Kampala,81735335,10,2225,Butter,40
6553,Retailer,Jinja,72732290,13,2422,Cream,194
6554,Wholesaler,Mbarara,32847920,1,6852,Yogurt,180
6555,Wholesaler,Mbarara,82595593,9,5275,Milk,146
6556,Retailer,Gulu,68701246,10,9702,Cheese,21
6557,Wholesaler,Jinja,82135852,2,6278,Cream,149
6558,Retailer,Jinja,77969109,11,5171,Flavored Milk,51
6559,Wholesaler,Jinja,82531749,5,8100,Cheese,190
6560,Wholesaler,Jinja,10979085,18,7782,Flavored Milk,99
6561,Retailer,Jinja,14937498,7,9706,Yogurt,194
6562,Wholesaler,Mbarara,61615977,3,5194,Yogurt,25
6563,Wholesaler,Kampala,70009427,16,9300,Butter,108
6564,Wholesaler,Kampala,69898863,15,6862,Powder Milk,187
6565,Retailer,Gulu,28533329,8,9213,Powder Milk,141
6566,Wholesaler,Mbarara,12145855,5,7874,Yogurt,124
6567,Wholesaler,Jinja,66019369,3,5505,Flavored Milk,22
6568,Wholesaler,Kampala,54809097,5,2554,Powder Milk,69
6569,Wholesaler,Mbale,95784228,9,9140,Cheese,37
6570,Wholesaler,Mbale,95078940,16,1552,Cream,118
6571,Wholesaler,Mbale,60992069,14,7092,Cheese,149
6572,Retailer,Jinja,71203686,18,8584,Cheese,161
6573,Retailer,Jinja,64203594,7,3910,Powder Milk,101
6574,Wholesaler,Gulu,61258968,15,7908,Cream,138
6575,Retailer,Gulu,90743723,8,7569,Cheese,171
6576,Retailer,Gulu,66130731,3,2910,Butter,140
6577,Wholesaler,Mbale,44032915,11,1298,Powder Milk,31
6578,Retailer,Jinja,36782969,18,7133,Cheese,94
6579,Retailer,Mbale,59766607,15,9450,Flavored Milk,36
6580,Retailer,Gulu,60911004,10,5060,Butter,158
6581,Retailer,Jinja,84250376,3,6355,Cream,150
6582,Retailer,Mbarara,67714020,15,5812,Butter,53
6583,Retailer,Kampala,49057012,6,4440,Powder Milk,89
6584,Retailer,Kampala,83195414,11,2189,Butter,119
6585,Retailer,Gulu,27394511,11,9852,Yogurt,33
6586,Wholesaler,Mbale,92099153,19,7385,Butter,183
6587,Wholesaler,Mbarara,68084946,3,8798,Flavored Milk,26
6588,Retailer,Jinja,75033323,13,6168,Cream,14
6589,Retailer,Mbale,81511161,8,4044,Powder Milk,47
6590,Wholesaler,Gulu,81616841,11,1202,Powder Milk,68
6591,Retailer,Mbale,89884171,11,3794,Cheese,164
6592,Retailer,Gulu,62938733,13,3671,Cream,191
6593,Wholesaler,Kampala,48608785,3,5940,Yogurt,114
6594,Wholesaler,Kampala,80512338,6,9214,Cheese,105
6595,Wholesaler,Mbale,59354212,10,3957,Milk,99
6596,Retailer,Mbarara,10205871,19,3778,Yogurt,80
6597,Retailer,Jinja,58805517,12,7797,Cream,109
6598,Wholesaler,Gulu,52476524,14,3116,Flavored Milk,64
6599,Wholesaler,Jinja,80545972,11,9533,Yogurt,80
6600,Retailer,Kampala,94328801,10,2910,Butter,180
6601,Wholesaler,Mbarara,85214657,3,213,Yogurt,100
6602,Retailer,Mbarara,51917675,13,1764,Butter,175
6603,Retailer,Jinja,68188832,18,3512,Cheese,121
6604,Wholesaler,Kampala,73686930,13,1490,Yogurt,97
6605,Wholesaler,Jinja,14276283,14,5363,Yogurt,70
6606,Retailer,Mbale,9455035,14,9042,Flavored Milk,182
6607,Wholesaler,Mbarara,55821658,7,6277,Milk,195
6608,Wholesaler,Mbarara,21449327,12,2710,Yogurt,117
6609,Wholesaler,Mbale,95832212,4,1740,Cheese,166
6610,Wholesaler,Kampala,8257030,16,283,Butter,191
6611,Retailer,Mbarara,90849711,19,1926,Cheese,43
6612,Retailer,Gulu,22481816,10,9203,Cream,158
6613,Retailer,Gulu,28152255,16,3420,Powder Milk,54
6614,Retailer,Kampala,96163877,5,6389,Powder Milk,138
6615,Wholesaler,Mbale,84593248,16,5159,Flavored Milk,147
6616,Wholesaler,Jinja,26555872,1,1095,Powder Milk,195
6617,Retailer,Kampala,49137311,5,6141,Yogurt,103
6618,Retailer,Jinja,99071673,13,4531,Cream,37
6619,Wholesaler,Kampala,90409048,13,4509,Milk,198
6620,Retailer,Gulu,52006117,3,8083,Milk,115
6621,Retailer,Mbale,59480549,17,6467,Yogurt,39
6622,Wholesaler,Gulu,84778667,19,1457,Milk,37
6623,Retailer,Mbale,55813629,5,257,Cheese,166
6624,Wholesaler,Jinja,39279761,5,4420,Butter,40
6625,Wholesaler,Kampala,55364681,15,7200,Yogurt,116
6626,Retailer,Mbarara,99735138,10,9994,Powder Milk,92
6627,Wholesaler,Mbarara,10244258,12,8737,Butter,118
6628,Retailer,Mbale,50488487,11,951,Milk,40
6629,Wholesaler,Mbale,16639797,1,7133,Flavored Milk,50
6630,Retailer,Gulu,24572502,3,1799,Cream,73
6631,Retailer,Mbarara,61289496,4,8701,Butter,131
6632,Retailer,Gulu,97918080,19,4539,Cream,179
6633,Wholesaler,Jinja,97570449,3,9158,Cream,53
6634,Wholesaler,Mbarara,82459096,18,6632,Flavored Milk,168
6635,Retailer,Jinja,14102303,3,8080,Cheese,125
6636,Wholesaler,Kampala,34085364,7,4784,Flavored Milk,148
6637,Retailer,Gulu,31500307,1,4715,Butter,45
6638,Retailer,Mbale,18772560,19,2244,Butter,117
6639,Wholesaler,Mbarara,67046924,18,7176,Yogurt,41
6640,Retailer,Gulu,56696600,2,1009,Powder Milk,113
6641,Wholesaler,Mbale,35029715,12,8635,Flavored Milk,176
6642,Retailer,Kampala,85422040,17,4588,Cheese,76
6643,Wholesaler,Mbarara,55179753,3,4108,Yogurt,197
6644,Retailer,Jinja,98285696,12,4892,Yogurt,101
6645,Retailer,Kampala,13791475,12,2227,Cheese,34
6646,Wholesaler,Mbale,38240655,6,1849,Yogurt,37
6647,Retailer,Mbarara,31036719,10,7620,Cheese,156
6648,Retailer,Mbarara,30173595,6,8746,Milk,166
6649,Wholesaler,Kampala,11456645,14,769,Yogurt,187
6650,Retailer,Mbarara,77977322,2,2037,Butter,28
6651,Wholesaler,Mbale,35077625,11,5823,Milk,65
6652,Retailer,Kampala,25838304,15,9116,Yogurt,155
6653,Wholesaler,Jinja,17152364,8,2928,Cheese,182
6654,Retailer,Kampala,82936196,13,8875,Milk,122
6655,Retailer,Kampala,36465969,19,2470,Powder Milk,97
6656,Retailer,Jinja,48310958,10,1374,Milk,111
6657,Wholesaler,Mbale,79659566,9,1058,Butter,135
6658,Wholesaler,Gulu,6574227,18,9381,Yogurt,91
6659,Wholesaler,Gulu,59149427,7,453,Yogurt,50
6660,Wholesaler,Jinja,7230975,3,6283,Cheese,135
6661,Retailer,Mbale,54144691,12,8937,Milk,22
6662,Retailer,Mbarara,44329382,15,9149,Butter,108
6663,Wholesaler,Jinja,46239792,13,6822,Cheese,92
6664,Wholesaler,Gulu,69631036,6,6640,Powder Milk,33
6665,Wholesaler,Mbale,8042265,8,170,Cheese,170
6666,Retailer,Kampala,33514008,14,6510,Butter,106
6667,Wholesaler,Mbale,81084937,3,6331,Yogurt,82
6668,Wholesaler,Mbale,18386221,16,5912,Butter,192
6669,Retailer,Gulu,74071806,18,2915,Yogurt,12
6670,Retailer,Gulu,7213587,17,3781,Flavored Milk,12
6671,Wholesaler,Mbarara,27855157,18,3641,Milk,39
6672,Retailer,Mbarara,34406361,10,4536,Butter,155
6673,Wholesaler,Jinja,71795621,17,7222,Powder Milk,180
6674,Retailer,Kampala,70911610,16,2464,Powder Milk,75
6675,Wholesaler,Mbarara,76925428,2,9082,Cream,36
6676,Wholesaler,Gulu,20407115,4,6685,Cheese,109
6677,Wholesaler,Mbale,71974905,11,2855,Yogurt,114
6678,Wholesaler,Jinja,83871288,7,6715,Milk,119
6679,Retailer,Mbarara,11415267,17,5411,Powder Milk,28
6680,Retailer,Mbale,31073353,19,1515,Milk,25
6681,Retailer,Mbale,27110964,6,453,Butter,35
6682,Retailer,Mbarara,52637534,10,6620,Cheese,23
6683,Wholesaler,Kampala,20528391,4,8654,Powder Milk,56
6684,Wholesaler,Kampala,77973415,1,9779,Butter,155
6685,Retailer,Jinja,90455278,7,4299,Cheese,165
6686,Retailer,Kampala,71571645,16,6396,Flavored Milk,120
6687,Retailer,Jinja,41997588,17,8458,Butter,156
6688,Retailer,Gulu,26413376,5,6675,Cream,39
6689,Retailer,Mbarara,32076524,10,9266,Yogurt,114
6690,Wholesaler,Mbale,35300085,7,2863,Butter,158
6691,Wholesaler,Jinja,44026609,13,855,Butter,158
6692,Wholesaler,Kampala,71673870,7,3399,Powder Milk,57
6693,Retailer,Jinja,94334406,15,7411,Cream,192
6694,Retailer,Jinja,72613118,17,2866,Flavored Milk,167
6695,Retailer,Kampala,96133016,3,9513,Powder Milk,51
6696,Retailer,Kampala,26902749,5,6281,Flavored Milk,174
6697,Wholesaler,Mbarara,11759545,10,8675,Powder Milk,50
6698,Wholesaler,Mbale,38499597,5,7470,Butter,183
6699,Retailer,Mbarara,37493763,7,8670,Cheese,105
6700,Wholesaler,Mbarara,63894371,7,9429,Flavored Milk,103
6701,Wholesaler,Kampala,65894488,14,4307,Flavored Milk,197
6702,Retailer,Kampala,29313310,15,2362,Cheese,97
6703,Retailer,Mbale,52792071,5,2045,Milk,10
6704,Retailer,Jinja,69927449,5,5045,Cream,63
6705,Retailer,Mbarara,10783873,4,1792,Flavored Milk,125
6706,Retailer,Mbale,56194095,9,9584,Flavored Milk,44
6707,Retailer,Mbarara,54622075,12,1205,Cheese,153
6708,Wholesaler,Jinja,34698212,16,3254,Cheese,14
6709,Wholesaler,Mbarara,66140948,8,8635,Butter,168
6710,Retailer,Gulu,44813211,9,6813,Cream,118
6711,Wholesaler,Mbale,40655461,12,6997,Butter,46
6712,Retailer,Kampala,87683767,7,7252,Milk,128
6713,Retailer,Mbarara,76911712,4,4867,Milk,162
6714,Retailer,Mbale,48720188,3,2090,Milk,116
6715,Retailer,Mbale,89966474,1,2128,Yogurt,122
6716,Wholesaler,Mbarara,93835628,7,2914,Cheese,199
6717,Retailer,Kampala,15534315,9,5879,Flavored Milk,162
6718,Wholesaler,Kampala,54063296,2,6299,Cheese,76
6719,Retailer,Mbarara,31131508,7,7492,Cheese,47
6720,Retailer,Mbale,27405294,10,5265,Milk,185
6721,Retailer,Kampala,59515360,2,5162,Cheese,139
6722,Wholesaler,Mbarara,28953881,13,6987,Yogurt,157
6723,Retailer,Mbarara,51659470,3,4306,Powder Milk,95
6724,Retailer,Mbarara,12913741,13,9571,Flavored Milk,20
6725,Retailer,Mbale,44119995,10,9888,Powder Milk,128
6726,Wholesaler,Kampala,97156279,12,7941,Milk,91
6727,Wholesaler,Mbale,63803591,3,6389,Cream,168
6728,Wholesaler,Gulu,34407413,6,2435,Butter,44
6729,Retailer,Kampala,95621987,3,5479,Cream,181
6730,Wholesaler,Mbale,95850515,2,5348,Cream,192
6731,Retailer,Kampala,23737075,14,3355,Powder Milk,54
6732,Wholesaler,Gulu,24980421,15,3370,Flavored Milk,158
6733,Wholesaler,Jinja,33863328,18,6325,Powder Milk,189
6734,Retailer,Mbarara,44867057,19,6442,Butter,157
6735,Wholesaler,Mbale,57721317,10,3576,Butter,18
6736,Retailer,Gulu,29149917,17,6692,Cheese,104
6737,Retailer,Gulu,10822445,17,4964,Flavored Milk,146
6738,Wholesaler,Kampala,95642922,19,9513,Yogurt,195
6739,Retailer,Kampala,51716752,4,1337,Cheese,170
6740,Retailer,Mbarara,68493083,11,4994,Butter,10
6741,Wholesaler,Kampala,40030453,17,410,Powder Milk,12
6742,Wholesaler,Mbale,82419334,10,2024,Flavored Milk,176
6743,Retailer,Mbale,40142701,17,3514,Cheese,149
6744,Wholesaler,Mbale,63833563,12,2276,Flavored Milk,103
6745,Retailer,Jinja,28432592,10,5094,Powder Milk,153
6746,Retailer,Mbale,11962663,10,5675,Milk,187
6747,Wholesaler,Kampala,91531067,6,1900,Yogurt,97
6748,Wholesaler,Kampala,53068011,17,5982,Yogurt,36
6749,Wholesaler,Mbale,90070571,19,3955,Yogurt,38
6750,Wholesaler,Gulu,59402619,2,3825,Butter,136
6751,Retailer,Gulu,58230084,4,867,Butter,129
6752,Retailer,Gulu,57412356,18,2196,Yogurt,114
6753,Wholesaler,Mbarara,44986117,4,7824,Flavored Milk,87
6754,Wholesaler,Jinja,90022598,6,8422,Milk,78
6755,Retailer,Mbale,68682740,14,7146,Butter,116
6756,Retailer,Mbarara,81394640,7,7883,Powder Milk,189
6757,Retailer,Gulu,31287368,12,4519,Cheese,111
6758,Retailer,Mbale,83399893,2,6005,Cheese,15
6759,Wholesaler,Mbarara,13469292,18,4769,Butter,161
6760,Retailer,Kampala,54359802,13,7900,Yogurt,49
6761,Retailer,Gulu,35375759,13,6064,Flavored Milk,42
6762,Wholesaler,Mbarara,62293283,5,5008,Milk,146
6763,Retailer,Kampala,72574241,7,6315,Cheese,186
6764,Retailer,Gulu,96495660,12,491,Butter,76
6765,Wholesaler,Jinja,8931660,14,7934,Flavored Milk,160
6766,Wholesaler,Gulu,81560722,1,9904,Yogurt,31
6767,Wholesaler,Jinja,29586507,10,7708,Milk,81
6768,Retailer,Jinja,11703369,9,9112,Milk,87
6769,Retailer,Jinja,21749071,10,3262,Cheese,103
6770,Wholesaler,Mbale,66819995,7,9898,Cream,125
6771,Wholesaler,Mbale,92059845,16,1946,Cheese,145
6772,Retailer,Jinja,65257667,12,1139,Powder Milk,156
6773,Wholesaler,Kampala,83494621,12,8724,Butter,118
6774,Wholesaler,Jinja,18737574,19,358,Cream,175
6775,Wholesaler,Mbarara,45231341,13,8834,Milk,143
6776,Retailer,Jinja,20571738,18,1068,Yogurt,189
6777,Retailer,Mbale,41637612,3,4543,Yogurt,43
6778,Retailer,Mbale,94648852,7,3311,Cream,83
6779,Retailer,Mbarara,43540324,1,7134,Butter,104
6780,Retailer,Mbarara,74768584,3,4340,Milk,148
6781,Retailer,Gulu,11891068,14,7151,Cheese,52
6782,Wholesaler,Kampala,23935074,4,1407,Powder Milk,44
6783,Retailer,Kampala,95912617,19,132,Yogurt,148
6784,Retailer,Kampala,57569843,6,8492,Flavored Milk,177
6785,Wholesaler,Mbale,18553556,9,9335,Butter,169
6786,Retailer,Kampala,97523358,11,5461,Yogurt,186
6787,Retailer,Gulu,35429701,15,2437,Flavored Milk,99
6788,Wholesaler,Gulu,61407416,9,1458,Cream,194
6789,Wholesaler,Kampala,81545954,11,9723,Flavored Milk,74
6790,Wholesaler,Mbarara,51006065,10,9340,Yogurt,57
6791,Retailer,Gulu,71498271,2,3778,Butter,189
6792,Wholesaler,Mbarara,50823098,14,5344,Flavored Milk,48
6793,Retailer,Mbale,25787328,4,8974,Flavored Milk,191
6794,Retailer,Gulu,33658480,2,372,Milk,162
6795,Retailer,Mbarara,80662329,5,2107,Powder Milk,113
6796,Retailer,Kampala,10476946,14,3110,Powder Milk,182
6797,Wholesaler,Mbale,78983284,15,3750,Powder Milk,166
6798,Wholesaler,Jinja,56374515,19,5685,Milk,110
6799,Retailer,Jinja,20212725,6,3434,Powder Milk,41
6800,Wholesaler,Kampala,32424331,15,9503,Milk,132
6801,Retailer,Mbale,82781607,14,9047,Flavored Milk,103
6802,Retailer,Mbale,43892263,8,9775,Flavored Milk,133
6803,Retailer,Mbale,33075822,12,4275,Butter,132
6804,Wholesaler,Mbale,80380778,4,3506,Cheese,91
6805,Retailer,Jinja,21336800,6,3714,Milk,117
6806,Retailer,Mbarara,85149135,11,3146,Powder Milk,76
6807,Wholesaler,Mbale,41845133,7,7478,Cheese,21
6808,Wholesaler,Mbarara,48407429,4,7615,Milk,195
6809,Wholesaler,Mbale,78564820,15,4709,Powder Milk,29
6810,Wholesaler,Gulu,14946403,1,9595,Cream,59
6811,Retailer,Gulu,26994709,9,198,Cream,145
6812,Wholesaler,Gulu,16176807,8,5780,Milk,168
6813,Retailer,Mbale,19447413,12,7213,Powder Milk,161
6814,Wholesaler,Mbarara,85865426,7,6312,Butter,135
6815,Wholesaler,Jinja,52174978,18,5603,Butter,150
6816,Wholesaler,Kampala,51122979,1,664,Cream,51
6817,Wholesaler,Jinja,78149108,9,8481,Yogurt,87
6818,Wholesaler,Mbale,53494842,7,962,Milk,88
6819,Wholesaler,Gulu,31040801,14,3063,Milk,35
6820,Retailer,Gulu,26953226,1,5459,Cream,175
6821,Wholesaler,Mbarara,98573801,13,208,Milk,119
6822,Wholesaler,Mbale,16712686,15,597,Butter,47
6823,Wholesaler,Jinja,88848538,5,5182,Powder Milk,192
6824,Wholesaler,Mbale,30457833,5,2950,Milk,106
6825,Retailer,Mbale,31357761,14,7724,Yogurt,147
6826,Wholesaler,Gulu,73644485,14,2315,Flavored Milk,20
6827,Wholesaler,Jinja,37591405,14,8996,Yogurt,140
6828,Wholesaler,Kampala,90858665,5,784,Powder Milk,132
6829,Wholesaler,Gulu,95746151,11,3841,Flavored Milk,32
6830,Retailer,Jinja,76416377,19,4367,Butter,71
6831,Wholesaler,Mbarara,94325551,5,1974,Cream,50
6832,Retailer,Gulu,69426573,4,573,Powder Milk,130
6833,Wholesaler,Mbarara,88738825,15,9752,Cheese,178
6834,Retailer,Gulu,27004716,7,5974,Powder Milk,102
6835,Retailer,Mbale,18616416,5,8859,Butter,13
6836,Wholesaler,Jinja,70030121,15,910,Cheese,140
6837,Wholesaler,Mbarara,79075197,14,6234,Flavored Milk,60
6838,Retailer,Gulu,23249483,3,7542,Cheese,192
6839,Retailer,Mbarara,12835773,5,5930,Flavored Milk,116
6840,Wholesaler,Gulu,31754015,12,7951,Powder Milk,186
6841,Retailer,Gulu,9773936,14,1357,Cheese,81
6842,Retailer,Kampala,13130135,5,6396,Flavored Milk,79
6843,Retailer,Kampala,27221645,4,2871,Powder Milk,78
6844,Wholesaler,Kampala,87405124,16,3915,Cheese,17
6845,Retailer,Mbarara,13597682,7,6975,Flavored Milk,132
6846,Retailer,Mbale,61673860,3,8276,Yogurt,145
6847,Retailer,Gulu,85168814,4,2150,Milk,156
6848,Wholesaler,Jinja,17217776,6,9621,Yogurt,121
6849,Wholesaler,Kampala,58239776,3,486,Butter,192
6850,Retailer,Mbarara,15037819,1,2622,Cream,81
6851,Wholesaler,Mbarara,26418947,3,4412,Cream,17
6852,Retailer,Mbarara,17492536,8,358,Cheese,194
6853,Wholesaler,Jinja,52758301,16,541,Cream,81
6854,Wholesaler,Jinja,79970280,7,5358,Powder Milk,16
6855,Retailer,Kampala,25814800,18,571,Flavored Milk,55
6856,Wholesaler,Jinja,63374082,9,1964,Yogurt,159
6857,Wholesaler,Kampala,74390604,3,2975,Yogurt,90
6858,Wholesaler,Jinja,29737131,18,9610,Powder Milk,181
6859,Retailer,Jinja,93117871,16,3340,Flavored Milk,14
6860,Wholesaler,Jinja,92414883,1,3279,Cheese,162
6861,Wholesaler,Kampala,94898978,16,3627,Powder Milk,184
6862,Retailer,Gulu,69563824,12,5659,Butter,180
6863,Wholesaler,Kampala,78491250,6,2621,Butter,152
6864,Wholesaler,Gulu,92503184,9,282,Powder Milk,168
6865,Wholesaler,Mbarara,69840038,13,9864,Butter,92
6866,Wholesaler,Mbarara,67590241,12,2702,Cream,53
6867,Wholesaler,Kampala,98730187,13,6300,Flavored Milk,184
6868,Retailer,Gulu,10075759,18,1266,Yogurt,149
6869,Retailer,Gulu,70483111,19,3589,Powder Milk,73
6870,Wholesaler,Gulu,85696443,19,571,Butter,32
6871,Wholesaler,Mbarara,47750503,19,3116,Yogurt,59
6872,Wholesaler,Kampala,17425753,6,390,Powder Milk,134
6873,Retailer,Mbale,63526349,16,8300,Butter,45
6874,Retailer,Gulu,69930213,7,3303,Butter,148
6875,Wholesaler,Gulu,73698447,7,4731,Powder Milk,95
6876,Wholesaler,Mbale,5670712,19,5683,Cheese,184
6877,Retailer,Kampala,34871982,16,292,Flavored Milk,65
6878,Wholesaler,Gulu,84551375,17,277,Cheese,78
6879,Retailer,Kampala,67196811,19,6753,Cream,46
6880,Retailer,Gulu,78207249,16,2652,Yogurt,147
6881,Wholesaler,Jinja,73901148,16,8368,Cream,193
6882,Retailer,Gulu,46157329,19,4480,Yogurt,51
6883,Wholesaler,Jinja,50068269,15,4903,Powder Milk,167
6884,Wholesaler,Kampala,70576194,3,9673,Flavored Milk,103
6885,Wholesaler,Gulu,97976604,15,2218,Butter,31
6886,Wholesaler,Mbarara,37945847,16,2798,Flavored Milk,192
6887,Wholesaler,Mbarara,16250503,5,1358,Butter,175
6888,Wholesaler,Mbale,87917386,19,1643,Milk,65
6889,Retailer,Mbarara,16967435,10,1543,Cream,123
6890,Retailer,Jinja,75134431,13,7933,Milk,131
6891,Retailer,Mbarara,48712771,15,4827,Flavored Milk,173
6892,Retailer,Mbarara,10394824,12,6488,Cream,87
6893,Wholesaler,Mbarara,56585623,17,7158,Milk,148
6894,Retailer,Gulu,18704560,15,8488,Milk,144
6895,Retailer,Mbale,22425423,4,1132,Cream,105
6896,Retailer,Kampala,43502382,15,9723,Cream,91
6897,Wholesaler,Mbale,89888661,17,60,Yogurt,43
6898,Retailer,Jinja,76188956,11,2056,Butter,72
6899,Wholesaler,Gulu,83018583,15,3579,Powder Milk,11
6900,Retailer,Gulu,40883319,7,2342,Milk,199
6901,Wholesaler,Mbarara,92104749,13,994,Cheese,144
6902,Wholesaler,Mbarara,16499981,13,8676,Cream,52
6903,Retailer,Jinja,60737805,2,6298,Yogurt,104
6904,Wholesaler,Gulu,7114797,10,2339,Butter,27
6905,Wholesaler,Kampala,75719667,18,3393,Yogurt,157
6906,Retailer,Mbale,23159409,5,2616,Cheese,16
6907,Retailer,Gulu,26808686,19,1809,Powder Milk,61
6908,Retailer,Kampala,61077078,2,5213,Butter,46
6909,Wholesaler,Kampala,48677407,4,3925,Flavored Milk,107
6910,Wholesaler,Mbale,49954329,16,2278,Flavored Milk,55
6911,Wholesaler,Kampala,52771122,16,8509,Yogurt,112
6912,Retailer,Jinja,52098194,17,7069,Powder Milk,51
6913,Wholesaler,Kampala,33533266,15,4527,Flavored Milk,69
6914,Wholesaler,Jinja,56480737,13,5967,Cream,137
6915,Wholesaler,Kampala,87169823,1,564,Butter,113
6916,Wholesaler,Mbarara,62716508,5,1793,Cheese,89
6917,Wholesaler,Kampala,79062908,1,9171,Cheese,87
6918,Wholesaler,Jinja,68120468,12,7906,Flavored Milk,133
6919,Wholesaler,Kampala,65937762,15,1498,Milk,41
6920,Retailer,Kampala,11103529,4,3937,Milk,175
6921,Retailer,Kampala,5106500,19,248,Powder Milk,176
6922,Retailer,Jinja,84503435,16,1830,Milk,35
6923,Wholesaler,Kampala,63266876,18,4950,Flavored Milk,39
6924,Wholesaler,Mbale,93381446,17,4472,Flavored Milk,178
6925,Retailer,Mbale,90863080,11,9955,Flavored Milk,112
6926,Wholesaler,Jinja,38799809,13,5763,Cream,146
6927,Retailer,Mbarara,71011608,9,5793,Butter,41
6928,Wholesaler,Mbale,44349385,17,3554,Milk,193
6929,Wholesaler,Gulu,38536811,17,7722,Yogurt,62
6930,Retailer,Mbale,59870853,5,2617,Powder Milk,144
6931,Retailer,Gulu,74043362,8,9171,Butter,160
6932,Retailer,Jinja,26567805,3,4675,Powder Milk,90
6933,Retailer,Mbarara,85430537,6,7140,Powder Milk,189
6934,Retailer,Gulu,87050300,3,5402,Butter,158
6935,Wholesaler,Gulu,57276424,8,1469,Flavored Milk,85
6936,Wholesaler,Mbale,95168851,12,9572,Flavored Milk,160
6937,Wholesaler,Gulu,60778468,4,2607,Butter,78
6938,Retailer,Jinja,5835815,2,7920,Flavored Milk,27
6939,Retailer,Jinja,47860871,10,473,Milk,46
6940,Retailer,Jinja,57254957,15,199,Butter,144
6941,Retailer,Mbale,41422581,13,9755,Cream,70
6942,Retailer,Mbarara,59601566,15,8145,Cream,140
6943,Retailer,Mbale,70674110,19,188,Powder Milk,10
6944,Wholesaler,Jinja,12617130,18,7115,Cream,69
6945,Wholesaler,Mbale,34591801,13,1920,Butter,143
6946,Wholesaler,Jinja,14696591,1,2111,Cream,133
6947,Wholesaler,Kampala,95424603,16,8170,Butter,80
6948,Wholesaler,Kampala,28519429,8,8231,Flavored Milk,100
6949,Retailer,Gulu,43187423,6,4330,Cream,195
6950,Retailer,Mbarara,54912982,3,5746,Butter,40
6951,Retailer,Kampala,86231645,16,792,Yogurt,17
6952,Retailer,Jinja,49971227,2,6474,Yogurt,128
6953,Retailer,Mbale,34107514,2,4231,Milk,152
6954,Retailer,Mbale,34288091,15,8318,Butter,16
6955,Wholesaler,Gulu,21277719,10,2041,Cream,144
6956,Retailer,Mbale,7874726,1,5306,Butter,170
6957,Retailer,Kampala,23482801,15,3755,Powder Milk,178
6958,Retailer,Mbale,48453230,1,1066,Flavored Milk,194
6959,Retailer,Kampala,80524606,16,8338,Powder Milk,144
6960,Wholesaler,Kampala,52907733,18,1044,Cream,196
6961,Wholesaler,Mbarara,82475996,5,9796,Cheese,29
6962,Retailer,Gulu,40868713,5,6991,Powder Milk,80
6963,Wholesaler,Jinja,76556275,10,9274,Cream,187
6964,Wholesaler,Kampala,86131822,12,8324,Cheese,151
6965,Retailer,Gulu,48554121,10,9777,Cream,127
6966,Retailer,Jinja,95832891,2,4575,Butter,152
6967,Retailer,Mbale,29840955,1,5259,Milk,147
6968,Retailer,Gulu,35527607,16,562,Yogurt,134
6969,Retailer,Gulu,95121290,18,1972,Butter,74
6970,Wholesaler,Gulu,30332385,7,1747,Butter,192
6971,Retailer,Mbale,90216437,4,1964,Milk,165
6972,Retailer,Mbale,19859160,10,4803,Milk,107
6973,Retailer,Gulu,99170101,10,6866,Cheese,185
6974,Wholesaler,Mbarara,84490937,11,8888,Cream,12
6975,Retailer,Kampala,73977428,3,847,Butter,197
6976,Retailer,Mbale,58050100,14,8318,Cream,140
6977,Retailer,Mbarara,84695430,13,6274,Butter,84
6978,Wholesaler,Mbale,67371084,19,6747,Flavored Milk,77
6979,Retailer,Gulu,73984300,10,8983,Yogurt,176
6980,Retailer,Mbarara,67520086,15,1275,Flavored Milk,191
6981,Retailer,Jinja,23781332,8,5616,Flavored Milk,169
6982,Wholesaler,Kampala,59177285,17,9206,Yogurt,25
6983,Retailer,Kampala,30883303,6,5972,Butter,26
6984,Retailer,Mbale,89980913,7,5086,Cheese,148
6985,Retailer,Kampala,77457610,14,8553,Cream,109
6986,Wholesaler,Jinja,87722419,8,2696,Yogurt,41
6987,Retailer,Mbarara,52440479,12,7734,Milk,130
6988,Retailer,Mbarara,35298442,18,2781,Butter,127
6989,Retailer,Gulu,94935703,14,8874,Yogurt,164
6990,Wholesaler,Mbarara,42541070,1,4744,Yogurt,121
6991,Wholesaler,Mbale,19846056,4,5595,Powder Milk,107
6992,Retailer,Jinja,40136034,17,3731,Cream,14
6993,Wholesaler,Gulu,15856304,18,464,Yogurt,98
6994,Wholesaler,Mbale,63987874,19,9784,Cheese,101
6995,Wholesaler,Mbale,55397672,4,9013,Flavored Milk,155
6996,Retailer,Mbale,8196702,6,4529,Flavored Milk,12
6997,Retailer,Kampala,49307958,8,7249,Powder Milk,37
6998,Wholesaler,Mbale,80856982,15,8728,Yogurt,43
6999,Wholesaler,Kampala,93119598,1,7582,Yogurt,95
7000,Wholesaler,Mbarara,93697856,5,6457,Flavored Milk,159
7001,Retailer,Kampala,47716540,16,7359,Cheese,126
7002,Retailer,Mbale,43109113,6,8271,Butter,39
7003,Wholesaler,Jinja,26160585,10,8371,Flavored Milk,57
7004,Wholesaler,Jinja,36089287,10,7995,Yogurt,74
7005,Wholesaler,Mbarara,78684329,5,5239,Cheese,198
7006,Wholesaler,Mbale,29322428,8,4264,Cream,156
7007,Retailer,Kampala,46393817,1,2424,Cheese,189
7008,Wholesaler,Jinja,26014546,5,4033,Cream,50
7009,Retailer,Gulu,29522880,1,257,Powder Milk,102
7010,Wholesaler,Mbale,85766127,7,8189,Yogurt,106
7011,Wholesaler,Mbale,5946584,15,9223,Milk,90
7012,Wholesaler,Gulu,77028951,14,4352,Cheese,111
7013,Wholesaler,Jinja,83463197,9,6961,Flavored Milk,187
7014,Wholesaler,Gulu,22317188,8,6740,Milk,50
7015,Retailer,Mbarara,51685634,8,161,Powder Milk,132
7016,Wholesaler,Kampala,88453343,3,7203,Butter,42
7017,Wholesaler,Kampala,30558672,4,4759,Flavored Milk,91
7018,Wholesaler,Jinja,23319882,17,5090,Powder Milk,154
7019,Retailer,Gulu,60580837,6,1459,Cream,93
7020,Retailer,Mbale,35755523,2,8947,Powder Milk,192
7021,Retailer,Mbale,87643686,9,5922,Powder Milk,183
7022,Retailer,Mbale,66873810,14,8182,Yogurt,99
7023,Wholesaler,Mbarara,8267568,1,6325,Milk,196
7024,Wholesaler,Mbarara,54011600,17,7043,Powder Milk,80
7025,Wholesaler,Mbale,98994714,11,4249,Powder Milk,114
7026,Retailer,Jinja,46901312,6,2650,Powder Milk,66
7027,Wholesaler,Mbarara,63301953,1,4907,Flavored Milk,29
7028,Wholesaler,Mbarara,52087075,19,7856,Powder Milk,178
7029,Retailer,Kampala,36988076,16,6855,Cheese,84
7030,Retailer,Kampala,5934112,18,7548,Yogurt,47
7031,Retailer,Jinja,8234787,11,5089,Milk,36
7032,Wholesaler,Mbarara,27227137,9,9089,Cheese,146
7033,Wholesaler,Mbarara,37374531,6,2993,Powder Milk,175
7034,Retailer,Gulu,47577976,2,8117,Cream,122
7035,Wholesaler,Jinja,74230536,8,8410,Yogurt,162
7036,Retailer,Jinja,27490736,16,6750,Yogurt,23
7037,Retailer,Gulu,38323220,8,1034,Milk,46
7038,Wholesaler,Gulu,51157078,8,1157,Milk,187
7039,Retailer,Kampala,82401843,14,8348,Milk,101
7040,Retailer,Jinja,7934139,1,7482,Flavored Milk,179
7041,Retailer,Jinja,97524660,7,4392,Cream,63
7042,Wholesaler,Gulu,65571521,2,1603,Yogurt,134
7043,Retailer,Mbale,28756226,15,2052,Powder Milk,172
7044,Retailer,Mbale,96581806,18,8154,Butter,132
7045,Retailer,Kampala,44059206,4,547,Cheese,40
7046,Retailer,Mbale,83945184,18,4999,Milk,107
7047,Retailer,Mbale,70371248,5,1471,Yogurt,132
7048,Retailer,Mbale,38668259,16,3524,Cream,183
7049,Retailer,Mbarara,71670197,13,6030,Powder Milk,154
7050,Wholesaler,Kampala,70478678,9,4423,Cheese,122
7051,Wholesaler,Gulu,55897640,5,8783,Butter,94
7052,Retailer,Mbale,72955675,8,7360,Cheese,99
7053,Wholesaler,Mbarara,77957019,18,9030,Butter,101
7054,Wholesaler,Mbale,74997722,3,8597,Powder Milk,190
7055,Retailer,Mbarara,24810098,6,5693,Milk,137
7056,Wholesaler,Kampala,74642866,11,9468,Flavored Milk,31
7057,Retailer,Mbale,13322037,14,8491,Butter,195
7058,Retailer,Mbarara,56097680,19,6228,Milk,178
7059,Retailer,Jinja,69768614,7,581,Cheese,12
7060,Retailer,Jinja,38673156,10,8800,Powder Milk,101
7061,Retailer,Mbarara,67605903,15,1669,Cream,72
7062,Wholesaler,Mbale,52601046,6,1341,Cheese,75
7063,Retailer,Mbale,8128422,6,3174,Cheese,55
7064,Wholesaler,Kampala,40532015,16,4930,Powder Milk,145
7065,Retailer,Kampala,11535202,9,4163,Powder Milk,48
7066,Retailer,Gulu,10313784,19,9369,Flavored Milk,162
7067,Retailer,Kampala,83642225,18,3961,Yogurt,103
7068,Wholesaler,Mbale,64027735,5,7209,Butter,56
7069,Retailer,Gulu,84204081,16,1157,Cream,171
7070,Retailer,Kampala,8417746,7,5477,Powder Milk,77
7071,Retailer,Mbarara,26812774,19,5320,Yogurt,66
7072,Retailer,Jinja,50142716,5,6546,Cheese,162
7073,Wholesaler,Kampala,90039838,11,1737,Cream,96
7074,Retailer,Kampala,50536485,18,6037,Flavored Milk,71
7075,Wholesaler,Mbarara,64691672,7,4521,Milk,48
7076,Retailer,Mbale,74757850,18,5731,Flavored Milk,123
7077,Wholesaler,Mbarara,23728223,3,3525,Powder Milk,131
7078,Wholesaler,Kampala,38006986,5,2627,Yogurt,144
7079,Retailer,Mbale,40752388,13,2582,Cheese,104
7080,Retailer,Gulu,95638955,16,4267,Cream,15
7081,Wholesaler,Kampala,12133074,12,6987,Cream,191
7082,Retailer,Mbarara,86438058,7,2079,Cream,132
7083,Retailer,Gulu,69099438,13,9385,Butter,92
7084,Retailer,Jinja,22327224,1,6008,Flavored Milk,28
7085,Wholesaler,Gulu,83710282,15,5468,Yogurt,184
7086,Retailer,Mbarara,80512522,12,6240,Yogurt,28
7087,Retailer,Gulu,65144329,17,7814,Milk,43
7088,Retailer,Mbarara,43979699,5,9989,Butter,180
7089,Wholesaler,Kampala,44111620,17,4869,Cream,150
7090,Retailer,Mbale,50235480,15,5969,Yogurt,173
7091,Wholesaler,Jinja,84647068,19,8459,Butter,34
7092,Retailer,Mbale,34815015,1,2860,Cheese,106
7093,Wholesaler,Mbale,13402892,4,3465,Powder Milk,65
7094,Retailer,Mbale,24459182,3,6002,Flavored Milk,30
7095,Retailer,Mbarara,73554079,8,5483,Yogurt,43
7096,Wholesaler,Mbarara,43825889,9,1766,Cheese,119
7097,Wholesaler,Jinja,9840459,12,7947,Milk,34
7098,Wholesaler,Mbarara,93865751,5,339,Butter,91
7099,Retailer,Mbarara,48372007,9,4747,Powder Milk,116
7100,Retailer,Mbarara,23696830,1,659,Cheese,20
7101,Retailer,Mbarara,18568284,11,2403,Butter,28
7102,Retailer,Kampala,10609366,7,7695,Cream,186
7103,Wholesaler,Jinja,99822944,14,585,Cream,186
7104,Retailer,Mbarara,60863236,3,3341,Powder Milk,171
7105,Retailer,Jinja,68799592,11,3807,Butter,139
7106,Retailer,Gulu,73770121,17,8998,Yogurt,39
7107,Retailer,Kampala,36976637,18,7207,Butter,118
7108,Retailer,Mbarara,24174474,19,3899,Cheese,47
7109,Retailer,Kampala,99541485,18,8119,Milk,24
7110,Retailer,Kampala,25951549,6,8595,Yogurt,84
7111,Wholesaler,Gulu,52045186,15,4880,Flavored Milk,69
7112,Retailer,Jinja,28487580,7,4380,Milk,141
7113,Retailer,Kampala,93247219,5,8547,Cheese,92
7114,Retailer,Mbale,20548509,5,5279,Yogurt,23
7115,Retailer,Gulu,9895344,7,3045,Powder Milk,123
7116,Wholesaler,Mbale,83763398,12,7020,Powder Milk,90
7117,Wholesaler,Gulu,66375184,8,2264,Butter,17
7118,Wholesaler,Mbale,66494227,18,9451,Cream,86
7119,Wholesaler,Mbale,79422453,18,325,Milk,102
7120,Wholesaler,Kampala,97680458,17,6203,Yogurt,120
7121,Wholesaler,Kampala,36035322,11,6603,Flavored Milk,148
7122,Retailer,Gulu,15137559,15,8388,Cream,89
7123,Wholesaler,Jinja,90201857,6,3598,Flavored Milk,59
7124,Wholesaler,Kampala,89209500,12,7022,Flavored Milk,96
7125,Retailer,Kampala,45796132,7,901,Powder Milk,85
7126,Wholesaler,Mbarara,19921354,8,4573,Yogurt,47
7127,Retailer,Kampala,82487670,4,8729,Milk,161
7128,Retailer,Jinja,56255826,3,1603,Butter,104
7129,Wholesaler,Mbarara,71675110,3,1811,Milk,175
7130,Retailer,Mbale,97946265,10,8825,Butter,134
7131,Wholesaler,Mbale,74142485,15,6849,Milk,199
7132,Wholesaler,Mbarara,87196746,13,4360,Milk,193
7133,Retailer,Mbarara,38403195,19,4655,Yogurt,74
7134,Retailer,Mbarara,48005603,8,8752,Flavored Milk,99
7135,Wholesaler,Gulu,8719931,18,7806,Cream,26
7136,Retailer,Jinja,68452391,5,3863,Flavored Milk,109
7137,Retailer,Jinja,60864616,7,5941,Flavored Milk,154
7138,Wholesaler,Mbale,13053633,5,6938,Cream,36
7139,Wholesaler,Mbale,18247416,19,6244,Flavored Milk,98
7140,Retailer,Mbale,25093843,17,8197,Milk,34
7141,Wholesaler,Kampala,60080981,19,3252,Flavored Milk,111
7142,Wholesaler,Mbale,65494207,4,392,Milk,105
7143,Wholesaler,Mbarara,73620390,7,7795,Butter,186
7144,Wholesaler,Mbale,63270595,6,1473,Cheese,67
7145,Wholesaler,Mbarara,83494428,14,8387,Cream,133
7146,Wholesaler,Gulu,95509421,19,4607,Cream,10
7147,Wholesaler,Kampala,30759289,11,9157,Cheese,150
7148,Retailer,Kampala,66869527,7,6697,Butter,190
7149,Wholesaler,Jinja,73140096,3,1961,Milk,30
7150,Retailer,Gulu,61235479,17,1389,Cream,10
7151,Retailer,Mbarara,33552761,11,2296,Flavored Milk,168
7152,Retailer,Gulu,69975517,15,6496,Yogurt,70
7153,Wholesaler,Kampala,54077323,7,3001,Milk,12
7154,Wholesaler,Mbarara,86980434,15,547,Milk,166
7155,Retailer,Gulu,8463357,17,840,Cream,185
7156,Wholesaler,Kampala,46878265,11,8251,Butter,91
7157,Retailer,Mbarara,81155239,12,3148,Butter,199
7158,Wholesaler,Mbarara,28659381,13,8234,Yogurt,34
7159,Wholesaler,Kampala,93833475,11,2866,Flavored Milk,171
7160,Retailer,Mbarara,63185806,11,376,Cheese,27
7161,Retailer,Kampala,37803411,9,932,Powder Milk,37
7162,Retailer,Mbale,26189622,11,1721,Flavored Milk,13
7163,Wholesaler,Mbale,48178132,4,5052,Flavored Milk,128
7164,Retailer,Mbarara,55026013,2,8979,Powder Milk,125
7165,Wholesaler,Mbarara,50998871,4,2224,Powder Milk,158
7166,Wholesaler,Kampala,59745007,14,5285,Milk,79
7167,Wholesaler,Mbarara,96075638,5,973,Yogurt,30
7168,Retailer,Jinja,31895998,17,4316,Cream,103
7169,Retailer,Mbale,52882983,12,8162,Milk,157
7170,Retailer,Mbarara,65501413,6,2874,Butter,135
7171,Wholesaler,Mbarara,99122434,12,5157,Powder Milk,178
7172,Wholesaler,Gulu,87814044,15,6919,Cheese,190
7173,Retailer,Mbarara,36210908,19,5770,Cream,130
7174,Wholesaler,Jinja,28013769,10,9395,Yogurt,137
7175,Wholesaler,Mbale,59418372,2,2120,Cream,199
7176,Retailer,Gulu,89919626,12,7396,Yogurt,40
7177,Retailer,Kampala,78124272,12,6594,Flavored Milk,109
7178,Retailer,Kampala,29095673,7,4650,Milk,162
7179,Wholesaler,Mbale,10356465,1,970,Flavored Milk,78
7180,Wholesaler,Kampala,67118653,18,6141,Flavored Milk,26
7181,Wholesaler,Jinja,10118036,3,3532,Yogurt,157
7182,Wholesaler,Mbarara,83842639,5,6522,Cheese,54
7183,Wholesaler,Mbale,70162829,15,1493,Butter,120
7184,Retailer,Gulu,59740692,10,2851,Flavored Milk,59
7185,Wholesaler,Mbarara,53442159,19,1825,Powder Milk,188
7186,Wholesaler,Kampala,60074558,1,8270,Cheese,129
7187,Wholesaler,Kampala,78807331,7,2342,Powder Milk,170
7188,Retailer,Gulu,46503936,18,3753,Flavored Milk,107
7189,Retailer,Jinja,83566652,2,875,Cheese,125
7190,Retailer,Gulu,51790421,19,7761,Milk,132
7191,Wholesaler,Mbale,9150926,10,3791,Powder Milk,38
7192,Retailer,Gulu,50110515,15,8380,Butter,159
7193,Retailer,Kampala,10254162,10,4502,Yogurt,12
7194,Retailer,Jinja,21155687,10,2309,Milk,15
7195,Wholesaler,Jinja,14500257,12,1212,Flavored Milk,177
7196,Retailer,Gulu,70690115,8,3489,Flavored Milk,85
7197,Wholesaler,Mbale,63962976,14,2583,Butter,14
7198,Wholesaler,Kampala,61033066,2,5662,Cream,12
7199,Retailer,Mbarara,28383716,17,9601,Cream,13
7200,Wholesaler,Jinja,42507521,6,7980,Powder Milk,14
7201,Retailer,Gulu,71095788,8,2275,Powder Milk,198
7202,Wholesaler,Mbale,97014416,1,3722,Butter,66
7203,Retailer,Mbale,72438513,3,2210,Butter,108
7204,Retailer,Kampala,11579060,15,8524,Flavored Milk,179
7205,Retailer,Jinja,28727749,17,9381,Flavored Milk,92
7206,Wholesaler,Kampala,60563635,7,1847,Yogurt,193
7207,Retailer,Mbarara,63328414,14,9432,Butter,165
7208,Wholesaler,Mbarara,61251714,3,1294,Cheese,64
7209,Retailer,Mbarara,28011815,18,7119,Cream,175
7210,Wholesaler,Mbale,59903234,5,7943,Yogurt,32
7211,Wholesaler,Jinja,28060832,15,4458,Cheese,144
7212,Retailer,Kampala,95322035,6,1980,Cream,47
7213,Retailer,Kampala,82659066,3,2568,Milk,118
7214,Retailer,Mbarara,66245332,18,97,Butter,194
7215,Retailer,Jinja,79287423,3,183,Yogurt,94
7216,Retailer,Jinja,15116815,8,5725,Powder Milk,46
7217,Wholesaler,Gulu,57623444,19,2414,Cream,143
7218,Retailer,Jinja,54037559,18,3559,Yogurt,147
7219,Retailer,Jinja,60070127,15,7203,Milk,164
7220,Wholesaler,Kampala,17050999,14,4144,Milk,125
7221,Retailer,Jinja,10792427,16,2587,Milk,115
7222,Retailer,Jinja,43895244,3,8046,Cream,66
7223,Wholesaler,Kampala,89468355,15,6034,Yogurt,101
7224,Retailer,Jinja,72813854,19,2521,Flavored Milk,25
7225,Retailer,Kampala,69768712,8,2484,Cheese,123
7226,Retailer,Gulu,12025007,2,5071,Powder Milk,68
7227,Wholesaler,Mbale,23268068,17,4385,Powder Milk,165
7228,Retailer,Kampala,78062196,12,3572,Cheese,12
7229,Wholesaler,Kampala,62299300,19,2355,Powder Milk,194
7230,Retailer,Jinja,11523058,11,5337,Milk,126
7231,Wholesaler,Kampala,74512616,18,713,Powder Milk,167
7232,Retailer,Mbarara,64889082,13,5731,Flavored Milk,28
7233,Wholesaler,Mbarara,60914407,14,7493,Flavored Milk,106
7234,Wholesaler,Gulu,80999026,12,5994,Milk,145
7235,Wholesaler,Kampala,59913390,15,7824,Butter,199
7236,Wholesaler,Jinja,26726243,8,4899,Yogurt,28
7237,Wholesaler,Jinja,49988878,2,4250,Cream,45
7238,Wholesaler,Mbale,24870523,8,7147,Butter,121
7239,Retailer,Gulu,47825604,5,5072,Cream,69
7240,Retailer,Jinja,82695121,2,3542,Cream,43
7241,Wholesaler,Mbale,29930683,10,5518,Flavored Milk,192
7242,Wholesaler,Jinja,8555495,10,7989,Milk,164
7243,Wholesaler,Mbale,7211584,4,9195,Yogurt,176
7244,Wholesaler,Mbarara,54437970,4,1723,Cheese,51
7245,Retailer,Mbarara,29481878,8,1392,Powder Milk,51
7246,Wholesaler,Jinja,18787289,6,8481,Flavored Milk,97
7247,Retailer,Gulu,6493488,15,6620,Yogurt,185
7248,Retailer,Kampala,31087196,18,3099,Yogurt,168
7249,Wholesaler,Gulu,41741434,8,6333,Butter,31
7250,Wholesaler,Gulu,58902945,7,4297,Cheese,96
7251,Retailer,Kampala,70577682,17,6624,Butter,50
7252,Retailer,Mbarara,66896637,19,9705,Butter,33
7253,Wholesaler,Mbarara,90192239,2,5381,Butter,177
7254,Wholesaler,Kampala,36602493,12,449,Butter,169
7255,Wholesaler,Mbale,11974203,19,1987,Flavored Milk,60
7256,Retailer,Gulu,80860229,5,8423,Cheese,42
7257,Retailer,Jinja,88499494,12,1124,Butter,37
7258,Wholesaler,Mbarara,43185413,17,2623,Cream,99
7259,Retailer,Jinja,67339514,5,2447,Flavored Milk,91
7260,Retailer,Kampala,28375109,2,9323,Cream,131
7261,Wholesaler,Jinja,57320798,4,468,Powder Milk,88
7262,Wholesaler,Jinja,18382760,6,9402,Flavored Milk,111
7263,Retailer,Gulu,73798439,9,689,Yogurt,31
7264,Retailer,Kampala,91336311,10,2134,Yogurt,27
7265,Wholesaler,Jinja,21654773,11,4639,Milk,11
7266,Wholesaler,Mbarara,69419796,2,408,Flavored Milk,103
7267,Wholesaler,Kampala,61893608,9,1853,Cream,98
7268,Wholesaler,Mbarara,8682027,17,5254,Milk,163
7269,Wholesaler,Mbale,67955281,9,7939,Flavored Milk,48
7270,Retailer,Jinja,52967574,8,588,Butter,26
7271,Retailer,Kampala,98097189,5,4489,Butter,25
7272,Retailer,Mbarara,6363990,5,6938,Milk,164
7273,Retailer,Jinja,79488483,6,9955,Butter,186
7274,Wholesaler,Gulu,36370758,16,915,Butter,140
7275,Wholesaler,Mbarara,78738492,1,6078,Cream,51
7276,Wholesaler,Mbarara,26171473,9,9017,Yogurt,72
7277,Retailer,Mbale,34141536,7,4721,Butter,38
7278,Retailer,Gulu,58077026,11,1085,Yogurt,139
7279,Retailer,Mbale,22418734,15,8602,Cheese,116
7280,Wholesaler,Gulu,86208429,5,2869,Flavored Milk,113
7281,Retailer,Mbarara,24862848,19,8537,Yogurt,23
7282,Wholesaler,Mbale,50895464,6,1476,Powder Milk,21
7283,Wholesaler,Jinja,7443647,14,5544,Powder Milk,33
7284,Wholesaler,Gulu,38867115,14,742,Yogurt,37
7285,Wholesaler,Mbarara,26474535,11,7643,Yogurt,155
7286,Wholesaler,Kampala,43434407,4,1117,Powder Milk,110
7287,Wholesaler,Gulu,72806621,10,1182,Flavored Milk,143
7288,Retailer,Gulu,94804069,2,9363,Flavored Milk,39
7289,Wholesaler,Jinja,10272098,4,7662,Flavored Milk,43
7290,Wholesaler,Gulu,93779877,10,9483,Powder Milk,195
7291,Retailer,Gulu,39385731,1,996,Butter,165
7292,Wholesaler,Jinja,98324580,14,1665,Yogurt,84
7293,Retailer,Jinja,98271240,18,8304,Flavored Milk,190
7294,Retailer,Mbale,42198120,12,5765,Cheese,25
7295,Retailer,Mbarara,16663415,19,6119,Powder Milk,163
7296,Wholesaler,Mbarara,67098447,12,443,Flavored Milk,194
7297,Wholesaler,Mbale,33485259,5,9768,Cream,168
7298,Retailer,Mbarara,24580993,4,7584,Cream,36
7299,Wholesaler,Gulu,58658557,13,9743,Milk,121
7300,Wholesaler,Mbale,21619154,18,7472,Milk,58
7301,Retailer,Mbale,80677341,12,6252,Yogurt,146
7302,Retailer,Mbarara,69364431,16,569,Yogurt,35
7303,Wholesaler,Kampala,40188183,6,438,Yogurt,15
7304,Retailer,Mbarara,11805060,7,637,Cream,144
7305,Retailer,Kampala,48731703,9,3547,Cream,22
7306,Retailer,Mbale,41321765,10,7719,Butter,186
7307,Wholesaler,Kampala,32598238,5,2621,Powder Milk,19
7308,Wholesaler,Gulu,90009204,4,8521,Milk,52
7309,Wholesaler,Jinja,55245264,11,6758,Milk,119
7310,Retailer,Kampala,93266032,19,9046,Yogurt,186
7311,Wholesaler,Jinja,61359088,7,8316,Powder Milk,121
7312,Retailer,Gulu,23954434,13,3035,Milk,110
7313,Wholesaler,Jinja,19110617,13,759,Milk,27
7314,Wholesaler,Gulu,62592844,18,3712,Butter,20
7315,Retailer,Jinja,72940517,9,4680,Cheese,19
7316,Wholesaler,Jinja,67739605,13,1480,Yogurt,165
7317,Retailer,Mbarara,15067284,13,5041,Cheese,62
7318,Wholesaler,Kampala,60791516,5,5117,Cheese,63
7319,Wholesaler,Jinja,42841062,12,8888,Butter,162
7320,Retailer,Mbale,13528580,1,2088,Cream,15
7321,Retailer,Mbarara,90885645,18,4183,Milk,115
7322,Retailer,Kampala,73171331,17,5401,Yogurt,148
7323,Wholesaler,Mbarara,14283680,10,2265,Flavored Milk,42
7324,Wholesaler,Kampala,68773075,9,3406,Cream,78
7325,Wholesaler,Gulu,33231651,8,152,Cheese,105
7326,Retailer,Jinja,17023020,15,8386,Powder Milk,183
7327,Retailer,Mbale,70580739,13,8996,Cheese,97
7328,Retailer,Mbarara,54662087,17,6853,Butter,64
7329,Wholesaler,Mbarara,75254387,9,4511,Cheese,60
7330,Wholesaler,Mbarara,31038055,11,6346,Cheese,34
7331,Retailer,Mbarara,21993144,4,6615,Cheese,114
7332,Wholesaler,Jinja,84412080,7,6512,Butter,32
7333,Retailer,Kampala,15230661,3,132,Milk,187
7334,Wholesaler,Jinja,90240055,10,9553,Powder Milk,55
7335,Wholesaler,Gulu,27596349,3,8013,Cheese,181
7336,Retailer,Jinja,33050645,1,6040,Yogurt,150
7337,Wholesaler,Jinja,43774853,14,5802,Powder Milk,185
7338,Wholesaler,Gulu,29105705,13,6272,Cheese,154
7339,Retailer,Jinja,61596808,5,3718,Cheese,23
7340,Retailer,Kampala,14817103,8,1665,Yogurt,167
7341,Wholesaler,Mbale,61659430,12,4296,Butter,114
7342,Retailer,Gulu,21913581,6,2112,Flavored Milk,131
7343,Wholesaler,Mbarara,67415546,2,9021,Yogurt,167
7344,Retailer,Kampala,79861349,4,7605,Cream,42
7345,Wholesaler,Mbale,70367776,5,1108,Flavored Milk,129
7346,Wholesaler,Kampala,14271569,11,2448,Milk,191
7347,Retailer,Kampala,61570379,13,2380,Milk,194
7348,Wholesaler,Mbarara,64393845,8,1809,Cheese,40
7349,Wholesaler,Mbale,33914687,5,477,Powder Milk,32
7350,Retailer,Kampala,95135040,6,5427,Cheese,189
7351,Retailer,Mbarara,89204942,15,5079,Butter,124
7352,Wholesaler,Gulu,25778094,16,3926,Flavored Milk,63
7353,Retailer,Mbarara,28574490,11,2166,Milk,184
7354,Retailer,Jinja,87362831,7,609,Milk,186
7355,Wholesaler,Mbarara,63314516,6,5491,Cheese,93
7356,Wholesaler,Mbarara,18702784,12,9627,Cheese,65
7357,Retailer,Mbarara,96036764,4,2667,Butter,101
7358,Retailer,Kampala,29084930,14,639,Cheese,17
7359,Retailer,Mbale,17825995,11,548,Cream,159
7360,Wholesaler,Mbarara,39473851,12,6397,Powder Milk,71
7361,Wholesaler,Mbarara,11628251,2,7954,Cheese,63
7362,Wholesaler,Jinja,37951846,11,9771,Powder Milk,172
7363,Wholesaler,Jinja,15492836,13,9880,Cream,128
7364,Wholesaler,Gulu,66657758,11,9374,Powder Milk,117
7365,Wholesaler,Gulu,40001017,9,7482,Butter,97
7366,Wholesaler,Jinja,33570592,16,6006,Cheese,24
7367,Retailer,Mbale,56168608,5,4533,Powder Milk,123
7368,Retailer,Gulu,97654335,12,8657,Powder Milk,14
7369,Wholesaler,Mbale,26038318,3,5046,Cream,26
7370,Wholesaler,Jinja,57438119,16,1641,Cheese,101
7371,Wholesaler,Gulu,8552138,19,4457,Cheese,126
7372,Retailer,Mbarara,36646748,17,3933,Flavored Milk,140
7373,Wholesaler,Jinja,85441432,11,1657,Milk,156
7374,Retailer,Gulu,38557900,19,3774,Yogurt,111
7375,Retailer,Mbale,62783858,18,7605,Milk,174
7376,Retailer,Mbale,67009707,9,9957,Flavored Milk,158
7377,Retailer,Gulu,12753653,13,252,Yogurt,110
7378,Retailer,Mbale,54952914,6,3904,Milk,60
7379,Wholesaler,Gulu,24665209,3,8351,Butter,63
7380,Wholesaler,Gulu,72174947,12,818,Cream,148
7381,Retailer,Mbale,81780315,9,188,Flavored Milk,167
7382,Wholesaler,Kampala,98084546,9,270,Butter,99
7383,Retailer,Mbarara,97120569,15,7406,Butter,122
7384,Retailer,Jinja,16326949,1,9102,Milk,180
7385,Wholesaler,Mbarara,34505636,18,3977,Cream,45
7386,Wholesaler,Jinja,52988842,15,2437,Powder Milk,99
7387,Wholesaler,Jinja,61091480,8,2575,Yogurt,194
7388,Wholesaler,Mbarara,26547944,11,5104,Powder Milk,129
7389,Wholesaler,Gulu,39763042,17,9687,Cheese,100
7390,Retailer,Mbale,32759964,14,7006,Cheese,163
7391,Wholesaler,Kampala,45268392,19,1659,Flavored Milk,107
7392,Wholesaler,Kampala,88121884,5,5493,Butter,69
7393,Wholesaler,Kampala,16680331,2,248,Flavored Milk,99
7394,Retailer,Mbarara,34295842,15,6034,Milk,31
7395,Wholesaler,Mbarara,86975891,19,9402,Cream,33
7396,Retailer,Gulu,96632592,16,1419,Cream,149
7397,Wholesaler,Kampala,25961268,13,3621,Butter,84
7398,Wholesaler,Gulu,11037240,7,538,Cheese,69
7399,Retailer,Kampala,88527422,17,3590,Milk,158
7400,Wholesaler,Mbarara,56708771,19,9106,Milk,89
7401,Wholesaler,Mbale,83629585,7,2230,Powder Milk,173
7402,Retailer,Mbale,51444701,12,3378,Flavored Milk,16
7403,Wholesaler,Mbale,42847367,13,3684,Cream,198
7404,Retailer,Mbale,9722408,13,705,Flavored Milk,62
7405,Retailer,Jinja,50973362,14,6036,Powder Milk,165
7406,Retailer,Kampala,63625100,15,9621,Cream,33
7407,Retailer,Mbale,89196062,2,285,Yogurt,62
7408,Retailer,Jinja,90187192,6,1038,Cheese,22
7409,Wholesaler,Jinja,45105413,9,1432,Cheese,87
7410,Wholesaler,Jinja,94795893,15,9056,Flavored Milk,104
7411,Wholesaler,Gulu,28808507,16,9931,Cheese,81
7412,Retailer,Gulu,12405396,2,5679,Cheese,10
7413,Retailer,Jinja,66223781,3,2536,Milk,113
7414,Retailer,Mbale,93876138,8,1715,Powder Milk,124
7415,Retailer,Kampala,79713522,8,4036,Powder Milk,90
7416,Wholesaler,Mbarara,69785435,7,8236,Butter,50
7417,Wholesaler,Gulu,42481151,11,1873,Butter,196
7418,Retailer,Mbale,87554104,13,5878,Yogurt,22
7419,Retailer,Mbale,43106836,8,5480,Butter,191
7420,Wholesaler,Mbarara,73365783,9,5386,Powder Milk,184
7421,Retailer,Mbarara,98836954,16,4138,Cheese,36
7422,Retailer,Mbale,80314714,5,660,Powder Milk,132
7423,Retailer,Mbarara,70183537,14,9577,Milk,49
7424,Wholesaler,Mbale,93846748,1,3918,Powder Milk,169
7425,Wholesaler,Mbarara,99618168,19,4375,Butter,195
7426,Retailer,Mbarara,19714486,17,4485,Cheese,85
7427,Wholesaler,Mbale,30133019,14,2213,Powder Milk,180
7428,Retailer,Jinja,45447140,13,8312,Cheese,61
7429,Retailer,Mbale,29173532,8,1799,Flavored Milk,89
7430,Wholesaler,Kampala,26624383,3,4995,Cream,43
7431,Retailer,Mbarara,67401583,1,5222,Powder Milk,143
7432,Retailer,Gulu,67781923,19,391,Flavored Milk,57
7433,Wholesaler,Mbarara,33516502,15,4733,Butter,155
7434,Retailer,Kampala,15823904,8,3881,Flavored Milk,90
7435,Retailer,Gulu,52052035,9,2429,Cheese,176
7436,Retailer,Gulu,64948418,13,6155,Cheese,16
7437,Wholesaler,Mbale,21787516,12,3919,Flavored Milk,15
7438,Retailer,Jinja,84232863,9,6118,Cream,62
7439,Wholesaler,Mbale,66638403,11,2489,Milk,10
7440,Retailer,Gulu,48433792,5,7956,Flavored Milk,38
7441,Retailer,Gulu,30811339,19,7907,Milk,101
7442,Retailer,Jinja,47333345,18,5479,Cream,112
7443,Retailer,Mbarara,15348923,11,521,Flavored Milk,132
7444,Wholesaler,Jinja,25947292,11,8109,Cheese,111
7445,Wholesaler,Mbale,67930888,6,3815,Powder Milk,107
7446,Retailer,Mbarara,5419870,1,7876,Cheese,186
7447,Retailer,Mbale,93741958,9,7962,Flavored Milk,68
7448,Retailer,Jinja,18565365,7,8895,Yogurt,150
7449,Retailer,Mbarara,91939649,6,511,Milk,54
7450,Retailer,Jinja,44742368,10,1223,Yogurt,183
7451,Retailer,Kampala,18404721,5,1717,Cheese,131
7452,Retailer,Gulu,19836870,1,3371,Cream,32
7453,Retailer,Mbarara,25465842,15,8881,Milk,41
7454,Wholesaler,Gulu,13548555,5,4419,Powder Milk,81
7455,Wholesaler,Kampala,64267770,6,8723,Cream,120
7456,Wholesaler,Mbarara,44987258,5,8323,Flavored Milk,84
7457,Retailer,Gulu,73455432,17,4176,Milk,150
7458,Retailer,Gulu,85315355,18,2843,Milk,62
7459,Retailer,Mbarara,25309315,4,9349,Cream,29
7460,Wholesaler,Gulu,22627302,2,6235,Butter,138
7461,Retailer,Gulu,69767312,8,3835,Powder Milk,66
7462,Wholesaler,Mbarara,72787658,5,300,Milk,75
7463,Retailer,Gulu,84686422,4,1670,Powder Milk,148
7464,Wholesaler,Gulu,27079729,14,9960,Cheese,55
7465,Wholesaler,Mbale,85264981,4,8507,Powder Milk,39
7466,Wholesaler,Mbale,89752316,8,71,Yogurt,16
7467,Retailer,Kampala,50790873,3,2173,Yogurt,161
7468,Wholesaler,Mbale,73143880,14,1560,Powder Milk,104
7469,Retailer,Mbale,7811114,18,3902,Flavored Milk,185
7470,Retailer,Kampala,14314502,12,4825,Butter,52
7471,Retailer,Gulu,92417888,15,7058,Yogurt,88
7472,Retailer,Gulu,85972183,9,3472,Cream,45
7473,Retailer,Mbale,81125272,2,8481,Yogurt,138
7474,Wholesaler,Kampala,89581982,1,8292,Milk,16
7475,Retailer,Gulu,13304860,15,3057,Powder Milk,53
7476,Retailer,Jinja,18679684,15,8717,Cheese,70
7477,Retailer,Mbarara,79255653,8,206,Powder Milk,35
7478,Retailer,Mbarara,75673644,3,6392,Powder Milk,116
7479,Retailer,Mbarara,33274570,2,7648,Cheese,116
7480,Wholesaler,Mbale,14049919,4,4811,Flavored Milk,130
7481,Wholesaler,Mbarara,8423047,18,2069,Cheese,167
7482,Retailer,Mbarara,66221651,12,5287,Yogurt,10
7483,Wholesaler,Jinja,58585185,18,9928,Milk,72
7484,Wholesaler,Gulu,74032489,10,7973,Cheese,24
7485,Retailer,Jinja,81164999,8,4220,Butter,64
7486,Wholesaler,Mbale,74333326,18,5097,Butter,66
7487,Retailer,Mbarara,39931708,17,2464,Butter,126
7488,Wholesaler,Gulu,58423685,19,2205,Cheese,29
7489,Wholesaler,Mbarara,22665796,6,3807,Milk,159
7490,Wholesaler,Mbarara,9204789,14,142,Cheese,98
7491,Retailer,Mbale,6414466,5,6293,Yogurt,187
7492,Wholesaler,Mbarara,70642255,8,8912,Cheese,126
7493,Wholesaler,Kampala,66350498,8,2193,Cream,173
7494,Retailer,Gulu,22596962,18,8473,Cream,174
7495,Retailer,Gulu,15215762,9,6021,Powder Milk,183
7496,Wholesaler,Kampala,55089069,14,1652,Butter,128
7497,Retailer,Mbale,95270689,14,3001,Butter,164
7498,Wholesaler,Mbarara,8121958,14,1360,Powder Milk,156
7499,Wholesaler,Mbarara,61452105,17,8017,Milk,92
7500,Retailer,Gulu,69793801,2,6296,Flavored Milk,25
7501,Retailer,Mbale,56859347,14,208,Butter,63
7502,Retailer,Mbale,65603648,12,3828,Butter,104
7503,Wholesaler,Mbale,52369477,16,1636,Flavored Milk,171
7504,Retailer,Mbarara,34292026,6,427,Cheese,88
7505,Wholesaler,Mbale,87295873,18,3345,Butter,188
7506,Retailer,Kampala,60612197,7,8955,Milk,45
7507,Wholesaler,Jinja,94009730,2,8979,Cream,136
7508,Retailer,Mbale,71688588,13,2550,Cheese,190
7509,Wholesaler,Jinja,40784738,8,1913,Cheese,99
7510,Retailer,Mbarara,28717838,12,7938,Butter,103
7511,Wholesaler,Mbale,67837292,1,541,Cheese,199
7512,Retailer,Gulu,74363349,9,8163,Cheese,168
7513,Retailer,Mbarara,21470506,8,7551,Milk,98
7514,Wholesaler,Kampala,33321347,9,9771,Cheese,141
7515,Retailer,Kampala,43056189,5,7460,Powder Milk,21
7516,Wholesaler,Jinja,71777104,13,7781,Butter,190
7517,Wholesaler,Jinja,61643284,14,995,Butter,70
7518,Retailer,Gulu,38486648,4,8943,Powder Milk,156
7519,Wholesaler,Gulu,48775399,17,2534,Cream,128
7520,Retailer,Kampala,99798324,9,2805,Powder Milk,193
7521,Retailer,Mbale,18871389,15,7678,Powder Milk,18
7522,Wholesaler,Kampala,87993065,4,7867,Flavored Milk,34
7523,Retailer,Kampala,58075440,2,3083,Yogurt,63
7524,Wholesaler,Gulu,91347643,13,439,Flavored Milk,121
7525,Wholesaler,Jinja,65478662,4,7884,Milk,184
7526,Retailer,Gulu,26082071,18,9485,Milk,50
7527,Retailer,Gulu,92112616,16,3397,Cream,188
7528,Wholesaler,Gulu,52831031,10,61,Butter,59
7529,Wholesaler,Kampala,5120469,2,9758,Yogurt,126
7530,Retailer,Mbale,6771571,14,1670,Flavored Milk,144
7531,Retailer,Kampala,67200050,2,9999,Cream,36
7532,Retailer,Mbarara,43081754,18,8290,Cream,185
7533,Retailer,Gulu,62745516,1,9957,Yogurt,120
7534,Wholesaler,Gulu,19442561,13,6203,Butter,64
7535,Retailer,Mbarara,22484809,6,8228,Cream,116
7536,Wholesaler,Gulu,62217225,17,8502,Cream,143
7537,Wholesaler,Gulu,41951833,17,8561,Cheese,172
7538,Retailer,Gulu,68327108,11,1977,Butter,169
7539,Wholesaler,Mbarara,50064405,6,6863,Cream,15
7540,Retailer,Kampala,92414851,3,2882,Butter,27
7541,Wholesaler,Gulu,31327798,14,7028,Yogurt,168
7542,Retailer,Mbale,78808737,6,4166,Milk,61
7543,Wholesaler,Mbarara,89324678,17,65,Cheese,153
7544,Wholesaler,Jinja,50659185,3,3916,Cheese,193
7545,Retailer,Mbarara,70831952,17,2395,Cream,199
7546,Retailer,Kampala,56982858,19,9182,Milk,90
7547,Wholesaler,Mbarara,71641201,18,8500,Yogurt,189
7548,Wholesaler,Jinja,51121947,5,1113,Yogurt,142
7549,Retailer,Mbale,66363179,15,325,Milk,190
7550,Wholesaler,Jinja,70929719,3,2616,Flavored Milk,154
7551,Retailer,Mbarara,90791968,8,4972,Yogurt,168
7552,Wholesaler,Jinja,42003220,7,1980,Cream,25
7553,Retailer,Mbarara,36897419,18,3632,Milk,194
7554,Wholesaler,Mbale,48964282,10,1381,Flavored Milk,30
7555,Retailer,Mbale,22251161,10,8116,Butter,178
7556,Retailer,Kampala,74855772,19,9798,Cheese,48
7557,Wholesaler,Mbale,84103333,1,529,Milk,46
7558,Retailer,Gulu,26240676,2,4559,Cream,178
7559,Wholesaler,Jinja,31229613,1,3096,Yogurt,62
7560,Retailer,Jinja,20874924,9,1538,Cheese,83
7561,Retailer,Mbarara,92127468,15,8202,Flavored Milk,41
7562,Retailer,Mbale,58275420,18,2142,Cream,34
7563,Wholesaler,Kampala,34930992,18,879,Cheese,190
7564,Retailer,Kampala,83916055,7,7705,Cream,73
7565,Wholesaler,Kampala,58726862,14,2750,Powder Milk,170
7566,Retailer,Gulu,23332485,18,8385,Milk,112
7567,Wholesaler,Mbale,56103583,19,4980,Butter,111
7568,Wholesaler,Kampala,71856235,5,2854,Flavored Milk,47
7569,Wholesaler,Gulu,50067939,9,8040,Cream,101
7570,Retailer,Jinja,10441619,18,6386,Flavored Milk,88
7571,Wholesaler,Mbarara,11860088,13,9025,Flavored Milk,145
7572,Retailer,Mbale,8991755,5,6066,Cheese,10
7573,Wholesaler,Mbale,81993890,15,4323,Butter,68
7574,Wholesaler,Jinja,91254576,19,6511,Cream,44
7575,Wholesaler,Mbale,14571472,11,7608,Milk,25
7576,Wholesaler,Mbale,62586202,9,2248,Milk,151
7577,Retailer,Mbale,76722762,16,8852,Cheese,14
7578,Wholesaler,Mbale,82695551,11,8782,Powder Milk,89
7579,Wholesaler,Gulu,45795126,2,7425,Cream,30
7580,Retailer,Gulu,93421414,8,7939,Milk,67
7581,Wholesaler,Mbarara,71699393,5,462,Milk,66
7582,Wholesaler,Mbale,44467122,11,7306,Butter,148
7583,Wholesaler,Jinja,78795009,11,5918,Cheese,80
7584,Wholesaler,Kampala,59813621,9,5427,Cheese,130
7585,Retailer,Mbarara,8567516,11,9969,Flavored Milk,145
7586,Retailer,Kampala,87617388,5,5777,Milk,151
7587,Wholesaler,Kampala,68606999,9,1477,Yogurt,186
7588,Retailer,Mbale,80617258,1,3560,Powder Milk,117
7589,Retailer,Jinja,27153114,10,1687,Butter,170
7590,Wholesaler,Kampala,50867624,8,4626,Butter,161
7591,Retailer,Kampala,9679501,19,8421,Cream,47
7592,Wholesaler,Mbarara,87952492,16,3446,Powder Milk,88
7593,Retailer,Jinja,74039274,13,4727,Powder Milk,59
7594,Retailer,Jinja,86178219,5,5575,Yogurt,98
7595,Retailer,Kampala,76864725,18,7172,Flavored Milk,73
7596,Wholesaler,Jinja,75724962,9,1692,Yogurt,134
7597,Retailer,Mbarara,80798298,4,1344,Powder Milk,139
7598,Wholesaler,Mbarara,31859047,14,9824,Cream,176
7599,Wholesaler,Mbarara,64924505,7,3586,Powder Milk,151
7600,Retailer,Mbale,92168684,12,7837,Yogurt,149
7601,Wholesaler,Kampala,7706501,7,8605,Flavored Milk,90
7602,Retailer,Jinja,16841541,11,2166,Yogurt,87
7603,Wholesaler,Mbarara,95073883,15,2611,Cream,188
7604,Wholesaler,Kampala,89303042,7,6089,Flavored Milk,19
7605,Retailer,Kampala,47283532,17,7450,Powder Milk,53
7606,Retailer,Mbale,21738366,5,7918,Powder Milk,49
7607,Retailer,Jinja,33544012,8,6315,Powder Milk,118
7608,Retailer,Jinja,18222092,10,2592,Milk,197
7609,Wholesaler,Mbarara,60096192,6,6770,Flavored Milk,79
7610,Wholesaler,Mbarara,57262652,2,4070,Powder Milk,40
7611,Wholesaler,Kampala,67044199,5,933,Cheese,46
7612,Retailer,Jinja,27500516,10,1222,Cream,195
7613,Wholesaler,Jinja,70595379,3,7088,Cheese,180
7614,Retailer,Mbarara,32952656,13,5645,Yogurt,118
7615,Wholesaler,Gulu,54127048,16,4724,Cheese,106
7616,Retailer,Kampala,69090988,15,7788,Flavored Milk,80
7617,Wholesaler,Jinja,49400447,2,8354,Milk,47
7618,Wholesaler,Mbale,41143928,3,6738,Flavored Milk,17
7619,Retailer,Mbale,59520716,18,6592,Butter,43
7620,Wholesaler,Gulu,90495460,15,9033,Yogurt,154
7621,Retailer,Mbarara,23016653,5,1365,Powder Milk,26
7622,Wholesaler,Mbarara,20013322,11,3283,Milk,103
7623,Wholesaler,Mbarara,37233240,3,100,Yogurt,91
7624,Retailer,Mbale,97142201,9,193,Butter,62
7625,Retailer,Mbarara,74655152,7,3737,Cheese,152
7626,Wholesaler,Mbale,51122921,2,5851,Butter,73
7627,Wholesaler,Gulu,52252393,15,5302,Cheese,118
7628,Wholesaler,Kampala,49236590,12,5668,Yogurt,66
7629,Wholesaler,Jinja,42350259,16,4535,Yogurt,157
7630,Wholesaler,Gulu,25913579,16,7387,Powder Milk,70
7631,Wholesaler,Mbale,88755432,16,8201,Powder Milk,34
7632,Retailer,Gulu,92141614,19,8166,Yogurt,87
7633,Retailer,Jinja,84268697,3,3780,Powder Milk,36
7634,Retailer,Kampala,6931886,4,8990,Flavored Milk,184
7635,Wholesaler,Jinja,67323072,1,9116,Milk,108
7636,Wholesaler,Mbale,31292174,8,2994,Flavored Milk,37
7637,Wholesaler,Jinja,82884554,15,4853,Cream,143
7638,Retailer,Gulu,54482374,5,1258,Cream,50
7639,Retailer,Mbarara,78008371,12,3783,Butter,68
7640,Wholesaler,Gulu,29576421,4,263,Cream,87
7641,Wholesaler,Mbale,17078274,15,6616,Milk,198
7642,Retailer,Kampala,18376361,6,1868,Yogurt,58
7643,Retailer,Jinja,17985977,5,3544,Yogurt,117
7644,Retailer,Kampala,19403636,11,535,Yogurt,109
7645,Wholesaler,Mbale,49784601,14,7594,Cheese,14
7646,Wholesaler,Jinja,56704821,11,3065,Butter,20
7647,Wholesaler,Gulu,78842653,9,3529,Flavored Milk,95
7648,Retailer,Gulu,61533676,10,6979,Powder Milk,49
7649,Retailer,Mbale,80108644,6,6464,Butter,123
7650,Wholesaler,Jinja,62842746,11,5266,Cream,79
7651,Wholesaler,Gulu,43219665,9,4987,Cheese,176
7652,Retailer,Mbale,70613568,5,3168,Cheese,79
7653,Wholesaler,Mbale,87291956,10,713,Butter,119
7654,Retailer,Kampala,27879380,14,1073,Cheese,29
7655,Retailer,Gulu,27154011,6,6366,Powder Milk,141
7656,Wholesaler,Jinja,42252463,4,4492,Milk,22
7657,Retailer,Gulu,91970383,10,286,Yogurt,58
7658,Wholesaler,Gulu,95091695,11,6736,Flavored Milk,85
7659,Retailer,Gulu,95134043,16,3393,Cheese,18
7660,Retailer,Mbale,44024021,7,6600,Flavored Milk,68
7661,Wholesaler,Mbarara,45941010,18,2175,Yogurt,125
7662,Retailer,Mbarara,44634799,7,8008,Powder Milk,12
7663,Wholesaler,Kampala,6937536,15,3267,Butter,20
7664,Wholesaler,Gulu,45473459,19,2005,Cream,14
7665,Retailer,Mbarara,5775411,18,6205,Powder Milk,172
7666,Wholesaler,Kampala,67177705,15,7977,Yogurt,122
7667,Wholesaler,Mbale,33477793,18,278,Flavored Milk,161
7668,Wholesaler,Gulu,46067245,3,4988,Milk,91
7669,Wholesaler,Jinja,76712069,1,5110,Butter,134
7670,Wholesaler,Mbale,43433794,1,6865,Cheese,143
7671,Wholesaler,Kampala,36420894,7,2936,Milk,95
7672,Retailer,Mbale,79511311,10,6924,Yogurt,51
7673,Wholesaler,Jinja,9250704,12,7655,Flavored Milk,52
7674,Retailer,Mbale,51192794,8,2869,Flavored Milk,151
7675,Retailer,Kampala,11211095,17,3039,Flavored Milk,34
7676,Wholesaler,Jinja,88302291,14,9328,Yogurt,27
7677,Retailer,Jinja,40016802,17,7188,Butter,161
7678,Retailer,Mbale,14191571,6,2043,Cheese,115
7679,Wholesaler,Jinja,90330042,17,3095,Milk,10
7680,Wholesaler,Mbale,61857598,8,6243,Yogurt,24
7681,Wholesaler,Gulu,94512947,13,3355,Flavored Milk,191
7682,Retailer,Jinja,95742618,16,2042,Cheese,43
7683,Retailer,Mbale,58519163,12,3649,Flavored Milk,189
7684,Wholesaler,Gulu,69806787,17,3637,Yogurt,11
7685,Wholesaler,Jinja,33412795,18,1355,Flavored Milk,173
7686,Retailer,Gulu,69859792,8,6413,Yogurt,160
7687,Retailer,Jinja,19180224,18,5517,Cream,161
7688,Retailer,Kampala,59201888,11,4509,Flavored Milk,119
7689,Retailer,Kampala,84486069,13,5137,Yogurt,169
7690,Wholesaler,Mbale,67418571,12,969,Flavored Milk,60
7691,Retailer,Mbarara,96728101,15,8283,Cheese,55
7692,Retailer,Kampala,64938552,3,1332,Cheese,150
7693,Retailer,Mbarara,42631760,3,6159,Flavored Milk,106
7694,Retailer,Gulu,87438329,6,2170,Flavored Milk,115
7695,Wholesaler,Gulu,20671847,3,4546,Yogurt,23
7696,Wholesaler,Mbarara,47343647,9,3200,Yogurt,26
7697,Retailer,Mbale,11747502,11,5356,Yogurt,131
7698,Retailer,Jinja,87091358,8,1883,Butter,153
7699,Wholesaler,Mbarara,18834386,4,7773,Flavored Milk,169
7700,Wholesaler,Mbarara,25415772,15,5928,Powder Milk,116
7701,Retailer,Mbarara,7732467,5,5059,Flavored Milk,21
7702,Retailer,Mbarara,38543312,7,3912,Flavored Milk,140
7703,Wholesaler,Mbarara,39731848,8,178,Flavored Milk,84
7704,Wholesaler,Mbale,18944561,7,1395,Yogurt,190
7705,Wholesaler,Kampala,63753083,8,7419,Cream,52
7706,Wholesaler,Jinja,7123361,4,7182,Cream,142
7707,Wholesaler,Kampala,36955786,1,4692,Cream,184
7708,Wholesaler,Mbarara,10340534,5,3273,Cream,36
7709,Retailer,Kampala,40498387,11,3526,Yogurt,136
7710,Wholesaler,Mbale,72058544,4,5147,Butter,189
7711,Wholesaler,Gulu,39676404,2,9677,Cream,65
7712,Wholesaler,Kampala,95387569,17,8497,Yogurt,113
7713,Wholesaler,Jinja,33194286,12,5772,Powder Milk,89
7714,Retailer,Mbale,46794150,2,9995,Flavored Milk,77
7715,Retailer,Gulu,89107599,9,4796,Flavored Milk,100
7716,Wholesaler,Mbale,60824668,6,3461,Cream,24
7717,Retailer,Mbarara,70501051,6,125,Milk,156
7718,Retailer,Gulu,91778815,18,3661,Yogurt,35
7719,Retailer,Jinja,87499157,3,8051,Milk,182
7720,Retailer,Gulu,68831751,15,8746,Flavored Milk,19
7721,Retailer,Jinja,37923613,7,3442,Yogurt,107
7722,Retailer,Mbarara,80097185,13,5161,Cream,111
7723,Wholesaler,Jinja,44889071,10,6169,Flavored Milk,163
7724,Wholesaler,Mbale,54083251,4,2444,Milk,145
7725,Wholesaler,Kampala,82980746,16,1466,Cream,89
7726,Wholesaler,Mbale,75921122,9,7893,Milk,41
7727,Wholesaler,Mbale,28282710,10,8481,Cheese,30
7728,Retailer,Gulu,24445940,19,6103,Cream,105
7729,Wholesaler,Mbarara,23490412,17,1827,Cheese,54
7730,Wholesaler,Kampala,25323796,1,6364,Yogurt,192
7731,Retailer,Jinja,97377179,13,5814,Yogurt,21
7732,Retailer,Gulu,58513484,4,4208,Cream,185
7733,Wholesaler,Mbarara,8381281,15,4196,Yogurt,112
7734,Retailer,Kampala,8920549,10,2681,Yogurt,196
7735,Retailer,Mbale,31111683,9,5490,Yogurt,83
7736,Retailer,Mbarara,37054404,8,3439,Yogurt,79
7737,Retailer,Mbarara,71575094,6,9456,Powder Milk,46
7738,Wholesaler,Mbarara,11641319,10,719,Yogurt,121
7739,Retailer,Mbale,77883476,17,3611,Milk,168
7740,Wholesaler,Jinja,59765954,5,6283,Milk,140
7741,Wholesaler,Gulu,33400150,14,5591,Milk,78
7742,Retailer,Jinja,71844871,17,7708,Powder Milk,107
7743,Retailer,Kampala,26903634,11,8857,Flavored Milk,196
7744,Retailer,Gulu,54873396,4,4708,Cream,42
7745,Wholesaler,Kampala,5004554,17,7471,Cream,45
7746,Retailer,Mbale,76286833,2,9372,Butter,12
7747,Retailer,Jinja,32655865,1,7511,Flavored Milk,140
7748,Retailer,Mbarara,18550555,18,5680,Yogurt,115
7749,Retailer,Gulu,74530131,7,5405,Butter,196
7750,Retailer,Mbarara,28468659,6,9763,Milk,191
7751,Wholesaler,Kampala,49590535,6,8062,Milk,37
7752,Retailer,Mbarara,69393554,14,4501,Cheese,146
7753,Retailer,Mbarara,18372911,12,2714,Yogurt,35
7754,Retailer,Mbale,65467028,14,4912,Yogurt,166
7755,Wholesaler,Mbale,30147217,14,8545,Cheese,19
7756,Retailer,Jinja,8907336,12,1565,Flavored Milk,164
7757,Wholesaler,Kampala,68989763,9,633,Cheese,118
7758,Wholesaler,Mbale,21946856,9,8608,Powder Milk,71
7759,Retailer,Mbale,53919841,2,8700,Yogurt,105
7760,Retailer,Jinja,43892680,18,169,Powder Milk,155
7761,Retailer,Gulu,80013969,5,3334,Powder Milk,190
7762,Wholesaler,Jinja,34908620,12,7958,Powder Milk,95
7763,Wholesaler,Mbarara,45883592,14,3304,Milk,154
7764,Wholesaler,Mbarara,60591171,13,4509,Cheese,58
7765,Wholesaler,Mbale,63778382,3,5615,Butter,163
7766,Wholesaler,Mbale,25267512,15,2018,Milk,14
7767,Wholesaler,Jinja,20853093,15,2581,Flavored Milk,82
7768,Retailer,Jinja,93387786,3,9093,Milk,53
7769,Retailer,Kampala,56152607,19,6439,Flavored Milk,161
7770,Wholesaler,Mbarara,18917530,15,1979,Milk,194
7771,Retailer,Jinja,65012509,19,1993,Yogurt,130
7772,Retailer,Gulu,62597520,8,9005,Cream,16
7773,Wholesaler,Kampala,98851346,13,3346,Powder Milk,29
7774,Wholesaler,Jinja,70474054,10,5326,Cream,193
7775,Retailer,Mbale,99255466,2,5775,Flavored Milk,117
7776,Wholesaler,Jinja,34596474,11,951,Flavored Milk,156
7777,Wholesaler,Mbale,17068217,19,9760,Cheese,73
7778,Retailer,Mbale,60014811,9,6015,Milk,52
7779,Wholesaler,Mbarara,31180354,9,3306,Flavored Milk,53
7780,Retailer,Mbarara,85427044,6,5556,Flavored Milk,162
7781,Retailer,Jinja,12309356,10,8983,Milk,26
7782,Retailer,Jinja,89113015,8,3603,Milk,48
7783,Retailer,Gulu,74788717,15,7482,Butter,162
7784,Retailer,Kampala,36222324,6,1743,Cheese,108
7785,Wholesaler,Kampala,47713873,7,6545,Flavored Milk,48
7786,Wholesaler,Jinja,40850508,17,2179,Milk,48
7787,Wholesaler,Mbarara,58034883,4,4061,Flavored Milk,196
7788,Wholesaler,Gulu,99341910,8,3302,Butter,25
7789,Retailer,Kampala,72886141,13,1415,Butter,62
7790,Retailer,Jinja,77363573,14,8437,Flavored Milk,115
7791,Wholesaler,Mbarara,66104054,18,6253,Cheese,166
7792,Retailer,Mbarara,15906180,17,200,Yogurt,19
7793,Wholesaler,Mbarara,94392369,18,5230,Cream,11
7794,Wholesaler,Mbale,99852877,14,4573,Flavored Milk,150
7795,Wholesaler,Mbarara,47884859,11,7144,Butter,191
7796,Retailer,Jinja,26281121,10,380,Cheese,11
7797,Retailer,Gulu,27866887,13,3374,Powder Milk,179
7798,Retailer,Jinja,88337167,16,9131,Milk,23
7799,Retailer,Mbarara,59648902,14,1004,Cream,60
7800,Wholesaler,Gulu,25883868,3,7450,Powder Milk,117
7801,Retailer,Kampala,67554723,18,4499,Cheese,58
7802,Retailer,Kampala,73521411,6,6410,Cheese,175
7803,Retailer,Jinja,16195784,3,2094,Cream,171
7804,Wholesaler,Gulu,90289488,19,5695,Cream,38
7805,Wholesaler,Jinja,77868030,3,6604,Flavored Milk,120
7806,Retailer,Gulu,59994643,12,3649,Cheese,133
7807,Retailer,Gulu,40448909,8,6924,Milk,73
7808,Retailer,Jinja,12697965,5,7091,Cream,32
7809,Retailer,Gulu,70287032,17,5060,Powder Milk,32
7810,Wholesaler,Mbarara,24463692,10,4040,Flavored Milk,25
7811,Retailer,Gulu,84175395,17,7898,Butter,53
7812,Retailer,Gulu,67393644,9,5695,Cream,69
7813,Retailer,Jinja,5682932,13,1625,Milk,118
7814,Wholesaler,Kampala,87719534,10,5069,Flavored Milk,74
7815,Wholesaler,Mbale,90195185,8,6773,Cream,156
7816,Retailer,Gulu,6205290,7,5804,Flavored Milk,182
7817,Retailer,Mbale,45447355,2,2263,Cream,106
7818,Retailer,Gulu,91264019,2,1276,Yogurt,107
7819,Retailer,Jinja,6280202,4,9905,Milk,138
7820,Retailer,Jinja,92138293,9,8605,Cheese,21
7821,Wholesaler,Gulu,64457819,14,1997,Milk,162
7822,Wholesaler,Jinja,41355296,11,5594,Cream,96
7823,Wholesaler,Jinja,22986272,7,4803,Milk,98
7824,Retailer,Gulu,87796270,19,3682,Yogurt,97
7825,Wholesaler,Kampala,8121754,4,5638,Cream,147
7826,Wholesaler,Gulu,82227347,2,6708,Cheese,170
7827,Wholesaler,Kampala,9896544,19,9516,Powder Milk,139
7828,Retailer,Jinja,8910936,18,9687,Yogurt,141
7829,Retailer,Kampala,9493291,7,4877,Yogurt,160
7830,Wholesaler,Jinja,11330386,11,6188,Yogurt,119
7831,Retailer,Kampala,48414702,10,6029,Cream,50
7832,Wholesaler,Kampala,15853844,11,9251,Milk,47
7833,Wholesaler,Gulu,19898793,9,5436,Powder Milk,65
7834,Wholesaler,Kampala,62598752,3,5337,Yogurt,181
7835,Wholesaler,Jinja,86584887,5,9970,Butter,33
7836,Retailer,Gulu,24963714,1,8937,Cheese,102
7837,Retailer,Kampala,74842061,1,4667,Powder Milk,178
7838,Retailer,Gulu,48021774,5,2434,Cheese,37
7839,Retailer,Mbale,61187808,19,9624,Powder Milk,71
7840,Wholesaler,Gulu,52495465,6,6846,Yogurt,152
7841,Retailer,Mbale,14946581,3,3655,Powder Milk,199
7842,Wholesaler,Mbale,90865152,13,7083,Milk,19
7843,Retailer,Gulu,83098270,17,9970,Powder Milk,137
7844,Retailer,Jinja,84475490,3,6797,Cream,38
7845,Retailer,Jinja,37381855,3,8894,Flavored Milk,168
7846,Wholesaler,Jinja,52934390,13,7986,Cream,72
7847,Wholesaler,Mbarara,5177589,2,808,Flavored Milk,96
7848,Wholesaler,Mbale,22648459,3,1329,Milk,155
7849,Wholesaler,Gulu,29771506,16,491,Yogurt,16
7850,Retailer,Jinja,88603151,12,6278,Yogurt,164
7851,Wholesaler,Jinja,80504058,9,7766,Butter,146
7852,Wholesaler,Gulu,55060743,16,4243,Flavored Milk,29
7853,Retailer,Mbale,6854711,4,4020,Flavored Milk,126
7854,Retailer,Gulu,58176461,18,1576,Cheese,101
7855,Wholesaler,Mbarara,17134801,1,240,Yogurt,59
7856,Retailer,Mbarara,70837792,7,1923,Milk,198
7857,Wholesaler,Gulu,76515319,12,8008,Yogurt,76
7858,Retailer,Mbale,99856555,8,7418,Yogurt,118
7859,Wholesaler,Jinja,90233456,8,7539,Butter,154
7860,Wholesaler,Mbarara,98992123,9,7918,Powder Milk,108
7861,Wholesaler,Mbarara,99185584,14,8499,Powder Milk,158
7862,Wholesaler,Mbale,8921076,5,8396,Milk,169
7863,Wholesaler,Mbarara,45576901,2,5656,Butter,57
7864,Retailer,Mbarara,5654405,10,3952,Butter,175
7865,Wholesaler,Mbale,73244053,9,6710,Butter,37
7866,Wholesaler,Gulu,55326407,7,8135,Powder Milk,197
7867,Wholesaler,Jinja,51117348,18,2462,Butter,79
7868,Wholesaler,Jinja,86255822,12,73,Yogurt,67
7869,Wholesaler,Mbarara,19094233,11,6674,Powder Milk,190
7870,Retailer,Jinja,34903398,10,8008,Powder Milk,19
7871,Retailer,Gulu,40733432,13,1791,Cheese,11
7872,Wholesaler,Mbarara,56227657,9,3210,Yogurt,162
7873,Retailer,Jinja,32342850,16,3421,Butter,175
7874,Wholesaler,Kampala,97139309,17,9302,Butter,10
7875,Retailer,Kampala,34397653,5,3401,Cheese,89
7876,Retailer,Kampala,82555778,6,510,Flavored Milk,99
7877,Wholesaler,Kampala,27047424,10,2167,Cream,82
7878,Retailer,Kampala,79815459,11,6406,Milk,22
7879,Retailer,Mbarara,71557245,2,1656,Butter,80
7880,Wholesaler,Mbale,88993656,7,121,Cream,10
7881,Wholesaler,Mbale,35149263,14,6401,Butter,168
7882,Retailer,Mbarara,85948111,4,756,Yogurt,65
7883,Retailer,Mbarara,98505906,5,1978,Butter,156
7884,Retailer,Gulu,69163891,19,2848,Butter,13
7885,Wholesaler,Mbale,33214995,10,9419,Milk,37
7886,Retailer,Kampala,64449384,6,8395,Cream,53
7887,Retailer,Mbarara,13928047,2,79,Yogurt,39
7888,Retailer,Kampala,31683482,3,5121,Cream,45
7889,Wholesaler,Mbale,76883651,15,3361,Flavored Milk,190
7890,Wholesaler,Jinja,37370271,10,6837,Butter,115
7891,Wholesaler,Jinja,64084641,17,1924,Butter,131
7892,Wholesaler,Mbarara,35251750,7,8478,Flavored Milk,196
7893,Retailer,Gulu,78851484,2,8859,Cheese,13
7894,Wholesaler,Kampala,12599789,7,1621,Cream,20
7895,Retailer,Mbarara,56177947,15,7263,Flavored Milk,62
7896,Retailer,Gulu,31470508,3,2487,Flavored Milk,133
7897,Retailer,Kampala,22088725,5,7581,Yogurt,97
7898,Retailer,Mbale,67764724,8,631,Powder Milk,63
7899,Wholesaler,Jinja,13837528,4,2304,Flavored Milk,93
7900,Wholesaler,Gulu,25424232,18,5902,Yogurt,54
7901,Wholesaler,Kampala,98649528,19,650,Powder Milk,154
7902,Wholesaler,Mbarara,28341132,8,9220,Flavored Milk,73
7903,Wholesaler,Kampala,48931742,6,8756,Cream,195
7904,Retailer,Mbarara,14881960,5,859,Butter,22
7905,Wholesaler,Jinja,37612132,5,2535,Butter,188
7906,Wholesaler,Jinja,25730538,17,7448,Powder Milk,61
7907,Wholesaler,Kampala,60341217,6,1496,Cheese,152
7908,Wholesaler,Kampala,66075920,13,518,Powder Milk,141
7909,Retailer,Mbarara,90869366,9,679,Cream,91
7910,Retailer,Mbarara,76167539,12,3432,Flavored Milk,116
7911,Retailer,Gulu,76161812,10,6588,Milk,18
7912,Retailer,Gulu,90510691,1,163,Flavored Milk,121
7913,Retailer,Gulu,52275957,11,1275,Powder Milk,129
7914,Wholesaler,Kampala,54134778,6,5533,Cream,76
7915,Retailer,Gulu,82450999,3,1666,Milk,91
7916,Retailer,Kampala,6779763,6,3367,Cream,194
7917,Retailer,Jinja,30285095,9,7401,Cream,110
7918,Wholesaler,Mbale,57669970,8,7630,Powder Milk,129
7919,Wholesaler,Jinja,51869899,15,6466,Flavored Milk,166
7920,Retailer,Kampala,11135599,6,4690,Yogurt,184
7921,Wholesaler,Kampala,10756635,11,5783,Butter,125
7922,Wholesaler,Mbale,81166891,10,5668,Cream,123
7923,Retailer,Mbarara,80961038,11,4863,Cream,142
7924,Wholesaler,Mbarara,79715116,4,2587,Milk,120
7925,Wholesaler,Mbarara,58321926,13,3224,Milk,68
7926,Wholesaler,Gulu,76031598,8,8024,Flavored Milk,44
7927,Retailer,Mbarara,87351426,15,2272,Butter,14
7928,Retailer,Gulu,59654750,7,8071,Cream,59
7929,Retailer,Gulu,87470219,1,101,Cheese,69
7930,Wholesaler,Mbarara,54633835,9,2394,Milk,24
7931,Retailer,Mbarara,7592177,8,5114,Butter,117
7932,Wholesaler,Mbale,54988386,2,6536,Butter,124
7933,Wholesaler,Mbale,87903542,14,5880,Cream,112
7934,Wholesaler,Gulu,97680660,12,4745,Milk,161
7935,Retailer,Mbale,85738265,17,4316,Yogurt,30
7936,Retailer,Gulu,71795446,19,1708,Powder Milk,11
7937,Retailer,Kampala,97526273,6,7418,Yogurt,182
7938,Retailer,Gulu,42207821,5,5233,Flavored Milk,91
7939,Wholesaler,Gulu,73561261,6,9128,Cream,19
7940,Retailer,Mbale,80996931,3,5671,Powder Milk,182
7941,Wholesaler,Kampala,58106576,16,4060,Powder Milk,174
7942,Retailer,Jinja,59320366,18,685,Flavored Milk,160
7943,Retailer,Jinja,38136196,14,6471,Butter,182
7944,Retailer,Jinja,79804119,15,224,Cream,178
7945,Wholesaler,Kampala,97371504,4,9298,Milk,74
7946,Wholesaler,Mbarara,43669110,11,9990,Yogurt,70
7947,Wholesaler,Kampala,68828934,5,8809,Butter,127
7948,Wholesaler,Mbale,93478358,9,6206,Cream,143
7949,Wholesaler,Gulu,36974794,5,7757,Yogurt,27
7950,Retailer,Gulu,76630450,7,7059,Milk,100
7951,Wholesaler,Mbale,91887521,18,2193,Yogurt,121
7952,Wholesaler,Mbale,65670334,18,7049,Cheese,177
7953,Wholesaler,Gulu,51440046,2,1524,Cream,175
7954,Wholesaler,Mbarara,29239388,13,5294,Flavored Milk,182
7955,Retailer,Mbarara,57222260,13,7298,Powder Milk,26
7956,Wholesaler,Mbarara,66073012,17,4152,Yogurt,150
7957,Retailer,Mbale,5332003,17,379,Milk,19
7958,Retailer,Gulu,33928346,6,2723,Cream,40
7959,Retailer,Gulu,51499830,14,4672,Milk,59
7960,Wholesaler,Gulu,14092713,14,5282,Cheese,132
7961,Retailer,Kampala,56123541,12,6633,Milk,93
7962,Wholesaler,Kampala,10283711,5,939,Cheese,160
7963,Wholesaler,Jinja,66637870,5,8071,Butter,54
7964,Wholesaler,Kampala,30302627,4,9003,Yogurt,175
7965,Wholesaler,Mbarara,62878191,13,9265,Milk,148
7966,Wholesaler,Mbarara,11848861,4,1730,Flavored Milk,145
7967,Retailer,Mbarara,72203002,18,6001,Yogurt,87
7968,Retailer,Mbarara,81708294,16,9303,Cream,137
7969,Wholesaler,Jinja,78957816,18,6916,Cheese,22
7970,Retailer,Mbarara,99718712,2,9145,Yogurt,171
7971,Wholesaler,Mbale,29589899,4,183,Yogurt,110
7972,Retailer,Mbale,64853314,17,6114,Milk,19
7973,Retailer,Mbale,77377704,6,1175,Flavored Milk,103
7974,Retailer,Kampala,71838815,18,2089,Butter,85
7975,Retailer,Gulu,34320165,7,4238,Flavored Milk,128
7976,Retailer,Jinja,91231325,13,2899,Powder Milk,45
7977,Wholesaler,Mbale,38138062,9,3416,Cheese,13
7978,Wholesaler,Mbale,33688457,2,2961,Powder Milk,131
7979,Retailer,Mbarara,42774774,8,2641,Cream,158
7980,Wholesaler,Mbale,25868218,14,4333,Flavored Milk,134
7981,Retailer,Mbarara,51471973,18,4311,Flavored Milk,198
7982,Wholesaler,Mbarara,12800989,1,7184,Cheese,103
7983,Retailer,Gulu,53842175,9,294,Cream,47
7984,Retailer,Kampala,62724313,9,5178,Cream,85
7985,Retailer,Mbarara,89036716,2,9421,Flavored Milk,48
7986,Wholesaler,Mbarara,15372802,16,4975,Butter,98
7987,Wholesaler,Gulu,58179481,4,6881,Yogurt,63
7988,Retailer,Mbarara,81399612,13,1828,Butter,71
7989,Retailer,Jinja,68044557,17,6360,Powder Milk,28
7990,Wholesaler,Kampala,10871006,11,8678,Yogurt,11
7991,Wholesaler,Jinja,92484365,2,6384,Yogurt,159
7992,Wholesaler,Mbale,55093049,4,5956,Flavored Milk,103
7993,Wholesaler,Kampala,34422887,12,9035,Yogurt,66
7994,Wholesaler,Mbale,20060013,2,9522,Cheese,109
7995,Retailer,Mbarara,88036647,1,9980,Butter,12
7996,Wholesaler,Gulu,42540458,6,8691,Yogurt,32
7997,Retailer,Jinja,32652265,16,7718,Flavored Milk,13
7998,Retailer,Mbale,86072995,2,2004,Flavored Milk,165
7999,Wholesaler,Mbarara,34962659,14,8856,Flavored Milk,87
8000,Wholesaler,Jinja,97133323,12,7443,Milk,79
8001,Retailer,Jinja,36540226,19,8980,Butter,178
8002,Wholesaler,Mbale,26614161,3,1681,Flavored Milk,174
8003,Retailer,Mbarara,77369414,19,5086,Cream,16
8004,Wholesaler,Gulu,16619102,11,3715,Cheese,10
8005,Wholesaler,Mbale,22736000,4,8310,Flavored Milk,97
8006,Wholesaler,Jinja,14526878,17,6924,Milk,171
8007,Retailer,Jinja,86212991,17,919,Butter,189
8008,Wholesaler,Kampala,50779189,7,9635,Yogurt,19
8009,Retailer,Mbarara,86641948,5,3241,Butter,128
8010,Wholesaler,Kampala,60860482,19,3169,Yogurt,197
8011,Retailer,Gulu,94368354,19,2165,Cream,143
8012,Wholesaler,Mbale,29994574,9,7302,Yogurt,119
8013,Retailer,Jinja,44352556,17,426,Flavored Milk,134
8014,Retailer,Mbarara,26576654,9,1991,Powder Milk,185
8015,Retailer,Jinja,50726374,14,254,Cheese,54
8016,Retailer,Kampala,22587679,5,8986,Cheese,149
8017,Retailer,Kampala,30253213,2,7104,Powder Milk,112
8018,Retailer,Mbale,25330625,15,5998,Flavored Milk,120
8019,Wholesaler,Mbarara,55479360,16,7296,Milk,79
8020,Retailer,Mbarara,43042415,19,9791,Yogurt,126
8021,Retailer,Mbale,71492784,1,4470,Powder Milk,158
8022,Retailer,Kampala,79976175,12,2475,Cheese,119
8023,Wholesaler,Kampala,48664777,19,4023,Butter,128
8024,Wholesaler,Kampala,36727389,15,720,Milk,84
8025,Wholesaler,Jinja,32669922,5,3467,Flavored Milk,45
8026,Retailer,Gulu,77884333,1,3115,Milk,96
8027,Wholesaler,Kampala,24920308,11,1777,Cream,110
8028,Wholesaler,Gulu,66098488,9,6026,Cream,32
8029,Retailer,Gulu,82215563,7,4076,Cheese,192
8030,Retailer,Mbarara,24264490,2,7912,Powder Milk,164
8031,Wholesaler,Mbale,39730238,17,6114,Cream,157
8032,Retailer,Jinja,59790138,16,3864,Cream,24
8033,Retailer,Gulu,30053317,16,1753,Cream,51
8034,Retailer,Jinja,59824422,14,7671,Flavored Milk,141
8035,Retailer,Mbarara,45937045,2,7480,Cheese,38
8036,Wholesaler,Kampala,14571914,19,4591,Yogurt,192
8037,Retailer,Gulu,55678406,3,103,Cream,58
8038,Wholesaler,Mbale,76143212,8,741,Cream,80
8039,Wholesaler,Mbarara,91676140,19,6116,Cream,84
8040,Wholesaler,Jinja,91658260,16,8498,Milk,63
8041,Wholesaler,Kampala,11526784,4,3482,Powder Milk,170
8042,Retailer,Jinja,17492125,8,883,Yogurt,105
8043,Retailer,Mbale,13964214,1,5844,Butter,113
8044,Retailer,Gulu,88361052,4,9403,Yogurt,46
8045,Wholesaler,Mbale,78887970,7,3572,Milk,144
8046,Wholesaler,Jinja,68108602,1,8714,Butter,33
8047,Wholesaler,Jinja,99166516,18,5910,Cheese,64
8048,Retailer,Mbale,29081619,4,2076,Powder Milk,148
8049,Wholesaler,Mbale,76791292,14,9879,Butter,117
8050,Retailer,Mbale,61830174,8,3598,Milk,181
8051,Retailer,Kampala,73718207,18,955,Cream,99
8052,Retailer,Jinja,87695927,7,6414,Flavored Milk,15
8053,Retailer,Mbarara,86503422,3,1233,Butter,40
8054,Wholesaler,Kampala,5039906,14,1138,Cheese,180
8055,Retailer,Kampala,31811886,12,1242,Butter,116
8056,Wholesaler,Kampala,71657516,15,2178,Powder Milk,21
8057,Retailer,Mbarara,43777877,8,5437,Yogurt,189
8058,Wholesaler,Mbale,78672006,5,3501,Flavored Milk,79
8059,Wholesaler,Jinja,82996396,17,381,Milk,39
8060,Retailer,Gulu,13638307,10,9453,Flavored Milk,128
8061,Retailer,Gulu,83820395,11,1098,Yogurt,135
8062,Retailer,Jinja,45225919,16,2325,Cream,64
8063,Wholesaler,Mbarara,87486874,16,5287,Flavored Milk,48
8064,Retailer,Gulu,73777280,4,6435,Cream,91
8065,Retailer,Kampala,43009017,5,1684,Cream,15
8066,Wholesaler,Gulu,18952621,10,7698,Yogurt,193
8067,Retailer,Jinja,71094037,14,552,Powder Milk,17
8068,Wholesaler,Kampala,41759899,9,3619,Butter,64
8069,Retailer,Gulu,67040052,18,9321,Milk,114
8070,Wholesaler,Jinja,24369440,6,7366,Yogurt,25
8071,Wholesaler,Mbarara,64523993,11,9576,Cream,129
8072,Retailer,Jinja,50367230,17,4697,Yogurt,139
8073,Wholesaler,Mbarara,88938890,9,4068,Butter,73
8074,Retailer,Kampala,70228699,3,4266,Yogurt,20
8075,Retailer,Jinja,22947544,16,5941,Milk,97
8076,Wholesaler,Mbale,75947772,4,5281,Cheese,13
8077,Retailer,Mbale,43343966,15,8264,Flavored Milk,140
8078,Wholesaler,Mbale,57983904,2,7898,Powder Milk,24
8079,Wholesaler,Mbale,57375865,17,7481,Powder Milk,113
8080,Wholesaler,Mbale,88781652,19,529,Yogurt,77
8081,Wholesaler,Mbarara,86816356,16,2404,Flavored Milk,180
8082,Wholesaler,Jinja,69330303,19,4914,Powder Milk,90
8083,Wholesaler,Kampala,68290864,17,1193,Flavored Milk,18
8084,Wholesaler,Mbale,67579835,4,2383,Powder Milk,34
8085,Wholesaler,Mbale,23252388,18,5133,Cheese,74
8086,Retailer,Kampala,75592340,4,8002,Yogurt,113
8087,Retailer,Kampala,44528013,3,7624,Cream,75
8088,Wholesaler,Mbale,10639113,18,5321,Milk,192
8089,Retailer,Mbarara,71594502,5,2695,Yogurt,182
8090,Retailer,Kampala,46201116,9,5494,Flavored Milk,42
8091,Retailer,Jinja,90089214,15,6117,Butter,31
8092,Retailer,Jinja,32913063,9,888,Cheese,51
8093,Retailer,Mbarara,80593405,14,7463,Milk,164
8094,Retailer,Gulu,60961702,2,8241,Milk,20
8095,Wholesaler,Mbarara,72905298,18,5085,Flavored Milk,51
8096,Retailer,Mbale,48826634,13,2259,Milk,87
8097,Retailer,Gulu,95246273,16,9634,Flavored Milk,113
8098,Retailer,Mbale,33279536,6,5098,Milk,31
8099,Retailer,Jinja,39994309,16,2009,Milk,146
8100,Wholesaler,Kampala,28882152,4,325,Powder Milk,66
8101,Wholesaler,Mbale,6537458,10,4674,Powder Milk,92
8102,Wholesaler,Jinja,7792836,19,9701,Flavored Milk,40
8103,Wholesaler,Mbarara,5390056,11,9200,Cheese,27
8104,Retailer,Mbale,20283869,5,1891,Milk,149
8105,Wholesaler,Jinja,17001784,18,4195,Yogurt,177
8106,Wholesaler,Kampala,21243558,3,5725,Butter,131
8107,Wholesaler,Mbale,29524989,8,7107,Powder Milk,110
8108,Wholesaler,Jinja,83240355,11,8231,Cream,182
8109,Retailer,Mbale,36944657,19,537,Flavored Milk,186
8110,Wholesaler,Kampala,99171187,3,2177,Milk,138
8111,Retailer,Mbale,35006832,12,5455,Powder Milk,107
8112,Wholesaler,Mbale,5267709,15,6754,Cheese,144
8113,Retailer,Jinja,94471587,16,7315,Powder Milk,139
8114,Retailer,Gulu,65284347,5,5647,Yogurt,130
8115,Wholesaler,Mbale,74432701,19,1990,Flavored Milk,95
8116,Wholesaler,Gulu,76147258,6,7785,Yogurt,13
8117,Wholesaler,Mbarara,31286453,12,4400,Powder Milk,182
8118,Wholesaler,Mbale,73496949,19,1009,Butter,183
8119,Retailer,Gulu,48649398,9,6680,Cheese,18
8120,Retailer,Mbarara,60555720,18,5842,Flavored Milk,194
8121,Wholesaler,Jinja,6614497,3,2613,Flavored Milk,25
8122,Wholesaler,Mbale,19620513,14,513,Milk,60
8123,Retailer,Jinja,26338915,5,7721,Yogurt,61
8124,Wholesaler,Mbarara,75268382,5,8257,Flavored Milk,146
8125,Retailer,Jinja,93735731,4,968,Yogurt,92
8126,Wholesaler,Jinja,33293523,16,6137,Butter,143
8127,Retailer,Kampala,27993214,13,1663,Milk,53
8128,Retailer,Mbarara,21862274,8,9064,Cream,126
8129,Retailer,Jinja,54811869,16,2170,Butter,143
8130,Retailer,Gulu,92951812,2,3441,Milk,14
8131,Retailer,Mbarara,58072069,8,1931,Milk,183
8132,Wholesaler,Kampala,36532720,3,8981,Yogurt,36
8133,Retailer,Mbale,88154199,9,7412,Cream,123
8134,Wholesaler,Jinja,68453681,11,5051,Cream,54
8135,Retailer,Gulu,63738546,1,7306,Powder Milk,178
8136,Retailer,Kampala,85710069,1,3893,Milk,99
8137,Wholesaler,Mbarara,42238451,8,9039,Butter,37
8138,Wholesaler,Jinja,48228451,16,6179,Powder Milk,191
8139,Wholesaler,Kampala,98708494,10,3260,Butter,41
8140,Wholesaler,Kampala,63791912,2,9828,Cream,62
8141,Retailer,Gulu,26153617,16,5566,Powder Milk,80
8142,Wholesaler,Mbale,99197718,4,2581,Butter,39
8143,Retailer,Mbale,12542812,19,5537,Yogurt,62
8144,Wholesaler,Mbale,7836520,9,4603,Yogurt,168
8145,Wholesaler,Mbarara,19671317,3,2329,Cheese,149
8146,Retailer,Kampala,80602263,11,9609,Cream,18
8147,Retailer,Mbarara,88797740,8,7355,Cream,76
8148,Wholesaler,Kampala,5557004,7,9639,Flavored Milk,174
8149,Retailer,Gulu,17046961,1,5606,Cheese,123
8150,Retailer,Gulu,88652885,8,204,Cheese,165
8151,Retailer,Mbarara,79927458,17,9357,Milk,163
8152,Retailer,Mbarara,44387664,11,3715,Cream,92
8153,Retailer,Gulu,56947605,7,6777,Milk,158
8154,Retailer,Jinja,32740036,9,1164,Cheese,110
8155,Retailer,Mbale,8823448,14,749,Flavored Milk,19
8156,Retailer,Mbale,88974021,5,7615,Cheese,89
8157,Wholesaler,Gulu,54407312,18,7005,Yogurt,33
8158,Retailer,Mbale,61574814,13,7159,Butter,34
8159,Wholesaler,Jinja,48740304,5,8837,Cheese,189
8160,Retailer,Jinja,9640166,8,1063,Milk,99
8161,Retailer,Kampala,61933429,15,8781,Flavored Milk,138
8162,Retailer,Mbarara,18793149,4,61,Milk,62
8163,Retailer,Mbale,42480367,1,7524,Cream,116
8164,Wholesaler,Jinja,69861999,6,4509,Yogurt,33
8165,Wholesaler,Mbarara,44673923,19,711,Cream,36
8166,Retailer,Mbarara,50172330,12,4683,Powder Milk,116
8167,Wholesaler,Kampala,86667068,7,7431,Milk,164
8168,Retailer,Mbarara,79593818,13,5624,Cream,97
8169,Retailer,Mbarara,87877271,7,9664,Powder Milk,133
8170,Wholesaler,Gulu,63727578,9,5921,Milk,48
8171,Wholesaler,Kampala,46424430,1,9487,Flavored Milk,86
8172,Retailer,Kampala,49105457,13,629,Cream,93
8173,Retailer,Mbale,22892710,19,8503,Powder Milk,111
8174,Wholesaler,Mbarara,19570772,1,545,Flavored Milk,173
8175,Retailer,Mbale,26392242,19,4275,Milk,85
8176,Wholesaler,Jinja,96661624,18,5984,Milk,14
8177,Retailer,Mbarara,30656424,5,2186,Cheese,90
8178,Retailer,Jinja,53367273,3,5113,Yogurt,147
8179,Wholesaler,Gulu,40329901,2,5501,Powder Milk,25
8180,Wholesaler,Mbarara,30075482,10,8871,Cheese,190
8181,Wholesaler,Mbale,87291839,6,8747,Flavored Milk,151
8182,Retailer,Mbale,76072075,19,7347,Cheese,38
8183,Retailer,Mbarara,92411234,17,256,Cheese,165
8184,Retailer,Mbale,66261091,19,3180,Powder Milk,127
8185,Retailer,Mbarara,9618305,13,1904,Milk,126
8186,Wholesaler,Kampala,40512267,17,5628,Milk,154
8187,Retailer,Mbale,80762320,18,5314,Powder Milk,45
8188,Retailer,Mbarara,55096531,11,7527,Yogurt,113
8189,Retailer,Mbarara,95765929,13,1710,Butter,183
8190,Wholesaler,Mbale,11279763,11,8134,Butter,54
8191,Retailer,Kampala,83275207,19,7598,Powder Milk,112
8192,Retailer,Mbale,12694481,10,5029,Powder Milk,18
8193,Wholesaler,Mbarara,24032824,3,5096,Cheese,173
8194,Retailer,Kampala,81609041,6,8526,Yogurt,14
8195,Retailer,Jinja,69847249,7,768,Yogurt,88
8196,Wholesaler,Gulu,19385276,5,8743,Flavored Milk,82
8197,Retailer,Mbale,27574411,9,307,Milk,98
8198,Retailer,Mbarara,44727583,10,4955,Cream,187
8199,Retailer,Kampala,56876551,14,2647,Powder Milk,37
8200,Wholesaler,Kampala,92050162,11,8062,Cream,36
8201,Retailer,Jinja,83429833,17,9481,Powder Milk,119
8202,Retailer,Mbale,95330509,11,6848,Powder Milk,184
8203,Wholesaler,Kampala,83636825,7,3063,Powder Milk,170
8204,Wholesaler,Jinja,73993838,11,5274,Flavored Milk,124
8205,Retailer,Mbarara,10180445,13,4667,Butter,131
8206,Retailer,Jinja,19381111,19,5114,Yogurt,106
8207,Retailer,Mbale,29641449,6,937,Cream,175
8208,Retailer,Jinja,20483011,2,7331,Butter,145
8209,Wholesaler,Kampala,78294054,14,794,Milk,141
8210,Retailer,Kampala,54906058,16,7286,Milk,121
8211,Wholesaler,Gulu,32237527,7,3486,Powder Milk,173
8212,Wholesaler,Jinja,18067172,1,5213,Cream,116
8213,Retailer,Mbarara,33825081,2,1754,Milk,168
8214,Retailer,Mbale,89978571,9,8452,Butter,186
8215,Wholesaler,Gulu,55598852,18,4114,Cream,178
8216,Wholesaler,Jinja,14617350,18,5276,Yogurt,145
8217,Retailer,Mbarara,99501311,18,2006,Cream,167
8218,Wholesaler,Gulu,41625987,10,1752,Flavored Milk,151
8219,Retailer,Kampala,35464125,8,4264,Yogurt,54
8220,Retailer,Mbale,84178421,8,8727,Yogurt,119
8221,Wholesaler,Jinja,79422883,2,2551,Cheese,55
8222,Wholesaler,Mbarara,55637690,18,5177,Yogurt,102
8223,Retailer,Kampala,25928957,11,4657,Flavored Milk,25
8224,Wholesaler,Gulu,9199893,11,9308,Cheese,147
8225,Retailer,Mbale,36993180,19,6587,Yogurt,77
8226,Retailer,Gulu,28116283,11,4106,Cheese,189
8227,Retailer,Gulu,88380680,10,247,Cream,59
8228,Wholesaler,Mbarara,58234649,8,7681,Yogurt,77
8229,Retailer,Kampala,73874123,15,5013,Milk,11
8230,Retailer,Jinja,75463215,8,8018,Milk,84
8231,Retailer,Mbarara,25351904,19,1365,Yogurt,84
8232,Retailer,Mbale,32477439,1,6346,Cream,197
8233,Retailer,Gulu,87062963,3,8152,Cheese,187
8234,Retailer,Mbale,83977475,12,4912,Flavored Milk,138
8235,Retailer,Mbarara,95501773,16,9423,Milk,106
8236,Retailer,Mbarara,27725750,16,3391,Cheese,118
8237,Retailer,Jinja,82580808,17,7797,Flavored Milk,174
8238,Retailer,Gulu,75103577,16,8498,Cheese,160
8239,Retailer,Mbarara,67346672,9,2612,Yogurt,186
8240,Wholesaler,Mbale,16464430,19,1717,Milk,126
8241,Retailer,Jinja,22123177,1,6364,Milk,26
8242,Retailer,Mbale,80761808,18,6463,Milk,80
8243,Retailer,Gulu,88013608,6,2698,Yogurt,152
8244,Wholesaler,Jinja,69455747,6,5784,Flavored Milk,60
8245,Retailer,Jinja,6753787,12,8878,Flavored Milk,164
8246,Wholesaler,Jinja,22813500,3,8249,Powder Milk,18
8247,Retailer,Kampala,92467885,11,1629,Powder Milk,73
8248,Retailer,Jinja,25497116,6,7665,Cream,94
8249,Wholesaler,Mbale,26804312,14,184,Milk,190
8250,Retailer,Mbale,89211476,18,4170,Powder Milk,102
8251,Wholesaler,Gulu,48906699,16,2562,Cream,51
8252,Wholesaler,Mbarara,60279157,13,6155,Flavored Milk,126
8253,Retailer,Mbarara,42259903,1,6897,Powder Milk,79
8254,Retailer,Kampala,43301696,6,8098,Powder Milk,98
8255,Retailer,Jinja,41179628,14,6595,Milk,44
8256,Retailer,Kampala,74050799,17,6082,Flavored Milk,26
8257,Wholesaler,Gulu,49259718,13,1282,Cream,53
8258,Wholesaler,Gulu,22335551,13,9195,Milk,180
8259,Retailer,Mbarara,75448055,9,9780,Flavored Milk,113
8260,Wholesaler,Gulu,21648365,6,957,Cheese,98
8261,Wholesaler,Jinja,35676012,6,9922,Milk,116
8262,Retailer,Mbale,7392918,5,5703,Powder Milk,127
8263,Wholesaler,Gulu,10016716,14,5208,Cream,53
8264,Wholesaler,Kampala,68883802,14,5976,Cream,175
8265,Retailer,Jinja,99229224,4,4139,Cream,178
8266,Wholesaler,Gulu,44406288,2,8860,Powder Milk,162
8267,Retailer,Gulu,57059196,2,7829,Milk,58
8268,Wholesaler,Jinja,26877899,17,5953,Powder Milk,69
8269,Retailer,Gulu,63022484,10,7140,Butter,11
8270,Wholesaler,Mbale,96872286,14,2894,Milk,74
8271,Wholesaler,Mbarara,33913671,19,4351,Flavored Milk,123
8272,Retailer,Jinja,58694231,17,8938,Cream,12
8273,Retailer,Kampala,86172390,11,4353,Cheese,102
8274,Retailer,Gulu,64959328,7,8646,Cheese,151
8275,Retailer,Mbarara,64952782,9,9752,Flavored Milk,182
8276,Wholesaler,Kampala,13322499,14,7599,Yogurt,171
8277,Wholesaler,Kampala,47431936,4,5012,Cream,173
8278,Wholesaler,Mbale,58719967,14,907,Powder Milk,24
8279,Retailer,Mbarara,11377354,17,2442,Milk,46
8280,Wholesaler,Jinja,14151325,19,6821,Cream,147
8281,Wholesaler,Mbarara,23743332,17,7609,Cheese,18
8282,Retailer,Mbarara,36547314,14,4332,Flavored Milk,59
8283,Retailer,Kampala,14006819,13,69,Cheese,172
8284,Wholesaler,Mbale,16020321,14,5507,Cream,55
8285,Retailer,Mbale,49458438,16,2470,Cream,115
8286,Wholesaler,Mbarara,34936876,15,7973,Cream,90
8287,Wholesaler,Mbarara,14174836,19,116,Cream,56
8288,Retailer,Gulu,77428683,11,3183,Cheese,27
8289,Wholesaler,Kampala,54920360,12,835,Cream,122
8290,Retailer,Jinja,87587943,11,6815,Flavored Milk,162
8291,Retailer,Jinja,59835121,5,7785,Butter,172
8292,Wholesaler,Mbale,77002782,8,2182,Cheese,60
8293,Wholesaler,Kampala,27983875,6,9671,Cheese,118
8294,Wholesaler,Mbale,55389591,16,1468,Yogurt,98
8295,Retailer,Jinja,93162535,12,3740,Butter,192
8296,Wholesaler,Mbarara,18131425,6,1597,Yogurt,25
8297,Retailer,Kampala,15899822,13,408,Flavored Milk,97
8298,Retailer,Kampala,54312224,7,1612,Cream,21
8299,Wholesaler,Gulu,91951090,8,4436,Cream,108
8300,Retailer,Mbarara,62271779,12,2227,Powder Milk,68
8301,Wholesaler,Mbarara,18954542,2,3860,Cream,82
8302,Wholesaler,Mbale,28310280,9,528,Milk,121
8303,Wholesaler,Kampala,53277026,13,697,Flavored Milk,174
8304,Wholesaler,Mbale,79789793,17,6725,Butter,41
8305,Wholesaler,Mbarara,99413839,13,313,Powder Milk,194
8306,Wholesaler,Gulu,47998225,16,7152,Flavored Milk,31
8307,Wholesaler,Kampala,74920145,1,8053,Butter,182
8308,Retailer,Mbarara,62325861,7,3792,Powder Milk,107
8309,Wholesaler,Gulu,97778481,13,6696,Yogurt,92
8310,Retailer,Jinja,11602922,14,9803,Cheese,21
8311,Retailer,Mbarara,26763103,17,5250,Flavored Milk,14
8312,Retailer,Jinja,11822150,16,9678,Cream,35
8313,Wholesaler,Mbale,14762006,15,2055,Flavored Milk,125
8314,Retailer,Jinja,25658733,17,3190,Powder Milk,100
8315,Retailer,Mbarara,45534204,2,9149,Cheese,29
8316,Wholesaler,Jinja,89521745,12,179,Flavored Milk,198
8317,Wholesaler,Kampala,93617805,3,9179,Cream,145
8318,Retailer,Mbarara,32537329,9,3768,Flavored Milk,199
8319,Wholesaler,Gulu,21100612,6,864,Powder Milk,191
8320,Wholesaler,Jinja,71828269,6,5899,Milk,89
8321,Wholesaler,Kampala,34611189,7,5656,Powder Milk,67
8322,Wholesaler,Mbale,17832248,8,64,Powder Milk,182
8323,Retailer,Mbale,81769621,3,5355,Powder Milk,14
8324,Wholesaler,Jinja,22545237,15,3538,Milk,168
8325,Wholesaler,Mbale,12120473,6,8948,Cream,32
8326,Wholesaler,Gulu,63732777,11,752,Cheese,158
8327,Retailer,Mbarara,52011190,3,4891,Yogurt,149
8328,Retailer,Kampala,88223168,16,6625,Flavored Milk,13
8329,Wholesaler,Jinja,52286051,6,4181,Powder Milk,46
8330,Wholesaler,Mbale,63348126,11,4892,Flavored Milk,84
8331,Retailer,Mbarara,91262299,8,6210,Yogurt,113
8332,Wholesaler,Gulu,70805346,10,6707,Flavored Milk,126
8333,Wholesaler,Mbale,53592315,10,6542,Yogurt,146
8334,Retailer,Mbale,90949670,3,5549,Cheese,35
8335,Wholesaler,Kampala,43234429,14,2605,Cheese,36
8336,Wholesaler,Gulu,40295574,19,3989,Yogurt,199
8337,Retailer,Gulu,71997677,9,5001,Yogurt,187
8338,Retailer,Jinja,58587819,13,3388,Butter,98
8339,Wholesaler,Kampala,9378065,9,8758,Milk,91
8340,Retailer,Jinja,72072078,12,847,Cream,139
8341,Wholesaler,Kampala,55600508,14,8726,Milk,136
8342,Wholesaler,Gulu,81278208,5,3724,Powder Milk,112
8343,Wholesaler,Kampala,65047064,6,8684,Flavored Milk,163
8344,Retailer,Kampala,10741218,13,6571,Flavored Milk,102
8345,Retailer,Kampala,52601720,13,1703,Yogurt,55
8346,Wholesaler,Mbarara,39996174,6,9255,Powder Milk,79
8347,Wholesaler,Mbarara,19710222,14,9204,Yogurt,160
8348,Retailer,Gulu,62509929,11,8814,Milk,154
8349,Retailer,Kampala,10163509,13,6731,Powder Milk,97
8350,Retailer,Gulu,16240640,12,6049,Powder Milk,113
8351,Wholesaler,Mbarara,84441802,16,865,Flavored Milk,73
8352,Retailer,Kampala,87369261,6,7017,Cream,166
8353,Retailer,Jinja,15363621,9,1260,Milk,61
8354,Wholesaler,Mbarara,34055140,17,3184,Cheese,135
8355,Wholesaler,Mbarara,55821874,16,5505,Milk,103
8356,Wholesaler,Mbarara,19558898,12,604,Milk,137
8357,Retailer,Kampala,51126042,18,2842,Yogurt,33
8358,Wholesaler,Mbale,56633209,9,5915,Flavored Milk,172
8359,Wholesaler,Jinja,6945548,3,6268,Cream,134
8360,Wholesaler,Jinja,89269718,10,6958,Cheese,184
8361,Wholesaler,Gulu,28623531,11,4352,Milk,110
8362,Retailer,Kampala,56683062,2,7902,Milk,60
8363,Wholesaler,Mbarara,71105773,8,1314,Yogurt,11
8364,Retailer,Mbale,53901925,11,6869,Powder Milk,158
8365,Retailer,Kampala,7154350,18,9135,Butter,177
8366,Retailer,Kampala,33934156,7,2354,Flavored Milk,114
8367,Wholesaler,Mbale,47899206,14,4008,Flavored Milk,78
8368,Retailer,Mbarara,9545418,7,5586,Flavored Milk,44
8369,Wholesaler,Kampala,94050057,1,9480,Milk,181
8370,Wholesaler,Jinja,28141600,12,1867,Milk,172
8371,Wholesaler,Jinja,62574065,1,816,Milk,92
8372,Retailer,Mbale,23926658,3,622,Powder Milk,162
8373,Wholesaler,Mbarara,27274724,2,4513,Butter,89
8374,Wholesaler,Mbale,23361846,3,5370,Milk,40
8375,Wholesaler,Kampala,71934967,4,7798,Flavored Milk,189
8376,Retailer,Jinja,89947948,14,800,Powder Milk,172
8377,Retailer,Gulu,93783375,18,2861,Flavored Milk,160
8378,Retailer,Mbale,97235051,5,4506,Yogurt,58
8379,Wholesaler,Gulu,70268529,15,7404,Butter,153
8380,Retailer,Gulu,5508906,16,3604,Cheese,67
8381,Wholesaler,Jinja,96299056,8,2468,Milk,59
8382,Wholesaler,Mbale,52131078,8,5190,Cream,87
8383,Retailer,Gulu,14471717,7,5086,Cheese,73
8384,Wholesaler,Kampala,59344581,6,3038,Milk,61
8385,Retailer,Mbarara,17981906,7,904,Butter,49
8386,Wholesaler,Mbarara,16045107,19,2900,Butter,114
8387,Retailer,Jinja,15870322,1,3429,Flavored Milk,63
8388,Wholesaler,Mbale,47952641,13,243,Butter,123
8389,Wholesaler,Mbale,32398914,7,9819,Powder Milk,106
8390,Wholesaler,Mbarara,94713909,1,9722,Powder Milk,154
8391,Wholesaler,Kampala,11072664,10,8988,Cream,141
8392,Wholesaler,Mbarara,86112547,13,5011,Cheese,65
8393,Retailer,Mbarara,23700597,4,4790,Cheese,39
8394,Wholesaler,Mbale,6230384,7,5682,Butter,117
8395,Retailer,Gulu,24957019,6,8391,Cheese,171
8396,Retailer,Kampala,32756581,6,8033,Powder Milk,181
8397,Retailer,Mbale,82283359,11,7199,Milk,135
8398,Wholesaler,Mbarara,76531762,9,5803,Yogurt,113
8399,Wholesaler,Gulu,54831464,7,4947,Cream,190
8400,Wholesaler,Kampala,68508070,9,7019,Powder Milk,136
8401,Retailer,Jinja,88232362,6,5382,Flavored Milk,96
8402,Wholesaler,Kampala,84526645,19,6584,Yogurt,42
8403,Wholesaler,Kampala,22626493,14,8170,Cheese,87
8404,Retailer,Mbarara,7317910,1,9917,Flavored Milk,45
8405,Retailer,Mbarara,89943425,16,5840,Cream,27
8406,Retailer,Jinja,14008265,9,723,Yogurt,128
8407,Retailer,Jinja,24973319,15,3751,Yogurt,60
8408,Retailer,Jinja,8046734,19,1410,Cheese,194
8409,Retailer,Mbale,95189804,10,3117,Flavored Milk,181
8410,Wholesaler,Mbale,21064958,16,1494,Powder Milk,19
8411,Retailer,Mbarara,72824987,3,5537,Powder Milk,48
8412,Wholesaler,Mbarara,43637845,19,5229,Flavored Milk,193
8413,Wholesaler,Jinja,87455521,13,3403,Yogurt,58
8414,Wholesaler,Mbale,45662816,14,6430,Flavored Milk,67
8415,Retailer,Gulu,79096006,7,6831,Cream,85
8416,Wholesaler,Mbale,12418839,2,6110,Powder Milk,111
8417,Retailer,Mbarara,83289497,14,7262,Flavored Milk,160
8418,Retailer,Mbale,64427377,17,5969,Milk,144
8419,Wholesaler,Mbarara,33068873,13,5910,Cheese,54
8420,Retailer,Jinja,35841422,2,1820,Powder Milk,119
8421,Wholesaler,Jinja,54946682,5,5960,Cheese,98
8422,Wholesaler,Jinja,59062167,4,9944,Milk,64
8423,Retailer,Gulu,73919754,3,244,Cream,133
8424,Wholesaler,Gulu,65801127,14,8816,Cream,192
8425,Wholesaler,Mbarara,74460756,11,5904,Yogurt,175
8426,Wholesaler,Kampala,21513127,8,5964,Butter,156
8427,Retailer,Gulu,13781053,9,4736,Powder Milk,118
8428,Wholesaler,Mbarara,29363749,16,4693,Yogurt,159
8429,Retailer,Mbale,43628686,3,8630,Milk,20
8430,Retailer,Jinja,65325326,10,7924,Flavored Milk,140
8431,Wholesaler,Jinja,7106916,1,1802,Milk,156
8432,Wholesaler,Jinja,99558508,9,710,Cheese,100
8433,Retailer,Mbarara,58711475,16,5665,Flavored Milk,144
8434,Retailer,Jinja,26998932,9,2882,Yogurt,128
8435,Wholesaler,Gulu,56600875,12,8538,Flavored Milk,43
8436,Wholesaler,Mbale,60022675,1,5663,Cheese,20
8437,Retailer,Jinja,90068704,16,7020,Milk,14
8438,Retailer,Mbarara,11429954,8,6920,Cream,80
8439,Retailer,Mbale,54174887,14,380,Yogurt,173
8440,Retailer,Jinja,82373867,14,6827,Butter,14
8441,Retailer,Kampala,21914774,10,9526,Cream,193
8442,Wholesaler,Jinja,76997786,1,9320,Butter,142
8443,Retailer,Gulu,94503522,6,5451,Milk,36
8444,Retailer,Mbale,66065112,9,6965,Yogurt,102
8445,Wholesaler,Gulu,31500350,19,9116,Cream,164
8446,Wholesaler,Kampala,33186453,16,3916,Cream,169
8447,Retailer,Kampala,86704071,19,6163,Yogurt,98
8448,Retailer,Gulu,47198263,11,7476,Flavored Milk,123
8449,Wholesaler,Mbale,61783333,11,1635,Cream,107
8450,Retailer,Kampala,7626961,14,2990,Powder Milk,24
8451,Retailer,Kampala,97881307,7,6339,Milk,114
8452,Wholesaler,Jinja,47624907,12,6455,Flavored Milk,107
8453,Retailer,Mbarara,32273663,5,1552,Milk,191
8454,Wholesaler,Kampala,42104385,1,795,Cheese,29
8455,Wholesaler,Mbale,26858427,11,2662,Milk,171
8456,Wholesaler,Mbale,16840771,15,1558,Flavored Milk,136
8457,Wholesaler,Jinja,21235436,10,1820,Yogurt,43
8458,Retailer,Mbale,76297900,15,2011,Milk,124
8459,Wholesaler,Jinja,19146670,13,9837,Cream,183
8460,Retailer,Kampala,70576225,15,7801,Yogurt,30
8461,Retailer,Kampala,19922527,2,3708,Cheese,176
8462,Retailer,Kampala,54208342,13,7027,Butter,49
8463,Retailer,Kampala,67686128,12,6659,Butter,181
8464,Retailer,Mbarara,69886001,4,515,Flavored Milk,173
8465,Wholesaler,Mbarara,75554788,12,2119,Milk,64
8466,Wholesaler,Kampala,30994268,15,2493,Cheese,59
8467,Wholesaler,Mbale,33584612,13,9474,Cheese,195
8468,Wholesaler,Jinja,97087589,2,8386,Yogurt,83
8469,Retailer,Gulu,42401052,16,6613,Powder Milk,83
8470,Wholesaler,Jinja,97764542,14,7566,Cream,47
8471,Retailer,Gulu,45286763,2,3098,Flavored Milk,33
8472,Retailer,Gulu,55214579,17,4092,Cheese,117
8473,Wholesaler,Kampala,20428903,16,4189,Milk,68
8474,Wholesaler,Gulu,97841610,4,4252,Cheese,182
8475,Wholesaler,Kampala,72862861,11,6174,Butter,163
8476,Wholesaler,Mbarara,54640695,13,7823,Flavored Milk,92
8477,Retailer,Mbale,97349680,6,1337,Yogurt,20
8478,Retailer,Gulu,78673833,17,8351,Cream,187
8479,Wholesaler,Mbale,15695586,1,7553,Milk,137
8480,Retailer,Kampala,77978992,9,4869,Butter,195
8481,Retailer,Gulu,68975546,18,2840,Cheese,127
8482,Retailer,Jinja,48152418,11,911,Flavored Milk,171
8483,Wholesaler,Mbarara,7493033,14,8702,Flavored Milk,25
8484,Retailer,Mbarara,36366107,2,1154,Milk,196
8485,Wholesaler,Gulu,94297735,11,5424,Yogurt,10
8486,Wholesaler,Mbarara,36916447,2,793,Butter,50
8487,Retailer,Jinja,66344380,4,2460,Powder Milk,165
8488,Retailer,Mbale,49506438,13,5043,Yogurt,24
8489,Wholesaler,Jinja,54171750,6,8684,Cream,89
8490,Retailer,Mbarara,81828079,7,1883,Cream,183
8491,Retailer,Mbale,51813530,3,935,Milk,41
8492,Wholesaler,Jinja,27943780,4,3654,Milk,48
8493,Wholesaler,Kampala,83427835,3,5407,Butter,82
8494,Wholesaler,Kampala,15815999,1,7139,Flavored Milk,102
8495,Wholesaler,Mbale,26689168,19,3271,Flavored Milk,98
8496,Retailer,Mbale,18017033,13,8393,Butter,148
8497,Retailer,Mbale,86465219,14,6987,Yogurt,43
8498,Wholesaler,Kampala,69090646,16,1646,Cream,59
8499,Wholesaler,Jinja,56960580,4,9913,Butter,181
8500,Wholesaler,Mbale,77632001,17,9776,Powder Milk,23
8501,Retailer,Kampala,34665133,10,9807,Flavored Milk,81
8502,Wholesaler,Mbale,12156375,7,9192,Yogurt,162
8503,Retailer,Mbale,44609361,13,2542,Cheese,187
8504,Wholesaler,Mbale,65653594,13,9583,Yogurt,104
8505,Wholesaler,Kampala,53630295,14,8973,Cream,94
8506,Wholesaler,Jinja,51359580,6,4383,Flavored Milk,169
8507,Retailer,Kampala,61911498,16,588,Milk,64
8508,Retailer,Kampala,36360634,9,8213,Yogurt,87
8509,Retailer,Mbale,50216383,16,818,Cream,162
8510,Wholesaler,Gulu,83745455,12,2906,Yogurt,189
8511,Retailer,Gulu,97073076,16,6955,Milk,193
8512,Retailer,Gulu,48228291,5,2171,Flavored Milk,124
8513,Wholesaler,Kampala,64254477,11,5603,Cheese,133
8514,Wholesaler,Mbale,32832311,1,9976,Cheese,117
8515,Retailer,Gulu,13917033,10,63,Cream,159
8516,Retailer,Mbarara,80246751,11,4757,Butter,56
8517,Retailer,Mbarara,94743099,15,4540,Cheese,60
8518,Retailer,Mbarara,69521906,3,8432,Cheese,79
8519,Wholesaler,Jinja,78837692,15,6043,Yogurt,128
8520,Wholesaler,Mbale,40441923,11,2914,Butter,96
8521,Wholesaler,Kampala,74204180,9,7655,Cheese,84
8522,Retailer,Kampala,24695554,2,4152,Yogurt,31
8523,Retailer,Mbale,61528344,12,1154,Butter,178
8524,Wholesaler,Jinja,13936259,16,2862,Yogurt,86
8525,Wholesaler,Mbale,34115069,16,6181,Milk,184
8526,Retailer,Jinja,36958446,1,701,Flavored Milk,197
8527,Retailer,Gulu,59605903,16,6678,Flavored Milk,123
8528,Wholesaler,Gulu,93865722,6,9622,Flavored Milk,159
8529,Wholesaler,Jinja,96618181,14,7881,Cheese,141
8530,Wholesaler,Mbale,95496094,11,851,Flavored Milk,53
8531,Retailer,Gulu,70653159,1,4594,Flavored Milk,50
8532,Retailer,Mbale,23003916,17,6478,Butter,175
8533,Retailer,Gulu,84724467,19,4190,Cream,154
8534,Retailer,Mbale,84632899,2,1602,Butter,26
8535,Retailer,Mbale,19210473,14,2842,Powder Milk,182
8536,Retailer,Mbarara,88758052,8,2773,Butter,55
8537,Wholesaler,Jinja,87054955,6,5626,Cheese,145
8538,Wholesaler,Kampala,29673248,9,2072,Cream,152
8539,Retailer,Jinja,51250999,5,4720,Powder Milk,170
8540,Wholesaler,Mbale,93888361,5,9672,Powder Milk,186
8541,Retailer,Mbale,81569316,18,4238,Flavored Milk,19
8542,Wholesaler,Jinja,31701523,14,653,Cheese,199
8543,Retailer,Mbale,49648863,12,7078,Cream,192
8544,Wholesaler,Gulu,26748790,12,7200,Cream,67
8545,Wholesaler,Mbale,65006735,6,6946,Cheese,110
8546,Retailer,Jinja,56586948,4,8568,Cheese,148
8547,Retailer,Jinja,59776688,15,6012,Cheese,44
8548,Wholesaler,Jinja,66830573,15,8028,Cheese,105
8549,Wholesaler,Mbarara,42868491,17,2825,Cheese,95
8550,Retailer,Mbarara,13223404,3,3689,Powder Milk,141
8551,Wholesaler,Mbarara,23116372,10,8832,Flavored Milk,126
8552,Retailer,Mbarara,16001165,8,1488,Butter,75
8553,Retailer,Mbarara,66278948,9,900,Powder Milk,170
8554,Wholesaler,Mbarara,26724565,3,489,Yogurt,82
8555,Retailer,Mbarara,37903197,1,7850,Cream,172
8556,Wholesaler,Jinja,23784830,11,6907,Yogurt,47
8557,Wholesaler,Kampala,99208220,13,6625,Yogurt,194
8558,Retailer,Mbarara,11378298,12,9907,Cream,104
8559,Wholesaler,Jinja,80278301,7,2958,Milk,42
8560,Retailer,Kampala,30766481,2,5243,Butter,181
8561,Retailer,Mbarara,55943469,1,1307,Flavored Milk,62
8562,Retailer,Kampala,68996657,3,1594,Cheese,157
8563,Wholesaler,Kampala,39829564,4,1955,Yogurt,72
8564,Retailer,Gulu,24275072,17,1865,Cream,188
8565,Wholesaler,Mbale,79751014,18,2326,Butter,123
8566,Retailer,Gulu,74592060,17,1500,Flavored Milk,151
8567,Retailer,Kampala,32305424,19,3594,Yogurt,44
8568,Retailer,Jinja,19425858,4,4956,Butter,119
8569,Wholesaler,Mbarara,32367238,17,3684,Cream,54
8570,Wholesaler,Mbale,47352026,2,5898,Powder Milk,170
8571,Retailer,Mbarara,26699051,10,8415,Flavored Milk,70
8572,Retailer,Jinja,5729525,12,9340,Cream,102
8573,Wholesaler,Mbale,7147086,13,1172,Powder Milk,81
8574,Wholesaler,Gulu,27379444,11,7334,Butter,190
8575,Wholesaler,Kampala,49848111,8,5402,Cheese,124
8576,Retailer,Jinja,79199621,5,2226,Butter,87
8577,Wholesaler,Kampala,8915995,2,4887,Butter,59
8578,Retailer,Kampala,8351555,12,6383,Milk,152
8579,Wholesaler,Mbarara,22488874,2,6361,Cheese,51
8580,Retailer,Jinja,71437008,6,9934,Powder Milk,123
8581,Retailer,Kampala,10325089,19,340,Butter,29
8582,Retailer,Gulu,23395013,12,7558,Cheese,101
8583,Wholesaler,Mbale,12940899,13,1468,Butter,77
8584,Wholesaler,Jinja,92694054,17,5643,Cream,144
8585,Wholesaler,Mbarara,50025190,12,5360,Cheese,75
8586,Retailer,Jinja,69399439,3,2038,Flavored Milk,82
8587,Retailer,Mbarara,40741761,8,8809,Cream,160
8588,Wholesaler,Mbale,17930895,16,5688,Yogurt,45
8589,Retailer,Gulu,83272570,4,5220,Milk,149
8590,Retailer,Kampala,88657481,13,3088,Yogurt,160
8591,Retailer,Jinja,82072902,8,2353,Butter,148
8592,Wholesaler,Mbarara,82146825,1,358,Butter,138
8593,Retailer,Mbale,65620619,3,2188,Flavored Milk,48
8594,Wholesaler,Kampala,8046352,1,2246,Butter,102
8595,Wholesaler,Mbale,28665900,15,511,Powder Milk,79
8596,Wholesaler,Gulu,15612491,18,3870,Cheese,168
8597,Wholesaler,Kampala,43895694,3,8009,Powder Milk,146
8598,Wholesaler,Kampala,32473650,15,4782,Yogurt,193
8599,Retailer,Kampala,43182687,5,695,Cream,27
8600,Wholesaler,Mbarara,75459039,10,6064,Butter,136
8601,Wholesaler,Kampala,75276721,7,9638,Flavored Milk,68
8602,Wholesaler,Mbale,89965501,8,3318,Milk,76
8603,Retailer,Mbarara,80576921,3,7965,Powder Milk,118
8604,Retailer,Kampala,62395772,18,9812,Yogurt,140
8605,Retailer,Mbale,50024196,17,865,Flavored Milk,39
8606,Retailer,Mbale,57093756,16,1955,Flavored Milk,100
8607,Wholesaler,Jinja,80492453,13,8090,Yogurt,11
8608,Wholesaler,Mbale,92165553,4,4948,Flavored Milk,29
8609,Retailer,Gulu,15720429,3,3254,Cream,106
8610,Retailer,Kampala,53265667,11,1179,Cream,38
8611,Retailer,Kampala,76916635,2,1847,Milk,18
8612,Retailer,Kampala,8770038,18,3464,Milk,13
8613,Wholesaler,Mbale,61764800,4,2534,Butter,49
8614,Retailer,Mbale,28528652,17,6273,Cheese,192
8615,Retailer,Kampala,30799018,6,7773,Butter,150
8616,Retailer,Mbarara,81074690,10,738,Cheese,143
8617,Retailer,Mbarara,60624177,11,8817,Yogurt,82
8618,Retailer,Gulu,60263768,5,6481,Flavored Milk,35
8619,Retailer,Jinja,20617257,18,6051,Butter,112
8620,Retailer,Gulu,67856148,10,7149,Flavored Milk,50
8621,Wholesaler,Kampala,24571852,9,6471,Butter,51
8622,Wholesaler,Kampala,69341939,16,7088,Butter,137
8623,Wholesaler,Kampala,26896611,10,2889,Milk,70
8624,Wholesaler,Jinja,55728391,10,3124,Cheese,71
8625,Wholesaler,Mbale,66505835,4,2575,Yogurt,30
8626,Wholesaler,Jinja,76354706,14,2067,Cream,168
8627,Retailer,Gulu,66845806,8,3428,Flavored Milk,52
8628,Retailer,Mbale,77814459,1,9293,Butter,158
8629,Wholesaler,Mbale,11000715,16,8328,Flavored Milk,116
8630,Retailer,Gulu,81042003,17,3147,Milk,166
8631,Wholesaler,Mbale,95825617,10,7574,Cream,192
8632,Retailer,Mbarara,25873141,6,6498,Yogurt,67
8633,Retailer,Gulu,19225007,7,1327,Cheese,161
8634,Retailer,Gulu,90009304,18,6816,Cheese,54
8635,Retailer,Mbarara,18821427,2,8761,Butter,89
8636,Retailer,Jinja,99968906,9,6120,Cream,146
8637,Retailer,Jinja,22114837,5,7046,Yogurt,139
8638,Wholesaler,Jinja,29696819,8,7403,Cheese,174
8639,Wholesaler,Mbale,17122477,5,8628,Yogurt,136
8640,Retailer,Mbarara,49584481,15,7717,Flavored Milk,174
8641,Wholesaler,Gulu,88888780,8,63,Milk,55
8642,Retailer,Gulu,58364389,5,7447,Yogurt,15
8643,Wholesaler,Gulu,59983051,5,4236,Yogurt,57
8644,Retailer,Mbale,97130534,17,3525,Cream,136
8645,Wholesaler,Mbale,8030490,9,53,Cheese,121
8646,Retailer,Jinja,17832038,2,3340,Powder Milk,145
8647,Wholesaler,Mbale,42432140,1,7980,Butter,41
8648,Retailer,Jinja,15349994,11,9844,Cream,110
8649,Wholesaler,Jinja,39894695,15,4876,Butter,86
8650,Retailer,Gulu,64542618,1,7590,Powder Milk,77
8651,Retailer,Mbale,26930098,7,6210,Powder Milk,37
8652,Retailer,Jinja,71813086,19,4023,Cream,177
8653,Wholesaler,Mbarara,74397761,15,9884,Powder Milk,153
8654,Wholesaler,Mbarara,26000564,6,9731,Flavored Milk,66
8655,Wholesaler,Mbale,5726844,10,6637,Cheese,64
8656,Retailer,Gulu,64735863,12,6427,Cheese,92
8657,Wholesaler,Gulu,67373603,13,3283,Milk,115
8658,Retailer,Jinja,37210047,15,9937,Butter,95
8659,Wholesaler,Mbale,11375181,19,1436,Cheese,176
8660,Wholesaler,Mbarara,52143181,17,7593,Powder Milk,85
8661,Wholesaler,Jinja,99659996,13,4842,Flavored Milk,192
8662,Wholesaler,Jinja,52118544,2,1247,Cream,167
8663,Retailer,Kampala,74827889,18,2335,Milk,113
8664,Wholesaler,Mbale,8167422,11,9229,Butter,179
8665,Wholesaler,Jinja,14088356,5,3009,Butter,142
8666,Retailer,Mbarara,99208456,4,1311,Butter,110
8667,Retailer,Kampala,38411065,2,9497,Milk,182
8668,Wholesaler,Mbarara,59724422,16,8829,Cream,41
8669,Wholesaler,Gulu,67408458,7,1590,Cream,107
8670,Retailer,Kampala,69648041,8,7947,Flavored Milk,21
8671,Retailer,Kampala,75496722,8,9035,Cream,116
8672,Retailer,Jinja,97581223,2,5713,Flavored Milk,75
8673,Wholesaler,Gulu,33417410,15,6370,Cheese,61
8674,Wholesaler,Jinja,61041599,5,7717,Cheese,41
8675,Wholesaler,Mbale,31580743,19,168,Butter,172
8676,Retailer,Mbarara,18546204,10,1263,Powder Milk,143
8677,Retailer,Mbarara,31767089,9,8855,Yogurt,31
8678,Retailer,Jinja,10864932,8,4284,Cheese,184
8679,Wholesaler,Mbarara,22360115,5,7553,Flavored Milk,150
8680,Retailer,Mbarara,77021896,19,3523,Butter,32
8681,Wholesaler,Mbale,32786468,13,1339,Flavored Milk,181
8682,Retailer,Gulu,89705647,14,2430,Butter,18
8683,Wholesaler,Kampala,83731321,8,273,Milk,115
8684,Wholesaler,Jinja,30279768,16,5729,Cheese,68
8685,Retailer,Jinja,40908140,5,2690,Powder Milk,126
8686,Wholesaler,Mbale,40241061,1,9228,Milk,110
8687,Retailer,Mbale,99435375,19,1073,Cheese,39
8688,Wholesaler,Kampala,13796721,19,1593,Powder Milk,93
8689,Retailer,Gulu,24253840,17,7054,Powder Milk,53
8690,Retailer,Jinja,80989050,10,9514,Powder Milk,186
8691,Wholesaler,Mbale,93547430,5,1829,Flavored Milk,25
8692,Retailer,Jinja,49962203,7,1750,Flavored Milk,130
8693,Wholesaler,Mbarara,9047633,16,8049,Yogurt,83
8694,Retailer,Jinja,60472310,3,4033,Flavored Milk,93
8695,Retailer,Gulu,12453088,12,9265,Butter,190
8696,Retailer,Gulu,40303273,14,7435,Yogurt,139
8697,Retailer,Jinja,9274174,1,7644,Butter,76
8698,Wholesaler,Mbarara,70096078,7,6208,Yogurt,51
8699,Retailer,Gulu,82718460,18,3889,Butter,145
8700,Retailer,Mbale,76809802,4,875,Yogurt,82
8701,Wholesaler,Jinja,55314915,16,2786,Cheese,101
8702,Wholesaler,Mbarara,76395982,11,3456,Powder Milk,158
8703,Wholesaler,Mbale,41402991,18,2824,Cheese,124
8704,Wholesaler,Jinja,54323257,16,4682,Yogurt,106
8705,Wholesaler,Mbarara,75843278,7,8733,Milk,197
8706,Wholesaler,Mbale,86748464,3,8833,Cream,43
8707,Retailer,Gulu,74707094,5,2784,Yogurt,141
8708,Wholesaler,Jinja,95274218,18,6937,Milk,126
8709,Retailer,Jinja,74363515,17,1542,Powder Milk,71
8710,Wholesaler,Gulu,70591535,1,9189,Butter,105
8711,Retailer,Kampala,90044282,16,9817,Yogurt,85
8712,Retailer,Mbale,48367950,15,732,Milk,11
8713,Retailer,Gulu,94598748,13,8870,Powder Milk,136
8714,Wholesaler,Jinja,22496266,7,4532,Yogurt,187
8715,Wholesaler,Mbale,40927788,3,4797,Cheese,121
8716,Wholesaler,Mbale,67309841,13,2290,Cheese,126
8717,Wholesaler,Kampala,83787879,16,150,Yogurt,35
8718,Retailer,Jinja,79418462,1,1143,Yogurt,94
8719,Wholesaler,Mbarara,41239432,1,3822,Flavored Milk,117
8720,Retailer,Kampala,81741333,16,8674,Powder Milk,174
8721,Retailer,Kampala,11905354,2,5384,Cream,64
8722,Wholesaler,Mbarara,10422816,18,586,Cheese,109
8723,Wholesaler,Mbarara,94620710,18,650,Butter,27
8724,Wholesaler,Kampala,24913607,5,9908,Yogurt,33
8725,Retailer,Mbale,17217906,5,2805,Flavored Milk,39
8726,Wholesaler,Gulu,97727939,8,8560,Cream,26
8727,Retailer,Gulu,42760419,9,7566,Powder Milk,51
8728,Wholesaler,Kampala,41572050,14,4991,Yogurt,90
8729,Retailer,Mbale,64607319,13,7558,Cheese,117
8730,Wholesaler,Mbarara,31932008,18,1577,Milk,149
8731,Wholesaler,Kampala,57655408,4,8312,Powder Milk,36
8732,Retailer,Jinja,51625233,18,5298,Milk,192
8733,Wholesaler,Mbale,80139808,15,493,Cheese,13
8734,Wholesaler,Jinja,84541421,7,8628,Butter,172
8735,Wholesaler,Jinja,52940387,13,5724,Powder Milk,85
8736,Wholesaler,Kampala,54723638,2,5245,Flavored Milk,166
8737,Wholesaler,Mbale,80823181,9,1919,Yogurt,81
8738,Wholesaler,Jinja,51782086,5,4698,Yogurt,85
8739,Wholesaler,Mbale,85727691,1,329,Cream,173
8740,Retailer,Gulu,49739413,19,820,Yogurt,43
8741,Retailer,Jinja,98824420,19,5612,Flavored Milk,45
8742,Wholesaler,Jinja,9894627,13,1003,Flavored Milk,192
8743,Wholesaler,Mbale,99836283,6,1609,Cheese,13
8744,Wholesaler,Gulu,35412236,10,3496,Flavored Milk,20
8745,Retailer,Jinja,56725831,11,7032,Yogurt,68
8746,Retailer,Kampala,75690922,16,2490,Powder Milk,12
8747,Wholesaler,Mbale,91455466,1,158,Cream,21
8748,Retailer,Mbale,98546553,19,4504,Yogurt,122
8749,Wholesaler,Jinja,46162064,5,9197,Flavored Milk,82
8750,Wholesaler,Gulu,67935123,6,7128,Flavored Milk,158
8751,Wholesaler,Jinja,61042612,6,3410,Cream,159
8752,Wholesaler,Mbarara,17882631,5,3539,Cheese,155
8753,Retailer,Jinja,73164826,6,367,Milk,15
8754,Retailer,Mbarara,90034900,13,390,Flavored Milk,98
8755,Wholesaler,Kampala,53293646,1,4494,Milk,123
8756,Retailer,Mbale,16398245,1,2124,Butter,118
8757,Retailer,Mbale,61066704,14,8879,Cream,88
8758,Wholesaler,Gulu,94295303,8,5728,Milk,74
8759,Retailer,Jinja,76447378,9,5534,Flavored Milk,64
8760,Wholesaler,Kampala,60704077,10,7029,Yogurt,177
8761,Wholesaler,Mbarara,48170057,6,2416,Yogurt,91
8762,Wholesaler,Gulu,85887070,9,1615,Flavored Milk,61
8763,Wholesaler,Kampala,96779212,18,9034,Cheese,129
8764,Retailer,Kampala,96315070,15,3754,Powder Milk,53
8765,Wholesaler,Mbarara,11043940,4,8596,Flavored Milk,104
8766,Retailer,Mbarara,50637542,2,4251,Flavored Milk,71
8767,Wholesaler,Mbale,95039326,6,8806,Powder Milk,93
8768,Wholesaler,Jinja,60311530,17,3503,Cheese,106
8769,Retailer,Gulu,62973090,7,9544,Cheese,83
8770,Wholesaler,Jinja,95527948,15,9992,Butter,166
8771,Retailer,Gulu,50659613,2,2640,Butter,156
8772,Retailer,Kampala,64977635,12,7667,Butter,165
8773,Wholesaler,Mbarara,20943970,10,307,Cheese,131
8774,Wholesaler,Mbarara,9609091,17,9837,Milk,132
8775,Wholesaler,Kampala,30385332,18,6271,Flavored Milk,156
8776,Wholesaler,Kampala,97860611,16,1096,Cream,40
8777,Wholesaler,Gulu,53365693,10,6696,Butter,191
8778,Wholesaler,Kampala,57477614,8,2282,Cream,108
8779,Retailer,Gulu,72756293,13,4127,Milk,199
8780,Retailer,Jinja,57401949,16,9882,Flavored Milk,151
8781,Wholesaler,Mbarara,99415002,8,9953,Powder Milk,59
8782,Retailer,Mbarara,72356228,12,98,Powder Milk,68
8783,Retailer,Mbarara,76835046,17,8409,Powder Milk,195
8784,Wholesaler,Jinja,72514214,16,1903,Cream,18
8785,Wholesaler,Jinja,89278315,9,3791,Milk,66
8786,Retailer,Mbale,60337614,19,2118,Powder Milk,178
8787,Wholesaler,Gulu,22905629,17,8633,Yogurt,36
8788,Retailer,Gulu,36710183,8,7507,Yogurt,67
8789,Wholesaler,Mbale,81218652,12,5873,Powder Milk,90
8790,Retailer,Mbarara,56680702,9,9691,Cream,77
8791,Retailer,Gulu,36432730,6,278,Flavored Milk,195
8792,Retailer,Gulu,15045666,10,3302,Milk,33
8793,Retailer,Mbarara,24558171,9,401,Milk,89
8794,Wholesaler,Kampala,88715639,4,2322,Powder Milk,71
8795,Wholesaler,Kampala,65765551,11,4087,Cheese,90
8796,Retailer,Mbale,9485967,6,8475,Cream,110
8797,Retailer,Jinja,71020456,18,8507,Butter,126
8798,Wholesaler,Gulu,15850321,4,907,Cream,12
8799,Wholesaler,Gulu,85164906,12,8740,Flavored Milk,60
8800,Retailer,Mbale,42038168,9,9118,Milk,114
8801,Retailer,Mbale,93367260,15,4244,Butter,108
8802,Retailer,Gulu,18255945,9,9886,Powder Milk,76
8803,Retailer,Mbarara,30241733,6,2442,Flavored Milk,89
8804,Retailer,Mbarara,52191640,11,3374,Milk,194
8805,Wholesaler,Jinja,67711531,7,6311,Powder Milk,157
8806,Retailer,Gulu,14290883,14,5001,Yogurt,54
8807,Wholesaler,Gulu,40703524,16,1482,Milk,143
8808,Wholesaler,Gulu,34234209,15,530,Yogurt,170
8809,Wholesaler,Gulu,18178962,9,8241,Powder Milk,180
8810,Retailer,Mbale,43996896,19,3020,Yogurt,187
8811,Wholesaler,Kampala,76798187,12,1715,Cheese,164
8812,Wholesaler,Gulu,85300897,11,378,Powder Milk,39
8813,Wholesaler,Kampala,23759883,8,3304,Powder Milk,108
8814,Wholesaler,Mbarara,67146334,3,8658,Cheese,155
8815,Retailer,Jinja,23703695,19,7300,Butter,167
8816,Retailer,Mbarara,82427649,3,2351,Flavored Milk,152
8817,Wholesaler,Gulu,88680513,3,994,Butter,105
8818,Wholesaler,Mbarara,55799907,6,2102,Cream,108
8819,Retailer,Mbale,9976581,11,9221,Cheese,199
8820,Retailer,Kampala,10137532,14,7753,Butter,30
8821,Retailer,Gulu,38161147,2,9898,Flavored Milk,149
8822,Wholesaler,Mbale,33137110,12,1501,Flavored Milk,186
8823,Retailer,Kampala,61439654,16,7968,Milk,10
8824,Wholesaler,Mbale,39133875,3,4053,Butter,192
8825,Wholesaler,Mbarara,64897323,16,1636,Cheese,34
8826,Retailer,Gulu,41253485,10,439,Milk,184
8827,Wholesaler,Mbarara,81484687,5,3778,Butter,48
8828,Retailer,Jinja,55957099,13,9091,Powder Milk,36
8829,Wholesaler,Gulu,13336688,12,8057,Flavored Milk,102
8830,Retailer,Mbarara,80726333,1,9060,Cheese,59
8831,Wholesaler,Gulu,30014841,11,3685,Powder Milk,192
8832,Wholesaler,Kampala,23120326,19,6530,Butter,165
8833,Retailer,Gulu,24237725,15,2704,Flavored Milk,66
8834,Retailer,Gulu,63166605,18,4156,Flavored Milk,91
8835,Retailer,Kampala,30226227,16,8731,Powder Milk,25
8836,Retailer,Mbarara,64533547,7,2369,Butter,193
8837,Wholesaler,Gulu,59415758,10,6202,Butter,44
8838,Retailer,Mbale,10716555,16,2984,Cheese,165
8839,Retailer,Gulu,34983540,17,9388,Milk,55
8840,Wholesaler,Mbarara,72759092,7,2873,Flavored Milk,76
8841,Retailer,Kampala,64533788,11,2555,Milk,25
8842,Retailer,Mbarara,86223190,17,7129,Milk,88
8843,Wholesaler,Jinja,10960524,5,7848,Flavored Milk,83
8844,Retailer,Gulu,89339272,1,7919,Butter,126
8845,Retailer,Gulu,5957527,3,6984,Flavored Milk,58
8846,Retailer,Kampala,9049510,16,9053,Powder Milk,159
8847,Retailer,Gulu,80938397,15,105,Milk,27
8848,Retailer,Mbale,35792640,4,8949,Cheese,31
8849,Retailer,Mbale,69716603,12,1059,Flavored Milk,115
8850,Wholesaler,Mbarara,98950309,1,4168,Cream,128
8851,Retailer,Kampala,62192366,17,3366,Cheese,25
8852,Wholesaler,Jinja,65994958,15,3539,Butter,193
8853,Wholesaler,Mbarara,64560456,10,4376,Butter,12
8854,Wholesaler,Kampala,33778390,11,4355,Powder Milk,132
8855,Wholesaler,Kampala,53020896,18,5331,Cheese,190
8856,Retailer,Mbarara,5498909,2,9642,Cream,44
8857,Retailer,Mbarara,78477998,6,1243,Cheese,114
8858,Retailer,Gulu,92972319,16,5044,Flavored Milk,112
8859,Wholesaler,Jinja,27045254,7,7556,Butter,158
8860,Retailer,Mbale,42820323,19,8019,Cheese,66
8861,Retailer,Gulu,59491992,12,1547,Yogurt,56
8862,Retailer,Kampala,35281747,18,9492,Flavored Milk,171
8863,Wholesaler,Jinja,9253621,10,9114,Flavored Milk,57
8864,Wholesaler,Jinja,12327065,7,2460,Yogurt,176
8865,Retailer,Mbarara,28949330,4,9820,Cream,96
8866,Wholesaler,Jinja,70896100,17,8716,Butter,129
8867,Wholesaler,Jinja,81196207,17,5181,Cheese,167
8868,Retailer,Kampala,21366466,4,3616,Cheese,187
8869,Wholesaler,Gulu,23817912,5,4098,Butter,106
8870,Wholesaler,Jinja,27745813,1,6977,Cream,153
8871,Retailer,Mbarara,59103790,19,4674,Yogurt,103
8872,Wholesaler,Gulu,57437138,11,8512,Yogurt,12
8873,Wholesaler,Mbarara,72094196,1,6731,Cream,70
8874,Wholesaler,Jinja,97539309,8,6067,Yogurt,11
8875,Wholesaler,Gulu,60259983,4,6850,Flavored Milk,35
8876,Wholesaler,Jinja,57733367,15,7055,Cream,27
8877,Wholesaler,Kampala,70349829,17,3601,Cheese,75
8878,Wholesaler,Gulu,69928740,18,4635,Milk,49
8879,Wholesaler,Mbarara,31158366,3,4507,Flavored Milk,140
8880,Retailer,Kampala,49171632,18,3933,Flavored Milk,26
8881,Retailer,Mbale,64532527,7,9236,Cheese,161
8882,Retailer,Mbarara,65410657,17,818,Butter,11
8883,Retailer,Jinja,11927646,18,8786,Cream,79
8884,Wholesaler,Mbarara,26859003,8,5124,Cream,177
8885,Retailer,Mbale,48982218,11,9173,Powder Milk,163
8886,Retailer,Mbarara,34891555,3,8332,Cheese,194
8887,Wholesaler,Kampala,28439130,7,4383,Butter,58
8888,Wholesaler,Mbarara,28395078,15,7241,Cheese,66
8889,Wholesaler,Gulu,50746015,10,9092,Flavored Milk,65
8890,Wholesaler,Mbale,44595719,12,7598,Cream,85
8891,Wholesaler,Mbarara,91068216,12,3018,Powder Milk,30
8892,Retailer,Mbale,70624366,19,2709,Cream,25
8893,Wholesaler,Kampala,48169011,19,683,Yogurt,15
8894,Retailer,Gulu,84217870,15,3278,Flavored Milk,43
8895,Retailer,Jinja,44959005,5,9466,Flavored Milk,68
8896,Wholesaler,Mbarara,62422869,13,1298,Milk,76
8897,Retailer,Kampala,74485102,9,1032,Flavored Milk,50
8898,Retailer,Mbale,53195048,10,2560,Flavored Milk,156
8899,Wholesaler,Mbale,88436189,8,3900,Flavored Milk,166
8900,Retailer,Kampala,96382017,9,4808,Powder Milk,41
8901,Retailer,Mbarara,60048846,6,4043,Milk,19
8902,Retailer,Jinja,76517230,18,1039,Butter,128
8903,Wholesaler,Mbarara,64723718,10,1666,Powder Milk,102
8904,Wholesaler,Gulu,33070938,15,7071,Powder Milk,86
8905,Wholesaler,Mbarara,94210252,13,8666,Cream,29
8906,Retailer,Gulu,44886992,11,9672,Cream,165
8907,Wholesaler,Mbale,82597258,2,1685,Cream,36
8908,Retailer,Gulu,66537978,8,6445,Cream,162
8909,Wholesaler,Jinja,77051209,18,5268,Cream,133
8910,Retailer,Kampala,55601080,3,227,Milk,38
8911,Wholesaler,Gulu,29151501,3,5301,Yogurt,125
8912,Wholesaler,Mbarara,58341860,7,769,Butter,152
8913,Retailer,Gulu,14161479,18,3178,Cream,182
8914,Wholesaler,Mbale,38866400,9,7085,Powder Milk,54
8915,Retailer,Gulu,45292678,18,2839,Powder Milk,39
8916,Wholesaler,Jinja,76757096,1,8895,Milk,47
8917,Wholesaler,Gulu,79084981,4,6311,Yogurt,197
8918,Retailer,Jinja,91562787,4,8731,Cream,41
8919,Retailer,Mbarara,84040310,17,9586,Yogurt,59
8920,Retailer,Mbale,7100998,2,6950,Cheese,80
8921,Wholesaler,Kampala,23626705,15,7573,Cream,172
8922,Retailer,Mbarara,94695402,13,657,Cheese,85
8923,Wholesaler,Mbarara,34542376,9,3641,Powder Milk,96
8924,Retailer,Kampala,12325005,7,5695,Powder Milk,14
8925,Retailer,Gulu,65946855,12,4169,Flavored Milk,116
8926,Retailer,Gulu,58402932,12,5361,Butter,128
8927,Retailer,Gulu,9158989,14,8994,Milk,40
8928,Retailer,Mbale,65537492,15,3098,Flavored Milk,106
8929,Retailer,Mbarara,48523952,1,4494,Butter,190
8930,Wholesaler,Jinja,10270266,9,4170,Powder Milk,10
8931,Retailer,Kampala,42388856,16,1064,Cheese,95
8932,Wholesaler,Mbarara,14329965,9,4946,Milk,74
8933,Retailer,Gulu,33084121,16,7103,Yogurt,152
8934,Retailer,Kampala,82521242,2,9200,Yogurt,112
8935,Retailer,Jinja,22973655,10,1641,Flavored Milk,189
8936,Wholesaler,Mbarara,29194729,18,2638,Flavored Milk,175
8937,Wholesaler,Mbarara,61009317,13,2588,Milk,33
8938,Retailer,Mbale,77653787,2,9032,Yogurt,160
8939,Wholesaler,Mbarara,94743465,13,6231,Cream,56
8940,Retailer,Mbarara,55301098,3,4444,Cream,144
8941,Retailer,Jinja,33384799,15,3148,Flavored Milk,168
8942,Wholesaler,Jinja,38664727,3,8889,Yogurt,16
8943,Wholesaler,Kampala,21109829,10,5926,Cheese,13
8944,Wholesaler,Gulu,20253997,6,1525,Flavored Milk,191
8945,Wholesaler,Jinja,93472819,14,5254,Powder Milk,113
8946,Retailer,Kampala,54575362,9,7787,Cream,61
8947,Wholesaler,Mbarara,29039713,18,5125,Butter,91
8948,Wholesaler,Kampala,60880966,8,9365,Flavored Milk,89
8949,Retailer,Kampala,38484624,6,8857,Cheese,57
8950,Wholesaler,Kampala,10056332,15,9526,Milk,104
8951,Wholesaler,Kampala,64118905,14,3722,Cream,75
8952,Wholesaler,Jinja,68325598,15,2905,Yogurt,119
8953,Wholesaler,Gulu,65327240,6,1673,Cream,134
8954,Retailer,Kampala,61270892,12,5686,Powder Milk,191
8955,Retailer,Mbale,27104396,10,9382,Milk,136
8956,Wholesaler,Mbarara,9395472,19,2880,Cream,191
8957,Wholesaler,Mbarara,72768648,8,8740,Flavored Milk,109
8958,Retailer,Mbarara,93120999,5,4732,Butter,182
8959,Wholesaler,Mbarara,80216755,10,9345,Milk,49
8960,Wholesaler,Mbarara,8664454,11,3139,Cream,44
8961,Wholesaler,Kampala,21407184,14,1802,Butter,33
8962,Wholesaler,Gulu,14788774,14,4064,Flavored Milk,172
8963,Wholesaler,Mbale,26608421,2,663,Cream,103
8964,Wholesaler,Jinja,47424196,17,693,Butter,174
8965,Wholesaler,Mbale,26088976,15,1185,Butter,118
8966,Wholesaler,Jinja,63886503,3,3749,Cheese,171
8967,Wholesaler,Jinja,42672313,3,211,Cream,112
8968,Retailer,Mbale,64308416,3,6119,Milk,161
8969,Retailer,Kampala,71616784,3,3452,Flavored Milk,102
8970,Retailer,Mbarara,34543645,18,4043,Cheese,13
8971,Wholesaler,Kampala,14489182,6,4905,Butter,114
8972,Wholesaler,Mbarara,36776418,14,106,Cheese,187
8973,Retailer,Gulu,88859820,3,5334,Cheese,87
8974,Wholesaler,Jinja,25691015,1,3287,Butter,161
8975,Retailer,Mbale,91166767,10,4952,Flavored Milk,111
8976,Wholesaler,Gulu,63780151,13,6046,Cream,125
8977,Retailer,Mbarara,26964189,9,669,Yogurt,107
8978,Retailer,Kampala,66898878,2,4924,Cheese,45
8979,Retailer,Mbale,20226342,10,2663,Milk,88
8980,Wholesaler,Jinja,14872980,12,7191,Butter,44
8981,Retailer,Gulu,33871927,19,5423,Yogurt,38
8982,Wholesaler,Jinja,57175329,3,2885,Cheese,45
8983,Wholesaler,Mbarara,17752183,19,8907,Butter,77
8984,Wholesaler,Jinja,94423291,1,8369,Butter,148
8985,Wholesaler,Kampala,24337498,15,3607,Cheese,64
8986,Wholesaler,Gulu,95987521,13,4221,Cream,58
8987,Wholesaler,Gulu,46375740,7,5032,Powder Milk,66
8988,Wholesaler,Kampala,67391692,2,6975,Powder Milk,108
8989,Retailer,Jinja,73201750,11,684,Milk,96
8990,Retailer,Kampala,44034208,16,3658,Butter,64
8991,Retailer,Mbale,52754161,14,7656,Butter,65
8992,Wholesaler,Kampala,6315707,15,5787,Cheese,83
8993,Wholesaler,Jinja,45592846,19,9227,Yogurt,13
8994,Wholesaler,Kampala,83295501,7,7995,Butter,118
8995,Wholesaler,Mbarara,64277000,9,2623,Cream,162
8996,Retailer,Kampala,98966315,4,1206,Butter,139
8997,Wholesaler,Kampala,25616484,6,5703,Cheese,156
8998,Retailer,Jinja,49495645,10,3918,Powder Milk,97
8999,Wholesaler,Mbale,58175004,3,6584,Butter,145
9000,Retailer,Mbale,12266465,1,8485,Cream,73
9001,Wholesaler,Jinja,55973119,6,817,Cheese,143
9002,Retailer,Jinja,41003510,5,8656,Milk,93
9003,Wholesaler,Jinja,87785734,15,6620,Cheese,23
9004,Retailer,Mbarara,55192244,11,2936,Cream,113
9005,Wholesaler,Gulu,13124680,13,911,Powder Milk,114
9006,Retailer,Kampala,52739889,6,4964,Yogurt,135
9007,Retailer,Jinja,42402743,5,5007,Butter,80
9008,Wholesaler,Jinja,26067643,2,3983,Milk,194
9009,Retailer,Jinja,98414618,17,259,Butter,118
9010,Wholesaler,Mbale,93534432,12,6172,Butter,39
9011,Wholesaler,Jinja,69119455,12,2207,Cream,17
9012,Wholesaler,Kampala,10603832,14,2427,Powder Milk,151
9013,Retailer,Jinja,35907691,7,2239,Cheese,57
9014,Retailer,Kampala,8368173,14,8917,Butter,37
9015,Wholesaler,Mbarara,15647514,7,6280,Powder Milk,143
9016,Wholesaler,Gulu,38520603,9,6333,Milk,167
9017,Retailer,Mbale,89013242,14,1405,Cream,141
9018,Retailer,Kampala,84078435,17,8267,Powder Milk,109
9019,Retailer,Mbarara,19592255,17,1700,Powder Milk,76
9020,Wholesaler,Gulu,91562410,13,3008,Powder Milk,147
9021,Wholesaler,Gulu,53772103,18,4507,Cream,111
9022,Wholesaler,Gulu,20190763,19,6040,Flavored Milk,36
9023,Wholesaler,Kampala,47312881,17,1732,Powder Milk,182
9024,Wholesaler,Mbarara,84621476,6,2016,Butter,84
9025,Retailer,Jinja,10118708,12,3336,Powder Milk,109
9026,Wholesaler,Mbarara,28136368,6,1045,Cheese,44
9027,Retailer,Mbarara,70993471,3,8318,Yogurt,22
9028,Retailer,Mbarara,80816101,15,2192,Butter,129
9029,Wholesaler,Kampala,59663245,3,1006,Powder Milk,64
9030,Retailer,Kampala,88911374,15,267,Powder Milk,52
9031,Wholesaler,Kampala,25439917,1,3996,Cheese,82
9032,Retailer,Mbarara,66820099,3,2465,Butter,77
9033,Wholesaler,Kampala,92040063,5,6245,Flavored Milk,52
9034,Wholesaler,Gulu,38229451,14,1517,Flavored Milk,49
9035,Retailer,Kampala,59111093,4,2922,Milk,123
9036,Wholesaler,Mbale,37069032,9,82,Flavored Milk,168
9037,Retailer,Kampala,70453097,18,3537,Cream,12
9038,Wholesaler,Kampala,37899444,10,6837,Cream,130
9039,Wholesaler,Kampala,37952251,8,8666,Cheese,154
9040,Wholesaler,Kampala,45821041,13,4932,Flavored Milk,89
9041,Retailer,Mbale,36570128,2,3128,Cheese,48
9042,Retailer,Jinja,56268050,7,6688,Butter,106
9043,Wholesaler,Kampala,81202915,11,4912,Milk,86
9044,Retailer,Gulu,91531375,5,1867,Powder Milk,85
9045,Wholesaler,Mbale,34609544,18,5917,Powder Milk,156
9046,Retailer,Jinja,76181703,8,5523,Powder Milk,31
9047,Retailer,Kampala,11552728,10,4344,Milk,17
9048,Wholesaler,Jinja,76115113,2,764,Powder Milk,117
9049,Wholesaler,Gulu,33054791,3,3257,Flavored Milk,137
9050,Wholesaler,Mbale,49100304,5,4030,Cream,27
9051,Wholesaler,Mbale,12733963,16,4433,Powder Milk,143
9052,Wholesaler,Jinja,24849758,10,2074,Powder Milk,13
9053,Retailer,Kampala,86868414,11,6912,Yogurt,126
9054,Retailer,Mbarara,33207297,19,2664,Cream,178
9055,Wholesaler,Mbale,25657197,16,860,Flavored Milk,188
9056,Wholesaler,Mbarara,27876806,12,2080,Powder Milk,21
9057,Wholesaler,Mbale,57946748,2,6083,Yogurt,121
9058,Retailer,Kampala,39663436,11,2022,Flavored Milk,46
9059,Wholesaler,Kampala,47820386,1,8004,Cheese,11
9060,Wholesaler,Mbale,97413021,5,8958,Cheese,12
9061,Retailer,Jinja,96990622,14,874,Powder Milk,182
9062,Retailer,Kampala,98603472,18,1777,Powder Milk,94
9063,Retailer,Kampala,10187143,7,7553,Yogurt,48
9064,Retailer,Gulu,50288898,5,5171,Milk,86
9065,Wholesaler,Kampala,37376841,8,2282,Yogurt,121
9066,Retailer,Gulu,58840387,15,5730,Butter,191
9067,Retailer,Kampala,30180383,5,6795,Milk,27
9068,Wholesaler,Kampala,74088636,13,7655,Yogurt,22
9069,Wholesaler,Jinja,82380909,19,812,Cream,23
9070,Wholesaler,Jinja,46877706,2,71,Cream,50
9071,Retailer,Kampala,5492461,5,2309,Butter,49
9072,Wholesaler,Mbale,19674876,5,4611,Butter,98
9073,Retailer,Mbale,75246595,6,7182,Cream,110
9074,Retailer,Kampala,74936449,16,3355,Powder Milk,57
9075,Retailer,Mbale,98970849,2,7820,Cream,19
9076,Wholesaler,Kampala,17781162,5,4942,Flavored Milk,130
9077,Retailer,Jinja,27283605,15,9783,Powder Milk,63
9078,Wholesaler,Mbarara,84004683,1,8662,Yogurt,172
9079,Wholesaler,Gulu,36868497,19,4486,Cream,161
9080,Wholesaler,Mbale,30041474,3,7147,Cheese,58
9081,Retailer,Mbale,11049412,19,6864,Cream,179
9082,Retailer,Jinja,56763131,15,8364,Powder Milk,93
9083,Retailer,Mbale,56449775,3,5017,Flavored Milk,59
9084,Wholesaler,Kampala,88860441,8,8675,Powder Milk,158
9085,Retailer,Kampala,19879634,15,6381,Powder Milk,165
9086,Retailer,Mbarara,39869992,1,4215,Cream,192
9087,Retailer,Mbarara,99815120,6,3532,Milk,164
9088,Retailer,Mbarara,29727605,17,8087,Cream,106
9089,Retailer,Kampala,63191337,16,2934,Cream,77
9090,Wholesaler,Mbarara,98198114,13,2688,Cream,108
9091,Wholesaler,Mbarara,8563863,1,3927,Cheese,93
9092,Wholesaler,Kampala,55156704,3,1665,Butter,143
9093,Wholesaler,Jinja,69323086,6,6054,Milk,195
9094,Retailer,Mbale,25341438,3,3858,Cream,143
9095,Wholesaler,Gulu,33195342,15,276,Cream,69
9096,Retailer,Kampala,60719198,15,585,Flavored Milk,90
9097,Wholesaler,Kampala,80958122,11,1172,Powder Milk,156
9098,Wholesaler,Gulu,41919707,6,4415,Butter,122
9099,Wholesaler,Gulu,90948984,6,7139,Powder Milk,198
9100,Retailer,Mbarara,30321670,9,5263,Butter,26
9101,Retailer,Gulu,66772164,14,3584,Butter,186
9102,Wholesaler,Mbale,9281724,11,708,Cheese,140
9103,Retailer,Mbale,47218236,6,7268,Flavored Milk,119
9104,Wholesaler,Mbale,29200822,18,9408,Flavored Milk,43
9105,Wholesaler,Mbale,64720271,15,5041,Powder Milk,71
9106,Wholesaler,Mbale,93734843,9,8258,Cream,197
9107,Retailer,Mbarara,84923000,11,1953,Cheese,96
9108,Wholesaler,Kampala,21372807,2,1662,Flavored Milk,132
9109,Wholesaler,Gulu,33718037,6,5447,Butter,132
9110,Wholesaler,Kampala,98785057,14,8677,Butter,136
9111,Retailer,Gulu,13143015,14,3505,Powder Milk,91
9112,Wholesaler,Mbarara,57498715,13,2054,Butter,171
9113,Retailer,Mbarara,75524397,5,2783,Flavored Milk,166
9114,Wholesaler,Jinja,9389923,9,5301,Yogurt,69
9115,Retailer,Jinja,22396910,11,8504,Milk,181
9116,Wholesaler,Mbarara,99039238,7,2491,Yogurt,152
9117,Wholesaler,Mbarara,97003443,2,8000,Cheese,54
9118,Retailer,Gulu,98564839,12,6091,Yogurt,84
9119,Retailer,Mbarara,84379770,5,6401,Cream,112
9120,Wholesaler,Kampala,24746730,2,857,Powder Milk,18
9121,Retailer,Gulu,74096314,14,2562,Yogurt,44
9122,Wholesaler,Mbarara,61884801,7,407,Cream,19
9123,Wholesaler,Gulu,43719240,5,7361,Powder Milk,113
9124,Wholesaler,Gulu,77347769,4,2451,Cheese,175
9125,Retailer,Mbale,15879808,10,1324,Yogurt,136
9126,Wholesaler,Jinja,46334658,16,1038,Milk,166
9127,Retailer,Gulu,79925053,6,67,Flavored Milk,183
9128,Wholesaler,Gulu,35025673,6,1788,Cream,125
9129,Retailer,Mbale,14571748,9,2813,Cheese,54
9130,Retailer,Mbarara,53016982,1,6678,Yogurt,86
9131,Wholesaler,Gulu,75451488,16,5171,Butter,127
9132,Retailer,Mbale,45017544,17,963,Butter,62
9133,Wholesaler,Kampala,10408091,13,8807,Cheese,93
9134,Wholesaler,Mbale,35146457,6,7383,Butter,11
9135,Wholesaler,Jinja,78777334,2,2962,Milk,141
9136,Wholesaler,Jinja,18100767,8,9594,Cream,28
9137,Wholesaler,Mbarara,42581987,4,1521,Yogurt,108
9138,Retailer,Mbarara,44511785,9,3213,Milk,148
9139,Wholesaler,Jinja,8511672,7,5421,Milk,92
9140,Retailer,Jinja,96009728,1,8853,Flavored Milk,169
9141,Retailer,Gulu,48180528,14,9304,Yogurt,151
9142,Wholesaler,Jinja,67513748,2,8677,Cheese,186
9143,Retailer,Mbarara,6519346,8,8889,Butter,78
9144,Wholesaler,Jinja,23801324,11,4067,Cream,162
9145,Retailer,Mbarara,23658902,5,2659,Flavored Milk,151
9146,Retailer,Kampala,33950209,18,132,Milk,176
9147,Retailer,Jinja,63011178,12,1839,Butter,149
9148,Wholesaler,Mbarara,9482459,19,9292,Yogurt,133
9149,Retailer,Mbale,41026014,5,5758,Milk,186
9150,Wholesaler,Gulu,34207144,7,8023,Milk,93
9151,Retailer,Mbarara,59458308,2,4166,Yogurt,127
9152,Retailer,Jinja,57310244,17,5576,Cheese,126
9153,Retailer,Jinja,89771544,13,2791,Flavored Milk,27
9154,Retailer,Kampala,47307489,11,847,Yogurt,10
9155,Wholesaler,Mbale,63447334,5,2576,Butter,116
9156,Wholesaler,Mbarara,52908191,13,4801,Butter,13
9157,Retailer,Mbale,11153657,13,7781,Milk,21
9158,Retailer,Kampala,79639818,8,812,Cream,163
9159,Wholesaler,Gulu,75352920,11,8859,Powder Milk,169
9160,Wholesaler,Mbale,73681644,8,4856,Flavored Milk,110
9161,Wholesaler,Kampala,93879473,10,3913,Cheese,88
9162,Wholesaler,Mbarara,64003891,11,3736,Cheese,61
9163,Retailer,Gulu,63298978,1,817,Powder Milk,108
9164,Retailer,Jinja,21430431,7,5651,Butter,99
9165,Wholesaler,Kampala,18301747,8,3235,Cheese,24
9166,Wholesaler,Jinja,49242779,6,9262,Cream,145
9167,Wholesaler,Gulu,53164059,14,7479,Butter,39
9168,Wholesaler,Kampala,94773978,7,1127,Flavored Milk,191
9169,Wholesaler,Kampala,59851096,3,1940,Powder Milk,136
9170,Wholesaler,Gulu,14439663,2,1676,Milk,135
9171,Retailer,Mbarara,32797376,18,6696,Cream,104
9172,Retailer,Kampala,14808903,3,1621,Butter,17
9173,Retailer,Gulu,35347899,14,3725,Flavored Milk,102
9174,Wholesaler,Mbale,95647649,18,9833,Powder Milk,154
9175,Wholesaler,Jinja,72679961,13,5482,Butter,25
9176,Wholesaler,Kampala,40683789,8,9434,Yogurt,122
9177,Retailer,Mbale,59205340,4,4823,Butter,54
9178,Wholesaler,Kampala,85615837,15,5094,Flavored Milk,147
9179,Wholesaler,Mbarara,6215746,12,9370,Cheese,156
9180,Retailer,Gulu,44956835,14,9357,Butter,176
9181,Wholesaler,Kampala,32913465,7,4858,Milk,59
9182,Retailer,Gulu,87663051,12,3802,Flavored Milk,69
9183,Retailer,Kampala,49681038,9,1378,Cheese,77
9184,Wholesaler,Mbarara,64483257,10,4173,Flavored Milk,136
9185,Retailer,Mbarara,9290624,8,1361,Butter,169
9186,Wholesaler,Mbale,20498897,2,4500,Yogurt,89
9187,Retailer,Mbarara,46508988,16,2775,Yogurt,98
9188,Wholesaler,Gulu,66579575,18,7621,Cream,95
9189,Retailer,Mbarara,8064582,10,2233,Milk,161
9190,Wholesaler,Kampala,13600553,6,203,Powder Milk,37
9191,Retailer,Mbarara,7239336,6,5632,Powder Milk,160
9192,Retailer,Gulu,80343655,13,865,Cream,72
9193,Retailer,Kampala,87826398,19,1169,Milk,127
9194,Wholesaler,Mbale,28241693,17,2205,Cheese,136
9195,Wholesaler,Mbale,31371800,2,5215,Yogurt,193
9196,Retailer,Mbale,30094549,18,1259,Butter,82
9197,Wholesaler,Kampala,11450147,7,8695,Cream,75
9198,Retailer,Mbale,93901300,14,6478,Flavored Milk,175
9199,Wholesaler,Mbarara,46543258,15,1156,Cream,37
9200,Retailer,Kampala,7255888,8,4466,Flavored Milk,163
9201,Wholesaler,Kampala,11429308,9,5314,Yogurt,197
9202,Retailer,Kampala,31414339,11,1087,Cream,69
9203,Retailer,Jinja,44874492,3,3383,Yogurt,192
9204,Retailer,Gulu,19263161,14,463,Flavored Milk,137
9205,Retailer,Jinja,91525282,8,7954,Cheese,34
9206,Wholesaler,Jinja,9389102,3,1989,Flavored Milk,158
9207,Retailer,Jinja,36101107,18,705,Milk,34
9208,Wholesaler,Gulu,24617186,14,7507,Cream,67
9209,Wholesaler,Jinja,81474027,8,2529,Butter,47
9210,Retailer,Mbale,65644494,17,5689,Cream,55
9211,Wholesaler,Kampala,87454844,8,9589,Yogurt,122
9212,Wholesaler,Kampala,62157396,5,5971,Powder Milk,109
9213,Wholesaler,Mbarara,83833228,12,9558,Cream,141
9214,Retailer,Mbale,48881774,2,6570,Yogurt,156
9215,Wholesaler,Gulu,53386378,17,3656,Cheese,199
9216,Wholesaler,Kampala,86195568,13,5253,Milk,33
9217,Retailer,Jinja,93604919,14,4108,Cream,64
9218,Retailer,Mbarara,44695646,9,5054,Flavored Milk,162
9219,Wholesaler,Mbarara,38240563,9,6518,Milk,81
9220,Retailer,Kampala,6248925,9,8065,Milk,136
9221,Wholesaler,Mbale,84229457,6,365,Cheese,74
9222,Wholesaler,Mbarara,90246014,12,6113,Cheese,77
9223,Wholesaler,Kampala,85990335,10,8462,Powder Milk,149
9224,Retailer,Mbale,57893858,5,6091,Flavored Milk,162
9225,Wholesaler,Kampala,16733949,18,2311,Powder Milk,158
9226,Retailer,Kampala,60643386,7,7689,Flavored Milk,156
9227,Retailer,Mbale,36407752,13,894,Butter,79
9228,Wholesaler,Mbale,10283645,1,1564,Milk,189
9229,Retailer,Mbale,22195302,6,1158,Flavored Milk,63
9230,Retailer,Kampala,7764978,8,5173,Cheese,172
9231,Retailer,Mbarara,94960676,9,1780,Butter,12
9232,Retailer,Gulu,6360754,7,3235,Powder Milk,42
9233,Retailer,Gulu,75549897,10,1288,Butter,16
9234,Wholesaler,Kampala,90396147,8,5505,Cheese,114
9235,Retailer,Kampala,42940619,2,2974,Flavored Milk,164
9236,Wholesaler,Mbarara,44555143,18,6846,Cheese,10
9237,Wholesaler,Mbale,51985090,15,9432,Flavored Milk,177
9238,Wholesaler,Kampala,6430098,6,6089,Cheese,155
9239,Wholesaler,Jinja,28777658,14,3616,Cheese,172
9240,Wholesaler,Mbale,93028042,18,1506,Yogurt,90
9241,Wholesaler,Kampala,5838361,3,1159,Flavored Milk,48
9242,Retailer,Jinja,39827884,1,1980,Milk,133
9243,Retailer,Mbarara,99831993,1,7753,Yogurt,20
9244,Retailer,Jinja,76835542,14,672,Yogurt,110
9245,Wholesaler,Kampala,41631670,1,2387,Yogurt,54
9246,Retailer,Gulu,64605897,1,1308,Yogurt,140
9247,Retailer,Kampala,61033809,4,6350,Milk,189
9248,Retailer,Gulu,50522763,12,4551,Yogurt,69
9249,Wholesaler,Mbarara,27198937,15,7890,Powder Milk,101
9250,Retailer,Mbarara,18749897,4,7339,Milk,67
9251,Wholesaler,Mbale,38022338,10,2073,Powder Milk,191
9252,Retailer,Mbale,51123581,11,926,Milk,120
9253,Wholesaler,Gulu,87500166,6,7240,Powder Milk,43
9254,Wholesaler,Gulu,25595260,10,2576,Yogurt,165
9255,Wholesaler,Mbarara,53579203,12,8586,Butter,70
9256,Retailer,Jinja,35784060,3,3722,Milk,130
9257,Retailer,Gulu,58582693,15,1963,Yogurt,119
9258,Wholesaler,Gulu,18544971,16,2495,Cream,174
9259,Retailer,Jinja,33881442,10,9026,Cream,153
9260,Wholesaler,Mbale,21389605,11,1537,Cheese,134
9261,Wholesaler,Mbale,34174197,16,4941,Cheese,182
9262,Retailer,Gulu,46932338,17,5284,Flavored Milk,24
9263,Retailer,Mbale,66454051,14,499,Cream,13
9264,Retailer,Mbale,93919361,16,1477,Milk,32
9265,Wholesaler,Mbale,37680462,14,2645,Cream,89
9266,Wholesaler,Mbarara,72925542,6,2326,Milk,25
9267,Retailer,Kampala,98875737,10,5815,Powder Milk,97
9268,Wholesaler,Gulu,84655535,17,8485,Cheese,62
9269,Retailer,Gulu,50835183,10,2162,Milk,19
9270,Wholesaler,Mbarara,72457496,10,9187,Cream,171
9271,Retailer,Kampala,53281138,14,1076,Milk,155
9272,Retailer,Kampala,77885217,17,9765,Cheese,62
9273,Wholesaler,Mbarara,56968878,9,3742,Yogurt,25
9274,Retailer,Jinja,87592865,15,3099,Powder Milk,137
9275,Retailer,Jinja,29106394,7,6196,Cheese,199
9276,Wholesaler,Kampala,22591670,2,7634,Butter,189
9277,Retailer,Jinja,91962345,4,7148,Cream,124
9278,Wholesaler,Jinja,9379637,18,5929,Cream,66
9279,Retailer,Jinja,82588188,11,8302,Cheese,32
9280,Wholesaler,Kampala,61441156,5,5103,Powder Milk,49
9281,Retailer,Jinja,76901841,8,3656,Cheese,151
9282,Retailer,Gulu,44547836,5,6719,Powder Milk,89
9283,Retailer,Kampala,9415747,2,439,Cream,27
9284,Retailer,Mbarara,15556032,5,4666,Yogurt,173
9285,Wholesaler,Jinja,38720881,3,9917,Cheese,176
9286,Wholesaler,Mbale,79430803,12,302,Cheese,113
9287,Wholesaler,Kampala,46040403,19,8102,Yogurt,178
9288,Wholesaler,Mbarara,28788717,7,3216,Cream,10
9289,Wholesaler,Gulu,72167391,19,9956,Cheese,90
9290,Wholesaler,Mbarara,57050953,4,745,Yogurt,101
9291,Wholesaler,Jinja,48756113,14,5973,Butter,179
9292,Retailer,Mbale,23636031,19,4798,Yogurt,161
9293,Retailer,Jinja,87848360,18,7915,Milk,126
9294,Retailer,Mbarara,35546571,7,1555,Milk,74
9295,Retailer,Kampala,68140553,15,2793,Powder Milk,27
9296,Wholesaler,Mbale,5686423,1,4704,Yogurt,99
9297,Wholesaler,Mbale,84883799,12,7939,Cheese,23
9298,Wholesaler,Mbarara,96657588,19,1348,Flavored Milk,28
9299,Retailer,Jinja,9597669,6,4740,Cream,91
9300,Wholesaler,Mbarara,91337581,13,3918,Cream,118
9301,Retailer,Mbale,70693400,6,7650,Flavored Milk,16
9302,Wholesaler,Mbarara,59367111,13,7250,Butter,73
9303,Wholesaler,Mbale,92790669,15,265,Butter,11
9304,Wholesaler,Jinja,76372266,16,6294,Flavored Milk,16
9305,Wholesaler,Kampala,23466462,8,229,Flavored Milk,37
9306,Retailer,Kampala,94031511,13,2736,Yogurt,101
9307,Retailer,Mbarara,33216869,13,7705,Flavored Milk,90
9308,Wholesaler,Mbale,45767598,12,5629,Milk,39
9309,Retailer,Kampala,94621518,19,426,Butter,94
9310,Wholesaler,Mbale,20398989,17,7010,Cream,45
9311,Wholesaler,Jinja,91872564,3,8095,Powder Milk,125
9312,Wholesaler,Mbarara,13780363,15,1877,Cream,31
9313,Wholesaler,Mbale,12098785,17,7822,Butter,88
9314,Retailer,Mbarara,98458706,6,5902,Cream,87
9315,Wholesaler,Mbale,39233837,19,7627,Milk,164
9316,Wholesaler,Mbale,41015479,12,2377,Butter,135
9317,Retailer,Jinja,33268250,4,9744,Flavored Milk,19
9318,Wholesaler,Mbarara,36841342,12,8994,Butter,31
9319,Retailer,Gulu,68360360,2,7634,Milk,160
9320,Wholesaler,Mbale,25437964,7,8491,Butter,61
9321,Wholesaler,Mbale,49021480,16,7322,Powder Milk,179
9322,Wholesaler,Kampala,37180417,12,2870,Powder Milk,178
9323,Wholesaler,Mbarara,85737798,16,4786,Powder Milk,57
9324,Wholesaler,Gulu,30327535,14,6520,Cream,78
9325,Wholesaler,Jinja,77936906,1,9131,Powder Milk,188
9326,Retailer,Gulu,12710635,9,5651,Flavored Milk,10
9327,Wholesaler,Jinja,68379756,7,4916,Powder Milk,106
9328,Retailer,Gulu,36132615,5,6570,Powder Milk,193
9329,Retailer,Gulu,59999607,10,2793,Yogurt,80
9330,Wholesaler,Mbarara,31385055,10,4626,Powder Milk,161
9331,Retailer,Kampala,8143828,18,7233,Flavored Milk,152
9332,Wholesaler,Gulu,68827742,7,9998,Powder Milk,181
9333,Retailer,Mbale,76373568,18,6450,Butter,90
9334,Wholesaler,Mbale,96760076,13,7805,Powder Milk,58
9335,Retailer,Mbale,62938058,11,3146,Cheese,186
9336,Retailer,Kampala,34774684,10,8071,Butter,104
9337,Wholesaler,Gulu,37094019,9,8240,Cream,127
9338,Retailer,Jinja,13210723,15,1135,Powder Milk,107
9339,Wholesaler,Jinja,30305422,14,3779,Powder Milk,83
9340,Wholesaler,Mbarara,24339962,3,4378,Butter,46
9341,Wholesaler,Kampala,46191234,14,1537,Milk,83
9342,Wholesaler,Gulu,98324471,16,8590,Cheese,179
9343,Wholesaler,Mbale,87704690,3,7503,Milk,196
9344,Retailer,Kampala,73240284,8,8655,Powder Milk,137
9345,Retailer,Kampala,34815764,2,7387,Milk,19
9346,Retailer,Gulu,94181057,2,7152,Flavored Milk,111
9347,Wholesaler,Mbarara,44965957,18,1059,Yogurt,62
9348,Retailer,Mbarara,81944693,7,4432,Butter,179
9349,Retailer,Mbarara,75890128,17,6755,Cheese,145
9350,Retailer,Mbale,58384964,6,9023,Butter,84
9351,Retailer,Mbale,56981825,10,3129,Milk,93
9352,Retailer,Gulu,57795193,7,4502,Cream,161
9353,Wholesaler,Mbarara,37546315,4,2236,Yogurt,60
9354,Wholesaler,Gulu,59997252,11,5680,Milk,80
9355,Retailer,Mbarara,72614057,16,9448,Butter,197
9356,Wholesaler,Kampala,24238843,17,4568,Flavored Milk,158
9357,Wholesaler,Jinja,78642152,6,354,Butter,117
9358,Retailer,Jinja,34553299,19,5188,Milk,190
9359,Retailer,Mbarara,88817856,18,3504,Cheese,15
9360,Wholesaler,Gulu,88440197,15,6132,Cream,40
9361,Retailer,Mbale,19245175,2,5399,Cheese,149
9362,Wholesaler,Mbarara,48389493,19,900,Cheese,110
9363,Wholesaler,Mbarara,58784322,6,5777,Cream,150
9364,Retailer,Mbale,44763995,12,8736,Cheese,58
9365,Wholesaler,Mbarara,41548462,1,3605,Cheese,40
9366,Wholesaler,Kampala,60707498,11,2724,Powder Milk,18
9367,Wholesaler,Mbale,22996932,19,3480,Yogurt,164
9368,Retailer,Kampala,82138299,4,7590,Yogurt,125
9369,Retailer,Jinja,71553433,19,3199,Flavored Milk,190
9370,Retailer,Mbale,17666868,6,3397,Cheese,124
9371,Retailer,Mbale,49600603,8,3999,Milk,60
9372,Wholesaler,Gulu,45164230,9,554,Milk,81
9373,Retailer,Gulu,52429349,10,7815,Butter,164
9374,Retailer,Mbale,32577992,10,2704,Cheese,137
9375,Retailer,Jinja,26129442,10,3456,Cream,177
9376,Retailer,Mbarara,85788906,4,3567,Cream,71
9377,Wholesaler,Gulu,38204250,18,5462,Milk,67
9378,Wholesaler,Jinja,85411979,12,5307,Powder Milk,152
9379,Wholesaler,Jinja,8101812,11,1629,Flavored Milk,176
9380,Retailer,Gulu,75393944,16,363,Milk,79
9381,Retailer,Mbarara,81787420,19,4365,Powder Milk,17
9382,Wholesaler,Gulu,27722270,11,2737,Powder Milk,172
9383,Retailer,Jinja,37421757,4,7360,Flavored Milk,72
9384,Retailer,Kampala,56024737,12,5573,Cheese,40
9385,Wholesaler,Gulu,41381367,17,9960,Butter,179
9386,Wholesaler,Jinja,22922935,13,4549,Butter,97
9387,Retailer,Gulu,80211276,4,4624,Yogurt,124
9388,Retailer,Jinja,47021911,6,6915,Cheese,50
9389,Retailer,Mbarara,13722465,7,7777,Milk,10
9390,Wholesaler,Jinja,68217910,8,9065,Cream,83
9391,Wholesaler,Mbale,13502290,2,4365,Butter,42
9392,Wholesaler,Kampala,48445277,9,2464,Powder Milk,117
9393,Wholesaler,Jinja,65336176,10,5365,Flavored Milk,46
9394,Retailer,Gulu,84235983,19,4829,Powder Milk,133
9395,Wholesaler,Gulu,12948467,1,3870,Flavored Milk,66
9396,Wholesaler,Jinja,95342769,16,5856,Milk,20
9397,Retailer,Mbale,97424167,18,2019,Milk,93
9398,Retailer,Jinja,95904496,8,1809,Cheese,56
9399,Retailer,Mbarara,62728394,10,3175,Milk,98
9400,Wholesaler,Mbale,73287053,11,6616,Milk,132
9401,Retailer,Jinja,63460590,17,7915,Milk,141
9402,Retailer,Kampala,81274894,7,2331,Cream,92
9403,Wholesaler,Mbale,20793186,3,5279,Butter,86
9404,Wholesaler,Jinja,99314233,7,1173,Cheese,192
9405,Retailer,Kampala,84885724,6,5881,Cream,149
9406,Wholesaler,Jinja,20585643,3,1284,Cream,137
9407,Retailer,Mbarara,38584406,8,6926,Milk,75
9408,Retailer,Gulu,53278679,1,7620,Cream,174
9409,Wholesaler,Jinja,41577506,5,6006,Milk,160
9410,Retailer,Mbale,87789618,19,724,Powder Milk,64
9411,Wholesaler,Jinja,86889289,13,5563,Powder Milk,156
9412,Wholesaler,Jinja,13337455,11,2355,Cream,76
9413,Wholesaler,Jinja,42598831,11,1318,Flavored Milk,160
9414,Retailer,Jinja,22934539,2,5147,Butter,13
9415,Wholesaler,Mbale,91408156,9,3271,Milk,27
9416,Wholesaler,Mbale,61200061,2,4769,Butter,21
9417,Retailer,Jinja,19441302,19,4244,Cheese,44
9418,Retailer,Gulu,29344996,12,1299,Cheese,164
9419,Retailer,Jinja,93977375,9,4079,Powder Milk,52
9420,Retailer,Mbale,36555379,9,2910,Yogurt,87
9421,Wholesaler,Mbarara,47497701,10,3563,Cream,104
9422,Wholesaler,Jinja,23039544,5,3269,Cream,76
9423,Wholesaler,Jinja,38052935,9,8420,Flavored Milk,73
9424,Retailer,Jinja,99037520,18,2249,Yogurt,102
9425,Retailer,Jinja,29789949,10,4980,Butter,112
9426,Wholesaler,Kampala,66192661,17,4727,Flavored Milk,61
9427,Retailer,Jinja,22187069,10,5522,Powder Milk,26
9428,Retailer,Mbale,41069069,14,6758,Milk,42
9429,Wholesaler,Mbale,92842117,4,7891,Powder Milk,81
9430,Wholesaler,Kampala,80799889,10,7880,Powder Milk,189
9431,Retailer,Jinja,39222197,18,2579,Flavored Milk,172
9432,Retailer,Gulu,52410340,5,9177,Flavored Milk,157
9433,Retailer,Jinja,21888357,9,7520,Cheese,90
9434,Wholesaler,Mbale,42999502,6,9198,Yogurt,54
9435,Wholesaler,Mbarara,71253669,16,2523,Cheese,86
9436,Wholesaler,Mbarara,85782119,16,1135,Cheese,77
9437,Wholesaler,Gulu,99492296,11,7412,Yogurt,59
9438,Wholesaler,Jinja,19144308,15,4712,Cheese,195
9439,Retailer,Kampala,41054773,19,3484,Flavored Milk,167
9440,Retailer,Jinja,71643141,3,7778,Butter,11
9441,Retailer,Gulu,30779573,16,2715,Milk,130
9442,Wholesaler,Gulu,84801935,5,9343,Cream,43
9443,Wholesaler,Gulu,20489587,9,8525,Milk,189
9444,Wholesaler,Mbarara,73963456,5,4521,Cream,25
9445,Retailer,Jinja,9578683,4,6569,Cream,133
9446,Wholesaler,Jinja,50290464,13,837,Cheese,180
9447,Wholesaler,Kampala,77968848,17,9098,Yogurt,73
9448,Retailer,Gulu,71003055,12,9940,Flavored Milk,164
9449,Wholesaler,Gulu,14710959,7,6955,Cheese,74
9450,Retailer,Mbale,16273317,1,8038,Flavored Milk,22
9451,Wholesaler,Mbale,18011537,16,7256,Flavored Milk,49
9452,Wholesaler,Mbarara,85500693,7,2183,Cream,169
9453,Retailer,Jinja,10089275,2,2471,Cream,76
9454,Retailer,Kampala,21986618,12,3981,Powder Milk,23
9455,Retailer,Kampala,51745186,11,6075,Cream,129
9456,Retailer,Gulu,19126119,8,5377,Milk,129
9457,Retailer,Kampala,29250010,1,8866,Butter,67
9458,Retailer,Gulu,60565859,3,7176,Butter,101
9459,Wholesaler,Jinja,9996476,8,9842,Yogurt,55
9460,Wholesaler,Kampala,35128886,8,8242,Butter,99
9461,Retailer,Gulu,19335491,11,4555,Cheese,135
9462,Wholesaler,Jinja,63808816,5,6931,Milk,119
9463,Retailer,Jinja,54368949,8,9651,Milk,124
9464,Wholesaler,Gulu,18902788,9,6573,Flavored Milk,196
9465,Retailer,Gulu,17435736,17,848,Cheese,130
9466,Wholesaler,Mbarara,39509150,5,9184,Cheese,42
9467,Wholesaler,Jinja,74674926,19,3512,Flavored Milk,55
9468,Wholesaler,Gulu,65689144,19,7545,Powder Milk,91
9469,Wholesaler,Jinja,97206603,2,1377,Powder Milk,134
9470,Wholesaler,Kampala,24731738,19,7499,Flavored Milk,63
9471,Retailer,Mbale,24329751,15,8936,Milk,75
9472,Retailer,Mbale,27342974,8,235,Cream,141
9473,Retailer,Gulu,74354294,8,8719,Cheese,63
9474,Wholesaler,Gulu,34238685,1,7081,Butter,123
9475,Retailer,Jinja,24168849,14,6734,Butter,13
9476,Wholesaler,Gulu,69574519,11,9927,Cream,154
9477,Wholesaler,Jinja,50420742,7,9233,Cream,89
9478,Wholesaler,Gulu,42499557,18,7641,Milk,82
9479,Retailer,Jinja,44071684,15,2799,Butter,192
9480,Wholesaler,Gulu,80545891,10,2995,Butter,185
9481,Retailer,Mbarara,93439441,4,6612,Cream,186
9482,Retailer,Jinja,76876685,1,3448,Cheese,160
9483,Wholesaler,Mbarara,37213103,14,8436,Cheese,36
9484,Wholesaler,Mbarara,76857526,9,8110,Yogurt,34
9485,Retailer,Mbarara,63920051,13,128,Cheese,102
9486,Retailer,Mbarara,31862733,17,1171,Yogurt,161
9487,Retailer,Kampala,99116831,4,3271,Powder Milk,89
9488,Retailer,Mbale,77037572,5,9027,Cheese,101
9489,Retailer,Kampala,74567253,18,2911,Flavored Milk,29
9490,Retailer,Gulu,55841115,17,8688,Cheese,62
9491,Wholesaler,Gulu,61865867,7,4268,Yogurt,92
9492,Retailer,Mbale,90719139,10,5779,Butter,83
9493,Retailer,Mbale,19534110,9,2773,Cheese,163
9494,Retailer,Mbale,94299916,13,9823,Butter,197
9495,Retailer,Mbarara,56476332,18,408,Butter,139
9496,Wholesaler,Kampala,90024892,12,2336,Cheese,12
9497,Wholesaler,Gulu,56432438,8,1815,Cheese,112
9498,Retailer,Kampala,47944534,18,854,Flavored Milk,193
9499,Retailer,Kampala,18160609,5,5699,Powder Milk,75
9500,Retailer,Kampala,91649460,7,2780,Yogurt,162
9501,Wholesaler,Mbale,39567025,15,6041,Cheese,118
9502,Wholesaler,Mbale,76673595,3,7875,Butter,24
9503,Wholesaler,Gulu,23853327,18,192,Butter,144
9504,Wholesaler,Gulu,92201269,6,9365,Cheese,137
9505,Wholesaler,Gulu,86823662,6,333,Yogurt,91
9506,Wholesaler,Kampala,75461748,1,7142,Powder Milk,80
9507,Retailer,Mbale,60377491,17,433,Butter,50
9508,Wholesaler,Mbarara,11403624,11,1628,Powder Milk,135
9509,Wholesaler,Kampala,74814474,2,2995,Powder Milk,197
9510,Retailer,Jinja,98728159,9,673,Flavored Milk,181
9511,Wholesaler,Kampala,80915405,19,594,Butter,132
9512,Retailer,Mbale,46575403,6,7636,Yogurt,42
9513,Wholesaler,Jinja,74401190,7,963,Milk,160
9514,Retailer,Kampala,60085022,4,2593,Flavored Milk,73
9515,Retailer,Mbale,83237208,3,1797,Flavored Milk,143
9516,Retailer,Mbale,82030344,2,2213,Milk,72
9517,Retailer,Mbarara,59816630,10,9285,Flavored Milk,135
9518,Retailer,Kampala,81846828,10,9557,Flavored Milk,180
9519,Wholesaler,Mbale,64763375,17,1427,Flavored Milk,162
9520,Wholesaler,Gulu,74042980,16,5758,Butter,17
9521,Retailer,Mbale,81640144,1,8464,Butter,174
9522,Retailer,Mbarara,23907803,12,4581,Cheese,102
9523,Retailer,Mbale,7130304,10,2203,Cheese,196
9524,Wholesaler,Kampala,9515400,1,2749,Butter,37
9525,Retailer,Kampala,16291830,16,3370,Flavored Milk,62
9526,Retailer,Jinja,34592944,11,616,Yogurt,129
9527,Retailer,Kampala,36312572,4,2092,Milk,133
9528,Retailer,Jinja,88864511,3,8871,Cheese,64
9529,Wholesaler,Gulu,27702239,13,2785,Cream,173
9530,Retailer,Mbarara,73090420,15,5523,Cream,199
9531,Retailer,Gulu,67691335,10,774,Flavored Milk,152
9532,Wholesaler,Jinja,43058875,6,7869,Cream,63
9533,Retailer,Mbale,86520737,11,4098,Cheese,70
9534,Retailer,Mbale,81097353,1,7030,Powder Milk,106
9535,Wholesaler,Gulu,97930148,4,2948,Yogurt,63
9536,Wholesaler,Mbale,22657839,10,1514,Powder Milk,38
9537,Wholesaler,Jinja,14629976,15,9549,Flavored Milk,90
9538,Retailer,Mbarara,83189426,1,5664,Cream,118
9539,Retailer,Kampala,51114080,15,7139,Butter,36
9540,Wholesaler,Jinja,68187692,3,203,Yogurt,124
9541,Wholesaler,Jinja,67626182,1,6813,Cheese,149
9542,Wholesaler,Kampala,13245856,6,6509,Cream,135
9543,Retailer,Kampala,74845441,19,4116,Flavored Milk,32
9544,Retailer,Mbarara,96172207,4,860,Powder Milk,59
9545,Wholesaler,Mbarara,76404639,12,200,Flavored Milk,84
9546,Retailer,Mbarara,68321599,2,8187,Milk,97
9547,Wholesaler,Mbale,53770413,17,9320,Cream,164
9548,Retailer,Jinja,97519819,6,828,Milk,68
9549,Retailer,Kampala,39374333,12,4299,Powder Milk,18
9550,Retailer,Jinja,16504916,15,4018,Milk,42
9551,Retailer,Jinja,90454420,17,7717,Butter,79
9552,Wholesaler,Mbarara,32335348,1,4646,Flavored Milk,188
9553,Retailer,Mbarara,87752504,14,7407,Flavored Milk,177
9554,Retailer,Jinja,99330900,2,2603,Cheese,15
9555,Wholesaler,Mbarara,67433678,4,4153,Cream,141
9556,Retailer,Mbale,49390090,2,5854,Cream,12
9557,Wholesaler,Kampala,35443721,14,4614,Cream,150
9558,Wholesaler,Jinja,66090257,18,6514,Butter,35
9559,Retailer,Kampala,22015966,8,6765,Cream,43
9560,Retailer,Mbale,88978549,1,3728,Cream,190
9561,Wholesaler,Mbarara,33215799,16,3755,Cream,56
9562,Wholesaler,Gulu,29995865,7,3408,Milk,145
9563,Wholesaler,Mbale,56380020,6,9094,Flavored Milk,85
9564,Retailer,Gulu,97725158,19,4232,Milk,145
9565,Wholesaler,Kampala,25492550,10,4015,Yogurt,156
9566,Wholesaler,Jinja,25701655,6,5250,Butter,41
9567,Wholesaler,Mbarara,47600614,10,4679,Milk,30
9568,Retailer,Mbale,93865567,19,6383,Butter,160
9569,Wholesaler,Mbarara,90191833,3,7815,Powder Milk,100
9570,Retailer,Gulu,68750861,3,5653,Cream,98
9571,Retailer,Gulu,89838812,6,4524,Flavored Milk,80
9572,Wholesaler,Jinja,50264536,17,8697,Yogurt,51
9573,Retailer,Gulu,33169886,18,7225,Cheese,44
9574,Wholesaler,Jinja,92583937,10,279,Cream,139
9575,Retailer,Mbale,67395606,6,6857,Yogurt,115
9576,Retailer,Jinja,84534766,13,5644,Butter,85
9577,Wholesaler,Gulu,57075292,6,5069,Yogurt,61
9578,Wholesaler,Kampala,64648482,12,3527,Flavored Milk,26
9579,Wholesaler,Jinja,72567560,14,3408,Butter,95
9580,Retailer,Mbarara,46959069,17,809,Cream,18
9581,Retailer,Kampala,67631229,8,1416,Butter,189
9582,Wholesaler,Jinja,80741005,5,8566,Flavored Milk,12
9583,Wholesaler,Mbarara,11761714,4,926,Powder Milk,31
9584,Retailer,Kampala,97151824,6,216,Milk,191
9585,Retailer,Jinja,73495091,11,3714,Cheese,45
9586,Retailer,Mbale,92269456,5,7513,Powder Milk,176
9587,Wholesaler,Mbarara,47031539,14,8822,Cream,27
9588,Retailer,Mbale,83782399,10,7400,Powder Milk,90
9589,Wholesaler,Gulu,59502394,11,5745,Yogurt,36
9590,Retailer,Jinja,80938470,3,9351,Cream,127
9591,Retailer,Jinja,99331659,8,8102,Cream,105
9592,Wholesaler,Mbarara,53449312,5,9414,Powder Milk,150
9593,Wholesaler,Jinja,51946489,10,9013,Cheese,26
9594,Wholesaler,Gulu,16127249,8,977,Cream,70
9595,Retailer,Jinja,61305746,9,8847,Cream,155
9596,Retailer,Kampala,36529526,15,4150,Cheese,26
9597,Retailer,Mbale,63761540,1,4144,Powder Milk,193
9598,Wholesaler,Gulu,71440610,5,7033,Flavored Milk,57
9599,Retailer,Gulu,84639578,15,7244,Milk,25
9600,Wholesaler,Mbale,7744996,4,9243,Cheese,162
9601,Wholesaler,Mbale,6063892,19,4023,Butter,36
9602,Wholesaler,Gulu,43690703,10,7794,Powder Milk,23
9603,Retailer,Mbale,25654043,2,463,Cream,101
9604,Retailer,Mbarara,44719704,5,5978,Milk,120
9605,Wholesaler,Mbale,79984509,18,2064,Flavored Milk,125
9606,Retailer,Kampala,35034576,6,9729,Powder Milk,126
9607,Wholesaler,Kampala,19492842,10,9024,Cheese,59
9608,Wholesaler,Mbarara,88475741,15,8768,Powder Milk,38
9609,Retailer,Mbale,96827203,9,50,Flavored Milk,37
9610,Wholesaler,Kampala,50055041,13,8512,Yogurt,158
9611,Wholesaler,Jinja,13141883,18,2581,Flavored Milk,161
9612,Retailer,Mbale,82779445,7,1121,Butter,55
9613,Wholesaler,Mbarara,67786392,2,8935,Flavored Milk,69
9614,Wholesaler,Mbale,75202486,16,2937,Milk,108
9615,Wholesaler,Gulu,41632644,2,6566,Yogurt,157
9616,Wholesaler,Gulu,55674327,4,7955,Powder Milk,61
9617,Wholesaler,Kampala,41327644,2,2045,Powder Milk,159
9618,Wholesaler,Gulu,53351454,17,3627,Butter,77
9619,Wholesaler,Mbarara,47180537,6,6259,Yogurt,153
9620,Retailer,Kampala,91793719,10,1759,Butter,158
9621,Retailer,Mbarara,22189074,14,2149,Powder Milk,181
9622,Wholesaler,Mbarara,8854102,15,6167,Yogurt,71
9623,Wholesaler,Gulu,67262846,12,8711,Cheese,158
9624,Retailer,Gulu,7628465,19,2340,Flavored Milk,113
9625,Retailer,Mbarara,69762117,11,8578,Milk,148
9626,Retailer,Gulu,81036613,1,8020,Milk,129
9627,Retailer,Gulu,37829156,8,805,Cheese,197
9628,Retailer,Gulu,9420864,6,9961,Cream,46
9629,Wholesaler,Mbale,97679230,12,7262,Yogurt,181
9630,Retailer,Mbarara,22173895,16,2149,Flavored Milk,133
9631,Retailer,Jinja,8959323,18,462,Cheese,31
9632,Retailer,Mbarara,87673496,12,4153,Yogurt,180
9633,Wholesaler,Kampala,49687776,2,3043,Flavored Milk,30
9634,Wholesaler,Gulu,60406629,7,296,Yogurt,170
9635,Wholesaler,Gulu,74511475,9,7612,Milk,154
9636,Wholesaler,Jinja,22929037,18,7027,Flavored Milk,45
9637,Wholesaler,Kampala,53250506,9,7556,Milk,151
9638,Wholesaler,Mbale,57797492,8,8653,Milk,174
9639,Retailer,Mbarara,6311325,1,7145,Flavored Milk,168
9640,Wholesaler,Mbale,7396611,5,3417,Cheese,141
9641,Wholesaler,Kampala,73666118,16,2739,Yogurt,143
9642,Retailer,Jinja,65718565,14,637,Flavored Milk,187
9643,Wholesaler,Kampala,49988226,13,1518,Powder Milk,94
9644,Retailer,Jinja,95674312,11,282,Milk,47
9645,Retailer,Mbale,14879501,13,6935,Yogurt,88
9646,Wholesaler,Mbale,58859699,15,8061,Flavored Milk,142
9647,Retailer,Kampala,90151678,16,7190,Cheese,175
9648,Retailer,Kampala,16365631,13,1936,Flavored Milk,33
9649,Retailer,Gulu,28673226,8,359,Flavored Milk,27
9650,Retailer,Jinja,31645540,18,8130,Butter,102
9651,Wholesaler,Gulu,63234509,19,9185,Powder Milk,169
9652,Retailer,Mbarara,23152594,15,9149,Yogurt,80
9653,Wholesaler,Mbarara,80029511,10,2798,Flavored Milk,111
9654,Retailer,Kampala,51755066,4,1650,Milk,99
9655,Retailer,Mbale,46462406,6,595,Milk,81
9656,Retailer,Mbarara,60066170,8,3873,Butter,98
9657,Wholesaler,Mbarara,19290366,7,3364,Milk,167
9658,Wholesaler,Gulu,5686342,12,4980,Flavored Milk,97
9659,Wholesaler,Gulu,63202743,18,5779,Yogurt,167
9660,Retailer,Mbarara,75671798,18,8041,Butter,142
9661,Retailer,Kampala,99377218,19,5611,Powder Milk,13
9662,Retailer,Gulu,30998658,4,1891,Cream,188
9663,Retailer,Mbarara,31122769,1,1686,Butter,146
9664,Wholesaler,Mbale,25388140,5,7626,Cheese,64
9665,Retailer,Gulu,23112996,7,1725,Cheese,42
9666,Wholesaler,Mbarara,70663067,11,1840,Yogurt,124
9667,Retailer,Jinja,33255395,11,3194,Yogurt,102
9668,Wholesaler,Gulu,62904783,10,7017,Cream,40
9669,Wholesaler,Jinja,60431068,7,205,Butter,117
9670,Retailer,Gulu,10945233,16,6964,Flavored Milk,92
9671,Retailer,Gulu,41460781,1,9175,Flavored Milk,191
9672,Wholesaler,Jinja,53948909,1,8817,Cheese,198
9673,Retailer,Kampala,47432594,12,9575,Yogurt,75
9674,Retailer,Mbarara,62039516,16,3157,Cream,157
9675,Wholesaler,Kampala,46041004,5,4393,Yogurt,123
9676,Wholesaler,Kampala,79543281,14,9693,Flavored Milk,94
9677,Wholesaler,Mbarara,93445177,18,5213,Cheese,198
9678,Wholesaler,Mbale,14039414,9,4598,Flavored Milk,45
9679,Retailer,Kampala,98997722,2,5288,Flavored Milk,93
9680,Wholesaler,Kampala,72244122,12,7566,Butter,117
9681,Wholesaler,Kampala,82964925,10,6886,Yogurt,29
9682,Wholesaler,Mbale,68510352,2,989,Butter,182
9683,Retailer,Gulu,77462504,15,9335,Butter,109
9684,Wholesaler,Jinja,39585738,4,7140,Flavored Milk,55
9685,Retailer,Jinja,75819332,19,3991,Cheese,126
9686,Wholesaler,Mbale,41990574,4,4412,Flavored Milk,27
9687,Wholesaler,Kampala,79103991,9,1511,Powder Milk,106
9688,Retailer,Jinja,68969523,13,7985,Cheese,155
9689,Wholesaler,Mbale,32811658,10,9452,Cream,43
9690,Wholesaler,Mbarara,20019035,14,3348,Yogurt,88
9691,Retailer,Jinja,97647942,3,110,Powder Milk,140
9692,Wholesaler,Mbarara,29628164,3,2265,Powder Milk,81
9693,Wholesaler,Kampala,83055986,16,6325,Powder Milk,148
9694,Wholesaler,Jinja,38589673,9,4867,Milk,183
9695,Wholesaler,Mbale,72032199,14,4152,Yogurt,179
9696,Retailer,Gulu,79477233,16,5881,Flavored Milk,26
9697,Wholesaler,Jinja,96064960,9,300,Cheese,56
9698,Retailer,Jinja,67395076,5,1649,Powder Milk,39
9699,Wholesaler,Jinja,94188489,13,7479,Milk,180
9700,Retailer,Jinja,80095950,15,2217,Powder Milk,145
9701,Wholesaler,Mbale,64538022,4,6241,Cheese,49
9702,Retailer,Mbale,90391406,14,9527,Cream,157
9703,Wholesaler,Gulu,22364956,7,1518,Cheese,85
9704,Retailer,Mbale,56103384,4,4083,Cream,94
9705,Retailer,Mbale,50652496,17,1552,Milk,165
9706,Wholesaler,Kampala,75339855,9,9496,Milk,37
9707,Retailer,Kampala,32389751,4,6650,Yogurt,68
9708,Wholesaler,Mbarara,64818049,3,4864,Butter,199
9709,Wholesaler,Gulu,77420261,19,5094,Powder Milk,89
9710,Wholesaler,Kampala,58532116,9,77,Milk,83
9711,Wholesaler,Gulu,7046282,8,7948,Powder Milk,191
9712,Wholesaler,Gulu,43474728,7,9142,Butter,16
9713,Retailer,Jinja,45384126,7,9090,Butter,77
9714,Wholesaler,Gulu,70469570,4,150,Butter,33
9715,Wholesaler,Jinja,27726625,19,4560,Cream,107
9716,Wholesaler,Mbarara,56976721,12,7444,Butter,50
9717,Wholesaler,Mbarara,12407310,6,3290,Milk,63
9718,Wholesaler,Mbarara,76341656,12,1538,Powder Milk,23
9719,Wholesaler,Jinja,84990197,4,1503,Cheese,181
9720,Retailer,Jinja,48167729,2,1851,Powder Milk,58
9721,Retailer,Mbarara,61179037,15,8134,Powder Milk,72
9722,Wholesaler,Jinja,63922000,6,4609,Milk,54
9723,Retailer,Mbale,90457777,18,6290,Milk,81
9724,Wholesaler,Mbale,61959338,5,7867,Flavored Milk,115
9725,Wholesaler,Jinja,35333942,4,1565,Flavored Milk,16
9726,Wholesaler,Jinja,73683362,11,8265,Yogurt,12
9727,Wholesaler,Kampala,24288894,11,8637,Butter,97
9728,Wholesaler,Kampala,70354509,9,1477,Butter,184
9729,Retailer,Gulu,56185338,3,6135,Flavored Milk,198
9730,Retailer,Gulu,16739555,11,1063,Cheese,39
9731,Retailer,Gulu,88811089,2,7329,Yogurt,14
9732,Retailer,Mbarara,24591300,9,4276,Powder Milk,113
9733,Wholesaler,Mbale,77603661,10,8661,Cheese,122
9734,Retailer,Mbarara,98130520,11,3399,Flavored Milk,16
9735,Wholesaler,Jinja,83840875,3,6126,Powder Milk,176
9736,Retailer,Kampala,93196491,17,7807,Cheese,139
9737,Retailer,Jinja,20595964,11,5237,Butter,180
9738,Retailer,Jinja,20182909,17,9668,Flavored Milk,149
9739,Retailer,Kampala,52918644,19,7068,Powder Milk,37
9740,Wholesaler,Jinja,97911412,4,4320,Cheese,117
9741,Retailer,Gulu,22070491,2,8705,Yogurt,156
9742,Retailer,Kampala,58890978,14,439,Yogurt,37
9743,Wholesaler,Jinja,64044160,15,6941,Milk,108
9744,Wholesaler,Gulu,60030914,3,185,Cream,85
9745,Retailer,Gulu,90264170,13,2506,Powder Milk,101
9746,Wholesaler,Mbale,28460657,13,2321,Flavored Milk,156
9747,Wholesaler,Gulu,93134854,18,8842,Flavored Milk,73
9748,Wholesaler,Mbarara,93213809,7,7163,Powder Milk,100
9749,Retailer,Kampala,40927606,16,8860,Flavored Milk,126
9750,Wholesaler,Kampala,86865596,16,9818,Butter,146
9751,Retailer,Kampala,25455435,6,6146,Butter,178
9752,Retailer,Jinja,20132055,6,7405,Flavored Milk,59
9753,Retailer,Jinja,41736085,4,5556,Powder Milk,19
9754,Retailer,Mbarara,61121063,3,8250,Cheese,91
9755,Wholesaler,Gulu,42332378,1,9445,Butter,191
9756,Retailer,Jinja,45227528,3,9963,Powder Milk,19
9757,Wholesaler,Gulu,86942522,19,7661,Flavored Milk,144
9758,Retailer,Gulu,40686307,9,8835,Butter,113
9759,Wholesaler,Jinja,8675007,14,8847,Powder Milk,169
9760,Retailer,Jinja,81451809,19,6070,Milk,63
9761,Wholesaler,Mbarara,84705539,19,1519,Yogurt,79
9762,Retailer,Mbale,9763455,13,1745,Cream,43
9763,Retailer,Kampala,52465472,16,1356,Milk,52
9764,Wholesaler,Jinja,57060760,8,5382,Flavored Milk,135
9765,Retailer,Jinja,78566489,16,9929,Powder Milk,142
9766,Retailer,Gulu,68099478,9,5847,Yogurt,156
9767,Retailer,Mbale,64883009,9,4033,Cheese,122
9768,Wholesaler,Jinja,7788306,3,9290,Flavored Milk,123
9769,Retailer,Mbale,70799155,7,1785,Cheese,63
9770,Retailer,Kampala,49718979,18,4378,Cheese,151
9771,Wholesaler,Gulu,56942904,2,3409,Butter,147
9772,Wholesaler,Mbarara,16069038,1,8926,Butter,58
9773,Wholesaler,Kampala,40047076,12,6377,Yogurt,20
9774,Wholesaler,Mbale,59410109,16,9190,Yogurt,168
9775,Wholesaler,Mbale,41516796,12,6991,Powder Milk,147
9776,Retailer,Kampala,87264282,10,354,Butter,30
9777,Retailer,Mbale,81525060,9,2447,Cream,138
9778,Retailer,Mbarara,23046862,18,6117,Yogurt,55
9779,Wholesaler,Mbarara,80129558,4,2576,Powder Milk,116
9780,Retailer,Mbale,91006768,8,7209,Milk,83
9781,Wholesaler,Mbale,86008081,4,236,Flavored Milk,29
9782,Wholesaler,Mbarara,74449497,16,1614,Milk,30
9783,Retailer,Mbale,52570429,8,6863,Flavored Milk,174
9784,Wholesaler,Jinja,68689517,7,1959,Powder Milk,151
9785,Wholesaler,Gulu,54189289,13,8519,Butter,195
9786,Retailer,Jinja,48525679,8,1532,Cream,66
9787,Wholesaler,Mbale,7618778,7,7954,Milk,66
9788,Wholesaler,Mbale,60326483,5,4932,Cream,78
9789,Retailer,Gulu,45149874,18,7028,Cheese,161
9790,Wholesaler,Mbale,49883787,19,9890,Milk,197
9791,Wholesaler,Gulu,75377455,10,1974,Yogurt,160
9792,Retailer,Mbarara,28067843,11,2748,Milk,56
9793,Retailer,Gulu,20037816,8,9539,Butter,175
9794,Retailer,Gulu,26984620,6,9593,Butter,189
9795,Retailer,Jinja,34273923,11,9459,Cream,150
9796,Wholesaler,Mbale,59404739,16,321,Yogurt,17
9797,Wholesaler,Mbarara,62256870,4,1373,Flavored Milk,111
9798,Retailer,Kampala,88941780,2,7801,Yogurt,169
9799,Wholesaler,Gulu,49673089,13,2293,Powder Milk,154
9800,Wholesaler,Kampala,99188431,7,3002,Flavored Milk,14
9801,Retailer,Mbale,17747142,17,380,Butter,81
9802,Retailer,Gulu,70732690,13,5921,Cream,132
9803,Wholesaler,Kampala,68882218,10,3607,Cream,134
9804,Retailer,Jinja,48573728,13,7614,Butter,187
9805,Retailer,Kampala,49278536,10,1877,Powder Milk,103
9806,Retailer,Jinja,56633380,7,7999,Flavored Milk,149
9807,Wholesaler,Mbarara,22575929,10,7234,Milk,181
9808,Retailer,Mbale,17991248,16,7922,Milk,77
9809,Wholesaler,Kampala,81031706,3,2223,Yogurt,196
9810,Wholesaler,Gulu,12726192,4,3759,Cream,147
9811,Wholesaler,Mbale,54237176,4,179,Butter,57
9812,Retailer,Kampala,14463295,4,5937,Milk,165
9813,Retailer,Gulu,39576247,16,1608,Butter,14
9814,Retailer,Gulu,76598602,9,3250,Yogurt,53
9815,Retailer,Gulu,14140108,6,3774,Cheese,168
9816,Retailer,Gulu,99849228,10,3583,Butter,25
9817,Wholesaler,Kampala,21519909,4,5115,Cheese,132
9818,Wholesaler,Mbarara,33323353,12,4743,Cream,32
9819,Wholesaler,Jinja,82986110,10,8856,Butter,102
9820,Retailer,Jinja,13543390,12,5312,Flavored Milk,120
9821,Wholesaler,Jinja,54783061,19,1914,Powder Milk,30
9822,Wholesaler,Mbarara,37022484,19,737,Cheese,139
9823,Retailer,Gulu,14319177,1,7350,Flavored Milk,32
9824,Retailer,Gulu,94960866,4,6457,Powder Milk,148
9825,Wholesaler,Mbale,88618329,13,4292,Flavored Milk,127
9826,Wholesaler,Jinja,83474822,8,6009,Yogurt,132
9827,Retailer,Jinja,37582023,14,6073,Yogurt,139
9828,Retailer,Gulu,64843499,16,6248,Milk,91
9829,Retailer,Jinja,40469283,2,1667,Cheese,150
9830,Retailer,Gulu,84957629,8,6130,Milk,54
9831,Wholesaler,Gulu,45418930,13,1949,Cream,81
9832,Wholesaler,Gulu,16358449,1,2084,Cheese,147
9833,Retailer,Kampala,66046210,12,6372,Yogurt,100
9834,Wholesaler,Kampala,85483302,17,7579,Yogurt,90
9835,Wholesaler,Kampala,50753543,7,7425,Powder Milk,30
9836,Retailer,Kampala,58197940,16,4023,Powder Milk,10
9837,Wholesaler,Mbarara,62095386,14,775,Yogurt,153
9838,Wholesaler,Mbale,70543472,10,3553,Cream,180
9839,Wholesaler,Mbale,99407971,3,8081,Cheese,143
9840,Retailer,Gulu,91592463,12,9419,Cream,85
9841,Retailer,Jinja,37683836,8,2390,Cream,121
9842,Wholesaler,Kampala,84943043,16,6589,Yogurt,20
9843,Retailer,Mbale,24683915,1,3091,Milk,105
9844,Retailer,Mbale,69253241,17,7150,Flavored Milk,186
9845,Retailer,Kampala,16002472,6,1609,Powder Milk,29
9846,Wholesaler,Mbarara,30611102,1,450,Cream,30
9847,Wholesaler,Mbarara,66388878,15,4260,Cheese,45
9848,Retailer,Mbale,68042547,13,3381,Flavored Milk,47
9849,Wholesaler,Mbarara,39342881,6,5021,Milk,65
9850,Wholesaler,Kampala,58539228,13,1299,Butter,100
9851,Wholesaler,Mbale,93311944,4,8855,Powder Milk,20
9852,Wholesaler,Kampala,45682829,1,4276,Yogurt,27
9853,Wholesaler,Mbarara,89040227,10,6457,Powder Milk,90
9854,Retailer,Kampala,51143875,4,5693,Powder Milk,107
9855,Wholesaler,Mbarara,41573754,13,2004,Powder Milk,54
9856,Wholesaler,Mbarara,83863589,4,7027,Milk,163
9857,Wholesaler,Kampala,81852215,16,8590,Butter,135
9858,Retailer,Mbarara,53536699,9,8402,Cheese,68
9859,Retailer,Gulu,56875664,4,8355,Milk,143
9860,Retailer,Kampala,45044435,8,6211,Cheese,52
9861,Wholesaler,Gulu,21944912,4,7321,Flavored Milk,103
9862,Retailer,Kampala,18097946,9,5511,Flavored Milk,189
9863,Retailer,Mbarara,32460944,11,9727,Cheese,112
9864,Retailer,Mbarara,13755861,5,1678,Cream,199
9865,Retailer,Mbale,14350808,9,8030,Flavored Milk,26
9866,Wholesaler,Mbale,71846658,8,4288,Flavored Milk,86
9867,Retailer,Gulu,47594010,4,6646,Yogurt,126
9868,Retailer,Mbarara,29996747,1,2548,Cheese,55
9869,Wholesaler,Mbale,70787790,13,2045,Cheese,178
9870,Wholesaler,Mbarara,73783077,5,645,Butter,150
9871,Retailer,Kampala,53311125,10,989,Powder Milk,143
9872,Wholesaler,Mbale,17411148,16,1349,Yogurt,170
9873,Retailer,Gulu,35196383,8,5464,Milk,141
9874,Wholesaler,Mbale,55248698,12,9394,Yogurt,187
9875,Wholesaler,Mbarara,62292053,3,3066,Milk,57
9876,Retailer,Jinja,69789336,4,9639,Cheese,108
9877,Wholesaler,Jinja,90130714,17,2919,Yogurt,36
9878,Retailer,Mbarara,59892485,13,9402,Cream,15
9879,Wholesaler,Kampala,31024626,6,6431,Butter,67
9880,Retailer,Mbale,99780111,3,9037,Powder Milk,10
9881,Wholesaler,Jinja,35477447,14,4180,Flavored Milk,37
9882,Wholesaler,Kampala,54796540,7,7513,Milk,38
9883,Wholesaler,Mbarara,40522912,3,2967,Flavored Milk,105
9884,Wholesaler,Kampala,40333513,6,4403,Powder Milk,165
9885,Wholesaler,Mbarara,27631393,13,4415,Cheese,100
9886,Retailer,Mbale,11926610,14,3168,Cheese,77
9887,Wholesaler,Kampala,78489791,15,6799,Cheese,50
9888,Retailer,Mbale,51846861,16,9195,Flavored Milk,115
9889,Retailer,Kampala,36153474,1,9967,Powder Milk,125
9890,Retailer,Mbarara,36255734,15,9752,Cream,192
9891,Wholesaler,Mbarara,67889532,7,9828,Cheese,169
9892,Retailer,Kampala,59776894,9,1791,Cheese,132
9893,Wholesaler,Mbarara,94896662,15,2508,Flavored Milk,159
9894,Retailer,Gulu,11750858,14,6405,Cheese,130
9895,Retailer,Gulu,19744494,19,9634,Powder Milk,66
9896,Retailer,Mbale,17287621,18,7113,Milk,31
9897,Retailer,Gulu,27855713,9,3387,Yogurt,75
9898,Retailer,Gulu,48797464,1,6328,Milk,178
9899,Wholesaler,Jinja,70090367,12,6053,Cream,52
9900,Retailer,Jinja,36507542,10,839,Cheese,43
9901,Retailer,Jinja,88881169,7,6508,Powder Milk,123
9902,Wholesaler,Jinja,65105165,14,8541,Powder Milk,11
9903,Wholesaler,Mbarara,91325328,1,1371,Cheese,68
9904,Wholesaler,Mbale,76786817,15,6472,Cream,45
9905,Retailer,Mbale,86316831,1,4519,Cream,17
9906,Retailer,Gulu,49771517,13,7705,Cheese,170
9907,Retailer,Mbale,5363688,2,2159,Cheese,42
9908,Retailer,Gulu,68061434,3,7072,Flavored Milk,27
9909,Retailer,Mbale,63932986,4,2435,Powder Milk,73
9910,Retailer,Kampala,45358055,16,3496,Yogurt,70
9911,Wholesaler,Kampala,23017510,12,5135,Flavored Milk,92
9912,Wholesaler,Mbale,47423445,4,7486,Flavored Milk,19
9913,Retailer,Mbarara,85521879,12,668,Powder Milk,187
9914,Retailer,Gulu,95922533,7,4940,Cream,115
9915,Retailer,Mbale,28528833,3,9124,Cheese,31
9916,Retailer,Gulu,14742716,5,1753,Milk,48
9917,Retailer,Jinja,50778728,12,7803,Powder Milk,111
9918,Wholesaler,Mbale,5870376,12,2469,Milk,74
9919,Wholesaler,Mbarara,51722322,7,8749,Butter,39
9920,Retailer,Jinja,29516200,12,6421,Powder Milk,142
9921,Wholesaler,Mbale,5988033,2,1467,Yogurt,120
9922,Retailer,Kampala,78575263,14,6208,Powder Milk,35
9923,Retailer,Mbale,78063890,16,7198,Butter,129
9924,Retailer,Kampala,59295055,7,2910,Flavored Milk,72
9925,Wholesaler,Kampala,89530013,4,2435,Butter,183
9926,Wholesaler,Mbale,19184597,5,9528,Cream,40
9927,Retailer,Mbale,65165261,14,975,Butter,178
9928,Wholesaler,Kampala,66502263,9,6271,Powder Milk,149
9929,Wholesaler,Gulu,13791468,5,278,Butter,26
9930,Retailer,Jinja,98964993,2,1818,Yogurt,155
9931,Wholesaler,Mbarara,29849237,5,6641,Powder Milk,122
9932,Wholesaler,Mbale,39452909,3,4592,Milk,101
9933,Retailer,Jinja,32536383,10,6625,Milk,48
9934,Retailer,Jinja,28982030,8,7386,Butter,83
9935,Wholesaler,Gulu,66538609,10,4943,Powder Milk,120
9936,Retailer,Jinja,88330408,2,9475,Yogurt,170
9937,Wholesaler,Mbale,10143829,14,7476,Milk,145
9938,Retailer,Jinja,50993255,4,2646,Cheese,100
9939,Retailer,Mbale,40276326,12,9551,Powder Milk,35
9940,Retailer,Mbale,72830632,14,7271,Cream,85
9941,Retailer,Kampala,73985000,16,8710,Powder Milk,44
9942,Wholesaler,Gulu,22081923,5,9095,Cream,66
9943,Retailer,Mbarara,57813396,16,6165,Milk,30
9944,Retailer,Kampala,97612294,4,1173,Milk,174
9945,Retailer,Mbarara,72878019,3,1670,Yogurt,133
9946,Wholesaler,Mbale,36644235,1,4024,Yogurt,142
9947,Wholesaler,Kampala,47834681,4,7993,Milk,26
9948,Retailer,Jinja,87459578,9,3079,Cheese,135
9949,Retailer,Jinja,99240464,1,1520,Cheese,107
9950,Retailer,Mbarara,8273438,16,8334,Cream,106
9951,Retailer,Mbale,92890329,3,1326,Butter,91
9952,Retailer,Mbarara,49909086,6,9898,Butter,34
9953,Retailer,Gulu,85089800,13,3160,Milk,114
9954,Wholesaler,Jinja,23968516,17,4691,Milk,70
9955,Retailer,Kampala,33483123,15,3479,Milk,103
9956,Retailer,Kampala,59559303,12,7226,Powder Milk,46
9957,Retailer,Kampala,36900158,8,8429,Cheese,118
9958,Retailer,Jinja,7087444,16,6838,Flavored Milk,150
9959,Retailer,Mbale,51212018,3,6332,Butter,130
9960,Retailer,Jinja,59238735,4,9345,Butter,49
9961,Wholesaler,Jinja,28463086,7,5425,Flavored Milk,179
9962,Wholesaler,Kampala,99736283,15,2276,Milk,93
9963,Wholesaler,Jinja,63601297,11,1330,Butter,79
9964,Wholesaler,Kampala,58440589,16,4363,Cheese,162
9965,Wholesaler,Mbale,93445367,14,4143,Flavored Milk,179
9966,Wholesaler,Gulu,57230692,13,1390,Cheese,147
9967,Retailer,Kampala,67982543,9,8832,Powder Milk,104
9968,Retailer,Mbarara,42874900,18,8920,Milk,52
9969,Retailer,Gulu,45707264,3,8857,Butter,137
9970,Retailer,Mbale,64104827,5,8033,Cream,98
9971,Retailer,Gulu,8644092,2,9091,Cheese,165
9972,Retailer,Kampala,63994813,17,2057,Flavored Milk,161
9973,Wholesaler,Mbale,25502218,16,4220,Cream,108
9974,Retailer,Mbarara,32991421,13,8577,Milk,50
9975,Wholesaler,Kampala,7906655,11,9045,Butter,70
9976,Wholesaler,Kampala,37580085,8,8604,Butter,133
9977,Retailer,Mbale,19679442,5,6383,Cream,142
9978,Retailer,Mbale,66778743,2,7689,Milk,106
9979,Retailer,Gulu,82454596,4,2071,Milk,148
9980,Retailer,Mbarara,25791682,3,6263,Milk,17
9981,Retailer,Gulu,18235545,2,2619,Powder Milk,158
9982,Retailer,Gulu,43602710,3,7431,Cheese,14
9983,Retailer,Kampala,73949085,16,2125,Yogurt,43
9984,Wholesaler,Mbale,41239687,9,9146,Powder Milk,18
9985,Retailer,Kampala,26663516,6,6104,Butter,47
9986,Retailer,Mbarara,61162764,15,8047,Cream,52
9987,Wholesaler,Gulu,33386618,5,4508,Cheese,105
9988,Retailer,Mbarara,25232216,9,2135,Flavored Milk,147
9989,Retailer,Mbale,43786965,6,2761,Butter,21
9990,Wholesaler,Mbale,30106925,3,6897,Powder Milk,108
9991,Retailer,Jinja,35982496,13,3754,Yogurt,155
9992,Retailer,Mbarara,56509446,15,5852,Flavored Milk,149
9993,Retailer,Kampala,68997206,11,5279,Butter,40
9994,Retailer,Mbarara,92629381,16,193,Cream,20
9995,Retailer,Gulu,98258574,15,3318,Yogurt,107
9996,Retailer,Mbale,20676494,6,9311,Milk,36
9997,Wholesaler,Mbale,61581473,14,2235,Yogurt,30
9998,Retailer,Mbarara,96873805,11,2587,Butter,137
9999,Retailer,Mbarara,72516956,10,6795,Yogurt,22
10000,Wholesaler,Mbarara,24609231,16,5747,Powder Milk,54
